CASCADEUR_SKELETON_V1,120,271
0,calf_l,-1.1976066827774048,0.10576196759939194,0.0689118430018425,0.002727827988564968,0.10996890813112259,-0.040949076414108276,0.9930874109268188
0,calf_r,-1.1976436376571655,-0.10578907281160355,0.06897440552711487,-0.0027296843472868204,0.1099681407213211,0.04094770923256874,0.9930875301361084
0,clavicle_l,-25.80004119873047,2.1724729537963867,0.9467750787734985,0.007103135343641043,0.09844973683357239,-0.003040078328922391,0.9951120615005493
0,clavicle_r,-25.796377182006836,-2.1728177070617676,0.9460750222206116,-0.007104577496647835,0.09843716025352478,0.0030393158085644245,0.9951132535934448
0,foot_l,1.4007596969604492,-0.09197099506855011,-0.024113114923238754,-0.0007511675357818604,7.378386726486497e-06,-0.045805662870407104,0.9989501237869263
0,foot_r,1.400760531425476,0.09194442629814148,-0.024020662531256676,0.0007487430120818317,6.788190603401745e-06,0.04580593481659889,0.998950183391571
0,hand_l,103.51683044433594,-24.336162567138672,211.92477416992188,0.9006108641624451,-0.08582323789596558,-0.384807288646698,0.18291489779949188
0,hand_r,101.00562286376953,65.1738510131836,217.884521484375,-0.8860117793083191,-0.18883433938026428,0.4051923155784607,0.12306071072816849
0,head,0.04053674638271332,0.706925630569458,-2.06296443939209,0.0024898136034607887,0.015643324702978134,-3.8890397263458e-05,0.9998745322227478
0,lowerarm_l,67.87599182128906,-17.071762084960938,-4.084010601043701,-0.21610939502716064,-0.18988259136676788,0.9539244771003723,0.08526130020618439
0,lowerarm_r,94.73675537109375,48.241172790527344,15.175740242004395,0.3664402365684509,-0.19471986591815948,-0.876503050327301,0.24402494728565216
0,neck,-19.36223602294922,1.3226115703582764,-0.2816200256347656,0.004279038403183222,0.07559191435575485,-0.0015691261505708098,0.9971285462379456
0,pelvis,6.109453201293945,3.538410601322539e-05,-1.6926586627960205,-6.858300594103639e-08,-0.029346944764256477,1.3539678889173956e-07,0.999569296836853
0,root,0.0,0.0,0.0,-2.1139658201718703e-07,-5.7790373375610216e-08,1.0658141036401503e-14,1.0
0,spine_01,-1.4748737812042236,-5.74578689338523e-06,-1.8545806407928467,-2.441597644065041e-07,0.008239121176302433,-1.3386494401856908e-07,0.9999660849571228
0,spine_02,-11.002320289611816,4.255030216882005e-05,-1.323103904724121,1.149634520913878e-08,0.04770326986908913,1.3117062280798564e-07,0.99886155128479
0,thigh_l,19.094438552856445,-1.3242473602294922,-0.09696096926927567,-0.004622010979801416,-0.10164884477853775,-0.02946186438202858,0.9943732619285583
0,thigh_r,19.094322204589844,1.3243621587753296,-0.09697803854942322,0.004622054286301136,-0.10164811462163925,0.029462430626153946,0.9943733215332031
0,upperarm_l,19.827165603637695,-125.26982116699219,39.03499221801758,-0.14968501031398773,0.28599050641059875,0.9296407699584961,0.17768481373786926
0,upperarm_r,-43.985145568847656,142.91668701171875,71.695556640625,0.10966747254133224,0.4406261742115021,-0.7823200821876526,0.42637649178504944
1,calf_l,-1.1976066827774048,0.10576196759939194,0.0689118430018425,0.002727827988564968,0.10996890813112259,-0.040949076414108276,0.9930874109268188
1,calf_r,-1.1976436376571655,-0.10578907281160355,0.06897440552711487,-0.0027296843472868204,0.1099681407213211,0.04094770923256874,0.9930875301361084
1,clavicle_l,-25.80004119873047,2.1724729537963867,0.9467750787734985,0.007103135343641043,0.09844973683357239,-0.003040078328922391,0.9951120615005493
1,clavicle_r,-25.796377182006836,-2.1728177070617676,0.9460750222206116,-0.007104577496647835,0.09843716025352478,0.0030393158085644245,0.9951132535934448
1,foot_l,1.4007596969604492,-0.09197099506855011,-0.024113114923238754,-0.0007511675357818604,7.378386726486497e-06,-0.045805662870407104,0.9989501237869263
1,foot_r,1.400760531425476,0.09194442629814148,-0.024020662531256676,0.0007487430120818317,6.788190603401745e-06,0.04580593481659889,0.998950183391571
1,hand_l,103.51683044433594,-24.336162567138672,211.92477416992188,0.9006108641624451,-0.08582323789596558,-0.384807288646698,0.18291489779949188
1,hand_r,101.00562286376953,65.1738510131836,217.884521484375,-0.8860117793083191,-0.18883433938026428,0.4051923155784607,0.12306071072816849
1,head,0.04053674638271332,0.706925630569458,-2.06296443939209,0.0024898136034607887,0.015643324702978134,-3.8890397263458e-05,0.9998745322227478
1,lowerarm_l,67.87599182128906,-17.071762084960938,-4.084010601043701,-0.21610939502716064,-0.18988259136676788,0.9539244771003723,0.08526130020618439
1,lowerarm_r,94.73675537109375,48.241172790527344,15.175740242004395,0.3664402365684509,-0.19471986591815948,-0.876503050327301,0.24402494728565216
1,neck,-19.36223602294922,1.3226115703582764,-0.2816200256347656,0.004279038403183222,0.07559191435575485,-0.0015691261505708098,0.9971285462379456
1,pelvis,6.109453201293945,3.538410601322539e-05,-1.6926586627960205,-6.858300594103639e-08,-0.029346944764256477,1.3539678889173956e-07,0.999569296836853
1,root,0.0,0.0,0.0,-2.1139658201718703e-07,-5.7790373375610216e-08,1.0658141036401503e-14,1.0
1,spine_01,-1.4748737812042236,-5.74578689338523e-06,-1.8545806407928467,-2.441597644065041e-07,0.008239121176302433,-1.3386494401856908e-07,0.9999660849571228
1,spine_02,-11.002320289611816,4.255030216882005e-05,-1.323103904724121,1.149634520913878e-08,0.04770326986908913,1.3117062280798564e-07,0.99886155128479
1,thigh_l,19.094438552856445,-1.3242473602294922,-0.09696096926927567,-0.004622010979801416,-0.10164884477853775,-0.02946186438202858,0.9943732619285583
1,thigh_r,19.094322204589844,1.3243621587753296,-0.09697803854942322,0.004622054286301136,-0.10164811462163925,0.029462430626153946,0.9943733215332031
1,upperarm_l,19.827165603637695,-125.26982116699219,39.03499221801758,-0.14968501031398773,0.28599050641059875,0.9296407699584961,0.17768481373786926
1,upperarm_r,-43.985145568847656,142.91668701171875,71.695556640625,0.10966747254133224,0.4406261742115021,-0.7823200821876526,0.42637649178504944
2,calf_l,-1.1976066827774048,0.10576196759939194,0.0689118430018425,0.002727827988564968,0.10996890813112259,-0.040949076414108276,0.9930874109268188
2,calf_r,-1.1976436376571655,-0.10578907281160355,0.06897440552711487,-0.0027296843472868204,0.1099681407213211,0.04094770923256874,0.9930875301361084
2,clavicle_l,-25.80004119873047,2.1724729537963867,0.9467750787734985,0.007103135343641043,0.09844973683357239,-0.003040078328922391,0.9951120615005493
2,clavicle_r,-25.796377182006836,-2.1728177070617676,0.9460750222206116,-0.007104577496647835,0.09843716025352478,0.0030393158085644245,0.9951132535934448
2,foot_l,1.4007596969604492,-0.09197099506855011,-0.024113114923238754,-0.0007511675357818604,7.378386726486497e-06,-0.045805662870407104,0.9989501237869263
2,foot_r,1.400760531425476,0.09194442629814148,-0.024020662531256676,0.0007487430120818317,6.788190603401745e-06,0.04580593481659889,0.998950183391571
2,hand_l,103.51683044433594,-24.336162567138672,211.92477416992188,0.9006108641624451,-0.08582323789596558,-0.384807288646698,0.18291489779949188
2,hand_r,101.00562286376953,65.1738510131836,217.884521484375,-0.8860117793083191,-0.18883433938026428,0.4051923155784607,0.12306071072816849
2,head,0.04053674638271332,0.706925630569458,-2.06296443939209,0.0024898136034607887,0.015643324702978134,-3.8890397263458e-05,0.9998745322227478
2,lowerarm_l,67.87599182128906,-17.071762084960938,-4.084010601043701,-0.21610939502716064,-0.18988259136676788,0.9539244771003723,0.08526130020618439
2,lowerarm_r,94.73675537109375,48.241172790527344,15.175740242004395,0.3664402365684509,-0.19471986591815948,-0.876503050327301,0.24402494728565216
2,neck,-19.36223602294922,1.3226115703582764,-0.2816200256347656,0.004279038403183222,0.07559191435575485,-0.0015691261505708098,0.9971285462379456
2,pelvis,6.109453201293945,3.538410601322539e-05,-1.6926586627960205,-6.858300594103639e-08,-0.029346944764256477,1.3539678889173956e-07,0.999569296836853
2,root,0.0,0.0,0.0,-2.1139658201718703e-07,-5.7790373375610216e-08,1.0658141036401503e-14,1.0
2,spine_01,-1.4748737812042236,-5.74578689338523e-06,-1.8545806407928467,-2.441597644065041e-07,0.008239121176302433,-1.3386494401856908e-07,0.9999660849571228
2,spine_02,-11.002320289611816,4.255030216882005e-05,-1.323103904724121,1.149634520913878e-08,0.04770326986908913,1.3117062280798564e-07,0.99886155128479
2,thigh_l,19.094438552856445,-1.3242473602294922,-0.09696096926927567,-0.004622010979801416,-0.10164884477853775,-0.02946186438202858,0.9943732619285583
2,thigh_r,19.094322204589844,1.3243621587753296,-0.09697803854942322,0.004622054286301136,-0.10164811462163925,0.029462430626153946,0.9943733215332031
2,upperarm_l,19.827165603637695,-125.26982116699219,39.03499221801758,-0.14968501031398773,0.28599050641059875,0.9296407699584961,0.17768481373786926
2,upperarm_r,-43.985145568847656,142.91668701171875,71.695556640625,0.10966747254133224,0.4406261742115021,-0.7823200821876526,0.42637649178504944
3,calf_l,-1.1976066827774048,0.10576196759939194,0.0689118430018425,0.002727827988564968,0.10996890813112259,-0.040949076414108276,0.9930874109268188
3,calf_r,-1.1976436376571655,-0.10578907281160355,0.06897440552711487,-0.0027296843472868204,0.1099681407213211,0.04094770923256874,0.9930875301361084
3,clavicle_l,-25.80004119873047,2.1724729537963867,0.9467750787734985,0.007103135343641043,0.09844973683357239,-0.003040078328922391,0.9951120615005493
3,clavicle_r,-25.796377182006836,-2.1728177070617676,0.9460750222206116,-0.007104577496647835,0.09843716025352478,0.0030393158085644245,0.9951132535934448
3,foot_l,1.4007596969604492,-0.09197099506855011,-0.024113114923238754,-0.0007511675357818604,7.378386726486497e-06,-0.045805662870407104,0.9989501237869263
3,foot_r,1.400760531425476,0.09194442629814148,-0.024020662531256676,0.0007487430120818317,6.788190603401745e-06,0.04580593481659889,0.998950183391571
3,hand_l,103.51683044433594,-24.336162567138672,211.92477416992188,0.9006108641624451,-0.08582323789596558,-0.384807288646698,0.18291489779949188
3,hand_r,101.00562286376953,65.1738510131836,217.884521484375,-0.8860117793083191,-0.18883433938026428,0.4051923155784607,0.12306071072816849
3,head,0.04053674638271332,0.706925630569458,-2.06296443939209,0.0024898136034607887,0.015643324702978134,-3.8890397263458e-05,0.9998745322227478
3,lowerarm_l,67.87599182128906,-17.071762084960938,-4.084010601043701,-0.21610939502716064,-0.18988259136676788,0.9539244771003723,0.08526130020618439
3,lowerarm_r,94.73675537109375,48.241172790527344,15.175740242004395,0.3664402365684509,-0.19471986591815948,-0.876503050327301,0.24402494728565216
3,neck,-19.36223602294922,1.3226115703582764,-0.2816200256347656,0.004279038403183222,0.07559191435575485,-0.0015691261505708098,0.9971285462379456
3,pelvis,6.109453201293945,3.538410601322539e-05,-1.6926586627960205,-6.858300594103639e-08,-0.029346944764256477,1.3539678889173956e-07,0.999569296836853
3,root,0.0,0.0,0.0,-2.1139658201718703e-07,-5.7790373375610216e-08,1.0658141036401503e-14,1.0
3,spine_01,-1.4748737812042236,-5.74578689338523e-06,-1.8545806407928467,-2.441597644065041e-07,0.008239121176302433,-1.3386494401856908e-07,0.9999660849571228
3,spine_02,-11.002320289611816,4.255030216882005e-05,-1.323103904724121,1.149634520913878e-08,0.04770326986908913,1.3117062280798564e-07,0.99886155128479
3,thigh_l,19.094438552856445,-1.3242473602294922,-0.09696096926927567,-0.004622010979801416,-0.10164884477853775,-0.02946186438202858,0.9943732619285583
3,thigh_r,19.094322204589844,1.3243621587753296,-0.09697803854942322,0.004622054286301136,-0.10164811462163925,0.029462430626153946,0.9943733215332031
3,upperarm_l,19.827165603637695,-125.26982116699219,39.03499221801758,-0.14968501031398773,0.28599050641059875,0.9296407699584961,0.17768481373786926
3,upperarm_r,-43.985145568847656,142.91668701171875,71.695556640625,0.10966747254133224,0.4406261742115021,-0.7823200821876526,0.42637649178504944
4,calf_l,-1.1976066827774048,0.10576196759939194,0.0689118430018425,0.002727827988564968,0.10996890813112259,-0.040949076414108276,0.9930874109268188
4,calf_r,-1.1976436376571655,-0.10578907281160355,0.06897440552711487,-0.0027296843472868204,0.1099681407213211,0.04094770923256874,0.9930875301361084
4,clavicle_l,-25.80004119873047,2.1724729537963867,0.9467750787734985,0.007103135343641043,0.09844973683357239,-0.003040078328922391,0.9951120615005493
4,clavicle_r,-25.796377182006836,-2.1728177070617676,0.9460750222206116,-0.007104577496647835,0.09843716025352478,0.0030393158085644245,0.9951132535934448
4,foot_l,1.4007596969604492,-0.09197099506855011,-0.024113114923238754,-0.0007511675357818604,7.378386726486497e-06,-0.045805662870407104,0.9989501237869263
4,foot_r,1.400760531425476,0.09194442629814148,-0.024020662531256676,0.0007487430120818317,6.788190603401745e-06,0.04580593481659889,0.998950183391571
4,hand_l,103.51683044433594,-24.336162567138672,211.92477416992188,0.9006108641624451,-0.08582323789596558,-0.384807288646698,0.18291489779949188
4,hand_r,101.00562286376953,65.1738510131836,217.884521484375,-0.8860117793083191,-0.18883433938026428,0.4051923155784607,0.12306071072816849
4,head,0.04053674638271332,0.706925630569458,-2.06296443939209,0.0024898136034607887,0.015643324702978134,-3.8890397263458e-05,0.9998745322227478
4,lowerarm_l,67.87599182128906,-17.071762084960938,-4.084010601043701,-0.21610939502716064,-0.18988259136676788,0.9539244771003723,0.08526130020618439
4,lowerarm_r,94.73675537109375,48.241172790527344,15.175740242004395,0.3664402365684509,-0.19471986591815948,-0.876503050327301,0.24402494728565216
4,neck,-19.36223602294922,1.3226115703582764,-0.2816200256347656,0.004279038403183222,0.07559191435575485,-0.0015691261505708098,0.9971285462379456
4,pelvis,6.109453201293945,3.538410601322539e-05,-1.6926586627960205,-6.858300594103639e-08,-0.029346944764256477,1.3539678889173956e-07,0.999569296836853
4,root,0.0,0.0,0.0,-2.1139658201718703e-07,-5.7790373375610216e-08,1.0658141036401503e-14,1.0
4,spine_01,-1.4748737812042236,-5.74578689338523e-06,-1.8545806407928467,-2.441597644065041e-07,0.008239121176302433,-1.3386494401856908e-07,0.9999660849571228
4,spine_02,-11.002320289611816,4.255030216882005e-05,-1.323103904724121,1.149634520913878e-08,0.04770326986908913,1.3117062280798564e-07,0.99886155128479
4,thigh_l,19.094438552856445,-1.3242473602294922,-0.09696096926927567,-0.004622010979801416,-0.10164884477853775,-0.02946186438202858,0.9943732619285583
4,thigh_r,19.094322204589844,1.3243621587753296,-0.09697803854942322,0.004622054286301136,-0.10164811462163925,0.029462430626153946,0.9943733215332031
4,upperarm_l,19.827165603637695,-125.26982116699219,39.03499221801758,-0.14968501031398773,0.28599050641059875,0.9296407699584961,0.17768481373786926
4,upperarm_r,-43.985145568847656,142.91668701171875,71.695556640625,0.10966747254133224,0.4406261742115021,-0.7823200821876526,0.42637649178504944
5,calf_l,-1.1976066827774048,0.10576196759939194,0.0689118430018425,0.002727827988564968,0.10996890813112259,-0.040949076414108276,0.9930874109268188
5,calf_r,-1.1976436376571655,-0.10578907281160355,0.06897440552711487,-0.0027296843472868204,0.1099681407213211,0.04094770923256874,0.9930875301361084
5,clavicle_l,-25.80004119873047,2.1724729537963867,0.9467750787734985,0.007103135343641043,0.09844973683357239,-0.003040078328922391,0.9951120615005493
5,clavicle_r,-25.796377182006836,-2.1728177070617676,0.9460750222206116,-0.007104577496647835,0.09843716025352478,0.0030393158085644245,0.9951132535934448
5,foot_l,1.4007596969604492,-0.09197099506855011,-0.024113114923238754,-0.0007511675357818604,7.378386726486497e-06,-0.045805662870407104,0.9989501237869263
5,foot_r,1.400760531425476,0.09194442629814148,-0.024020662531256676,0.0007487430120818317,6.788190603401745e-06,0.04580593481659889,0.998950183391571
5,hand_l,103.51683044433594,-24.336162567138672,211.92477416992188,0.9006108641624451,-0.08582323789596558,-0.384807288646698,0.18291489779949188
5,hand_r,101.00562286376953,65.1738510131836,217.884521484375,-0.8860117793083191,-0.18883433938026428,0.4051923155784607,0.12306071072816849
5,head,0.04053674638271332,0.706925630569458,-2.06296443939209,0.0024898136034607887,0.015643324702978134,-3.8890397263458e-05,0.9998745322227478
5,lowerarm_l,67.87599182128906,-17.071762084960938,-4.084010601043701,-0.21610939502716064,-0.18988259136676788,0.9539244771003723,0.08526130020618439
5,lowerarm_r,94.73675537109375,48.241172790527344,15.175740242004395,0.3664402365684509,-0.19471986591815948,-0.876503050327301,0.24402494728565216
5,neck,-19.36223602294922,1.3226115703582764,-0.2816200256347656,0.004279038403183222,0.07559191435575485,-0.0015691261505708098,0.9971285462379456
5,pelvis,6.109453201293945,3.538410601322539e-05,-1.6926586627960205,-6.858300594103639e-08,-0.029346944764256477,1.3539678889173956e-07,0.999569296836853
5,root,0.0,0.0,0.0,-2.1139658201718703e-07,-5.7790373375610216e-08,1.0658141036401503e-14,1.0
5,spine_01,-1.4748737812042236,-5.74578689338523e-06,-1.8545806407928467,-2.441597644065041e-07,0.008239121176302433,-1.3386494401856908e-07,0.9999660849571228
5,spine_02,-11.002320289611816,4.255030216882005e-05,-1.323103904724121,1.149634520913878e-08,0.04770326986908913,1.3117062280798564e-07,0.99886155128479
5,thigh_l,19.094438552856445,-1.3242473602294922,-0.09696096926927567,-0.004622010979801416,-0.10164884477853775,-0.02946186438202858,0.9943732619285583
5,thigh_r,19.094322204589844,1.3243621587753296,-0.09697803854942322,0.004622054286301136,-0.10164811462163925,0.029462430626153946,0.9943733215332031
5,upperarm_l,19.827165603637695,-125.26982116699219,39.03499221801758,-0.14968501031398773,0.28599050641059875,0.9296407699584961,0.17768481373786926
5,upperarm_r,-43.985145568847656,142.91668701171875,71.695556640625,0.10966747254133224,0.4406261742115021,-0.7823200821876526,0.42637649178504944
6,calf_l,-1.1976066827774048,0.10576196759939194,0.0689118430018425,0.002727827988564968,0.10996890813112259,-0.040949076414108276,0.9930874109268188
6,calf_r,-1.1976436376571655,-0.10578907281160355,0.06897440552711487,-0.0027296843472868204,0.1099681407213211,0.04094770923256874,0.9930875301361084
6,clavicle_l,-25.80004119873047,2.1724729537963867,0.9467750787734985,0.007103135343641043,0.09844973683357239,-0.003040078328922391,0.9951120615005493
6,clavicle_r,-25.796377182006836,-2.1728177070617676,0.9460750222206116,-0.007104577496647835,0.09843716025352478,0.0030393158085644245,0.9951132535934448
6,foot_l,1.4007596969604492,-0.09197099506855011,-0.024113114923238754,-0.0007511675357818604,7.378386726486497e-06,-0.045805662870407104,0.9989501237869263
6,foot_r,1.400760531425476,0.09194442629814148,-0.024020662531256676,0.0007487430120818317,6.788190603401745e-06,0.04580593481659889,0.998950183391571
6,hand_l,103.51683044433594,-24.336162567138672,211.92477416992188,0.9006108641624451,-0.08582323789596558,-0.384807288646698,0.18291489779949188
6,hand_r,101.00562286376953,65.1738510131836,217.884521484375,-0.8860117793083191,-0.18883433938026428,0.4051923155784607,0.12306071072816849
6,head,0.04053674638271332,0.706925630569458,-2.06296443939209,0.0024898136034607887,0.015643324702978134,-3.8890397263458e-05,0.9998745322227478
6,lowerarm_l,67.87599182128906,-17.071762084960938,-4.084010601043701,-0.21610939502716064,-0.18988259136676788,0.9539244771003723,0.08526130020618439
6,lowerarm_r,94.73675537109375,48.241172790527344,15.175740242004395,0.3664402365684509,-0.19471986591815948,-0.876503050327301,0.24402494728565216
6,neck,-19.36223602294922,1.3226115703582764,-0.2816200256347656,0.004279038403183222,0.07559191435575485,-0.0015691261505708098,0.9971285462379456
6,pelvis,6.109453201293945,3.538410601322539e-05,-1.6926586627960205,-6.858300594103639e-08,-0.029346944764256477,1.3539678889173956e-07,0.999569296836853
6,root,0.0,0.0,0.0,-2.1139658201718703e-07,-5.7790373375610216e-08,1.0658141036401503e-14,1.0
6,spine_01,-1.4748737812042236,-5.74578689338523e-06,-1.8545806407928467,-2.441597644065041e-07,0.008239121176302433,-1.3386494401856908e-07,0.9999660849571228
6,spine_02,-11.002320289611816,4.255030216882005e-05,-1.323103904724121,1.149634520913878e-08,0.04770326986908913,1.3117062280798564e-07,0.99886155128479
6,thigh_l,19.094438552856445,-1.3242473602294922,-0.09696096926927567,-0.004622010979801416,-0.10164884477853775,-0.02946186438202858,0.9943732619285583
6,thigh_r,19.094322204589844,1.3243621587753296,-0.09697803854942322,0.004622054286301136,-0.10164811462163925,0.029462430626153946,0.9943733215332031
6,upperarm_l,19.827165603637695,-125.26982116699219,39.03499221801758,-0.14968501031398773,0.28599050641059875,0.9296407699584961,0.17768481373786926
6,upperarm_r,-43.985145568847656,142.91668701171875,71.695556640625,0.10966747254133224,0.4406261742115021,-0.7823200821876526,0.42637649178504944
7,calf_l,-1.1976066827774048,0.10576196759939194,0.0689118430018425,0.002727827988564968,0.10996890813112259,-0.040949076414108276,0.9930874109268188
7,calf_r,-1.1976436376571655,-0.10578907281160355,0.06897440552711487,-0.0027296843472868204,0.1099681407213211,0.04094770923256874,0.9930875301361084
7,clavicle_l,-25.80004119873047,2.1724729537963867,0.9467750787734985,0.007103135343641043,0.09844973683357239,-0.003040078328922391,0.9951120615005493
7,clavicle_r,-25.796377182006836,-2.1728177070617676,0.9460750222206116,-0.007104577496647835,0.09843716025352478,0.0030393158085644245,0.9951132535934448
7,foot_l,1.4007596969604492,-0.09197099506855011,-0.024113114923238754,-0.0007511675357818604,7.378386726486497e-06,-0.045805662870407104,0.9989501237869263
7,foot_r,1.400760531425476,0.09194442629814148,-0.024020662531256676,0.0007487430120818317,6.788190603401745e-06,0.04580593481659889,0.998950183391571
7,hand_l,103.51683044433594,-24.336162567138672,211.92477416992188,0.9006108641624451,-0.08582323789596558,-0.384807288646698,0.18291489779949188
7,hand_r,101.00562286376953,65.1738510131836,217.884521484375,-0.8860117793083191,-0.18883433938026428,0.4051923155784607,0.12306071072816849
7,head,0.04053674638271332,0.706925630569458,-2.06296443939209,0.0024898136034607887,0.015643324702978134,-3.8890397263458e-05,0.9998745322227478
7,lowerarm_l,67.87599182128906,-17.071762084960938,-4.084010601043701,-0.21610939502716064,-0.18988259136676788,0.9539244771003723,0.08526130020618439
7,lowerarm_r,94.73675537109375,48.241172790527344,15.175740242004395,0.3664402365684509,-0.19471986591815948,-0.876503050327301,0.24402494728565216
7,neck,-19.36223602294922,1.3226115703582764,-0.2816200256347656,0.004279038403183222,0.07559191435575485,-0.0015691261505708098,0.9971285462379456
7,pelvis,6.109453201293945,3.538410601322539e-05,-1.6926586627960205,-6.858300594103639e-08,-0.029346944764256477,1.3539678889173956e-07,0.999569296836853
7,root,0.0,0.0,0.0,-2.1139658201718703e-07,-5.7790373375610216e-08,1.0658141036401503e-14,1.0
7,spine_01,-1.4748737812042236,-5.74578689338523e-06,-1.8545806407928467,-2.441597644065041e-07,0.008239121176302433,-1.3386494401856908e-07,0.9999660849571228
7,spine_02,-11.002320289611816,4.255030216882005e-05,-1.323103904724121,1.149634520913878e-08,0.04770326986908913,1.3117062280798564e-07,0.99886155128479
7,thigh_l,19.094438552856445,-1.3242473602294922,-0.09696096926927567,-0.004622010979801416,-0.10164884477853775,-0.02946186438202858,0.9943732619285583
7,thigh_r,19.094322204589844,1.3243621587753296,-0.09697803854942322,0.004622054286301136,-0.10164811462163925,0.029462430626153946,0.9943733215332031
7,upperarm_l,19.827165603637695,-125.26982116699219,39.03499221801758,-0.14968501031398773,0.28599050641059875,0.9296407699584961,0.17768481373786926
7,upperarm_r,-43.985145568847656,142.91668701171875,71.695556640625,0.10966747254133224,0.4406261742115021,-0.7823200821876526,0.42637649178504944
8,calf_l,-1.1976066827774048,0.10576196759939194,0.0689118430018425,0.002727827988564968,0.10996890813112259,-0.040949076414108276,0.9930874109268188
8,calf_r,-1.1976436376571655,-0.10578907281160355,0.06897440552711487,-0.0027296843472868204,0.1099681407213211,0.04094770923256874,0.9930875301361084
8,clavicle_l,-25.80004119873047,2.1724729537963867,0.9467750787734985,0.007103135343641043,0.09844973683357239,-0.003040078328922391,0.9951120615005493
8,clavicle_r,-25.796377182006836,-2.1728177070617676,0.9460750222206116,-0.007104577496647835,0.09843716025352478,0.0030393158085644245,0.9951132535934448
8,foot_l,1.4007596969604492,-0.09197099506855011,-0.024113114923238754,-0.0007511675357818604,7.378386726486497e-06,-0.045805662870407104,0.9989501237869263
8,foot_r,1.400760531425476,0.09194442629814148,-0.024020662531256676,0.0007487430120818317,6.788190603401745e-06,0.04580593481659889,0.998950183391571
8,hand_l,103.51683044433594,-24.336162567138672,211.92477416992188,0.9006108641624451,-0.08582323789596558,-0.384807288646698,0.18291489779949188
8,hand_r,101.00562286376953,65.1738510131836,217.884521484375,-0.8860117793083191,-0.18883433938026428,0.4051923155784607,0.12306071072816849
8,head,0.04053674638271332,0.706925630569458,-2.06296443939209,0.0024898136034607887,0.015643324702978134,-3.8890397263458e-05,0.9998745322227478
8,lowerarm_l,67.87599182128906,-17.071762084960938,-4.084010601043701,-0.21610939502716064,-0.18988259136676788,0.9539244771003723,0.08526130020618439
8,lowerarm_r,94.73675537109375,48.241172790527344,15.175740242004395,0.3664402365684509,-0.19471986591815948,-0.876503050327301,0.24402494728565216
8,neck,-19.36223602294922,1.3226115703582764,-0.2816200256347656,0.004279038403183222,0.07559191435575485,-0.0015691261505708098,0.9971285462379456
8,pelvis,6.109453201293945,3.538410601322539e-05,-1.6926586627960205,-6.858300594103639e-08,-0.029346944764256477,1.3539678889173956e-07,0.999569296836853
8,root,0.0,0.0,0.0,-2.1139658201718703e-07,-5.7790373375610216e-08,1.0658141036401503e-14,1.0
8,spine_01,-1.4748737812042236,-5.74578689338523e-06,-1.8545806407928467,-2.441597644065041e-07,0.008239121176302433,-1.3386494401856908e-07,0.9999660849571228
8,spine_02,-11.002320289611816,4.255030216882005e-05,-1.323103904724121,1.149634520913878e-08,0.04770326986908913,1.3117062280798564e-07,0.99886155128479
8,thigh_l,19.094438552856445,-1.3242473602294922,-0.09696096926927567,-0.004622010979801416,-0.10164884477853775,-0.02946186438202858,0.9943732619285583
8,thigh_r,19.094322204589844,1.3243621587753296,-0.09697803854942322,0.004622054286301136,-0.10164811462163925,0.029462430626153946,0.9943733215332031
8,upperarm_l,19.827165603637695,-125.26982116699219,39.03499221801758,-0.14968501031398773,0.28599050641059875,0.9296407699584961,0.17768481373786926
8,upperarm_r,-43.985145568847656,142.91668701171875,71.695556640625,0.10966747254133224,0.4406261742115021,-0.7823200821876526,0.42637649178504944
9,calf_l,-1.1976066827774048,0.10576196759939194,0.0689118430018425,0.002727827988564968,0.10996890813112259,-0.040949076414108276,0.9930874109268188
9,calf_r,-1.1976436376571655,-0.10578907281160355,0.06897440552711487,-0.0027296843472868204,0.1099681407213211,0.04094770923256874,0.9930875301361084
9,clavicle_l,-25.80004119873047,2.1724729537963867,0.9467750787734985,0.007103135343641043,0.09844973683357239,-0.003040078328922391,0.9951120615005493
9,clavicle_r,-25.796377182006836,-2.1728177070617676,0.9460750222206116,-0.007104577496647835,0.09843716025352478,0.0030393158085644245,0.9951132535934448
9,foot_l,1.4007596969604492,-0.09197099506855011,-0.024113114923238754,-0.0007511675357818604,7.378386726486497e-06,-0.045805662870407104,0.9989501237869263
9,foot_r,1.400760531425476,0.09194442629814148,-0.024020662531256676,0.0007487430120818317,6.788190603401745e-06,0.04580593481659889,0.998950183391571
9,hand_l,103.51683044433594,-24.336162567138672,211.92477416992188,0.9006108641624451,-0.08582323789596558,-0.384807288646698,0.18291489779949188
9,hand_r,101.00562286376953,65.1738510131836,217.884521484375,-0.8860117793083191,-0.18883433938026428,0.4051923155784607,0.12306071072816849
9,head,0.04053674638271332,0.706925630569458,-2.06296443939209,0.0024898136034607887,0.015643324702978134,-3.8890397263458e-05,0.9998745322227478
9,lowerarm_l,67.87599182128906,-17.071762084960938,-4.084010601043701,-0.21610939502716064,-0.18988259136676788,0.9539244771003723,0.08526130020618439
9,lowerarm_r,94.73675537109375,48.241172790527344,15.175740242004395,0.3664402365684509,-0.19471986591815948,-0.876503050327301,0.24402494728565216
9,neck,-19.36223602294922,1.3226115703582764,-0.2816200256347656,0.004279038403183222,0.07559191435575485,-0.0015691261505708098,0.9971285462379456
9,pelvis,6.109453201293945,3.538410601322539e-05,-1.6926586627960205,-6.858300594103639e-08,-0.029346944764256477,1.3539678889173956e-07,0.999569296836853
9,root,0.0,0.0,0.0,-2.1139658201718703e-07,-5.7790373375610216e-08,1.0658141036401503e-14,1.0
9,spine_01,-1.4748737812042236,-5.74578689338523e-06,-1.8545806407928467,-2.441597644065041e-07,0.008239121176302433,-1.3386494401856908e-07,0.9999660849571228
9,spine_02,-11.002320289611816,4.255030216882005e-05,-1.323103904724121,1.149634520913878e-08,0.04770326986908913,1.3117062280798564e-07,0.99886155128479
9,thigh_l,19.094438552856445,-1.3242473602294922,-0.09696096926927567,-0.004622010979801416,-0.10164884477853775,-0.02946186438202858,0.9943732619285583
9,thigh_r,19.094322204589844,1.3243621587753296,-0.09697803854942322,0.004622054286301136,-0.10164811462163925,0.029462430626153946,0.9943733215332031
9,upperarm_l,19.827165603637695,-125.26982116699219,39.03499221801758,-0.14968501031398773,0.28599050641059875,0.9296407699584961,0.17768481373786926
9,upperarm_r,-43.985145568847656,142.91668701171875,71.695556640625,0.10966747254133224,0.4406261742115021,-0.7823200821876526,0.42637649178504944
10,calf_l,-1.1976066827774048,0.10576196759939194,0.0689118430018425,0.002727827988564968,0.10996890813112259,-0.040949076414108276,0.9930874109268188
10,calf_r,-1.1976436376571655,-0.10578907281160355,0.06897440552711487,-0.0027296843472868204,0.1099681407213211,0.04094770923256874,0.9930875301361084
10,clavicle_l,-25.80004119873047,2.1724729537963867,0.9467750787734985,0.007103135343641043,0.09844973683357239,-0.003040078328922391,0.9951120615005493
10,clavicle_r,-25.796377182006836,-2.1728177070617676,0.9460750222206116,-0.007104577496647835,0.09843716025352478,0.0030393158085644245,0.9951132535934448
10,foot_l,1.4007596969604492,-0.09197099506855011,-0.024113114923238754,-0.0007511675357818604,7.378386726486497e-06,-0.045805662870407104,0.9989501237869263
10,foot_r,1.400760531425476,0.09194442629814148,-0.024020662531256676,0.0007487430120818317,6.788190603401745e-06,0.04580593481659889,0.998950183391571
10,hand_l,103.51683044433594,-24.336162567138672,211.92477416992188,0.9006108641624451,-0.08582323789596558,-0.384807288646698,0.18291489779949188
10,hand_r,101.00562286376953,65.1738510131836,217.884521484375,-0.8860117793083191,-0.18883433938026428,0.4051923155784607,0.12306071072816849
10,head,0.04053674638271332,0.706925630569458,-2.06296443939209,0.0024898136034607887,0.015643324702978134,-3.8890397263458e-05,0.9998745322227478
10,lowerarm_l,67.87599182128906,-17.071762084960938,-4.084010601043701,-0.21610939502716064,-0.18988259136676788,0.9539244771003723,0.08526130020618439
10,lowerarm_r,94.73675537109375,48.241172790527344,15.175740242004395,0.3664402365684509,-0.19471986591815948,-0.876503050327301,0.24402494728565216
10,neck,-19.36223602294922,1.3226115703582764,-0.2816200256347656,0.004279038403183222,0.07559191435575485,-0.0015691261505708098,0.9971285462379456
10,pelvis,6.109453201293945,3.538410601322539e-05,-1.6926586627960205,-6.858300594103639e-08,-0.029346944764256477,1.3539678889173956e-07,0.999569296836853
10,root,0.0,0.0,0.0,-2.1139658201718703e-07,-5.7790373375610216e-08,1.0658141036401503e-14,1.0
10,spine_01,-1.4748737812042236,-5.74578689338523e-06,-1.8545806407928467,-2.441597644065041e-07,0.008239121176302433,-1.3386494401856908e-07,0.9999660849571228
10,spine_02,-11.002320289611816,4.255030216882005e-05,-1.323103904724121,1.149634520913878e-08,0.04770326986908913,1.3117062280798564e-07,0.99886155128479
10,thigh_l,19.094438552856445,-1.3242473602294922,-0.09696096926927567,-0.004622010979801416,-0.10164884477853775,-0.02946186438202858,0.9943732619285583
10,thigh_r,19.094322204589844,1.3243621587753296,-0.09697803854942322,0.004622054286301136,-0.10164811462163925,0.029462430626153946,0.9943733215332031
10,upperarm_l,19.827165603637695,-125.26982116699219,39.03499221801758,-0.14968501031398773,0.28599050641059875,0.9296407699584961,0.17768481373786926
10,upperarm_r,-43.985145568847656,142.91668701171875,71.695556640625,0.10966747254133224,0.4406261742115021,-0.7823200821876526,0.42637649178504944
11,calf_l,-1.1976066827774048,0.10576196759939194,0.0689118430018425,0.002727827988564968,0.10996890813112259,-0.040949076414108276,0.9930874109268188
11,calf_r,-1.1976436376571655,-0.10578907281160355,0.06897440552711487,-0.0027296843472868204,0.1099681407213211,0.04094770923256874,0.9930875301361084
11,clavicle_l,-25.80004119873047,2.1724729537963867,0.9467750787734985,0.007103135343641043,0.09844973683357239,-0.003040078328922391,0.9951120615005493
11,clavicle_r,-25.796377182006836,-2.1728177070617676,0.9460750222206116,-0.007104577496647835,0.09843716025352478,0.0030393158085644245,0.9951132535934448
11,foot_l,1.4007596969604492,-0.09197099506855011,-0.024113114923238754,-0.0007511675357818604,7.378386726486497e-06,-0.045805662870407104,0.9989501237869263
11,foot_r,1.400760531425476,0.09194442629814148,-0.024020662531256676,0.0007487430120818317,6.788190603401745e-06,0.04580593481659889,0.998950183391571
11,hand_l,103.51683044433594,-24.336162567138672,211.92477416992188,0.9006108641624451,-0.08582323789596558,-0.384807288646698,0.18291489779949188
11,hand_r,101.00562286376953,65.1738510131836,217.884521484375,-0.8860117793083191,-0.18883433938026428,0.4051923155784607,0.12306071072816849
11,head,0.04053674638271332,0.706925630569458,-2.06296443939209,0.0024898136034607887,0.015643324702978134,-3.8890397263458e-05,0.9998745322227478
11,lowerarm_l,67.87599182128906,-17.071762084960938,-4.084010601043701,-0.21610939502716064,-0.18988259136676788,0.9539244771003723,0.08526130020618439
11,lowerarm_r,94.73675537109375,48.241172790527344,15.175740242004395,0.3664402365684509,-0.19471986591815948,-0.876503050327301,0.24402494728565216
11,neck,-19.36223602294922,1.3226115703582764,-0.2816200256347656,0.004279038403183222,0.07559191435575485,-0.0015691261505708098,0.9971285462379456
11,pelvis,6.109453201293945,3.538410601322539e-05,-1.6926586627960205,-6.858300594103639e-08,-0.029346944764256477,1.3539678889173956e-07,0.999569296836853
11,root,0.0,0.0,0.0,-2.1139658201718703e-07,-5.7790373375610216e-08,1.0658141036401503e-14,1.0
11,spine_01,-1.4748737812042236,-5.74578689338523e-06,-1.8545806407928467,-2.441597644065041e-07,0.008239121176302433,-1.3386494401856908e-07,0.9999660849571228
11,spine_02,-11.002320289611816,4.255030216882005e-05,-1.323103904724121,1.149634520913878e-08,0.04770326986908913,1.3117062280798564e-07,0.99886155128479
11,thigh_l,19.094438552856445,-1.3242473602294922,-0.09696096926927567,-0.004622010979801416,-0.10164884477853775,-0.02946186438202858,0.9943732619285583
11,thigh_r,19.094322204589844,1.3243621587753296,-0.09697803854942322,0.004622054286301136,-0.10164811462163925,0.029462430626153946,0.9943733215332031
11,upperarm_l,19.827165603637695,-125.26982116699219,39.03499221801758,-0.14968501031398773,0.28599050641059875,0.9296407699584961,0.17768481373786926
11,upperarm_r,-43.985145568847656,142.91668701171875,71.695556640625,0.10966747254133224,0.4406261742115021,-0.7823200821876526,0.42637649178504944
12,calf_l,-1.1976066827774048,0.10576196759939194,0.0689118430018425,0.002727827988564968,0.10996890813112259,-0.040949076414108276,0.9930874109268188
12,calf_r,-1.1976436376571655,-0.10578907281160355,0.06897440552711487,-0.0027296843472868204,0.1099681407213211,0.04094770923256874,0.9930875301361084
12,clavicle_l,-25.80004119873047,2.1724729537963867,0.9467750787734985,0.007103135343641043,0.09844973683357239,-0.003040078328922391,0.9951120615005493
12,clavicle_r,-25.796377182006836,-2.1728177070617676,0.9460750222206116,-0.007104577496647835,0.09843716025352478,0.0030393158085644245,0.9951132535934448
12,foot_l,1.4007596969604492,-0.09197099506855011,-0.024113114923238754,-0.0007511675357818604,7.378386726486497e-06,-0.045805662870407104,0.9989501237869263
12,foot_r,1.400760531425476,0.09194442629814148,-0.024020662531256676,0.0007487430120818317,6.788190603401745e-06,0.04580593481659889,0.998950183391571
12,hand_l,103.51683044433594,-24.336162567138672,211.92477416992188,0.9006108641624451,-0.08582323789596558,-0.384807288646698,0.18291489779949188
12,hand_r,101.00562286376953,65.1738510131836,217.884521484375,-0.8860117793083191,-0.18883433938026428,0.4051923155784607,0.12306071072816849
12,head,0.04053674638271332,0.706925630569458,-2.06296443939209,0.0024898136034607887,0.015643324702978134,-3.8890397263458e-05,0.9998745322227478
12,lowerarm_l,67.87599182128906,-17.071762084960938,-4.084010601043701,-0.21610939502716064,-0.18988259136676788,0.9539244771003723,0.08526130020618439
12,lowerarm_r,94.73675537109375,48.241172790527344,15.175740242004395,0.3664402365684509,-0.19471986591815948,-0.876503050327301,0.24402494728565216
12,neck,-19.36223602294922,1.3226115703582764,-0.2816200256347656,0.004279038403183222,0.07559191435575485,-0.0015691261505708098,0.9971285462379456
12,pelvis,6.109453201293945,3.538410601322539e-05,-1.6926586627960205,-6.858300594103639e-08,-0.029346944764256477,1.3539678889173956e-07,0.999569296836853
12,root,0.0,0.0,0.0,-2.1139658201718703e-07,-5.7790373375610216e-08,1.0658141036401503e-14,1.0
12,spine_01,-1.4748737812042236,-5.74578689338523e-06,-1.8545806407928467,-2.441597644065041e-07,0.008239121176302433,-1.3386494401856908e-07,0.9999660849571228
12,spine_02,-11.002320289611816,4.255030216882005e-05,-1.323103904724121,1.149634520913878e-08,0.04770326986908913,1.3117062280798564e-07,0.99886155128479
12,thigh_l,19.094438552856445,-1.3242473602294922,-0.09696096926927567,-0.004622010979801416,-0.10164884477853775,-0.02946186438202858,0.9943732619285583
12,thigh_r,19.094322204589844,1.3243621587753296,-0.09697803854942322,0.004622054286301136,-0.10164811462163925,0.029462430626153946,0.9943733215332031
12,upperarm_l,19.827165603637695,-125.26982116699219,39.03499221801758,-0.14968501031398773,0.28599050641059875,0.9296407699584961,0.17768481373786926
12,upperarm_r,-43.985145568847656,142.91668701171875,71.695556640625,0.10966747254133224,0.4406261742115021,-0.7823200821876526,0.42637649178504944
13,calf_l,-1.1976066827774048,0.10576196759939194,0.0689118430018425,0.002727827988564968,0.10996890813112259,-0.040949076414108276,0.9930874109268188
13,calf_r,-1.1976436376571655,-0.10578907281160355,0.06897440552711487,-0.0027296843472868204,0.1099681407213211,0.04094770923256874,0.9930875301361084
13,clavicle_l,-25.80004119873047,2.1724729537963867,0.9467750787734985,0.007103135343641043,0.09844973683357239,-0.003040078328922391,0.9951120615005493
13,clavicle_r,-25.796377182006836,-2.1728177070617676,0.9460750222206116,-0.007104577496647835,0.09843716025352478,0.0030393158085644245,0.9951132535934448
13,foot_l,1.4007596969604492,-0.09197099506855011,-0.024113114923238754,-0.0007511675357818604,7.378386726486497e-06,-0.045805662870407104,0.9989501237869263
13,foot_r,1.400760531425476,0.09194442629814148,-0.024020662531256676,0.0007487430120818317,6.788190603401745e-06,0.04580593481659889,0.998950183391571
13,hand_l,103.51683044433594,-24.336162567138672,211.92477416992188,0.9006108641624451,-0.08582323789596558,-0.384807288646698,0.18291489779949188
13,hand_r,101.00562286376953,65.1738510131836,217.884521484375,-0.8860117793083191,-0.18883433938026428,0.4051923155784607,0.12306071072816849
13,head,0.04053674638271332,0.706925630569458,-2.06296443939209,0.0024898136034607887,0.015643324702978134,-3.8890397263458e-05,0.9998745322227478
13,lowerarm_l,67.87599182128906,-17.071762084960938,-4.084010601043701,-0.21610939502716064,-0.18988259136676788,0.9539244771003723,0.08526130020618439
13,lowerarm_r,94.73675537109375,48.241172790527344,15.175740242004395,0.3664402365684509,-0.19471986591815948,-0.876503050327301,0.24402494728565216
13,neck,-19.36223602294922,1.3226115703582764,-0.2816200256347656,0.004279038403183222,0.07559191435575485,-0.0015691261505708098,0.9971285462379456
13,pelvis,6.109453201293945,3.538410601322539e-05,-1.6926586627960205,-6.858300594103639e-08,-0.029346944764256477,1.3539678889173956e-07,0.999569296836853
13,root,0.0,0.0,0.0,-2.1139658201718703e-07,-5.7790373375610216e-08,1.0658141036401503e-14,1.0
13,spine_01,-1.4748737812042236,-5.74578689338523e-06,-1.8545806407928467,-2.441597644065041e-07,0.008239121176302433,-1.3386494401856908e-07,0.9999660849571228
13,spine_02,-11.002320289611816,4.255030216882005e-05,-1.323103904724121,1.149634520913878e-08,0.04770326986908913,1.3117062280798564e-07,0.99886155128479
13,thigh_l,19.094438552856445,-1.3242473602294922,-0.09696096926927567,-0.004622010979801416,-0.10164884477853775,-0.02946186438202858,0.9943732619285583
13,thigh_r,19.094322204589844,1.3243621587753296,-0.09697803854942322,0.004622054286301136,-0.10164811462163925,0.029462430626153946,0.9943733215332031
13,upperarm_l,19.827165603637695,-125.26982116699219,39.03499221801758,-0.14968501031398773,0.28599050641059875,0.9296407699584961,0.17768481373786926
13,upperarm_r,-43.985145568847656,142.91668701171875,71.695556640625,0.10966747254133224,0.4406261742115021,-0.7823200821876526,0.42637649178504944
14,calf_l,-1.1976066827774048,0.10576196759939194,0.0689118430018425,0.002727827988564968,0.10996890813112259,-0.040949076414108276,0.9930874109268188
14,calf_r,-1.1976436376571655,-0.10578907281160355,0.06897440552711487,-0.0027296843472868204,0.1099681407213211,0.04094770923256874,0.9930875301361084
14,clavicle_l,-25.80004119873047,2.1724729537963867,0.9467750787734985,0.007103135343641043,0.09844973683357239,-0.003040078328922391,0.9951120615005493
14,clavicle_r,-25.796377182006836,-2.1728177070617676,0.9460750222206116,-0.007104577496647835,0.09843716025352478,0.0030393158085644245,0.9951132535934448
14,foot_l,1.4007596969604492,-0.09197099506855011,-0.024113114923238754,-0.0007511675357818604,7.378386726486497e-06,-0.045805662870407104,0.9989501237869263
14,foot_r,1.400760531425476,0.09194442629814148,-0.024020662531256676,0.0007487430120818317,6.788190603401745e-06,0.04580593481659889,0.998950183391571
14,hand_l,103.51683044433594,-24.336162567138672,211.92477416992188,0.9006108641624451,-0.08582323789596558,-0.384807288646698,0.18291489779949188
14,hand_r,101.00562286376953,65.1738510131836,217.884521484375,-0.8860117793083191,-0.18883433938026428,0.4051923155784607,0.12306071072816849
14,head,0.04053674638271332,0.706925630569458,-2.06296443939209,0.0024898136034607887,0.015643324702978134,-3.8890397263458e-05,0.9998745322227478
14,lowerarm_l,67.87599182128906,-17.071762084960938,-4.084010601043701,-0.21610939502716064,-0.18988259136676788,0.9539244771003723,0.08526130020618439
14,lowerarm_r,94.73675537109375,48.241172790527344,15.175740242004395,0.3664402365684509,-0.19471986591815948,-0.876503050327301,0.24402494728565216
14,neck,-19.36223602294922,1.3226115703582764,-0.2816200256347656,0.004279038403183222,0.07559191435575485,-0.0015691261505708098,0.9971285462379456
14,pelvis,6.109453201293945,3.538410601322539e-05,-1.6926586627960205,-6.858300594103639e-08,-0.029346944764256477,1.3539678889173956e-07,0.999569296836853
14,root,0.0,0.0,0.0,-2.1139658201718703e-07,-5.7790373375610216e-08,1.0658141036401503e-14,1.0
14,spine_01,-1.4748737812042236,-5.74578689338523e-06,-1.8545806407928467,-2.441597644065041e-07,0.008239121176302433,-1.3386494401856908e-07,0.9999660849571228
14,spine_02,-11.002320289611816,4.255030216882005e-05,-1.323103904724121,1.149634520913878e-08,0.04770326986908913,1.3117062280798564e-07,0.99886155128479
14,thigh_l,19.094438552856445,-1.3242473602294922,-0.09696096926927567,-0.004622010979801416,-0.10164884477853775,-0.02946186438202858,0.9943732619285583
14,thigh_r,19.094322204589844,1.3243621587753296,-0.09697803854942322,0.004622054286301136,-0.10164811462163925,0.029462430626153946,0.9943733215332031
14,upperarm_l,19.827165603637695,-125.26982116699219,39.03499221801758,-0.14968501031398773,0.28599050641059875,0.9296407699584961,0.17768481373786926
14,upperarm_r,-43.985145568847656,142.91668701171875,71.695556640625,0.10966747254133224,0.4406261742115021,-0.7823200821876526,0.42637649178504944
15,calf_l,-1.1976066827774048,0.10576196759939194,0.0689118430018425,0.002727827988564968,0.10996890813112259,-0.040949076414108276,0.9930874109268188
15,calf_r,-1.1976436376571655,-0.10578907281160355,0.06897440552711487,-0.0027296843472868204,0.1099681407213211,0.04094770923256874,0.9930875301361084
15,clavicle_l,-25.80004119873047,2.1724729537963867,0.9467750787734985,0.007103135343641043,0.09844973683357239,-0.003040078328922391,0.9951120615005493
15,clavicle_r,-25.796377182006836,-2.1728177070617676,0.9460750222206116,-0.007104577496647835,0.09843716025352478,0.0030393158085644245,0.9951132535934448
15,foot_l,1.4007596969604492,-0.09197099506855011,-0.024113114923238754,-0.0007511675357818604,7.378386726486497e-06,-0.045805662870407104,0.9989501237869263
15,foot_r,1.400760531425476,0.09194442629814148,-0.024020662531256676,0.0007487430120818317,6.788190603401745e-06,0.04580593481659889,0.998950183391571
15,hand_l,103.51683044433594,-24.336162567138672,211.92477416992188,0.9006108641624451,-0.08582323789596558,-0.384807288646698,0.18291489779949188
15,hand_r,101.00562286376953,65.1738510131836,217.884521484375,-0.8860117793083191,-0.18883433938026428,0.4051923155784607,0.12306071072816849
15,head,0.04053674638271332,0.706925630569458,-2.06296443939209,0.0024898136034607887,0.015643324702978134,-3.8890397263458e-05,0.9998745322227478
15,lowerarm_l,67.87599182128906,-17.071762084960938,-4.084010601043701,-0.21610939502716064,-0.18988259136676788,0.9539244771003723,0.08526130020618439
15,lowerarm_r,94.73675537109375,48.241172790527344,15.175740242004395,0.3664402365684509,-0.19471986591815948,-0.876503050327301,0.24402494728565216
15,neck,-19.36223602294922,1.3226115703582764,-0.2816200256347656,0.004279038403183222,0.07559191435575485,-0.0015691261505708098,0.9971285462379456
15,pelvis,6.109453201293945,3.538410601322539e-05,-1.6926586627960205,-6.858300594103639e-08,-0.029346944764256477,1.3539678889173956e-07,0.999569296836853
15,root,0.0,0.0,0.0,-2.1139658201718703e-07,-5.7790373375610216e-08,1.0658141036401503e-14,1.0
15,spine_01,-1.4748737812042236,-5.74578689338523e-06,-1.8545806407928467,-2.441597644065041e-07,0.008239121176302433,-1.3386494401856908e-07,0.9999660849571228
15,spine_02,-11.002320289611816,4.255030216882005e-05,-1.323103904724121,1.149634520913878e-08,0.04770326986908913,1.3117062280798564e-07,0.99886155128479
15,thigh_l,19.094438552856445,-1.3242473602294922,-0.09696096926927567,-0.004622010979801416,-0.10164884477853775,-0.02946186438202858,0.9943732619285583
15,thigh_r,19.094322204589844,1.3243621587753296,-0.09697803854942322,0.004622054286301136,-0.10164811462163925,0.029462430626153946,0.9943733215332031
15,upperarm_l,19.827165603637695,-125.26982116699219,39.03499221801758,-0.14968501031398773,0.28599050641059875,0.9296407699584961,0.17768481373786926
15,upperarm_r,-43.985145568847656,142.91668701171875,71.695556640625,0.10966747254133224,0.4406261742115021,-0.7823200821876526,0.42637649178504944
16,calf_l,-1.1976066827774048,0.10576196759939194,0.0689118430018425,0.002727827988564968,0.10996890813112259,-0.040949076414108276,0.9930874109268188
16,calf_r,-1.1976436376571655,-0.10578907281160355,0.06897440552711487,-0.0027296843472868204,0.1099681407213211,0.04094770923256874,0.9930875301361084
16,clavicle_l,-25.80004119873047,2.1724729537963867,0.9467750787734985,0.007103135343641043,0.09844973683357239,-0.003040078328922391,0.9951120615005493
16,clavicle_r,-25.796377182006836,-2.1728177070617676,0.9460750222206116,-0.007104577496647835,0.09843716025352478,0.0030393158085644245,0.9951132535934448
16,foot_l,1.4007596969604492,-0.09197099506855011,-0.024113114923238754,-0.0007511675357818604,7.378386726486497e-06,-0.045805662870407104,0.9989501237869263
16,foot_r,1.400760531425476,0.09194442629814148,-0.024020662531256676,0.0007487430120818317,6.788190603401745e-06,0.04580593481659889,0.998950183391571
16,hand_l,103.51683044433594,-24.336162567138672,211.92477416992188,0.9006108641624451,-0.08582323789596558,-0.384807288646698,0.18291489779949188
16,hand_r,101.00562286376953,65.1738510131836,217.884521484375,-0.8860117793083191,-0.18883433938026428,0.4051923155784607,0.12306071072816849
16,head,0.04053674638271332,0.706925630569458,-2.06296443939209,0.0024898136034607887,0.015643324702978134,-3.8890397263458e-05,0.9998745322227478
16,lowerarm_l,67.87599182128906,-17.071762084960938,-4.084010601043701,-0.21610939502716064,-0.18988259136676788,0.9539244771003723,0.08526130020618439
16,lowerarm_r,94.73675537109375,48.241172790527344,15.175740242004395,0.3664402365684509,-0.19471986591815948,-0.876503050327301,0.24402494728565216
16,neck,-19.36223602294922,1.3226115703582764,-0.2816200256347656,0.004279038403183222,0.07559191435575485,-0.0015691261505708098,0.9971285462379456
16,pelvis,6.109453201293945,3.538410601322539e-05,-1.6926586627960205,-6.858300594103639e-08,-0.029346944764256477,1.3539678889173956e-07,0.999569296836853
16,root,0.0,0.0,0.0,-2.1139658201718703e-07,-5.7790373375610216e-08,1.0658141036401503e-14,1.0
16,spine_01,-1.4748737812042236,-5.74578689338523e-06,-1.8545806407928467,-2.441597644065041e-07,0.008239121176302433,-1.3386494401856908e-07,0.9999660849571228
16,spine_02,-11.002320289611816,4.255030216882005e-05,-1.323103904724121,1.149634520913878e-08,0.04770326986908913,1.3117062280798564e-07,0.99886155128479
16,thigh_l,19.094438552856445,-1.3242473602294922,-0.09696096926927567,-0.004622010979801416,-0.10164884477853775,-0.02946186438202858,0.9943732619285583
16,thigh_r,19.094322204589844,1.3243621587753296,-0.09697803854942322,0.004622054286301136,-0.10164811462163925,0.029462430626153946,0.9943733215332031
16,upperarm_l,19.827165603637695,-125.26982116699219,39.03499221801758,-0.14968501031398773,0.28599050641059875,0.9296407699584961,0.17768481373786926
16,upperarm_r,-43.985145568847656,142.91668701171875,71.695556640625,0.10966747254133224,0.4406261742115021,-0.7823200821876526,0.42637649178504944
17,calf_l,-1.1976066827774048,0.10576196759939194,0.0689118430018425,0.002727827988564968,0.10996890813112259,-0.040949076414108276,0.9930874109268188
17,calf_r,-1.1976436376571655,-0.10578907281160355,0.06897440552711487,-0.0027296843472868204,0.1099681407213211,0.04094770923256874,0.9930875301361084
17,clavicle_l,-25.80004119873047,2.1724729537963867,0.9467750787734985,0.007103135343641043,0.09844973683357239,-0.003040078328922391,0.9951120615005493
17,clavicle_r,-25.796377182006836,-2.1728177070617676,0.9460750222206116,-0.007104577496647835,0.09843716025352478,0.0030393158085644245,0.9951132535934448
17,foot_l,1.4007596969604492,-0.09197099506855011,-0.024113114923238754,-0.0007511675357818604,7.378386726486497e-06,-0.045805662870407104,0.9989501237869263
17,foot_r,1.400760531425476,0.09194442629814148,-0.024020662531256676,0.0007487430120818317,6.788190603401745e-06,0.04580593481659889,0.998950183391571
17,hand_l,103.51683044433594,-24.336162567138672,211.92477416992188,0.9006108641624451,-0.08582323789596558,-0.384807288646698,0.18291489779949188
17,hand_r,101.00562286376953,65.1738510131836,217.884521484375,-0.8860117793083191,-0.18883433938026428,0.4051923155784607,0.12306071072816849
17,head,0.04053674638271332,0.706925630569458,-2.06296443939209,0.0024898136034607887,0.015643324702978134,-3.8890397263458e-05,0.9998745322227478
17,lowerarm_l,67.87599182128906,-17.071762084960938,-4.084010601043701,-0.21610939502716064,-0.18988259136676788,0.9539244771003723,0.08526130020618439
17,lowerarm_r,94.73675537109375,48.241172790527344,15.175740242004395,0.3664402365684509,-0.19471986591815948,-0.876503050327301,0.24402494728565216
17,neck,-19.36223602294922,1.3226115703582764,-0.2816200256347656,0.004279038403183222,0.07559191435575485,-0.0015691261505708098,0.9971285462379456
17,pelvis,6.109453201293945,3.538410601322539e-05,-1.6926586627960205,-6.858300594103639e-08,-0.029346944764256477,1.3539678889173956e-07,0.999569296836853
17,root,0.0,0.0,0.0,-2.1139658201718703e-07,-5.7790373375610216e-08,1.0658141036401503e-14,1.0
17,spine_01,-1.4748737812042236,-5.74578689338523e-06,-1.8545806407928467,-2.441597644065041e-07,0.008239121176302433,-1.3386494401856908e-07,0.9999660849571228
17,spine_02,-11.002320289611816,4.255030216882005e-05,-1.323103904724121,1.149634520913878e-08,0.04770326986908913,1.3117062280798564e-07,0.99886155128479
17,thigh_l,19.094438552856445,-1.3242473602294922,-0.09696096926927567,-0.004622010979801416,-0.10164884477853775,-0.02946186438202858,0.9943732619285583
17,thigh_r,19.094322204589844,1.3243621587753296,-0.09697803854942322,0.004622054286301136,-0.10164811462163925,0.029462430626153946,0.9943733215332031
17,upperarm_l,19.827165603637695,-125.26982116699219,39.03499221801758,-0.14968501031398773,0.28599050641059875,0.9296407699584961,0.17768481373786926
17,upperarm_r,-43.985145568847656,142.91668701171875,71.695556640625,0.10966747254133224,0.4406261742115021,-0.7823200821876526,0.42637649178504944
18,calf_l,-1.1976066827774048,0.10576196759939194,0.0689118430018425,0.002727827988564968,0.10996890813112259,-0.040949076414108276,0.9930874109268188
18,calf_r,-1.1976436376571655,-0.10578907281160355,0.06897440552711487,-0.0027296843472868204,0.1099681407213211,0.04094770923256874,0.9930875301361084
18,clavicle_l,-25.80004119873047,2.1724729537963867,0.9467750787734985,0.007103135343641043,0.09844973683357239,-0.003040078328922391,0.9951120615005493
18,clavicle_r,-25.796377182006836,-2.1728177070617676,0.9460750222206116,-0.007104577496647835,0.09843716025352478,0.0030393158085644245,0.9951132535934448
18,foot_l,1.4007596969604492,-0.09197099506855011,-0.024113114923238754,-0.0007511675357818604,7.378386726486497e-06,-0.045805662870407104,0.9989501237869263
18,foot_r,1.400760531425476,0.09194442629814148,-0.024020662531256676,0.0007487430120818317,6.788190603401745e-06,0.04580593481659889,0.998950183391571
18,hand_l,103.51683044433594,-24.336162567138672,211.92477416992188,0.9006108641624451,-0.08582323789596558,-0.384807288646698,0.18291489779949188
18,hand_r,101.00562286376953,65.1738510131836,217.884521484375,-0.8860117793083191,-0.18883433938026428,0.4051923155784607,0.12306071072816849
18,head,0.04053674638271332,0.706925630569458,-2.06296443939209,0.0024898136034607887,0.015643324702978134,-3.8890397263458e-05,0.9998745322227478
18,lowerarm_l,67.87599182128906,-17.071762084960938,-4.084010601043701,-0.21610939502716064,-0.18988259136676788,0.9539244771003723,0.08526130020618439
18,lowerarm_r,94.73675537109375,48.241172790527344,15.175740242004395,0.3664402365684509,-0.19471986591815948,-0.876503050327301,0.24402494728565216
18,neck,-19.36223602294922,1.3226115703582764,-0.2816200256347656,0.004279038403183222,0.07559191435575485,-0.0015691261505708098,0.9971285462379456
18,pelvis,6.109453201293945,3.538410601322539e-05,-1.6926586627960205,-6.858300594103639e-08,-0.029346944764256477,1.3539678889173956e-07,0.999569296836853
18,root,0.0,0.0,0.0,-2.1139658201718703e-07,-5.7790373375610216e-08,1.0658141036401503e-14,1.0
18,spine_01,-1.4748737812042236,-5.74578689338523e-06,-1.8545806407928467,-2.441597644065041e-07,0.008239121176302433,-1.3386494401856908e-07,0.9999660849571228
18,spine_02,-11.002320289611816,4.255030216882005e-05,-1.323103904724121,1.149634520913878e-08,0.04770326986908913,1.3117062280798564e-07,0.99886155128479
18,thigh_l,19.094438552856445,-1.3242473602294922,-0.09696096926927567,-0.004622010979801416,-0.10164884477853775,-0.02946186438202858,0.9943732619285583
18,thigh_r,19.094322204589844,1.3243621587753296,-0.09697803854942322,0.004622054286301136,-0.10164811462163925,0.029462430626153946,0.9943733215332031
18,upperarm_l,19.827165603637695,-125.26982116699219,39.03499221801758,-0.14968501031398773,0.28599050641059875,0.9296407699584961,0.17768481373786926
18,upperarm_r,-43.985145568847656,142.91668701171875,71.695556640625,0.10966747254133224,0.4406261742115021,-0.7823200821876526,0.42637649178504944
19,calf_l,-1.1976066827774048,0.10576196759939194,0.0689118430018425,0.002727827988564968,0.10996890813112259,-0.040949076414108276,0.9930874109268188
19,calf_r,-1.1976436376571655,-0.10578907281160355,0.06897440552711487,-0.0027296843472868204,0.1099681407213211,0.04094770923256874,0.9930875301361084
19,clavicle_l,-25.80004119873047,2.1724729537963867,0.9467750787734985,0.007103135343641043,0.09844973683357239,-0.003040078328922391,0.9951120615005493
19,clavicle_r,-25.796377182006836,-2.1728177070617676,0.9460750222206116,-0.007104577496647835,0.09843716025352478,0.0030393158085644245,0.9951132535934448
19,foot_l,1.4007596969604492,-0.09197099506855011,-0.024113114923238754,-0.0007511675357818604,7.378386726486497e-06,-0.045805662870407104,0.9989501237869263
19,foot_r,1.400760531425476,0.09194442629814148,-0.024020662531256676,0.0007487430120818317,6.788190603401745e-06,0.04580593481659889,0.998950183391571
19,hand_l,103.51683044433594,-24.336162567138672,211.92477416992188,0.9006108641624451,-0.08582323789596558,-0.384807288646698,0.18291489779949188
19,hand_r,101.00562286376953,65.1738510131836,217.884521484375,-0.8860117793083191,-0.18883433938026428,0.4051923155784607,0.12306071072816849
19,head,0.04053674638271332,0.706925630569458,-2.06296443939209,0.0024898136034607887,0.015643324702978134,-3.8890397263458e-05,0.9998745322227478
19,lowerarm_l,67.87599182128906,-17.071762084960938,-4.084010601043701,-0.21610939502716064,-0.18988259136676788,0.9539244771003723,0.08526130020618439
19,lowerarm_r,94.73675537109375,48.241172790527344,15.175740242004395,0.3664402365684509,-0.19471986591815948,-0.876503050327301,0.24402494728565216
19,neck,-19.36223602294922,1.3226115703582764,-0.2816200256347656,0.004279038403183222,0.07559191435575485,-0.0015691261505708098,0.9971285462379456
19,pelvis,6.109453201293945,3.538410601322539e-05,-1.6926586627960205,-6.858300594103639e-08,-0.029346944764256477,1.3539678889173956e-07,0.999569296836853
19,root,0.0,0.0,0.0,-2.1139658201718703e-07,-5.7790373375610216e-08,1.0658141036401503e-14,1.0
19,spine_01,-1.4748737812042236,-5.74578689338523e-06,-1.8545806407928467,-2.441597644065041e-07,0.008239121176302433,-1.3386494401856908e-07,0.9999660849571228
19,spine_02,-11.002320289611816,4.255030216882005e-05,-1.323103904724121,1.149634520913878e-08,0.04770326986908913,1.3117062280798564e-07,0.99886155128479
19,thigh_l,19.094438552856445,-1.3242473602294922,-0.09696096926927567,-0.004622010979801416,-0.10164884477853775,-0.02946186438202858,0.9943732619285583
19,thigh_r,19.094322204589844,1.3243621587753296,-0.09697803854942322,0.004622054286301136,-0.10164811462163925,0.029462430626153946,0.9943733215332031
19,upperarm_l,19.827165603637695,-125.26982116699219,39.03499221801758,-0.14968501031398773,0.28599050641059875,0.9296407699584961,0.17768481373786926
19,upperarm_r,-43.985145568847656,142.91668701171875,71.695556640625,0.10966747254133224,0.4406261742115021,-0.7823200821876526,0.42637649178504944
20,calf_l,-1.1976066827774048,0.10576196759939194,0.0689118430018425,0.002727827988564968,0.10996890813112259,-0.040949076414108276,0.9930874109268188
20,calf_r,-1.1976436376571655,-0.10578907281160355,0.06897440552711487,-0.0027296843472868204,0.1099681407213211,0.04094770923256874,0.9930875301361084
20,clavicle_l,-25.80004119873047,2.1724729537963867,0.9467750787734985,0.007103135343641043,0.09844973683357239,-0.003040078328922391,0.9951120615005493
20,clavicle_r,-25.796377182006836,-2.1728177070617676,0.9460750222206116,-0.007104577496647835,0.09843716025352478,0.0030393158085644245,0.9951132535934448
20,foot_l,1.4007596969604492,-0.09197099506855011,-0.024113114923238754,-0.0007511675357818604,7.378386726486497e-06,-0.045805662870407104,0.9989501237869263
20,foot_r,1.400760531425476,0.09194442629814148,-0.024020662531256676,0.0007487430120818317,6.788190603401745e-06,0.04580593481659889,0.998950183391571
20,hand_l,103.51683044433594,-24.336162567138672,211.92477416992188,0.9006108641624451,-0.08582323789596558,-0.384807288646698,0.18291489779949188
20,hand_r,101.00562286376953,65.1738510131836,217.884521484375,-0.8860117793083191,-0.18883433938026428,0.4051923155784607,0.12306071072816849
20,head,0.04053674638271332,0.706925630569458,-2.06296443939209,0.0024898136034607887,0.015643324702978134,-3.8890397263458e-05,0.9998745322227478
20,lowerarm_l,67.87599182128906,-17.071762084960938,-4.084010601043701,-0.21610939502716064,-0.18988259136676788,0.9539244771003723,0.08526130020618439
20,lowerarm_r,94.73675537109375,48.241172790527344,15.175740242004395,0.3664402365684509,-0.19471986591815948,-0.876503050327301,0.24402494728565216
20,neck,-19.36223602294922,1.3226115703582764,-0.2816200256347656,0.004279038403183222,0.07559191435575485,-0.0015691261505708098,0.9971285462379456
20,pelvis,6.109453201293945,3.538410601322539e-05,-1.6926586627960205,-6.858300594103639e-08,-0.029346944764256477,1.3539678889173956e-07,0.999569296836853
20,root,0.0,0.0,0.0,-2.1139658201718703e-07,-5.7790373375610216e-08,1.0658141036401503e-14,1.0
20,spine_01,-1.4748737812042236,-5.74578689338523e-06,-1.8545806407928467,-2.441597644065041e-07,0.008239121176302433,-1.3386494401856908e-07,0.9999660849571228
20,spine_02,-11.002320289611816,4.255030216882005e-05,-1.323103904724121,1.149634520913878e-08,0.04770326986908913,1.3117062280798564e-07,0.99886155128479
20,thigh_l,19.094438552856445,-1.3242473602294922,-0.09696096926927567,-0.004622010979801416,-0.10164884477853775,-0.02946186438202858,0.9943732619285583
20,thigh_r,19.094322204589844,1.3243621587753296,-0.09697803854942322,0.004622054286301136,-0.10164811462163925,0.029462430626153946,0.9943733215332031
20,upperarm_l,19.827165603637695,-125.26982116699219,39.03499221801758,-0.14968501031398773,0.28599050641059875,0.9296407699584961,0.17768481373786926
20,upperarm_r,-43.985145568847656,142.91668701171875,71.695556640625,0.10966747254133224,0.4406261742115021,-0.7823200821876526,0.42637649178504944
21,calf_l,-1.1976066827774048,0.10576196759939194,0.0689118430018425,0.002727827988564968,0.10996890813112259,-0.040949076414108276,0.9930874109268188
21,calf_r,-1.1976436376571655,-0.10578907281160355,0.06897440552711487,-0.0027296843472868204,0.1099681407213211,0.04094770923256874,0.9930875301361084
21,clavicle_l,-25.80004119873047,2.1724729537963867,0.9467750787734985,0.007103135343641043,0.09844973683357239,-0.003040078328922391,0.9951120615005493
21,clavicle_r,-25.796377182006836,-2.1728177070617676,0.9460750222206116,-0.007104577496647835,0.09843716025352478,0.0030393158085644245,0.9951132535934448
21,foot_l,1.4007596969604492,-0.09197099506855011,-0.024113114923238754,-0.0007511675357818604,7.378386726486497e-06,-0.045805662870407104,0.9989501237869263
21,foot_r,1.400760531425476,0.09194442629814148,-0.024020662531256676,0.0007487430120818317,6.788190603401745e-06,0.04580593481659889,0.998950183391571
21,hand_l,103.51683044433594,-24.336162567138672,211.92477416992188,0.9006108641624451,-0.08582323789596558,-0.384807288646698,0.18291489779949188
21,hand_r,101.00562286376953,65.1738510131836,217.884521484375,-0.8860117793083191,-0.18883433938026428,0.4051923155784607,0.12306071072816849
21,head,0.04053674638271332,0.706925630569458,-2.06296443939209,0.0024898136034607887,0.015643324702978134,-3.8890397263458e-05,0.9998745322227478
21,lowerarm_l,67.87599182128906,-17.071762084960938,-4.084010601043701,-0.21610939502716064,-0.18988259136676788,0.9539244771003723,0.08526130020618439
21,lowerarm_r,94.73675537109375,48.241172790527344,15.175740242004395,0.3664402365684509,-0.19471986591815948,-0.876503050327301,0.24402494728565216
21,neck,-19.36223602294922,1.3226115703582764,-0.2816200256347656,0.004279038403183222,0.07559191435575485,-0.0015691261505708098,0.9971285462379456
21,pelvis,6.109453201293945,3.538410601322539e-05,-1.6926586627960205,-6.858300594103639e-08,-0.029346944764256477,1.3539678889173956e-07,0.999569296836853
21,root,0.0,0.0,0.0,-2.1139658201718703e-07,-5.7790373375610216e-08,1.0658141036401503e-14,1.0
21,spine_01,-1.4748737812042236,-5.74578689338523e-06,-1.8545806407928467,-2.441597644065041e-07,0.008239121176302433,-1.3386494401856908e-07,0.9999660849571228
21,spine_02,-11.002320289611816,4.255030216882005e-05,-1.323103904724121,1.149634520913878e-08,0.04770326986908913,1.3117062280798564e-07,0.99886155128479
21,thigh_l,19.094438552856445,-1.3242473602294922,-0.09696096926927567,-0.004622010979801416,-0.10164884477853775,-0.02946186438202858,0.9943732619285583
21,thigh_r,19.094322204589844,1.3243621587753296,-0.09697803854942322,0.004622054286301136,-0.10164811462163925,0.029462430626153946,0.9943733215332031
21,upperarm_l,19.827165603637695,-125.26982116699219,39.03499221801758,-0.14968501031398773,0.28599050641059875,0.9296407699584961,0.17768481373786926
21,upperarm_r,-43.985145568847656,142.91668701171875,71.695556640625,0.10966747254133224,0.4406261742115021,-0.7823200821876526,0.42637649178504944
22,calf_l,-1.1976066827774048,0.10576196759939194,0.0689118430018425,0.002727827988564968,0.10996890813112259,-0.040949076414108276,0.9930874109268188
22,calf_r,-1.1976436376571655,-0.10578907281160355,0.06897440552711487,-0.0027296843472868204,0.1099681407213211,0.04094770923256874,0.9930875301361084
22,clavicle_l,-25.80004119873047,2.1724729537963867,0.9467750787734985,0.007103135343641043,0.09844973683357239,-0.003040078328922391,0.9951120615005493
22,clavicle_r,-25.796377182006836,-2.1728177070617676,0.9460750222206116,-0.007104577496647835,0.09843716025352478,0.0030393158085644245,0.9951132535934448
22,foot_l,1.4007596969604492,-0.09197099506855011,-0.024113114923238754,-0.0007511675357818604,7.378386726486497e-06,-0.045805662870407104,0.9989501237869263
22,foot_r,1.400760531425476,0.09194442629814148,-0.024020662531256676,0.0007487430120818317,6.788190603401745e-06,0.04580593481659889,0.998950183391571
22,hand_l,103.51683044433594,-24.336162567138672,211.92477416992188,0.9006108641624451,-0.08582323789596558,-0.384807288646698,0.18291489779949188
22,hand_r,101.00562286376953,65.1738510131836,217.884521484375,-0.8860117793083191,-0.18883433938026428,0.4051923155784607,0.12306071072816849
22,head,0.04053674638271332,0.706925630569458,-2.06296443939209,0.0024898136034607887,0.015643324702978134,-3.8890397263458e-05,0.9998745322227478
22,lowerarm_l,67.87599182128906,-17.071762084960938,-4.084010601043701,-0.21610939502716064,-0.18988259136676788,0.9539244771003723,0.08526130020618439
22,lowerarm_r,94.73675537109375,48.241172790527344,15.175740242004395,0.3664402365684509,-0.19471986591815948,-0.876503050327301,0.24402494728565216
22,neck,-19.36223602294922,1.3226115703582764,-0.2816200256347656,0.004279038403183222,0.07559191435575485,-0.0015691261505708098,0.9971285462379456
22,pelvis,6.109453201293945,3.538410601322539e-05,-1.6926586627960205,-6.858300594103639e-08,-0.029346944764256477,1.3539678889173956e-07,0.999569296836853
22,root,0.0,0.0,0.0,-2.1139658201718703e-07,-5.7790373375610216e-08,1.0658141036401503e-14,1.0
22,spine_01,-1.4748737812042236,-5.74578689338523e-06,-1.8545806407928467,-2.441597644065041e-07,0.008239121176302433,-1.3386494401856908e-07,0.9999660849571228
22,spine_02,-11.002320289611816,4.255030216882005e-05,-1.323103904724121,1.149634520913878e-08,0.04770326986908913,1.3117062280798564e-07,0.99886155128479
22,thigh_l,19.094438552856445,-1.3242473602294922,-0.09696096926927567,-0.004622010979801416,-0.10164884477853775,-0.02946186438202858,0.9943732619285583
22,thigh_r,19.094322204589844,1.3243621587753296,-0.09697803854942322,0.004622054286301136,-0.10164811462163925,0.029462430626153946,0.9943733215332031
22,upperarm_l,19.827165603637695,-125.26982116699219,39.03499221801758,-0.14968501031398773,0.28599050641059875,0.9296407699584961,0.17768481373786926
22,upperarm_r,-43.985145568847656,142.91668701171875,71.695556640625,0.10966747254133224,0.4406261742115021,-0.7823200821876526,0.42637649178504944
23,calf_l,-1.1976066827774048,0.10576196759939194,0.0689118430018425,0.002727827988564968,0.10996890813112259,-0.040949076414108276,0.9930874109268188
23,calf_r,-1.1976436376571655,-0.10578907281160355,0.06897440552711487,-0.0027296843472868204,0.1099681407213211,0.04094770923256874,0.9930875301361084
23,clavicle_l,-25.80004119873047,2.1724729537963867,0.9467750787734985,0.007103135343641043,0.09844973683357239,-0.003040078328922391,0.9951120615005493
23,clavicle_r,-25.796377182006836,-2.1728177070617676,0.9460750222206116,-0.007104577496647835,0.09843716025352478,0.0030393158085644245,0.9951132535934448
23,foot_l,1.4007596969604492,-0.09197099506855011,-0.024113114923238754,-0.0007511675357818604,7.378386726486497e-06,-0.045805662870407104,0.9989501237869263
23,foot_r,1.400760531425476,0.09194442629814148,-0.024020662531256676,0.0007487430120818317,6.788190603401745e-06,0.04580593481659889,0.998950183391571
23,hand_l,103.51683044433594,-24.336162567138672,211.92477416992188,0.9006108641624451,-0.08582323789596558,-0.384807288646698,0.18291489779949188
23,hand_r,101.00562286376953,65.1738510131836,217.884521484375,-0.8860117793083191,-0.18883433938026428,0.4051923155784607,0.12306071072816849
23,head,0.04053674638271332,0.706925630569458,-2.06296443939209,0.0024898136034607887,0.015643324702978134,-3.8890397263458e-05,0.9998745322227478
23,lowerarm_l,67.87599182128906,-17.071762084960938,-4.084010601043701,-0.21610939502716064,-0.18988259136676788,0.9539244771003723,0.08526130020618439
23,lowerarm_r,94.73675537109375,48.241172790527344,15.175740242004395,0.3664402365684509,-0.19471986591815948,-0.876503050327301,0.24402494728565216
23,neck,-19.36223602294922,1.3226115703582764,-0.2816200256347656,0.004279038403183222,0.07559191435575485,-0.0015691261505708098,0.9971285462379456
23,pelvis,6.109453201293945,3.538410601322539e-05,-1.6926586627960205,-6.858300594103639e-08,-0.029346944764256477,1.3539678889173956e-07,0.999569296836853
23,root,0.0,0.0,0.0,-2.1139658201718703e-07,-5.7790373375610216e-08,1.0658141036401503e-14,1.0
23,spine_01,-1.4748737812042236,-5.74578689338523e-06,-1.8545806407928467,-2.441597644065041e-07,0.008239121176302433,-1.3386494401856908e-07,0.9999660849571228
23,spine_02,-11.002320289611816,4.255030216882005e-05,-1.323103904724121,1.149634520913878e-08,0.04770326986908913,1.3117062280798564e-07,0.99886155128479
23,thigh_l,19.094438552856445,-1.3242473602294922,-0.09696096926927567,-0.004622010979801416,-0.10164884477853775,-0.02946186438202858,0.9943732619285583
23,thigh_r,19.094322204589844,1.3243621587753296,-0.09697803854942322,0.004622054286301136,-0.10164811462163925,0.029462430626153946,0.9943733215332031
23,upperarm_l,19.827165603637695,-125.26982116699219,39.03499221801758,-0.14968501031398773,0.28599050641059875,0.9296407699584961,0.17768481373786926
23,upperarm_r,-43.985145568847656,142.91668701171875,71.695556640625,0.10966747254133224,0.4406261742115021,-0.7823200821876526,0.42637649178504944
24,calf_l,-1.1976066827774048,0.10576196759939194,0.0689118430018425,0.002727827988564968,0.10996890813112259,-0.040949076414108276,0.9930874109268188
24,calf_r,-1.1976436376571655,-0.10578907281160355,0.06897440552711487,-0.0027296843472868204,0.1099681407213211,0.04094770923256874,0.9930875301361084
24,clavicle_l,-25.80004119873047,2.1724729537963867,0.9467750787734985,0.007103135343641043,0.09844973683357239,-0.003040078328922391,0.9951120615005493
24,clavicle_r,-25.796377182006836,-2.1728177070617676,0.9460750222206116,-0.007104577496647835,0.09843716025352478,0.0030393158085644245,0.9951132535934448
24,foot_l,1.4007596969604492,-0.09197099506855011,-0.024113114923238754,-0.0007511675357818604,7.378386726486497e-06,-0.045805662870407104,0.9989501237869263
24,foot_r,1.400760531425476,0.09194442629814148,-0.024020662531256676,0.0007487430120818317,6.788190603401745e-06,0.04580593481659889,0.998950183391571
24,hand_l,103.51683044433594,-24.336162567138672,211.92477416992188,0.9006108641624451,-0.08582323789596558,-0.384807288646698,0.18291489779949188
24,hand_r,101.00562286376953,65.1738510131836,217.884521484375,-0.8860117793083191,-0.18883433938026428,0.4051923155784607,0.12306071072816849
24,head,0.04053674638271332,0.706925630569458,-2.06296443939209,0.0024898136034607887,0.015643324702978134,-3.8890397263458e-05,0.9998745322227478
24,lowerarm_l,67.87599182128906,-17.071762084960938,-4.084010601043701,-0.21610939502716064,-0.18988259136676788,0.9539244771003723,0.08526130020618439
24,lowerarm_r,94.73675537109375,48.241172790527344,15.175740242004395,0.3664402365684509,-0.19471986591815948,-0.876503050327301,0.24402494728565216
24,neck,-19.36223602294922,1.3226115703582764,-0.2816200256347656,0.004279038403183222,0.07559191435575485,-0.0015691261505708098,0.9971285462379456
24,pelvis,6.109453201293945,3.538410601322539e-05,-1.6926586627960205,-6.858300594103639e-08,-0.029346944764256477,1.3539678889173956e-07,0.999569296836853
24,root,0.0,0.0,0.0,-2.1139658201718703e-07,-5.7790373375610216e-08,1.0658141036401503e-14,1.0
24,spine_01,-1.4748737812042236,-5.74578689338523e-06,-1.8545806407928467,-2.441597644065041e-07,0.008239121176302433,-1.3386494401856908e-07,0.9999660849571228
24,spine_02,-11.002320289611816,4.255030216882005e-05,-1.323103904724121,1.149634520913878e-08,0.04770326986908913,1.3117062280798564e-07,0.99886155128479
24,thigh_l,19.094438552856445,-1.3242473602294922,-0.09696096926927567,-0.004622010979801416,-0.10164884477853775,-0.02946186438202858,0.9943732619285583
24,thigh_r,19.094322204589844,1.3243621587753296,-0.09697803854942322,0.004622054286301136,-0.10164811462163925,0.029462430626153946,0.9943733215332031
24,upperarm_l,19.827165603637695,-125.26982116699219,39.03499221801758,-0.14968501031398773,0.28599050641059875,0.9296407699584961,0.17768481373786926
24,upperarm_r,-43.985145568847656,142.91668701171875,71.695556640625,0.10966747254133224,0.4406261742115021,-0.7823200821876526,0.42637649178504944
25,calf_l,-1.1976066827774048,0.10576196759939194,0.0689118430018425,0.002727827988564968,0.10996890813112259,-0.040949076414108276,0.9930874109268188
25,calf_r,-1.1976436376571655,-0.10578907281160355,0.06897440552711487,-0.0027296843472868204,0.1099681407213211,0.04094770923256874,0.9930875301361084
25,clavicle_l,-25.80004119873047,2.1724729537963867,0.9467750787734985,0.007103135343641043,0.09844973683357239,-0.003040078328922391,0.9951120615005493
25,clavicle_r,-25.796377182006836,-2.1728177070617676,0.9460750222206116,-0.007104577496647835,0.09843716025352478,0.0030393158085644245,0.9951132535934448
25,foot_l,1.4007596969604492,-0.09197099506855011,-0.024113114923238754,-0.0007511675357818604,7.378386726486497e-06,-0.045805662870407104,0.9989501237869263
25,foot_r,1.400760531425476,0.09194442629814148,-0.024020662531256676,0.0007487430120818317,6.788190603401745e-06,0.04580593481659889,0.998950183391571
25,hand_l,103.51683044433594,-24.336162567138672,211.92477416992188,0.9006108641624451,-0.08582323789596558,-0.384807288646698,0.18291489779949188
25,hand_r,101.00562286376953,65.1738510131836,217.884521484375,-0.8860117793083191,-0.18883433938026428,0.4051923155784607,0.12306071072816849
25,head,0.04053674638271332,0.706925630569458,-2.06296443939209,0.0024898136034607887,0.015643324702978134,-3.8890397263458e-05,0.9998745322227478
25,lowerarm_l,67.87599182128906,-17.071762084960938,-4.084010601043701,-0.21610939502716064,-0.18988259136676788,0.9539244771003723,0.08526130020618439
25,lowerarm_r,94.73675537109375,48.241172790527344,15.175740242004395,0.3664402365684509,-0.19471986591815948,-0.876503050327301,0.24402494728565216
25,neck,-19.36223602294922,1.3226115703582764,-0.2816200256347656,0.004279038403183222,0.07559191435575485,-0.0015691261505708098,0.9971285462379456
25,pelvis,6.109453201293945,3.538410601322539e-05,-1.6926586627960205,-6.858300594103639e-08,-0.029346944764256477,1.3539678889173956e-07,0.999569296836853
25,root,0.0,0.0,0.0,-2.1139658201718703e-07,-5.7790373375610216e-08,1.0658141036401503e-14,1.0
25,spine_01,-1.4748737812042236,-5.74578689338523e-06,-1.8545806407928467,-2.441597644065041e-07,0.008239121176302433,-1.3386494401856908e-07,0.9999660849571228
25,spine_02,-11.002320289611816,4.255030216882005e-05,-1.323103904724121,1.149634520913878e-08,0.04770326986908913,1.3117062280798564e-07,0.99886155128479
25,thigh_l,19.094438552856445,-1.3242473602294922,-0.09696096926927567,-0.004622010979801416,-0.10164884477853775,-0.02946186438202858,0.9943732619285583
25,thigh_r,19.094322204589844,1.3243621587753296,-0.09697803854942322,0.004622054286301136,-0.10164811462163925,0.029462430626153946,0.9943733215332031
25,upperarm_l,19.827165603637695,-125.26982116699219,39.03499221801758,-0.14968501031398773,0.28599050641059875,0.9296407699584961,0.17768481373786926
25,upperarm_r,-43.985145568847656,142.91668701171875,71.695556640625,0.10966747254133224,0.4406261742115021,-0.7823200821876526,0.42637649178504944
26,calf_l,-1.1976066827774048,0.10576196759939194,0.0689118430018425,0.002727827988564968,0.10996890813112259,-0.040949076414108276,0.9930874109268188
26,calf_r,-1.1976436376571655,-0.10578907281160355,0.06897440552711487,-0.0027296843472868204,0.1099681407213211,0.04094770923256874,0.9930875301361084
26,clavicle_l,-25.80004119873047,2.1724729537963867,0.9467750787734985,0.007103135343641043,0.09844973683357239,-0.003040078328922391,0.9951120615005493
26,clavicle_r,-25.796377182006836,-2.1728177070617676,0.9460750222206116,-0.007104577496647835,0.09843716025352478,0.0030393158085644245,0.9951132535934448
26,foot_l,1.4007596969604492,-0.09197099506855011,-0.024113114923238754,-0.0007511675357818604,7.378386726486497e-06,-0.045805662870407104,0.9989501237869263
26,foot_r,1.400760531425476,0.09194442629814148,-0.024020662531256676,0.0007487430120818317,6.788190603401745e-06,0.04580593481659889,0.998950183391571
26,hand_l,103.51683044433594,-24.336162567138672,211.92477416992188,0.9006108641624451,-0.08582323789596558,-0.384807288646698,0.18291489779949188
26,hand_r,101.00562286376953,65.1738510131836,217.884521484375,-0.8860117793083191,-0.18883433938026428,0.4051923155784607,0.12306071072816849
26,head,0.04053674638271332,0.706925630569458,-2.06296443939209,0.0024898136034607887,0.015643324702978134,-3.8890397263458e-05,0.9998745322227478
26,lowerarm_l,67.87599182128906,-17.071762084960938,-4.084010601043701,-0.21610939502716064,-0.18988259136676788,0.9539244771003723,0.08526130020618439
26,lowerarm_r,94.73675537109375,48.241172790527344,15.175740242004395,0.3664402365684509,-0.19471986591815948,-0.876503050327301,0.24402494728565216
26,neck,-19.36223602294922,1.3226115703582764,-0.2816200256347656,0.004279038403183222,0.07559191435575485,-0.0015691261505708098,0.9971285462379456
26,pelvis,6.109453201293945,3.538410601322539e-05,-1.6926586627960205,-6.858300594103639e-08,-0.029346944764256477,1.3539678889173956e-07,0.999569296836853
26,root,0.0,0.0,0.0,-2.1139658201718703e-07,-5.7790373375610216e-08,1.0658141036401503e-14,1.0
26,spine_01,-1.4748737812042236,-5.74578689338523e-06,-1.8545806407928467,-2.441597644065041e-07,0.008239121176302433,-1.3386494401856908e-07,0.9999660849571228
26,spine_02,-11.002320289611816,4.255030216882005e-05,-1.323103904724121,1.149634520913878e-08,0.04770326986908913,1.3117062280798564e-07,0.99886155128479
26,thigh_l,19.094438552856445,-1.3242473602294922,-0.09696096926927567,-0.004622010979801416,-0.10164884477853775,-0.02946186438202858,0.9943732619285583
26,thigh_r,19.094322204589844,1.3243621587753296,-0.09697803854942322,0.004622054286301136,-0.10164811462163925,0.029462430626153946,0.9943733215332031
26,upperarm_l,19.827165603637695,-125.26982116699219,39.03499221801758,-0.14968501031398773,0.28599050641059875,0.9296407699584961,0.17768481373786926
26,upperarm_r,-43.985145568847656,142.91668701171875,71.695556640625,0.10966747254133224,0.4406261742115021,-0.7823200821876526,0.42637649178504944
27,calf_l,-1.1976066827774048,0.10576196759939194,0.0689118430018425,0.002727827988564968,0.10996890813112259,-0.040949076414108276,0.9930874109268188
27,calf_r,-1.1976436376571655,-0.10578907281160355,0.06897440552711487,-0.0027296843472868204,0.1099681407213211,0.04094770923256874,0.9930875301361084
27,clavicle_l,-25.80004119873047,2.1724729537963867,0.9467750787734985,0.007103135343641043,0.09844973683357239,-0.003040078328922391,0.9951120615005493
27,clavicle_r,-25.796377182006836,-2.1728177070617676,0.9460750222206116,-0.007104577496647835,0.09843716025352478,0.0030393158085644245,0.9951132535934448
27,foot_l,1.4007596969604492,-0.09197099506855011,-0.024113114923238754,-0.0007511675357818604,7.378386726486497e-06,-0.045805662870407104,0.9989501237869263
27,foot_r,1.400760531425476,0.09194442629814148,-0.024020662531256676,0.0007487430120818317,6.788190603401745e-06,0.04580593481659889,0.998950183391571
27,hand_l,103.51683044433594,-24.336162567138672,211.92477416992188,0.9006108641624451,-0.08582323789596558,-0.384807288646698,0.18291489779949188
27,hand_r,101.00562286376953,65.1738510131836,217.884521484375,-0.8860117793083191,-0.18883433938026428,0.4051923155784607,0.12306071072816849
27,head,0.04053674638271332,0.706925630569458,-2.06296443939209,0.0024898136034607887,0.015643324702978134,-3.8890397263458e-05,0.9998745322227478
27,lowerarm_l,67.87599182128906,-17.071762084960938,-4.084010601043701,-0.21610939502716064,-0.18988259136676788,0.9539244771003723,0.08526130020618439
27,lowerarm_r,94.73675537109375,48.241172790527344,15.175740242004395,0.3664402365684509,-0.19471986591815948,-0.876503050327301,0.24402494728565216
27,neck,-19.36223602294922,1.3226115703582764,-0.2816200256347656,0.004279038403183222,0.07559191435575485,-0.0015691261505708098,0.9971285462379456
27,pelvis,6.109453201293945,3.538410601322539e-05,-1.6926586627960205,-6.858300594103639e-08,-0.029346944764256477,1.3539678889173956e-07,0.999569296836853
27,root,0.0,0.0,0.0,-2.1139658201718703e-07,-5.7790373375610216e-08,1.0658141036401503e-14,1.0
27,spine_01,-1.4748737812042236,-5.74578689338523e-06,-1.8545806407928467,-2.441597644065041e-07,0.008239121176302433,-1.3386494401856908e-07,0.9999660849571228
27,spine_02,-11.002320289611816,4.255030216882005e-05,-1.323103904724121,1.149634520913878e-08,0.04770326986908913,1.3117062280798564e-07,0.99886155128479
27,thigh_l,19.094438552856445,-1.3242473602294922,-0.09696096926927567,-0.004622010979801416,-0.10164884477853775,-0.02946186438202858,0.9943732619285583
27,thigh_r,19.094322204589844,1.3243621587753296,-0.09697803854942322,0.004622054286301136,-0.10164811462163925,0.029462430626153946,0.9943733215332031
27,upperarm_l,19.827165603637695,-125.26982116699219,39.03499221801758,-0.14968501031398773,0.28599050641059875,0.9296407699584961,0.17768481373786926
27,upperarm_r,-43.985145568847656,142.91668701171875,71.695556640625,0.10966747254133224,0.4406261742115021,-0.7823200821876526,0.42637649178504944
28,calf_l,-1.1976066827774048,0.10576196759939194,0.0689118430018425,0.002727827988564968,0.10996890813112259,-0.040949076414108276,0.9930874109268188
28,calf_r,-1.1976436376571655,-0.10578907281160355,0.06897440552711487,-0.0027296843472868204,0.1099681407213211,0.04094770923256874,0.9930875301361084
28,clavicle_l,-25.80004119873047,2.1724729537963867,0.9467750787734985,0.007103135343641043,0.09844973683357239,-0.003040078328922391,0.9951120615005493
28,clavicle_r,-25.796377182006836,-2.1728177070617676,0.9460750222206116,-0.007104577496647835,0.09843716025352478,0.0030393158085644245,0.9951132535934448
28,foot_l,1.4007596969604492,-0.09197099506855011,-0.024113114923238754,-0.0007511675357818604,7.378386726486497e-06,-0.045805662870407104,0.9989501237869263
28,foot_r,1.400760531425476,0.09194442629814148,-0.024020662531256676,0.0007487430120818317,6.788190603401745e-06,0.04580593481659889,0.998950183391571
28,hand_l,103.51683044433594,-24.336162567138672,211.92477416992188,0.9006108641624451,-0.08582323789596558,-0.384807288646698,0.18291489779949188
28,hand_r,101.00562286376953,65.1738510131836,217.884521484375,-0.8860117793083191,-0.18883433938026428,0.4051923155784607,0.12306071072816849
28,head,0.04053674638271332,0.706925630569458,-2.06296443939209,0.0024898136034607887,0.015643324702978134,-3.8890397263458e-05,0.9998745322227478
28,lowerarm_l,67.87599182128906,-17.071762084960938,-4.084010601043701,-0.21610939502716064,-0.18988259136676788,0.9539244771003723,0.08526130020618439
28,lowerarm_r,94.73675537109375,48.241172790527344,15.175740242004395,0.3664402365684509,-0.19471986591815948,-0.876503050327301,0.24402494728565216
28,neck,-19.36223602294922,1.3226115703582764,-0.2816200256347656,0.004279038403183222,0.07559191435575485,-0.0015691261505708098,0.9971285462379456
28,pelvis,6.109453201293945,3.538410601322539e-05,-1.6926586627960205,-6.858300594103639e-08,-0.029346944764256477,1.3539678889173956e-07,0.999569296836853
28,root,0.0,0.0,0.0,-2.1139658201718703e-07,-5.7790373375610216e-08,1.0658141036401503e-14,1.0
28,spine_01,-1.4748737812042236,-5.74578689338523e-06,-1.8545806407928467,-2.441597644065041e-07,0.008239121176302433,-1.3386494401856908e-07,0.9999660849571228
28,spine_02,-11.002320289611816,4.255030216882005e-05,-1.323103904724121,1.149634520913878e-08,0.04770326986908913,1.3117062280798564e-07,0.99886155128479
28,thigh_l,19.094438552856445,-1.3242473602294922,-0.09696096926927567,-0.004622010979801416,-0.10164884477853775,-0.02946186438202858,0.9943732619285583
28,thigh_r,19.094322204589844,1.3243621587753296,-0.09697803854942322,0.004622054286301136,-0.10164811462163925,0.029462430626153946,0.9943733215332031
28,upperarm_l,19.827165603637695,-125.26982116699219,39.03499221801758,-0.14968501031398773,0.28599050641059875,0.9296407699584961,0.17768481373786926
28,upperarm_r,-43.985145568847656,142.91668701171875,71.695556640625,0.10966747254133224,0.4406261742115021,-0.7823200821876526,0.42637649178504944
29,calf_l,-1.1976066827774048,0.10576196759939194,0.0689118430018425,0.002727827988564968,0.10996890813112259,-0.040949076414108276,0.9930874109268188
29,calf_r,-1.1976436376571655,-0.10578907281160355,0.06897440552711487,-0.0027296843472868204,0.1099681407213211,0.04094770923256874,0.9930875301361084
29,clavicle_l,-25.80004119873047,2.1724729537963867,0.9467750787734985,0.007103135343641043,0.09844973683357239,-0.003040078328922391,0.9951120615005493
29,clavicle_r,-25.796377182006836,-2.1728177070617676,0.9460750222206116,-0.007104577496647835,0.09843716025352478,0.0030393158085644245,0.9951132535934448
29,foot_l,1.4007596969604492,-0.09197099506855011,-0.024113114923238754,-0.0007511675357818604,7.378386726486497e-06,-0.045805662870407104,0.9989501237869263
29,foot_r,1.400760531425476,0.09194442629814148,-0.024020662531256676,0.0007487430120818317,6.788190603401745e-06,0.04580593481659889,0.998950183391571
29,hand_l,103.51683044433594,-24.336162567138672,211.92477416992188,0.9006108641624451,-0.08582323789596558,-0.384807288646698,0.18291489779949188
29,hand_r,101.00562286376953,65.1738510131836,217.884521484375,-0.8860117793083191,-0.18883433938026428,0.4051923155784607,0.12306071072816849
29,head,0.04053674638271332,0.706925630569458,-2.06296443939209,0.0024898136034607887,0.015643324702978134,-3.8890397263458e-05,0.9998745322227478
29,lowerarm_l,67.87599182128906,-17.071762084960938,-4.084010601043701,-0.21610939502716064,-0.18988259136676788,0.9539244771003723,0.08526130020618439
29,lowerarm_r,94.73675537109375,48.241172790527344,15.175740242004395,0.3664402365684509,-0.19471986591815948,-0.876503050327301,0.24402494728565216
29,neck,-19.36223602294922,1.3226115703582764,-0.2816200256347656,0.004279038403183222,0.07559191435575485,-0.0015691261505708098,0.9971285462379456
29,pelvis,6.109453201293945,3.538410601322539e-05,-1.6926586627960205,-6.858300594103639e-08,-0.029346944764256477,1.3539678889173956e-07,0.999569296836853
29,root,0.0,0.0,0.0,-2.1139658201718703e-07,-5.7790373375610216e-08,1.0658141036401503e-14,1.0
29,spine_01,-1.4748737812042236,-5.74578689338523e-06,-1.8545806407928467,-2.441597644065041e-07,0.008239121176302433,-1.3386494401856908e-07,0.9999660849571228
29,spine_02,-11.002320289611816,4.255030216882005e-05,-1.323103904724121,1.149634520913878e-08,0.04770326986908913,1.3117062280798564e-07,0.99886155128479
29,thigh_l,19.094438552856445,-1.3242473602294922,-0.09696096926927567,-0.004622010979801416,-0.10164884477853775,-0.02946186438202858,0.9943732619285583
29,thigh_r,19.094322204589844,1.3243621587753296,-0.09697803854942322,0.004622054286301136,-0.10164811462163925,0.029462430626153946,0.9943733215332031
29,upperarm_l,19.827165603637695,-125.26982116699219,39.03499221801758,-0.14968501031398773,0.28599050641059875,0.9296407699584961,0.17768481373786926
29,upperarm_r,-43.985145568847656,142.91668701171875,71.695556640625,0.10966747254133224,0.4406261742115021,-0.7823200821876526,0.42637649178504944
30,calf_l,-1.1976066827774048,0.10576196759939194,0.0689118430018425,0.002727827988564968,0.10996890813112259,-0.040949076414108276,0.9930874109268188
30,calf_r,-1.1976436376571655,-0.10578907281160355,0.06897440552711487,-0.0027296843472868204,0.1099681407213211,0.04094770923256874,0.9930875301361084
30,clavicle_l,-25.80004119873047,2.1724729537963867,0.9467750787734985,0.007103135343641043,0.09844973683357239,-0.003040078328922391,0.9951120615005493
30,clavicle_r,-25.796377182006836,-2.1728177070617676,0.9460750222206116,-0.007104577496647835,0.09843716025352478,0.0030393158085644245,0.9951132535934448
30,foot_l,1.4007596969604492,-0.09197099506855011,-0.024113114923238754,-0.0007511675357818604,7.378386726486497e-06,-0.045805662870407104,0.9989501237869263
30,foot_r,1.400760531425476,0.09194442629814148,-0.024020662531256676,0.0007487430120818317,6.788190603401745e-06,0.04580593481659889,0.998950183391571
30,hand_l,103.51683044433594,-24.336162567138672,211.92477416992188,0.9006108641624451,-0.08582323789596558,-0.384807288646698,0.18291489779949188
30,hand_r,101.00562286376953,65.1738510131836,217.884521484375,-0.8860117793083191,-0.18883433938026428,0.4051923155784607,0.12306071072816849
30,head,0.04053674638271332,0.706925630569458,-2.06296443939209,0.0024898136034607887,0.015643324702978134,-3.8890397263458e-05,0.9998745322227478
30,lowerarm_l,67.87599182128906,-17.071762084960938,-4.084010601043701,-0.21610939502716064,-0.18988259136676788,0.9539244771003723,0.08526130020618439
30,lowerarm_r,94.73675537109375,48.241172790527344,15.175740242004395,0.3664402365684509,-0.19471986591815948,-0.876503050327301,0.24402494728565216
30,neck,-19.36223602294922,1.3226115703582764,-0.2816200256347656,0.004279038403183222,0.07559191435575485,-0.0015691261505708098,0.9971285462379456
30,pelvis,6.109453201293945,3.538410601322539e-05,-1.6926586627960205,-6.858300594103639e-08,-0.029346944764256477,1.3539678889173956e-07,0.999569296836853
30,root,0.0,0.0,0.0,-2.1139658201718703e-07,-5.7790373375610216e-08,1.0658141036401503e-14,1.0
30,spine_01,-1.4748737812042236,-5.74578689338523e-06,-1.8545806407928467,-2.441597644065041e-07,0.008239121176302433,-1.3386494401856908e-07,0.9999660849571228
30,spine_02,-11.002320289611816,4.255030216882005e-05,-1.323103904724121,1.149634520913878e-08,0.04770326986908913,1.3117062280798564e-07,0.99886155128479
30,thigh_l,19.094438552856445,-1.3242473602294922,-0.09696096926927567,-0.004622010979801416,-0.10164884477853775,-0.02946186438202858,0.9943732619285583
30,thigh_r,19.094322204589844,1.3243621587753296,-0.09697803854942322,0.004622054286301136,-0.10164811462163925,0.029462430626153946,0.9943733215332031
30,upperarm_l,19.827165603637695,-125.26982116699219,39.03499221801758,-0.14968501031398773,0.28599050641059875,0.9296407699584961,0.17768481373786926
30,upperarm_r,-43.985145568847656,142.91668701171875,71.695556640625,0.10966747254133224,0.4406261742115021,-0.7823200821876526,0.42637649178504944
31,calf_l,-1.1985933780670166,0.10691235959529877,0.06976386159658432,0.0027363745030015707,0.11003374308347702,-0.04095200449228287,0.9930800795555115
31,calf_r,-1.1979883909225464,-0.10702808201313019,0.06978236883878708,-0.002740109572187066,0.11000223457813263,0.040948715060949326,0.9930837154388428
31,clavicle_l,-25.80337905883789,2.1567132472991943,0.9455301761627197,0.007077300921082497,0.09844938665628433,-0.0026992179919034243,0.9951132535934448
31,clavicle_r,-25.797927856445312,-2.1936683654785156,0.9450982213020325,-0.007147891912609339,0.09843605011701584,0.003379161935299635,0.9951120018959045
31,foot_l,1.4015408754348755,-0.09103615581989288,-0.023567819967865944,-0.0007457127794623375,2.9805856684106402e-05,-0.04583682864904404,0.9989487528800964
31,foot_r,1.4015990495681763,0.09096958488225937,-0.02351180836558342,0.0007434678263962269,2.8805436159018427e-05,0.04583842679858208,0.9989486336708069
31,hand_l,103.53506469726562,-24.31916618347168,211.912353515625,0.9007079601287842,-0.0852578803896904,-0.38482943177223206,0.18265487253665924
31,hand_r,100.98516082763672,65.21697235107422,217.9119415283203,-0.8860204815864563,-0.18880575895309448,0.405191034078598,0.1230458915233612
31,head,0.04018247127532959,0.7085391283035278,-2.0639538764953613,0.0024890080094337463,0.015636691823601723,-2.5029698008438572e-05,0.9998746514320374
31,lowerarm_l,67.90056610107422,-16.85746955871582,-4.0743088722229,-0.21602009236812592,-0.1904941350221634,0.9538650512695312,0.08478791266679764
31,lowerarm_r,94.79299926757812,48.27326583862305,15.24917221069336,0.3668607771396637,-0.194927379488945,-0.8761976957321167,0.24432373046875
31,neck,-19.366512298583984,1.3239922523498535,-0.28237104415893555,0.004278287291526794,0.07559734582901001,-0.001555715105496347,0.9971280694007874
31,pelvis,6.107861518859863,0.0011087991297245026,-1.694554090499878,2.925417675214703e-06,-0.02935217320919037,0.00011120539420517161,0.9995692372322083
31,root,0.0,0.0,0.0,-2.1139658201718703e-07,-5.7790373375610216e-08,1.0658141036401503e-14,1.0
31,spine_01,-1.4771498441696167,-0.0008940225816331804,-1.8562793731689453,-1.9409333162911935e-06,0.008237236179411411,0.00021488728816621006,0.9999661445617676
31,spine_02,-11.005340576171875,-0.007943348027765751,-1.3242602348327637,-1.655962478253059e-05,0.047704510390758514,0.0003414734674151987,0.9988614320755005
31,thigh_l,19.1063175201416,-1.3239691257476807,-0.09611006826162338,-0.004617930855602026,-0.10171975940465927,-0.02945857308804989,0.9943661093711853
31,thigh_r,19.10753631591797,1.3240396976470947,-0.09475331753492355,0.004616843536496162,-0.10175681114196777,0.029457449913024902,0.9943623542785645
31,upperarm_l,19.945985794067383,-125.19043731689453,38.974952697753906,-0.14978843927383423,0.28564757108688354,0.9298104047775269,0.1772613674402237
31,upperarm_r,-44.175167083740234,142.87794494628906,71.73787689208984,0.10946683585643768,0.4408430755138397,-0.7819076776504517,0.42696020007133484
32,calf_l,-1.2011945247650146,0.10718704760074615,0.07010859251022339,0.0027401833795011044,0.11015987396240234,-0.0409584604203701,0.9930658340454102
32,calf_r,-1.1987944841384888,-0.10730324685573578,0.07009001076221466,-0.002747577615082264,0.11003920435905457,0.04094932973384857,0.9930795431137085
32,clavicle_l,-25.814926147460938,2.1034440994262695,0.941065788269043,0.006977719720453024,0.09845440834760666,-0.0016987841809168458,0.9951157569885254
32,clavicle_r,-25.801437377929688,-2.246710777282715,0.9407703876495361,-0.007246773224323988,0.09842918813228607,0.004379352554678917,0.9951080083847046
32,foot_l,1.4015876054763794,-0.09109384566545486,-0.023756712675094604,-0.0007509756251238286,2.7061145374318585e-05,-0.04583680257201195,0.9989486932754517
32,foot_r,1.4016084671020508,0.09100691229104996,-0.023673871532082558,0.0007489898125641048,2.6799114493769594e-05,0.045838452875614166,0.9989486336708069
32,hand_l,103.5883560180664,-24.269685745239258,211.8751983642578,0.9009924530982971,-0.08359191566705704,-0.38489294052124023,0.1818857640028
32,hand_r,100.92500305175781,65.34461212158203,217.99168395996094,-0.8860456943511963,-0.18872122466564178,0.40518978238105774,0.12299859523773193
32,head,0.031884387135505676,0.713836669921875,-2.0683884620666504,0.0024883528240025043,0.01563774235546589,1.5338013326982036e-05,0.9998746514320374
32,lowerarm_l,67.96977233886719,-16.228931427001953,-4.0453314781188965,-0.21575190126895905,-0.19228501617908478,0.9536888003349304,0.08339841663837433
32,lowerarm_r,94.95722961425781,48.36973571777344,15.465669631958008,0.3680969774723053,-0.19552969932556152,-0.8752990365028381,0.24520276486873627
32,neck,-19.374052047729492,1.3276838064193726,-0.286865234375,0.004275086801499128,0.07559595257043839,-0.001515476847998798,0.9971282482147217
32,pelvis,6.0998454093933105,0.0044616349041461945,-1.698845624923706,1.2817319657187909e-05,-0.02935146912932396,0.00043896844726987183,0.9995690584182739
32,root,0.0,0.0,0.0,-2.1139658201718703e-07,-5.7790373375610216e-08,1.0658141036401503e-14,1.0
32,spine_01,-1.4850797653198242,-0.0036071192007511854,-1.8605709075927734,-7.289488166861702e-06,0.008237527683377266,0.0008470105822198093,0.9999657273292542
32,spine_02,-11.013099670410156,-0.03130492940545082,-1.3286352157592773,-6.470620428444818e-05,0.04770420119166374,0.00134505785536021,0.9988605976104736
32,thigh_l,19.128467559814453,-1.3254542350769043,-0.09579460322856903,-0.00462344428524375,-0.10185468196868896,-0.029450776055455208,0.9943525791168213
32,thigh_r,19.133647918701172,1.3253767490386963,-0.0903775691986084,0.00461896788328886,-0.10200349241495132,0.029443388804793358,0.9943374991416931
32,upperarm_l,20.29476547241211,-124.95509338378906,38.79762268066406,-0.15009060502052307,0.2846345007419586,0.9303087592124939,0.17601606249809265
32,upperarm_r,-44.73365783691406,142.76190185546875,71.86143493652344,0.10887505114078522,0.44147682189941406,-0.7806928157806396,0.42867618799209595
33,calf_l,-1.2058743238449097,0.11028148233890533,0.07241281867027283,0.0027656001038849354,0.11042413860559464,-0.04096999019384384,0.9930359125137329
33,calf_r,-1.2004032135009766,-0.11050200462341309,0.07234714180231094,-0.0027797173243016005,0.11015665531158447,0.04095306992530823,0.9930663108825684
33,clavicle_l,-25.834697723388672,2.023618221282959,0.9349386096000671,0.006839236244559288,0.09846661984920502,-6.831057544331998e-05,0.9951168894767761
33,clavicle_r,-25.80636978149414,-2.339860439300537,0.9345499873161316,-0.007430986501276493,0.09841620922088623,0.00600877171382308,0.9950994849205017
33,foot_l,1.4032829999923706,-0.08974888175725937,-0.023944754153490067,-0.0007841563783586025,7.304245082195848e-05,-0.045903243124485016,0.9989455938339233
33,foot_r,1.4033715724945068,0.08961889147758484,-0.02382751554250717,0.0007831637631170452,7.351137901423499e-05,0.04590699076652527,0.998945415019989
33,hand_l,103.6751708984375,-24.18580436706543,211.81478881835938,0.9014477133750916,-0.08087888360023499,-0.38499218225479126,0.18064245581626892
33,hand_r,100.82484436035156,65.55506134033203,218.12112426757812,-0.8860847353935242,-0.18859364092350006,0.4051899313926697,0.12291187793016434
33,head,0.0242721289396286,0.7223283052444458,-2.0743250846862793,0.0024868741165846586,0.0156228793784976,8.06835523690097e-05,0.9998748898506165
33,lowerarm_l,68.07645416259766,-15.206398010253906,-3.9952869415283203,-0.21530848741531372,-0.19519232213497162,0.9533931612968445,0.08114012330770493
33,lowerarm_r,95.224365234375,48.532169342041016,15.821359634399414,0.3701203167438507,-0.1964958757162094,-0.8738254904747009,0.24663610756397247
33,neck,-19.390674591064453,1.333842158317566,-0.2923250198364258,0.004270340781658888,0.07560870796442032,-0.0014499289682134986,0.9971274137496948
33,pelvis,6.089300155639648,0.009785094298422337,-1.7068803310394287,2.8150770958745852e-05,-0.029362352564930916,0.0009738439111970365,0.9995684623718262
33,root,0.0,0.0,0.0,-2.1139658201718703e-07,-5.7790373375610216e-08,1.0658141036401503e-14,1.0
33,spine_01,-1.4970905780792236,-0.007961073890328407,-1.8679916858673096,-1.5700967196607962e-05,0.008233776316046715,0.001877767383120954,0.9999643564224243
33,spine_02,-11.026579856872559,-0.06921961158514023,-1.3350605964660645,-0.00014247905346564949,0.047707073390483856,0.002981378696858883,0.9988569617271423
33,thigh_l,19.175703048706055,-1.3259540796279907,-0.09353440254926682,-0.00461680768057704,-0.10213814675807953,-0.02943591959774494,0.9943239092826843
33,thigh_r,19.187307357788086,1.3257097005844116,-0.08146760612726212,0.004607136826962233,-0.1024688258767128,0.029420025646686554,0.9942904114723206
33,upperarm_l,20.862104415893555,-124.56668853759766,38.50726318359375,-0.15058168768882751,0.2829720377922058,0.9311180114746094,0.1739862710237503
33,upperarm_r,-45.64246368408203,142.56581115722656,72.05890655517578,0.10791023075580597,0.4424941837787628,-0.7787061929702759,0.4314754009246826
34,calf_l,-1.2116994857788086,0.11058972775936127,0.07321911305189133,0.0027716015465557575,0.11070715636014938,-0.04098501056432724,0.9930038452148438
34,calf_r,-1.2020474672317505,-0.11090042442083359,0.07295110076665878,-0.0027947411872446537,0.11023727804422379,0.040955718606710434,0.9930571913719177
34,clavicle_l,-25.860925674438477,1.9052014350891113,0.9251981973648071,0.006618455983698368,0.09848158806562424,0.0021616690792143345,0.9951146245002747
34,clavicle_r,-25.81309700012207,-2.4578542709350586,0.9247907400131226,-0.007650727406144142,0.09839934855699539,0.008238829672336578,0.9950835108757019
34,foot_l,1.403266191482544,-0.08966206014156342,-0.023738820105791092,-0.0007772310054861009,7.325130718527362e-05,-0.04590277001261711,0.9989455938339233
34,foot_r,1.4034336805343628,0.0895174890756607,-0.02366754412651062,0.0007773003890179098,7.390667451545596e-05,0.045909058302640915,0.9989453554153442
34,hand_l,103.7936782836914,-24.06245231628418,211.73336791992188,0.9020534157752991,-0.07716800272464752,-0.38511642813682556,0.1789693981409073
34,hand_r,101.84300994873047,66.94513702392578,216.7900390625,-0.8915097713470459,-0.16939257085323334,0.40450549125671387,0.11354213953018188
34,head,0.006394833326339722,0.7341151237487793,-2.0841240882873535,0.002485424280166626,0.015623643063008785,0.0001697398693067953,0.9998749494552612
34,lowerarm_l,68.2091064453125,-13.81209945678711,-3.921034097671509,-0.21468499302864075,-0.19914373755455017,0.9529734253883362,0.0780627429485321
34,lowerarm_r,95.20639038085938,49.36100387573242,16.0673770904541,0.37208083271980286,-0.19512765109539032,-0.8724378347396851,0.24966654181480408
34,neck,-19.40843391418457,1.3423490524291992,-0.30210018157958984,0.004264126531779766,0.07560893893241882,-0.0013607414439320564,0.9971275925636292
34,pelvis,6.07166862487793,0.017195845022797585,-1.7166197299957275,4.984069164493121e-05,-0.029361601918935776,0.0017051906324923038,0.9995673894882202
34,root,0.0,0.0,0.0,-2.1139658201718703e-07,-5.7790373375610216e-08,1.0658141036401503e-14,1.0
34,spine_01,-1.5145710706710815,-0.013987980782985687,-1.8777430057525635,-2.7517762646311894e-05,0.00823395699262619,0.0032879032660275698,0.999960720539093
34,spine_02,-11.043584823608398,-0.12123128771781921,-1.3448119163513184,-0.0002494353975635022,0.04770651459693909,0.0052197338081896305,0.9988478422164917
34,thigh_l,19.225189208984375,-1.3295503854751587,-0.09281511604785919,-0.004631237592548132,-0.10243872553110123,-0.02941814810037613,0.9942934513092041
34,thigh_r,19.245323181152344,1.3289858102798462,-0.07168939709663391,0.004614034667611122,-0.1030169352889061,0.029389487579464912,0.9942346215248108
34,upperarm_l,21.635337829589844,-124.02601623535156,38.1085205078125,-0.15124772489070892,0.2806784212589264,0.9322186708450317,0.1712079644203186
34,upperarm_r,-46.642269134521484,142.25949096679688,72.11937713623047,0.10704533010721207,0.44306671619415283,-0.7764774560928345,0.43510451912879944
35,calf_l,-1.21912682056427,0.11130364239215851,0.07440205663442612,0.0027811971958726645,0.11107033491134644,-0.041003596037626266,0.9929624199867249
35,calf_r,-1.2041962146759033,-0.1117539331316948,0.07394221425056458,-0.0028156274929642677,0.1103459820151329,0.04095883667469025,0.993044912815094
35,clavicle_l,-25.893718719482422,1.7575678825378418,0.9131454825401306,0.006344879977405071,0.09850188344717026,0.004961472935974598,0.9951043725013733
35,clavicle_r,-25.82082176208496,-2.6073710918426514,0.9127063751220703,-0.007931527681648731,0.09837784618139267,0.011038768105208874,0.9950563907623291
35,foot_l,1.403353214263916,-0.08966653048992157,-0.023923911154270172,-0.0007857945165596902,7.718190317973495e-05,-0.04590676724910736,0.998945415019989
35,foot_r,1.403591275215149,0.08944880962371826,-0.023900728672742844,0.0007871639099903405,7.882181671448052e-05,0.045915521681308746,0.9989450573921204
35,hand_l,103.9422836303711,-23.893327713012695,211.63278198242188,0.9027851819992065,-0.07251177728176117,-0.3852554261684418,0.17691603302955627
35,hand_r,101.66417694091797,67.32438659667969,217.0014190673828,-0.8915772438049316,-0.16916517913341522,0.40452006459236145,0.11329934746026993
35,head,-0.015079602599143982,0.7489468455314636,-2.096223831176758,0.002483615418896079,0.015621732920408249,0.00028252770425751805,0.9998748898506165
35,lowerarm_l,68.35533142089844,-12.067764282226562,-3.8182623386383057,-0.21387910842895508,-0.2040684074163437,0.9524198174476624,0.0742180347442627
35,lowerarm_r,95.6562728881836,49.666622161865234,16.687652587890625,0.375580757856369,-0.19669796526432037,-0.8698740601539612,0.2521272599697113
35,neck,-19.431320190429688,1.3528549671173096,-0.31412839889526367,0.0042556943371891975,0.07561112940311432,-0.0012485978659242392,0.9971275329589844
35,pelvis,6.049792289733887,0.02644931897521019,-1.7290055751800537,7.674691005377099e-05,-0.029361777007579803,0.0026242854073643684,0.9995654225349426
35,root,0.0,0.0,0.0,-2.1139658201718703e-07,-5.7790373375610216e-08,1.0658141036401503e-14,1.0
35,spine_01,-1.5363444089889526,-0.021588260307908058,-1.8900394439697266,-4.251736754667945e-05,0.008233598433434963,0.00505897868424654,0.9999533295631409
35,spine_02,-11.064764976501465,-0.18649913370609283,-1.3569831848144531,-0.0003836320247501135,0.04770619422197342,0.008030750788748264,0.9988290667533875
35,thigh_l,19.288660049438477,-1.3338297605514526,-0.09176379442214966,-0.0046476866118609905,-0.10282353311777115,-0.02939560078084469,0.9942543506622314
35,thigh_r,19.319557189941406,1.3327869176864624,-0.05907707288861275,0.004620663821697235,-0.10371312499046326,0.029350513592362404,0.9941633939743042
35,upperarm_l,22.60146141052246,-123.33198547363281,37.60524368286133,-0.15207675099372864,0.27776703238487244,0.9335889220237732,0.1677194982767105
35,upperarm_r,-48.192840576171875,141.88870239257812,72.44090270996094,0.10538733005523682,0.4447411894798279,-0.7730326056480408,0.43990862369537354
36,calf_l,-1.2272623777389526,0.10723082721233368,0.0729903131723404,0.0027565236669033766,0.11141134798526764,-0.04102432727813721,0.9929234385490417
36,calf_r,-1.2060405015945435,-0.10779237002134323,0.07228483259677887,-0.0028042213525623083,0.11038137972354889,0.04096149653196335,0.993040919303894
36,clavicle_l,-25.930065155029297,1.570190668106079,0.896873414516449,0.005980551242828369,0.09851954132318497,0.00830206647515297,0.9950826168060303
36,clavicle_r,-25.828737258911133,-2.7740039825439453,0.896467924118042,-0.00822666846215725,0.09834974259138107,0.014379163272678852,0.9950141310691833
36,foot_l,1.400499939918518,-0.09190297871828079,-0.023511499166488647,-0.0007322372402995825,1.0839098649739753e-05,-0.045797914266586304,0.9989504814147949
36,foot_r,1.400820016860962,0.0916738510131836,-0.02351490594446659,0.0007351342355832458,1.249388515134342e-05,0.04580950364470482,0.9989499449729919
36,hand_l,104.12008666992188,-23.66890525817871,211.51589965820312,0.9036155939102173,-0.06695600599050522,-0.3853967487812042,0.17454269528388977
36,hand_r,101.44445037841797,67.7923583984375,217.2452392578125,-0.8916630148887634,-0.16888821125030518,0.4045494496822357,0.11293195188045502
36,head,-0.048904865980148315,0.7668973207473755,-2.1125316619873047,0.0024822999257594347,0.015642495825886726,0.00041731970850378275,0.9998745918273926
36,lowerarm_l,68.50032043457031,-9.996832847595215,-3.6820836067199707,-0.21288342773914337,-0.20988932251930237,0.9517219066619873,0.06965996325016022
36,lowerarm_r,96.18761444091797,50.058048248291016,17.441242218017578,0.37979069352149963,-0.19848588109016418,-0.866778552532196,0.25506356358528137
36,neck,-19.453235626220703,1.3651604652404785,-0.33109188079833984,0.004245023243129253,0.07559499144554138,-0.0011143756564706564,0.997128963470459
36,pelvis,6.020030975341797,0.03762872517108917,-1.742386817932129,0.00010970708535751328,-0.029344087466597557,0.0037213419564068317,0.9995625615119934
36,root,0.0,0.0,0.0,-2.1139658201718703e-07,-5.7790373375610216e-08,1.0658141036401503e-14,1.0
36,spine_01,-1.5634304285049438,-0.030628088861703873,-1.9043505191802979,-6.01929277763702e-05,0.00823901779949665,0.00717196986079216,0.9999403357505798
36,spine_02,-11.088071823120117,-0.264346718788147,-1.3727426528930664,-0.000543693546205759,0.047700200229883194,0.011383344419300556,0.9987967014312744
36,thigh_l,19.346717834472656,-1.3425318002700806,-0.09332960844039917,-0.004696482792496681,-0.10318049043416977,-0.02937060222029686,0.9942178726196289
36,thigh_r,19.38998794555664,1.3410276174545288,-0.04685353487730026,0.004658430814743042,-0.10443901270627975,0.02930617332458496,0.9940885305404663
36,upperarm_l,23.746097564697266,-122.48272705078125,37.00205993652344,-0.15305230021476746,0.27425146102905273,0.9352058172225952,0.16355782747268677
36,upperarm_r,-50.03391647338867,141.4139862060547,72.8067398071289,0.10340923815965652,0.446665495634079,-0.7688916921615601,0.4456478953361511
37,calf_l,-1.2378566265106201,0.11155477166175842,0.07657918334007263,0.002793276682496071,0.11197225004434586,-0.0410514697432518,0.9928591251373291
37,calf_r,-1.2092845439910889,-0.11235012114048004,0.07557018846273422,-0.0028568452689796686,0.11058837175369263,0.04096686840057373,0.9930175542831421
37,clavicle_l,-25.97173500061035,1.3738160133361816,0.8811299800872803,0.005627346225082874,0.09854291379451752,0.012152129784226418,0.9950426816940308
37,clavicle_r,-25.836219787597656,-2.986234188079834,0.8807125687599182,-0.008636349812150002,0.09831704944372177,0.018228542059659958,0.9949507117271423
37,foot_l,1.4027420282363892,-0.09013628959655762,-0.023773031309247017,-0.0007755022379569709,6.743366975570098e-05,-0.04588499665260315,0.9989464282989502
37,foot_r,1.403196096420288,0.08975674957036972,-0.023795705288648605,0.0007795853889547288,7.016251038294286e-05,0.04589986801147461,0.9989457726478577
37,hand_l,104.3233642578125,-23.380571365356445,211.3870391845703,0.9045162796974182,-0.06056588143110275,-0.3855239450931549,0.17191082239151
37,hand_r,101.18028259277344,68.35397338867188,217.5159149169922,-0.891767680644989,-0.16857443749904633,0.4045976400375366,0.11240017414093018
37,head,-0.07357783615589142,0.7871267199516296,-2.1282434463500977,0.0024792966432869434,0.015625566244125366,0.0005713353166356683,0.9998747110366821
37,lowerarm_l,68.6289291381836,-7.621791839599609,-3.507075548171997,-0.21169361472129822,-0.21653443574905396,0.9508657455444336,0.06444543600082397
37,lowerarm_r,96.79470825195312,50.54364013671875,18.329336166381836,0.3846980631351471,-0.2004418522119522,-0.8631542921066284,0.25844770669937134
37,neck,-19.488191604614258,1.3798290491104126,-0.34624338150024414,0.004234052263200283,0.07560942322015762,-0.0009609603439457715,0.9971280694007874
37,pelvis,5.992679119110107,0.05028735473752022,-1.7604529857635498,0.00014625804033130407,-0.029356973245739937,0.004986870102584362,0.9995566606521606
37,root,0.0,0.0,0.0,-2.1139658201718703e-07,-5.7790373375610216e-08,1.0658141036401503e-14,1.0
37,spine_01,-1.5923118591308594,-0.04108767583966255,-1.9216299057006836,-8.094390796031803e-05,0.008234433829784393,0.009607944637537003,0.9999199509620667
37,spine_02,-11.116629600524902,-0.35410764813423157,-1.3888120651245117,-0.0007283854647539556,0.04770123213529587,0.015247651375830173,0.9987450838088989
37,thigh_l,19.445606231689453,-1.3459007740020752,-0.08996359258890152,-0.0046999393962323666,-0.10377535969018936,-0.029338451102375984,0.9941568374633789
37,thigh_r,19.503145217895508,1.3436967134475708,-0.027325261384248734,0.004648315254598856,-0.10545983165502548,0.029251744970679283,0.9939823746681213
37,upperarm_l,25.053945541381836,-121.47518157958984,36.302974700927734,-0.15416058897972107,0.2701426148414612,0.9370437860488892,0.15876533091068268
37,upperarm_r,-52.14336395263672,140.82298278808594,73.2025375366211,0.10113348811864853,0.44878077507019043,-0.7640754580497742,0.45227956771850586
38,calf_l,-1.2491458654403687,0.11207547783851624,0.07812634855508804,0.002802506322041154,0.11252182722091675,-0.04107994958758354,0.9927957653999329
38,calf_r,-1.2123080492019653,-0.11307413130998611,0.07672493904829025,-0.0028835423290729523,0.11073806881904602,0.040971916168928146,0.9930005669593811
38,clavicle_l,-26.016277313232422,1.1432911157608032,0.8619411587715149,0.005197640974074602,0.09856629371643066,0.01648237742483616,0.9949804544448853
38,clavicle_r,-25.8429012298584,-3.214968681335449,0.8615354299545288,-0.009063346311450005,0.09827861934900284,0.02255873940885067,0.9948619604110718
38,foot_l,1.4026384353637695,-0.09021653980016708,-0.02368844300508499,-0.0007734858663752675,6.709057197440416e-05,-0.0458802804350853,0.9989466667175293
38,foot_r,1.403228998184204,0.0897739976644516,-0.023833606392145157,0.0007804376073181629,7.151993486331776e-05,0.04590068757534027,0.9989457130432129
38,hand_l,104.55084228515625,-23.019420623779297,211.24891662597656,0.9054598212242126,-0.0533820241689682,-0.38562384247779846,0.16907735168933868
38,hand_r,100.87142181396484,69.01251983642578,217.80636596679688,-0.8918951153755188,-0.1682130992412567,0.404670387506485,0.1116662248969078
38,head,-0.10862313210964203,0.8099784851074219,-2.1474361419677734,0.002476346679031849,0.015626858919858932,0.0007457435713149607,0.9998745918273926
38,lowerarm_l,68.72483825683594,-4.9688005447387695,-3.287736415863037,-0.2103009819984436,-0.22391940653324127,0.9498400688171387,0.05862930417060852
38,lowerarm_r,97.4676284790039,51.135135650634766,19.35171127319336,0.39027878642082214,-0.20249900221824646,-0.8590112924575806,0.2622523009777069
38,neck,-19.522781372070312,1.3960193395614624,-0.36548376083374023,0.004220988601446152,0.075608991086483,-0.0007869199616834521,0.9971283078193665
38,pelvis,5.9586501121521,0.06466660648584366,-1.7795741558074951,0.0001882176147773862,-0.02935539372265339,0.006411285139620304,0.9995484948158264
38,root,0.0,0.0,0.0,-2.1139658201718703e-07,-5.7790373375610216e-08,1.0658141036401503e-14,1.0
38,spine_01,-1.6256756782531738,-0.052776362746953964,-1.9407689571380615,-0.00010377664148109034,0.008234171196818352,0.01234872080385685,0.9998898506164551
38,spine_02,-11.146699905395508,-0.4550161361694336,-1.4080047607421875,-0.0009359181276522577,0.04769744724035263,0.01959427446126938,0.9986692070960999
38,thigh_l,19.541223526000977,-1.352868914604187,-0.08866123110055923,-0.004729840904474258,-0.10435411334037781,-0.029303407296538353,0.9940971732139587
38,thigh_r,19.61444664001465,1.3499153852462769,-0.007676100358366966,0.004663185682147741,-0.10651575028896332,0.02919270657002926,0.9938714504241943
38,upperarm_l,26.509077072143555,-120.30671691894531,35.51365661621094,-0.1553821712732315,0.26545509696006775,0.9390769600868225,0.15337695181369781
38,upperarm_r,-54.49871826171875,140.10357666015625,73.6164779663086,0.09857822209596634,0.4510340392589569,-0.758602499961853,0.45975327491760254
39,calf_l,-1.2617110013961792,0.11314328014850616,0.08014452457427979,0.002815638203173876,0.11313913017511368,-0.04111209139227867,0.9927242398262024
39,calf_r,-1.2157344818115234,-0.11434242129325867,0.07837296277284622,-0.0029156901873648167,0.11091110110282898,0.040977172553539276,0.9929808974266052
39,clavicle_l,-26.062435150146484,0.8898422122001648,0.8406793475151062,0.004726957064121962,0.0985880047082901,0.021262772381305695,0.9948899149894714
39,clavicle_r,-25.84796905517578,-3.4686279296875,0.8404884338378906,-0.00953956600278616,0.09823469072580338,0.027338096871972084,0.9947419762611389
39,foot_l,1.4028427600860596,-0.08992673456668854,-0.023425038903951645,-0.0007703938754275441,7.667469617445022e-05,-0.04588963836431503,0.9989463090896606
39,foot_r,1.403538703918457,0.0893954187631607,-0.02357127144932747,0.0007794516859576106,8.211098611354828e-05,0.04591423273086548,0.9989451169967651
39,hand_l,104.80128479003906,-22.57305335998535,211.1053924560547,0.9064146280288696,-0.04545050486922264,-0.3856843113899231,0.16611582040786743
39,hand_r,100.51417541503906,69.77468872070312,218.10948181152344,-0.8920502662658691,-0.16780491173267365,0.40476953983306885,0.11067741364240646
39,head,-0.146561861038208,0.8352625370025635,-2.1685123443603516,0.0024732768069952726,0.0156259685754776,0.0009380271076224744,0.9998744130134583
39,lowerarm_l,68.77201843261719,-2.063098430633545,-3.018834352493286,-0.20869889855384827,-0.23196686804294586,0.9486326575279236,0.05227064713835716
39,lowerarm_r,98.19802856445312,51.84210968017578,20.509275436401367,0.39651554822921753,-0.2046011984348297,-0.8543537259101868,0.26644614338874817
39,neck,-19.561981201171875,1.4139262437820435,-0.3864765167236328,0.004206636920571327,0.0756116434931755,-0.000595379970036447,0.9971283078193665
39,pelvis,5.921525478363037,0.08053230494260788,-1.8009185791015625,0.00023443925601895899,-0.029355455189943314,0.007985026575624943,0.9995371103286743
39,root,0.0,0.0,0.0,-2.1139658201718703e-07,-5.7790373375610216e-08,1.0658141036401503e-14,1.0
39,spine_01,-1.6623252630233765,-0.06570302695035934,-1.9620299339294434,-0.00012909351789858192,0.008233776316046715,0.015374560840427876,0.9998480081558228
39,spine_02,-11.179010391235352,-0.5664198994636536,-1.429128646850586,-0.0011651682434603572,0.0476931631565094,0.02439185231924057,0.9985635280609131
39,thigh_l,19.648530960083008,-1.3602169752120972,-0.08695297688245773,-0.004760671406984329,-0.10500248521566391,-0.029264964163303375,0.9940298795700073
39,thigh_r,19.738630294799805,1.3564544916152954,0.014532031491398811,0.004677785560488701,-0.1076890230178833,0.02912699617445469,0.9937468767166138
39,upperarm_l,28.094083786010742,-118.97477722167969,34.63994598388672,-0.1566987931728363,0.26020509004592896,0.9412765502929688,0.14743554592132568
39,upperarm_r,-57.07524490356445,139.242919921875,74.03329467773438,0.09576614946126938,0.4533635377883911,-0.7524934411048889,0.46802133321762085
40,calf_l,-1.2752995491027832,0.11356621980667114,0.0817725881934166,0.0028234885539859533,0.11379364132881165,-0.04114698991179466,0.9926479458808899
40,calf_r,-1.219207525253296,-0.1150071769952774,0.07952619343996048,-0.0029443881940096617,0.11107788234949112,0.04098246991634369,0.9929620623588562
40,clavicle_l,-26.110366821289062,0.6127910017967224,0.817446231842041,0.00421055406332016,0.09861104935407639,0.026461852714419365,0.9947653412818909
40,clavicle_r,-25.850412368774414,-3.7423689365386963,0.8172253966331482,-0.010051080957055092,0.09818323701620102,0.03253638371825218,0.9945855736732483
40,foot_l,1.4025145769119263,-0.09025868773460388,-0.02361632138490677,-0.0007727196789346635,7.134935003705323e-05,-0.045878779143095016,0.9989467263221741
40,foot_r,1.4033715724945068,0.08960780501365662,-0.02380044385790825,0.0007846958469599485,7.812071271473542e-05,0.045907795429229736,0.9989454746246338
40,hand_l,105.07028198242188,-22.033676147460938,210.9617919921875,0.9073543548583984,-0.03682981804013252,-0.3856874704360962,0.16308537125587463
40,hand_r,100.10533142089844,70.64553833007812,218.41867065429688,-0.8922375440597534,-0.1673498898744583,0.40489569306373596,0.10938750207424164
40,head,-0.18874108791351318,0.8627937436103821,-2.191758155822754,0.0024700756184756756,0.015626871958374977,0.0011464866111055017,0.9998742341995239
40,lowerarm_l,68.75555419921875,1.0686033964157104,-2.6952385902404785,-0.20688340067863464,-0.2405959516763687,0.9472324848175049,0.04542597755789757
40,lowerarm_r,98.97625732421875,52.67516326904297,21.802669525146484,0.40338853001594543,-0.2066870480775833,-0.8491873741149902,0.27099642157554626
40,neck,-19.60403060913086,1.4336103200912476,-0.4097580909729004,0.0041917460039258,0.07561172544956207,-0.00038710044464096427,0.9971284866333008
40,pelvis,5.880585193634033,0.09779331833124161,-1.8240272998809814,0.0002847297873813659,-0.029352476820349693,0.009698230773210526,0.9995220303535461
40,root,0.0,0.0,0.0,-2.1139658201718703e-07,-5.7790373375610216e-08,1.0658141036401503e-14,1.0
40,spine_01,-1.702114224433899,-0.07976959645748138,-1.98516845703125,-0.00015667460684198886,0.008233791217207909,0.01866632141172886,0.9997918605804443
40,spine_02,-11.212569236755371,-0.6875477433204651,-1.452314853668213,-0.0014145710738375783,0.04768618568778038,0.029610296711325645,0.9984224438667297
40,thigh_l,19.761688232421875,-1.3686965703964233,-0.08570747077465057,-0.004799306858330965,-0.1056862324476242,-0.029223941266536713,0.9939585328102112
40,thigh_r,19.869611740112305,1.3639222383499146,0.03831551969051361,0.004698215983808041,-0.10894129425287247,0.029055826365947723,0.9936123490333557
40,upperarm_l,29.790943145751953,-117.47796630859375,33.68894958496094,-0.15809065103530884,0.2544127106666565,0.9436131715774536,0.14098115265369415
40,upperarm_r,-59.847415924072266,138.22955322265625,74.43943786621094,0.09272225946187973,0.45571205019950867,-0.7457668781280518,0.4770333766937256
41,calf_l,-1.2899469137191772,0.11438184976577759,0.08378522098064423,0.0028337081894278526,0.11450667679309845,-0.04118369519710541,0.9925644397735596
41,calf_r,-1.2229498624801636,-0.11607108265161514,0.08103425800800323,-0.002976896706968546,0.11126279085874557,0.040989089757204056,0.9929409027099609
41,clavicle_l,-26.159629821777344,0.31648096442222595,0.7928518652915955,0.0036609426606446505,0.09863638877868652,0.03205098956823349,0.9946005344390869
41,clavicle_r,-25.849605560302734,-4.037834167480469,0.7924291491508484,-0.01060616783797741,0.09812487661838531,0.03812476992607117,0.9943870306015015
41,foot_l,1.4024919271469116,-0.09024567157030106,-0.023586826398968697,-0.000772344705183059,7.376586290774867e-05,-0.045878056436777115,0.9989467859268188
41,foot_r,1.4035152196884155,0.08950208127498627,-0.023798860609531403,0.0007872526766732335,8.233474363805726e-05,0.04591422528028488,0.9989451169967651
41,hand_l,105.35668182373047,-21.38959312438965,210.8219451904297,0.9082498550415039,-0.027556153014302254,-0.38562268018722534,0.1600564420223236
41,hand_r,99.6414566040039,71.63125610351562,218.72622680664062,-0.8924635052680969,-0.1668422967195511,0.40504834055900574,0.10774242132902145
41,head,-0.23336932063102722,0.8923325538635254,-2.2165536880493164,0.0024665561504662037,0.015625296160578728,0.0013718621339648962,0.9998739361763
41,lowerarm_l,68.66107177734375,4.399017810821533,-2.312579393386841,-0.20485001802444458,-0.2497279942035675,0.9456304311752319,0.03815232589840889
41,lowerarm_r,99.7916030883789,53.6440315246582,23.23212242126465,0.4108760952949524,-0.20869728922843933,-0.843517541885376,0.2758704721927643
41,neck,-19.650407791137695,1.4545602798461914,-0.43442249298095703,0.004175191279500723,0.07561516016721725,-0.00016241824778262526,0.9971283674240112
41,pelvis,5.836950778961182,0.11641371250152588,-1.8491148948669434,0.0003391223435755819,-0.02935071662068367,0.01154183130711317,0.9995024800300598
41,root,0.0,0.0,0.0,-2.1139658201718703e-07,-5.7790373375610216e-08,1.0658141036401503e-14,1.0
41,spine_01,-1.7445961236953735,-0.09485869854688644,-2.0101428031921387,-0.00018612187705002725,0.008233362808823586,0.022207295522093773,0.999719500541687
41,spine_02,-11.247326850891113,-0.8176453113555908,-1.477193832397461,-0.001682410715147853,0.047678034752607346,0.035220175981521606,0.9982402324676514
41,thigh_l,19.885005950927734,-1.3775287866592407,-0.0841018483042717,-0.0048394459299743176,-0.10643034428358078,-0.029178328812122345,0.9938801527023315
41,thigh_r,20.01142120361328,1.3717079162597656,0.06449853628873825,0.004718974698334932,-0.11029321700334549,0.0289805568754673,0.9934653043746948
41,upperarm_l,31.580984115600586,-115.81587982177734,32.668434143066406,-0.15953777730464935,0.24810174107551575,0.9460562467575073,0.13405533134937286
41,upperarm_r,-62.78876495361328,137.0521697998047,74.82005310058594,0.0894707664847374,0.4580206871032715,-0.7384423017501831,0.4867391884326935
42,calf_l,-1.305266261100769,0.11411307752132416,0.0853021889925003,0.0028351936489343643,0.11524131149053574,-0.04122401028871536,0.9924777150154114
42,calf_r,-1.226586103439331,-0.11600974202156067,0.08191785216331482,-0.0030017243698239326,0.11143071949481964,0.04099469631910324,0.992921769618988
42,clavicle_l,-26.20685386657715,-0.002893225522711873,0.7657033801078796,0.0030621704645454884,0.09865546971559525,0.03799846023321152,0.9943912029266357
42,clavicle_r,-25.845468521118164,-4.348088264465332,0.7653419971466064,-0.01118413731455803,0.09806028753519058,0.04407098889350891,0.9941412806510925
42,foot_l,1.4017605781555176,-0.09082353115081787,-0.023437006399035454,-0.000760131049901247,6.081797255319543e-05,-0.045851074159145355,0.9989479780197144
42,foot_r,1.4029368162155151,0.08997458219528198,-0.02374430000782013,0.0007778087165206671,7.028927939245477e-05,0.0458918996155262,0.9989461302757263
42,hand_l,105.65692138671875,-20.629852294921875,210.69190979003906,0.9090737104415894,-0.017680257558822632,-0.38547560572624207,0.15710242092609406
42,hand_r,99.1187744140625,72.73751831054688,219.0247802734375,-0.8927354216575623,-0.16627544164657593,0.4052233397960663,0.10568857192993164
42,head,-0.28399378061294556,0.9238602519035339,-2.2437334060668945,0.00246301107108593,0.015631617978215218,0.0016105244867503643,0.9998735189437866
42,lowerarm_l,68.4758071899414,7.900336265563965,-1.8674081563949585,-0.20259693264961243,-0.25928542017936707,0.9438192844390869,0.03050828166306019
42,lowerarm_r,100.63200378417969,54.757286071777344,24.79668617248535,0.41895103454589844,-0.2105734497308731,-0.8373536467552185,0.2810298204421997
42,neck,-19.697853088378906,1.4766563177108765,-0.46182870864868164,0.004156836774200201,0.07561129331588745,7.564276165794581e-05,0.9971287250518799
42,pelvis,5.789773464202881,0.13624362647533417,-1.8754899501800537,0.000397105555748567,-0.02934480458498001,0.013505167327821255,0.9994780421257019
42,root,0.0,0.0,0.0,-2.1139658201718703e-07,-5.7790373375610216e-08,1.0658141036401503e-14,1.0
42,spine_01,-1.7897744178771973,-0.11103202402591705,-2.0367443561553955,-0.00021799553360324353,0.008233889006078243,0.025975745171308517,0.9996287226676941
42,spine_02,-11.28211784362793,-0.9559814929962158,-1.504206657409668,-0.001967491116374731,0.04766596853733063,0.04118932783603668,0.9980117678642273
42,thigh_l,20.011470794677734,-1.3877934217453003,-0.08305744081735611,-0.004890277050435543,-0.10719359666109085,-0.02913113497197628,0.9937992691993713
42,thigh_r,20.156991958618164,1.380702018737793,0.09201699495315552,0.0047485423274338245,-0.1117008700966835,0.028900187462568283,0.9933102130889893
42,upperarm_l,33.44431686401367,-113.9900894165039,31.587310791015625,-0.16101786494255066,0.24130241572856903,0.9485743045806885,0.12670202553272247
42,upperarm_r,-65.87080383300781,135.7022705078125,75.16151428222656,0.08604097366333008,0.4602341055870056,-0.7305410504341125,0.49708279967308044
43,calf_l,-1.3216215372085571,0.11531035602092743,0.08780346065759659,0.0028463236521929502,0.11604394763708115,-0.04126625135540962,0.9923824071884155
43,calf_r,-1.2305001020431519,-0.11750982701778412,0.08373221009969711,-0.0030379837844520807,0.1116311103105545,0.04100099951028824,0.9928988814353943
43,clavicle_l,-26.252952575683594,-0.3361576795578003,0.7375725507736206,0.0024432067293673754,0.09867314994335175,0.04427468404173851,0.9941315054893494
43,clavicle_r,-25.83521842956543,-4.678287029266357,0.7369284629821777,-0.011805642396211624,0.09798314422369003,0.05034513771533966,0.9938437342643738
43,foot_l,1.4019349813461304,-0.09066646546125412,-0.02336387149989605,-0.0007639129762537777,7.108825957402587e-05,-0.04585891589522362,0.9989476203918457
43,foot_r,1.403281807899475,0.08967490494251251,-0.023759597912430763,0.0007847849628888071,8.255101420218125e-05,0.04590650647878647,0.9989454746246338
43,hand_l,105.96659088134766,-19.74547576904297,210.57772827148438,0.9098008275032043,-0.007254412863403559,-0.38523250818252563,0.15429137647151947
43,hand_r,98.53326416015625,73.96841430664062,219.3077392578125,-0.8930602073669434,-0.16564473509788513,0.405412882566452,0.10317784547805786
43,head,-0.33516550064086914,0.9569810032844543,-2.2719264030456543,0.002459015930071473,0.015631087124347687,0.0018631413113325834,0.999873161315918
43,lowerarm_l,68.1893539428711,11.545390129089355,-1.3567254543304443,-0.20012608170509338,-0.2691963315010071,0.9417932629585266,0.022547930479049683
43,lowerarm_r,101.4862289428711,56.02158737182617,26.496103286743164,0.427588552236557,-0.21226437389850616,-0.8307028412818909,0.28643444180488586
43,neck,-19.749849319458008,1.5000866651535034,-0.48998594284057617,0.004138046409934759,0.0756128802895546,0.00032758869929239154,0.9971287250518799
43,pelvis,5.741333484649658,0.15708312392234802,-1.9038915634155273,0.00045764524838887155,-0.0293445847928524,0.01558039803057909,0.9994478225708008
43,root,0.0,0.0,0.0,-2.1139658201718703e-07,-5.7790373375610216e-08,1.0658141036401503e-14,1.0
43,spine_01,-1.8367975950241089,-0.12806172668933868,-2.065068483352661,-0.00025152214220725,0.008232506923377514,0.02995460107922554,0.9995173215866089
43,spine_02,-11.317265510559082,-1.1019219160079956,-1.5323877334594727,-0.002268505282700062,0.047652676701545715,0.047488704323768616,0.9977319836616516
43,thigh_l,20.14989471435547,-1.397477149963379,-0.08113914728164673,-0.004936054348945618,-0.10802649706602097,-0.029080498963594437,0.9937103390693665
43,thigh_r,20.315027236938477,1.3889814615249634,0.12235546112060547,0.004771753214299679,-0.11321184039115906,0.028815416619181633,0.9931414723396301
43,upperarm_l,35.361080169677734,-112.00455474853516,30.455524444580078,-0.1625104397535324,0.23405130207538605,0.9511349201202393,0.11896540224552155
43,upperarm_r,-69.06409454345703,134.17294311523438,75.44982147216797,0.08246370404958725,0.46229758858680725,-0.72208571434021,0.5080088973045349
44,calf_l,-1.338839054107666,0.11647320538759232,0.09025605022907257,0.0028559511993080378,0.11688435822725296,-0.04131126403808594,0.9922818541526794
44,calf_r,-1.2345716953277588,-0.11890989542007446,0.08544835448265076,-0.0030732976738363504,0.11183574050664902,0.041007474064826965,0.9928754568099976
44,clavicle_l,-26.297039031982422,-0.6843807101249695,0.708187460899353,0.0017976994859054685,0.09868893772363663,0.050848450511693954,0.9938167333602905
44,clavicle_r,-25.82217788696289,-5.025228977203369,0.7076951861381531,-0.012461816892027855,0.09790647774934769,0.0569179393351078,0.993488609790802
44,foot_l,1.4021066427230835,-0.09049642831087112,-0.023300698027014732,-0.000765462638810277,7.625694706803188e-05,-0.04586585611104965,0.9989473223686218
44,foot_r,1.4036359786987305,0.08937712013721466,-0.02376619353890419,0.0007899884949438274,9.018103446578607e-05,0.045919474214315414,0.998944878578186
44,hand_l,107.73155975341797,-19.15802001953125,208.89625549316406,0.9116044044494629,0.02331710048019886,-0.38497740030288696,0.14221854507923126
44,hand_r,97.87648010253906,75.33223724365234,219.56813049316406,-0.8934462666511536,-0.16496028006076813,0.4056020975112915,0.10014400631189346
44,head,-0.3875505328178406,0.9915661215782166,-2.301299571990967,0.002454628236591816,0.015626244246959686,0.002127446001395583,0.9998726844787598
44,lowerarm_l,67.84955596923828,14.460619926452637,-0.9520754218101501,-0.19771559536457062,-0.27612781524658203,0.9404401183128357,0.015309822745621204
44,lowerarm_r,102.34019470214844,57.44180679321289,28.32758140563965,0.4367530941963196,-0.2137197107076645,-0.8235787153244019,0.29204243421554565
44,neck,-19.805809020996094,1.5247167348861694,-0.5191564559936523,0.004118765238672495,0.07561858743429184,0.0005911275511607528,0.9971281290054321
44,pelvis,5.690451145172119,0.1789974868297577,-1.933908462524414,0.0005215221317484975,-0.029343243688344955,0.017756154760718346,0.9994115829467773
44,root,0.0,0.0,0.0,-2.1139658201718703e-07,-5.7790373375610216e-08,1.0658141036401503e-14,1.0
44,spine_01,-1.8858038187026978,-0.14584609866142273,-2.094876766204834,-0.0002863075351342559,0.008231015875935555,0.03412356227636337,0.9993836879730225
44,spine_02,-11.352213859558105,-1.254686713218689,-1.5619397163391113,-0.0025838459841907024,0.0476377047598362,0.054086532443761826,0.997395932674408
44,thigh_l,20.294330596923828,-1.4077101945877075,-0.07935298979282379,-0.004985873121768236,-0.1088947057723999,-0.029028231278061867,0.9936168789863586
44,thigh_r,20.47940444946289,1.3976351022720337,0.15440860390663147,0.004797763656824827,-0.11478806287050247,0.028726037591695786,0.9929630160331726
44,upperarm_l,37.41627883911133,-109.58805084228516,29.10224151611328,-0.164264515042305,0.22520972788333893,0.9539135694503784,0.11111549288034439
44,upperarm_r,-72.33838653564453,132.46041870117188,75.67261505126953,0.07877085357904434,0.46416252851486206,-0.7131019234657288,0.5194554328918457
45,calf_l,-1.3566279411315918,0.11744511127471924,0.09271267056465149,0.0028627400752156973,0.11775343865156174,-0.04135744273662567,0.9921771883964539
45,calf_r,-1.2385857105255127,-0.12014102190732956,0.08710264414548874,-0.003106800140812993,0.11203695088624954,0.04101421684026718,0.992852509021759
45,clavicle_l,-26.33661651611328,-1.0481252670288086,0.6770555973052979,0.0011210843222215772,0.09869681298732758,0.057691674679517746,0.9934431910514832
45,clavicle_r,-25.80258560180664,-5.384100437164307,0.6767642498016357,-0.013139762915670872,0.09781858325004578,0.06375814229249954,0.9930729866027832
45,foot_l,1.402126431465149,-0.09041847288608551,-0.023229969665408134,-0.0007656926172785461,8.199248986784369e-05,-0.04586822912096977,0.9989472031593323
45,foot_r,1.4038810729980469,0.08918324112892151,-0.023738818243145943,0.0007939417264424264,9.816161764319986e-05,0.04592965543270111,0.9989444017410278
45,hand_l,108.05460357666016,-17.94744110107422,208.8206787109375,0.9118176698684692,0.03473673388361931,-0.38447368144989014,0.13986395299434662
45,hand_r,97.14657592773438,76.82926940917969,219.7989501953125,-0.8939003348350525,-0.1642047017812729,0.40577974915504456,0.09654998779296875
45,head,-0.4436403512954712,1.0275331735610962,-2.3321986198425293,0.0024501860607415438,0.015624714083969593,0.0024030839558690786,0.9998720288276672
45,lowerarm_l,67.35481262207031,18.31360626220703,-0.3212360739707947,-0.19484677910804749,-0.2865452766418457,0.9380188584327698,0.0068667298182845116
45,lowerarm_r,103.18054962158203,59.02071762084961,30.28862190246582,0.44640833139419556,-0.2148950845003128,-0.8159959316253662,0.297809362411499
45,neck,-19.863370895385742,1.550365924835205,-0.5500555038452148,0.004098986275494099,0.0756211131811142,0.0008658336591906846,0.9971278309822083
45,pelvis,5.637497425079346,0.20187903940677643,-1.9651591777801514,0.00058835867093876,-0.029341192916035652,0.020024048164486885,0.9993686676025391
45,root,0.0,0.0,0.0,-2.1139658201718703e-07,-5.7790373375610216e-08,1.0658141036401503e-14,1.0
45,spine_01,-1.9365065097808838,-0.16436180472373962,-2.126026153564453,-0.0003225110995117575,0.008229595609009266,0.038465309888124466,0.9992260932922363
45,spine_02,-11.386089324951172,-1.4134860038757324,-1.5929222106933594,-0.0029119416140019894,0.04761932045221329,0.06095385178923607,0.9969998598098755
45,thigh_l,20.443347930908203,-1.4184234142303467,-0.07761800289154053,-0.0050400965847074986,-0.1097894087433815,-0.028973083943128586,0.9935197234153748
45,thigh_r,20.648311614990234,1.40671706199646,0.18811722099781036,0.004827338270843029,-0.11641567945480347,0.02863423340022564,0.9927759766578674
45,upperarm_l,39.37448501586914,-107.3025131225586,27.907651901245117,-0.16570769250392914,0.21719525754451752,0.9564571976661682,0.10274645686149597
45,upperarm_r,-75.66252136230469,130.5637664794922,75.8184814453125,0.07499665766954422,0.46578389406204224,-0.7036178112030029,0.5313594341278076
46,calf_l,-1.3749350309371948,0.11765705049037933,0.09483036398887634,0.002862381748855114,0.11863747239112854,-0.04140564054250717,0.9920698404312134
46,calf_r,-1.2424720525741577,-0.12061014026403427,0.08829683065414429,-0.0031338671687990427,0.11222315579652786,0.04102054983377457,0.9928310513496399
46,clavicle_l,-26.37294578552246,-1.426293969154358,0.6445978283882141,0.0004142280376981944,0.09870327264070511,0.06477084755897522,0.9930066466331482
46,clavicle_r,-25.77705955505371,-5.751865386962891,0.6441735029220581,-0.013831958174705505,0.09772252291440964,0.07083494961261749,0.9925932884216309
46,foot_l,1.4016443490982056,-0.09074702113866806,-0.023083467036485672,-0.00075806665699929,7.730111246928573e-05,-0.045851968228816986,0.9989479780197144
46,foot_r,1.4036390781402588,0.08936221897602081,-0.023690171539783478,0.0007904002559371293,9.455169492866844e-05,0.045920420438051224,0.9989448189735413
46,hand_l,108.37449645996094,-16.588058471679688,208.77732849121094,0.9118599891662598,0.04658991098403931,-0.38385117053985596,0.1378370076417923
46,hand_r,96.33676147460938,78.46305084228516,219.99375915527344,-0.8944288492202759,-0.16338226199150085,0.40592536330223083,0.09234635531902313
46,head,-0.5039882063865662,1.0647356510162354,-2.3648738861083984,0.002445634687319398,0.015628624707460403,0.0026886663399636745,0.9998713731765747
46,lowerarm_l,66.7392578125,22.228031158447266,0.3771930932998657,0.19177645444869995,0.297111839056015,-0.9353840947151184,0.0017333726864308119
46,lowerarm_r,103.99282836914062,60.758018493652344,32.37446975708008,0.45650994777679443,-0.21575197577476501,-0.8079751133918762,0.30368727445602417
46,neck,-19.92224884033203,1.5766793489456177,-0.5827426910400391,0.004077905789017677,0.07562010735273361,0.001150387804955244,0.9971277713775635
46,pelvis,5.582181453704834,0.2255108654499054,-1.9973993301391602,0.0006572567508555949,-0.029335884377360344,0.022373687475919724,0.9993190765380859
46,root,0.0,0.0,0.0,-2.1139658201718703e-07,-5.7790373375610216e-08,1.0658141036401503e-14,1.0
46,spine_01,-1.9888211488723755,-0.18355146050453186,-2.15836763381958,-0.0003601443022489548,0.00822902750223875,0.04295983538031578,0.9990428686141968
46,spine_02,-11.418352127075195,-1.5774799585342407,-1.6254544258117676,-0.0032511691097170115,0.047596804797649384,0.06805851310491562,0.9965400695800781
46,thigh_l,20.594188690185547,-1.430117130279541,-0.07632323354482651,-0.005102760624140501,-0.11069443076848984,-0.02891639433801174,0.9934206604957581
46,thigh_r,20.818822860717773,1.4165855646133423,0.22289608418941498,0.004864085000008345,-0.11807502806186676,0.028539223596453667,0.9925825595855713
46,upperarm_l,41.327030181884766,-104.88308715820312,26.69583511352539,-0.16710332036018372,0.20887093245983124,0.9589517712593079,0.09413281828165054
46,upperarm_r,-79.00475311279297,128.4861602783203,75.87753295898438,0.07117768377065659,0.4671226739883423,-0.6936662197113037,0.5436518788337708
47,calf_l,-1.393204927444458,0.11196974664926529,0.09315542131662369,0.0028172063175588846,0.11943691968917847,-0.0414540134370327,0.9919720888137817
47,calf_r,-1.245759129524231,-0.11494745314121246,0.0854489654302597,-0.0031160730868577957,0.11229211091995239,0.041025854647159576,0.99282306432724
47,clavicle_l,-26.401535034179688,-1.830642819404602,0.6085777282714844,-0.0003659212961792946,0.09869787096977234,0.07205743342638016,0.9925051331520081
47,clavicle_r,-25.748140335083008,-6.115046501159668,0.6083693504333496,-0.014494452625513077,0.0976245328783989,0.07811757177114487,0.9920468926429749
47,foot_l,1.397652506828308,-0.09395333379507065,-0.022871408611536026,-0.0006850810023024678,-2.9145172447897494e-05,-0.04569854959845543,0.9989550709724426
47,foot_r,1.3997037410736084,0.09254515171051025,-0.02358636073768139,0.0007172465557232499,-1.7824482711148448e-05,0.04576680436730385,0.9989519119262695
47,hand_l,108.68708038330078,-15.071537971496582,208.77137756347656,0.9117116928100586,0.0588475726544857,-0.38310256600379944,0.13620290160179138
47,hand_r,95.44049072265625,80.23558044433594,220.14610290527344,-0.8950392603874207,-0.1624918133020401,0.40601375699043274,0.08748660236597061
47,head,-0.5757290720939636,1.1033111810684204,-2.4006128311157227,0.0024420572444796562,0.015658892691135406,0.0029819055926054716,0.9998700618743896
47,lowerarm_l,66.00098419189453,26.178163528442383,1.1421939134597778,0.18851423263549805,0.3077695667743683,-0.932540237903595,0.010441847145557404
47,lowerarm_r,104.76224517822266,62.650360107421875,34.579322814941406,0.46700793504714966,-0.21625855565071106,-0.7995419502258301,0.3096264898777008
47,neck,-19.977128982543945,1.6026265621185303,-0.6196260452270508,0.004052802920341492,0.07559798657894135,0.001443035900592804,0.9971290826797485
47,pelvis,5.520003318786621,0.250362753868103,-2.028822898864746,0.0007315656985156238,-0.029304636642336845,0.024794021621346474,0.9992626905441284
47,root,0.0,0.0,0.0,-2.1139658201718703e-07,-5.7790373375610216e-08,1.0658141036401503e-14,1.0
47,spine_01,-2.0440237522125244,-0.203748419880867,-2.1911919116973877,-0.0004005723458249122,0.008236654102802277,0.047588199377059937,0.9988330602645874
47,spine_02,-11.447124481201172,-1.7457159757614136,-1.6607046127319336,-0.0035997519735246897,0.04756460338830948,0.07537006586790085,0.9960140585899353
47,thigh_l,20.727590560913086,-1.44649338722229,-0.07897475361824036,-0.00520358607172966,-0.11149880290031433,-0.028860390186309814,0.993331789970398
47,thigh_r,20.970062255859375,1.43113112449646,0.2546324133872986,0.004938483238220215,-0.1196417585015297,0.028444666415452957,0.9923973083496094
47,upperarm_l,43.25572204589844,-102.34366607666016,25.47857093811035,-0.16843374073505402,0.2002950757741928,0.9613699913024902,0.08532249182462692
47,upperarm_r,-82.33384704589844,126.23409271240234,75.84227752685547,0.06735002249479294,0.46814775466918945,-0.6832836270332336,0.5562600493431091
48,calf_l,-1.4129410982131958,0.11728641390800476,0.09872683137655258,0.0028501853812485933,0.12046779692173004,-0.041506990790367126,0.9918451309204102
48,calf_r,-1.2501028776168823,-0.12071654200553894,0.09013295918703079,-0.003178901504725218,0.11257994174957275,0.04103384166955948,0.9927900433540344
48,clavicle_l,-26.430221557617188,-2.215306520462036,0.5761442184448242,-0.001064841402694583,0.09869945049285889,0.07951779663562775,0.991934597492218
48,clavicle_r,-25.706663131713867,-6.514305114746094,0.575645387172699,-0.015271014533936977,0.09750718623399734,0.08557569980621338,0.9914312958717346
48,foot_l,1.4003347158432007,-0.09171173721551895,-0.02269742079079151,-0.000733849941752851,5.747653267462738e-05,-0.04580526426434517,0.9989501237869263
48,foot_r,1.4027010202407837,0.09005218744277954,-0.02343752607703209,0.000772405881434679,7.78595931478776e-05,0.045886628329753876,0.9989463686943054
48,hand_l,108.98165893554688,-13.395529747009277,208.811767578125,0.9113612771034241,0.07142864912748337,-0.3822132349014282,0.13502439856529236
48,hand_r,94.44950866699219,82.1443099975586,220.2531280517578,-0.8957300186157227,-0.16156399250030518,0.4060162603855133,0.08195037394762039
48,head,-0.6312735080718994,1.142076015472412,-2.433490753173828,0.002436415059491992,0.015637831762433052,0.00328259845264256,0.9998693466186523
48,lowerarm_l,65.14147186279297,30.143844604492188,1.9733458757400513,0.18507830798625946,0.3184821605682373,-0.9294869899749756,0.019211795181035995
48,lowerarm_r,105.47833251953125,64.68976593017578,36.89915084838867,0.47786039113998413,-0.21640129387378693,-0.7907189726829529,0.3155684471130371
48,neck,-20.04560661315918,1.6307717561721802,-0.6516218185424805,0.004032456781715155,0.07561636716127396,0.0017428360879421234,0.9971274137496948
48,pelvis,5.466861724853516,0.2750503122806549,-2.0649611949920654,0.000802354421466589,-0.029322350397706032,0.027280351147055626,0.9991973638534546
48,root,0.0,0.0,0.0,-2.1139658201718703e-07,-5.7790373375610216e-08,1.0658141036401503e-14,1.0
48,spine_01,-2.096656084060669,-0.2237071990966797,-2.22623348236084,-0.0004392803239170462,0.008227541111409664,0.05233157053589821,0.9985957741737366
48,spine_02,-11.477301597595215,-1.9183365106582642,-1.693880558013916,-0.003957934677600861,0.047541674226522446,0.08285799622535706,0.9954188466072083
48,thigh_l,20.90504264831543,-1.4550637006759644,-0.07438237965106964,-0.005243230611085892,-0.11255538463592529,-0.028798723593354225,0.9932141900062561
48,thigh_r,21.167926788330078,1.4374792575836182,0.29625970125198364,0.004949820227921009,-0.12149623781442642,0.028342612087726593,0.9921748638153076
48,upperarm_l,45.14352798461914,-99.7007064819336,24.26683235168457,-0.1696871668100357,0.191530242562294,0.9636858105659485,0.07636900991201401
48,upperarm_r,-85.61714172363281,123.81867218017578,75.7040786743164,0.06356190890073776,0.46882739663124084,-0.6725105047225952,0.5691136717796326
49,calf_l,-1.4328073263168335,0.11902732402086258,0.10185866057872772,0.0028553889133036137,0.12144854664802551,-0.041559722274541855,0.9917231798171997
49,calf_r,-1.25411856174469,-0.12279973924160004,0.09220757335424423,-0.0032138412352651358,0.11279299110174179,0.04104115068912506,0.9927653670310974
49,clavicle_l,-26.4505558013916,-2.6160218715667725,0.5412330627441406,-0.0018082010792568326,0.09868849813938141,0.08712512254714966,0.9912954568862915
49,clavicle_r,-25.6600341796875,-6.911159515380859,0.5407976508140564,-0.016031449660658836,0.0973859578371048,0.09317880123853683,0.9907455444335938
49,foot_l,1.4008758068084717,-0.09124165028333664,-0.02266639843583107,-0.0007448028190992773,7.624195859534666e-05,-0.045827917754650116,0.9989491105079651
49,foot_r,1.403505563735962,0.0893976092338562,-0.02349686250090599,0.000788668286986649,0.00010045879025710747,0.04591905325651169,0.998944878578186
49,hand_l,109.25806427001953,-11.553573608398438,208.898193359375,0.9107890725135803,0.08435330539941788,-0.38118278980255127,0.13434073328971863
49,hand_r,93.3571548461914,84.18962860107422,220.3077392578125,-0.8965057730674744,-0.1605977714061737,0.4059014320373535,0.07569558918476105
49,head,-0.6932944059371948,1.1816368103027344,-2.4682998657226562,0.002431084867566824,0.01563059352338314,0.0035895525943487883,0.9998684525489807
49,lowerarm_l,64.1630630493164,34.098838806152344,2.867274284362793,0.18148060142993927,0.32919052243232727,-0.9262368083000183,0.027996307238936424
49,lowerarm_r,106.1254653930664,66.86680603027344,39.323795318603516,0.4889999330043793,-0.21615979075431824,-0.7815465331077576,0.3214639723300934
49,neck,-20.112606048583984,1.6592172384262085,-0.6861567497253418,0.004011224023997784,0.0756240263581276,0.0020485043060034513,0.9971262812614441
49,pelvis,5.409180641174316,0.3004455864429474,-2.1008193492889404,0.0008760091732256114,-0.02932286262512207,0.029819300398230553,0.9991247653961182
49,root,0.0,0.0,0.0,-2.1139658201718703e-07,-5.7790373375610216e-08,1.0658141036401503e-14,1.0
49,spine_01,-2.151137113571167,-0.24424949288368225,-2.2617220878601074,-0.00047939218347892165,0.008224031887948513,0.05717110633850098,0.9983304142951965
49,spine_02,-11.50404167175293,-2.0938198566436768,-1.7288684844970703,-0.00432273093611002,0.04751153290271759,0.09049215912818909,0.9947538375854492
49,thigh_l,21.07164192199707,-1.4664422273635864,-0.07238932698965073,-0.00530654052272439,-0.11354859918355942,-0.028736867010593414,0.9931026697158813
49,thigh_r,21.353492736816406,1.4465895891189575,0.3362205922603607,0.004984445869922638,-0.12329301983118057,0.02824048139154911,0.9919559359550476
49,upperarm_l,46.97522735595703,-96.97357940673828,23.072465896606445,-0.17084959149360657,0.1826448142528534,0.9658774137496948,0.06732115149497986
49,upperarm_r,-88.82571411132812,121.25447082519531,75.46104431152344,0.05984574556350708,0.4691486060619354,-0.6613948941230774,0.5821295976638794
50,calf_l,-1.4527578353881836,0.11924314498901367,0.10411573946475983,0.0028472160920500755,0.12241730839014053,-0.041613705456256866,0.9916019439697266
50,calf_r,-1.257786750793457,-0.12324623763561249,0.0932547003030777,-0.0032352132257074118,0.11297209560871124,0.04104744270443916,0.9927447438240051
50,clavicle_l,-26.464006423950195,-3.027514696121216,0.5048760771751404,-0.0025805251207202673,0.0986708328127861,0.09484680742025375,0.9905864596366882
50,clavicle_r,-25.60683250427246,-7.30803918838501,0.504412829875946,-0.01678713597357273,0.09725753217935562,0.1008961945772171,0.9899894595146179
50,foot_l,1.4005602598190308,-0.09137110412120819,-0.02237815223634243,-0.0007323740283027291,7.440714398398995e-05,-0.045816436409950256,0.9989496469497681
50,foot_r,1.403432846069336,0.08935154974460602,-0.023227103054523468,0.0007792141404934227,0.00010084662062581629,0.045915696769952774,0.9989450573921204
50,hand_l,109.50640106201172,-9.546258926391602,209.03659057617188,0.9099853038787842,0.09755785018205643,-0.38000041246414185,0.13419726490974426
50,hand_r,92.15605163574219,86.36500549316406,220.30740356445312,-0.8973637223243713,-0.15961933135986328,0.4056330621242523,0.06871594488620758
50,head,-0.7602881789207458,1.2219194173812866,-2.5046706199645996,0.0024262985680252314,0.01563354581594467,0.0039011503104120493,0.9998672604560852
50,lowerarm_l,63.07080841064453,38.024024963378906,3.8216545581817627,0.1777394860982895,0.3398609459400177,-0.9227958917617798,0.03675517812371254
50,lowerarm_r,106.6929931640625,69.16706848144531,41.844825744628906,0.5003671050071716,-0.21553324162960052,-0.7720634937286377,0.32725557684898376
50,neck,-20.178586959838867,1.6873624324798584,-0.7226109504699707,0.003987627569586039,0.07562342286109924,0.002359227044507861,0.9971256852149963
50,pelvis,5.349631309509277,0.3264262080192566,-2.136904001235962,0.0009519535233266652,-0.029317600652575493,0.03240114822983742,0.9990445375442505
50,root,0.0,0.0,0.0,-2.1139658201718703e-07,-5.7790373375610216e-08,1.0658141036401503e-14,1.0
50,spine_01,-2.2063231468200684,-0.26528891921043396,-2.2978663444519043,-0.0005208924994803965,0.00822213664650917,0.06208764761686325,0.9980367422103882
50,spine_02,-11.527543067932129,-2.27152156829834,-1.7651796340942383,-0.004693099297583103,0.04747584089636803,0.09824065864086151,0.9940184950828552
50,thigh_l,21.23506736755371,-1.4791409969329834,-0.07137947529554367,-0.005382126197218895,-0.1145218089222908,-0.028674814850091934,0.9929922223091125
50,thigh_r,21.534780502319336,1.4569052457809448,0.3762173652648926,0.0050307079218328,-0.12507544457912445,0.028137650340795517,0.9917353987693787
50,upperarm_l,48.73784637451172,-94.18341064453125,21.906213760375977,-0.17191347479820251,0.1737091988325119,0.9679257869720459,0.058228958398103714
50,upperarm_r,-91.93087768554688,118.56006622314453,75.11119842529297,0.05624283105134964,0.46910038590431213,-0.6499887108802795,0.5952279567718506
51,calf_l,-1.4729331731796265,0.11887364089488983,0.10607010126113892,0.002832672093063593,0.123389333486557,-0.0416688434779644,0.9914790987968445
51,calf_r,-1.2613941431045532,-0.12307450920343399,0.09390714019536972,-0.003250257344916463,0.1131395474076271,0.04105439409613609,0.9927253127098083
51,clavicle_l,-26.47092056274414,-3.443782329559326,0.46782809495925903,-0.003364111762493849,0.09864763170480728,0.10265278816223145,0.9898079633712769
51,clavicle_r,-25.546974182128906,-7.706518650054932,0.46727898716926575,-0.017546186223626137,0.09712310135364532,0.10869766771793365,0.989163339138031
51,foot_l,1.3998045921325684,-0.0920153483748436,-0.022346165031194687,-0.0007253733929246664,6.297334039118141e-05,-0.04578975960612297,0.9989508390426636
51,foot_r,1.4028698205947876,0.0898621529340744,-0.02331140637397766,0.0007760881562717259,9.09342707018368e-05,0.04589509963989258,0.998945951461792
51,hand_l,109.71912384033203,-7.372558116912842,209.23049926757812,0.9089387059211731,0.11100595444440842,-0.37865757942199707,0.1346351057291031
51,hand_r,92.0423355102539,89.5385971069336,218.64068603515625,-0.9029445648193359,-0.13960206508636475,0.403151273727417,0.0516858845949173
51,head,-0.8290406465530396,1.2625969648361206,-2.5417447090148926,0.0024217008613049984,0.015638360753655434,0.004216475877910852,0.9998660087585449
51,lowerarm_l,61.87227249145508,41.90220260620117,4.834028244018555,0.1738768070936203,0.3504658639431,-0.9191709160804749,0.04544641450047493
51,lowerarm_r,106.78244018554688,71.75878143310547,43.936737060546875,0.5102154612541199,-0.21285605430603027,-0.7636259198188782,0.3335387110710144
51,neck,-20.24527359008789,1.7156412601470947,-0.7598757743835449,0.003963626455515623,0.07562147080898285,0.002674127696081996,0.9971251487731934
51,pelvis,5.289056301116943,0.352800577878952,-2.173525094985962,0.001029305625706911,-0.02930944785475731,0.03501652553677559,0.9989564418792725
51,root,0.0,0.0,0.0,-2.1139658201718703e-07,-5.7790373375610216e-08,1.0658141036401503e-14,1.0
51,spine_01,-2.261833667755127,-0.2865547835826874,-2.3346364498138428,-0.0005627638311125338,0.008221077732741833,0.06706233322620392,0.9977148175239563
51,spine_02,-11.548110008239746,-2.4506442546844482,-1.802217960357666,-0.005067128688097,0.04743656516075134,0.10607388615608215,0.9932132363319397
51,thigh_l,21.398204803466797,-1.492447018623352,-0.07083569467067719,-0.005464216694235802,-0.11549165844917297,-0.02861231565475464,0.9928812384605408
51,thigh_r,21.71511459350586,1.467758059501648,0.4167325794696808,0.005083282012492418,-0.12686027586460114,0.02803378365933895,0.991511344909668
51,upperarm_l,50.420223236083984,-91.35331726074219,20.777910232543945,-0.1728740930557251,0.1647958755493164,0.969815194606781,0.049146417528390884
51,upperarm_r,-94.61382293701172,116.03155517578125,74.63707733154297,0.05335009843111038,0.46852853894233704,-0.6394661664962769,0.6072213649749756
52,calf_l,-1.4934031963348389,0.11910644918680191,0.10840292274951935,0.0028202172834426165,0.12438245117664337,-0.04172432795166969,0.9913526773452759
52,calf_r,-1.2650326490402222,-0.12353134900331497,0.09490510076284409,-0.003267859108746052,0.1133154034614563,0.041061121970415115,0.9927048683166504
52,clavicle_l,-26.470672607421875,-3.8608198165893555,0.4303792417049408,-0.004148100968450308,0.09861673414707184,0.11051289737224579,0.9889613389968872
52,clavicle_r,-25.479528427124023,-8.108448028564453,0.42994874715805054,-0.01831786334514618,0.09698103368282318,0.11655235290527344,0.9882685542106628
52,foot_l,1.3994888067245483,-0.09220275282859802,-0.022210465744137764,-0.000719874573405832,6.244378164410591e-05,-0.04577956721186638,0.9989513158798218
52,foot_r,1.4027870893478394,0.08992420136928558,-0.023229211568832397,0.0007755632395856082,9.247071284335107e-05,0.04589341953396797,0.9989460706710815
52,hand_l,111.33486938476562,-4.958729267120361,207.83633422851562,0.9061858057975769,0.1441623419523239,-0.3770577013492584,0.12598416209220886
52,hand_r,90.60063171386719,91.9350357055664,218.51458740234375,-0.9039111137390137,-0.13872462511062622,0.4022798240184784,0.04325694963335991
52,head,-0.8972421288490295,1.3033596277236938,-2.579164505004883,0.002416918519884348,0.01563924178481102,0.004534446634352207,0.9998645186424255
52,lowerarm_l,60.76929473876953,44.930450439453125,5.6080241203308105,0.17038261890411377,0.35781943798065186,-0.9165722727775574,0.0532008595764637
52,lowerarm_r,107.17717742919922,74.21097564697266,46.59879684448242,0.5217774510383606,-0.21159425377845764,-0.7537314891815186,0.3389175534248352
52,neck,-20.31368064880371,1.7441074848175049,-0.7972598075866699,0.003939907532185316,0.07562258839607239,0.0029907659627497196,0.9971242547035217
52,pelvis,5.2288055419921875,0.379364013671875,-2.2109270095825195,0.0011070671025663614,-0.02930358611047268,0.03765721246600151,0.9988603591918945
52,root,0.0,0.0,0.0,-2.1139658201718703e-07,-5.7790373375610216e-08,1.0658141036401503e-14,1.0
52,spine_01,-2.3169326782226562,-0.3079559803009033,-2.3720383644104004,-0.0006049203220754862,0.008218576200306416,0.07207606732845306,0.9973651170730591
52,spine_02,-11.565865516662598,-2.6304996013641357,-1.839613914489746,-0.0054433923214674,0.04739484563469887,0.1139606311917305,0.9923391938209534
52,thigh_l,21.564424514770508,-1.5053668022155762,-0.07007769495248795,-0.005545282736420631,-0.11647693067789078,-0.02854834496974945,0.9927675724029541
52,thigh_r,21.8979434967041,1.4780908823013306,0.4584590792655945,0.005134087521582842,-0.1286645233631134,0.027929339557886124,0.9912816286087036
52,upperarm_l,52.07907485961914,-88.1996841430664,19.55375099182129,-0.17389905452728271,0.15479052066802979,0.9716878533363342,0.04027101397514343
52,upperarm_r,-97.44003295898438,113.17491149902344,74.09809875488281,0.05009714886546135,0.4678086042404175,-0.6277278065681458,0.6201639175415039
53,calf_l,-1.5139323472976685,0.11880935728549957,0.11043143272399902,0.002801793860271573,0.12537378072738647,-0.041780464351177216,0.9912254810333252
53,calf_r,-1.268469214439392,-0.12346267700195312,0.09549306333065033,-0.0032795018050819635,0.11347882449626923,0.04106820747256279,0.992685854434967
53,clavicle_l,-26.463409423828125,-4.279567241668701,0.39234599471092224,-0.004938574507832527,0.0985800176858902,0.11839641630649567,0.9880485534667969
53,clavicle_r,-25.405532836914062,-8.508278846740723,0.39192941784858704,-0.019085733219981194,0.09683332592248917,0.12443050742149353,0.9873074889183044
53,foot_l,1.3988511562347412,-0.09264303743839264,-0.022021835669875145,-0.0007095087203197181,5.541049176827073e-05,-0.04575798287987709,0.998952329158783
53,foot_r,1.4024395942687988,0.09019095450639725,-0.023165429010987282,0.0007686098106205463,8.642187458463013e-05,0.04587991535663605,0.9989466667175293
53,hand_l,111.44975280761719,-2.403418779373169,208.14425659179688,0.9043194055557251,0.15798203647136688,-0.37543272972106934,0.12766526639461517
53,hand_r,89.02518463134766,94.43473815917969,218.32904052734375,-0.9049287438392639,-0.13797402381896973,0.40112626552581787,0.03413126617670059
53,head,-0.9670868515968323,1.343913197517395,-2.6172876358032227,0.0024114460684359074,0.015643222257494926,0.004853300284594297,0.9998629689216614
53,lowerarm_l,59.403114318847656,48.6783561706543,6.711050033569336,0.16636845469474792,0.36823901534080505,-0.9126441478729248,0.06166215240955353
53,lowerarm_r,107.474609375,76.72391510009766,49.3244514465332,0.5333698391914368,-0.2100043147802353,-0.7436818480491638,0.34402361512184143
53,neck,-20.38204574584961,1.7725175619125366,-0.8354306221008301,0.00391602935269475,0.07562168687582016,0.0033088403288275003,0.9971234202384949
53,pelvis,5.168264389038086,0.40605223178863525,-2.248579263687134,0.0011851810850203037,-0.0292959101498127,0.040312670171260834,0.9987568855285645
53,root,0.0,0.0,0.0,-2.1139658201718703e-07,-5.7790373375610216e-08,1.0658141036401503e-14,1.0
53,spine_01,-2.3717494010925293,-0.32941490411758423,-2.409803867340088,-0.0006471520173363388,0.008216463960707188,0.0771104246377945,0.9969884753227234
53,spine_02,-11.580253601074219,-2.810586452484131,-1.87758207321167,-0.005821640603244305,0.04734942689538002,0.12187114357948303,0.991398811340332
53,thigh_l,21.729473114013672,-1.5187631845474243,-0.06978797912597656,-0.005632113665342331,-0.11745292693376541,-0.028483767062425613,0.9926539063453674
53,thigh_r,22.078706741333008,1.4887925386428833,0.5004777312278748,0.00519031984731555,-0.13045865297317505,0.027824439108371735,0.9910497069358826
53,upperarm_l,53.571372985839844,-85.3656997680664,18.533733367919922,-0.1746397167444229,0.14615784585475922,0.9732190370559692,0.03136156499385834
53,upperarm_r,-100.09445190429688,110.2646484375,73.46212768554688,0.047071199864149094,0.46673864126205444,-0.6158924698829651,0.632942259311676
54,calf_l,-1.5346455574035645,0.11989648640155792,0.11329995095729828,0.0027913947124034166,0.12639284133911133,-0.041838210076093674,0.991093635559082
54,calf_r,-1.2720545530319214,-0.12485537678003311,0.09692224860191345,-0.0032996220979839563,0.11366630345582962,0.04107542335987091,0.992664098739624
54,clavicle_l,-26.44948387145996,-4.693592071533203,0.35450682044029236,-0.005716268438845873,0.09853697568178177,0.12627236545085907,0.9870730042457581
54,clavicle_r,-25.323291778564453,-8.909971237182617,0.35418617725372314,-0.01986665464937687,0.09667634963989258,0.13230000436306,0.9862837791442871
54,foot_l,1.3991997241973877,-0.09223669767379761,-0.021691819652915,-0.0007078779162839055,6.899225263623521e-05,-0.045772477984428406,0.9989516735076904
54,foot_r,1.4030016660690308,0.08953353762626648,-0.02288617007434368,0.0007705711759626865,0.00010497857147129253,0.04590379446744919,0.9989455938339233
54,hand_l,111.5045166015625,0.311066210269928,208.51165771484375,0.9021783471107483,0.17194285988807678,-0.3736405670642853,0.13001014292240143
54,hand_r,87.30818176269531,97.0255126953125,218.08425903320312,-0.9059817790985107,-0.13740646839141846,0.39965498447418213,0.024338409304618835
54,head,-1.0340839624404907,1.3843257427215576,-2.6549935340881348,0.0024061324074864388,0.015638379380106926,0.00517200818285346,0.9998615384101868
54,lowerarm_l,57.961822509765625,52.33935546875,7.863215446472168,0.16230353713035583,0.3785376250743866,-0.908556342124939,0.0699446052312851
54,lowerarm_r,107.67461395263672,79.2728042602539,52.10226821899414,0.544930100440979,-0.2081213891506195,-0.7335352301597595,0.34880200028419495
54,neck,-20.45253562927246,1.8010729551315308,-0.8729219436645508,0.003893244080245495,0.07562721520662308,0.0036266588140279055,0.9971219897270203
54,pelvis,5.10927152633667,0.432681143283844,-2.287018299102783,0.0012627557152882218,-0.0292939692735672,0.0429735891520977,0.9986459016799927
54,root,0.0,0.0,0.0,-2.1139658201718703e-07,-5.7790373375610216e-08,1.0658141036401503e-14,1.0
54,spine_01,-2.4255263805389404,-0.3507968485355377,-2.4479687213897705,-0.0006891730008646846,0.00821222085505724,0.08214543014764786,0.9965863823890686
54,spine_02,-11.59178352355957,-2.9899773597717285,-1.9153952598571777,-0.00619926443323493,0.04730253294110298,0.12977352738380432,0.9903953075408936
54,thigh_l,21.89899444580078,-1.5311859846115112,-0.06886178255081177,-0.005712926387786865,-0.11845143139362335,-0.02841975912451744,0.9925366640090942
54,thigh_r,22.26374053955078,1.498255729675293,0.54400634765625,0.005239520687609911,-0.13227681815624237,0.02771884761750698,0.990811288356781
54,upperarm_l,54.96537780761719,-82.56781005859375,17.574668884277344,-0.17528441548347473,0.13776539266109467,0.974568784236908,0.022622138261795044
54,upperarm_r,-102.56053161621094,107.33079528808594,72.73625183105469,0.04430925473570824,0.46533849835395813,-0.6040306091308594,0.6454795598983765
55,calf_l,-1.555464267730713,0.12115761637687683,0.11620507389307022,0.002780303591862321,0.1274188905954361,-0.04189632087945938,0.9909598231315613
55,calf_r,-1.2757279872894287,-0.12638741731643677,0.09841283410787582,-0.0033183458726853132,0.11385824531316757,0.041083212941884995,0.9926416873931885
55,clavicle_l,-26.43009376525879,-5.1029510498046875,0.316911906003952,-0.006483358796685934,0.09849214553833008,0.1341109424829483,0.986038327217102
55,clavicle_r,-25.234329223632812,-9.309672355651855,0.31655821204185486,-0.02064930647611618,0.09651416540145874,0.14013342559337616,0.9852012395858765
55,foot_l,1.3995485305786133,-0.09201909601688385,-0.021883446723222733,-0.0007227006135508418,8.31856086733751e-05,-0.045786965638399124,0.9989510178565979
55,foot_r,1.40361750125885,0.08914516866207123,-0.02316470257937908,0.0007926000980660319,0.000124609301565215,0.045929767191410065,0.9989444017410278
55,hand_l,111.49128723144531,3.178802013397217,208.93690490722656,0.8997552394866943,0.18601328134536743,-0.3716760277748108,0.13302844762802124
55,hand_r,85.44127655029297,99.69329833984375,217.78201293945312,-0.9070470333099365,-0.1371009647846222,0.39783811569213867,0.01392379216849804
55,head,-1.0996699333190918,1.4244744777679443,-2.692556381225586,0.0024011218920350075,0.015629664063453674,0.005489946808665991,0.9998599290847778
55,lowerarm_l,56.458526611328125,55.904476165771484,9.061955451965332,0.15821467339992523,0.3887077867984772,-0.9043164253234863,0.07801418751478195
55,lowerarm_r,107.77910614013672,81.83049774169922,54.918949127197266,0.5563910007476807,-0.20598965883255005,-0.7233567833900452,0.3532029390335083
55,neck,-20.52395248413086,1.8294436931610107,-0.9102344512939453,0.0038710173685103655,0.0756361335515976,0.003943773917853832,0.997120201587677
55,pelvis,5.050947666168213,0.45929741859436035,-2.3258626461029053,0.0013403891352936625,-0.02929236739873886,0.04563088342547417,0.998528003692627
55,root,0.0,0.0,0.0,-2.1139658201718703e-07,-5.7790373375610216e-08,1.0658141036401503e-14,1.0
55,spine_01,-2.4783596992492676,-0.3720322549343109,-2.4864137172698975,-0.0007307570776902139,0.00820741057395935,0.08716348558664322,0.9961599707603455
55,spine_02,-11.600208282470703,-3.168055534362793,-1.953279972076416,-0.006575218867510557,0.047253742814064026,0.13763895630836487,0.9893327951431274
55,thigh_l,22.068899154663086,-1.543411374092102,-0.06804081797599792,-0.005794390104711056,-0.11944912374019623,-0.028354745358228683,0.9924184679985046
55,thigh_r,22.44846534729004,1.5075739622116089,0.5879877805709839,0.0052900114096701145,-0.1340896487236023,0.027613645419478416,0.9905703067779541
55,upperarm_l,56.26028060913086,-79.83087158203125,16.68149185180664,-0.17584285140037537,0.12967923283576965,0.9757375121116638,0.014104579575359821
55,upperarm_r,-104.82610321044922,104.4045181274414,71.93013763427734,0.04183977097272873,0.46363624930381775,-0.5922179222106934,0.6576996445655823
56,calf_l,-1.575737476348877,0.11837834119796753,0.1166880801320076,0.002736862748861313,0.12836652994155884,-0.04195285215973854,0.9908352494239807
56,calf_r,-1.2787189483642578,-0.12360343337059021,0.09712497889995575,-0.003303516423329711,0.11396337300539017,0.04108991101384163,0.9926294684410095
56,clavicle_l,-26.39908218383789,-5.522261619567871,0.2769739031791687,-0.007294517010450363,0.09843186289072037,0.14188304543495178,0.9849503636360168
56,clavicle_r,-25.14309310913086,-9.69052505493164,0.27671369910240173,-0.021377163007855415,0.09635288268327713,0.14789821207523346,0.9840657114982605
56,foot_l,1.3974294662475586,-0.09372313320636749,-0.02181854657828808,-0.0006936410791240633,4.044144588988274e-05,-0.04570964723825455,0.9989545345306396
56,foot_r,1.4016525745391846,0.09083126485347748,-0.023284396156668663,0.0007656567613594234,7.640511466888711e-05,0.04585409164428711,0.9989478588104248
56,hand_l,111.40242767333984,6.192902565002441,209.41696166992188,0.897042989730835,0.2001621574163437,-0.36953428387641907,0.136724591255188
56,hand_r,83.41913604736328,102.42167663574219,217.42405700683594,-0.908104419708252,-0.13711683452129364,0.3956472873687744,0.0029419560451060534
56,head,-1.1758099794387817,1.4643479585647583,-2.7326345443725586,0.0023968557361513376,0.015652060508728027,0.005805450491607189,0.9998579025268555
56,lowerarm_l,54.907447814941406,59.365196228027344,10.304576873779297,0.15412887930870056,0.3987395167350769,-0.8999348878860474,0.08583901077508926
56,lowerarm_r,107.7924575805664,84.37004852294922,57.75956344604492,0.5676847100257874,-0.2036553919315338,-0.7132155299186707,0.3571864068508148
56,neck,-20.587766647338867,1.8560349941253662,-0.9509921073913574,0.0038444679230451584,0.07562027871608734,0.004258587956428528,0.997120201587677
56,pelvis,4.990032196044922,0.48613330721855164,-2.3631155490875244,0.0014203081373125315,-0.029273856431245804,0.04827113449573517,0.9984042048454285
56,root,0.0,0.0,0.0,-2.1139658201718703e-07,-5.7790373375610216e-08,1.0658141036401503e-14,1.0
56,spine_01,-2.5312118530273438,-0.3935898244380951,-2.524501085281372,-0.0007739756838418543,0.008208580315113068,0.09214507788419724,0.9957114458084106
56,spine_02,-11.603558540344238,-3.3434412479400635,-1.9927501678466797,-0.006946847308427095,0.04719611257314682,0.145436629652977,0.9882168173789978
56,thigh_l,22.22305679321289,-1.5585492849349976,-0.06988097727298737,-0.0059020561166107655,-0.12035222351551056,-0.028291506692767143,0.9923105835914612
56,thigh_r,22.61469841003418,1.5198370218276978,0.6287378072738647,0.0053670103661715984,-0.13578642904758453,0.027510717511177063,0.9903415441513062
56,upperarm_l,57.45755386352539,-77.1799087524414,15.858721733093262,-0.1763266623020172,0.12196461856365204,0.9767288565635681,0.0058595407754182816
56,upperarm_r,-106.88374328613281,101.51701354980469,71.0555648803711,0.039684444665908813,0.4616665542125702,-0.5805339217185974,0.669529378414154
57,calf_l,-1.5964173078536987,0.12024787813425064,0.12010575830936432,0.0027265921235084534,0.12939897179603577,-0.04201160743832588,0.9906985759735107
57,calf_r,-1.2822206020355225,-0.12582612037658691,0.09909160435199738,-0.0033229643013328314,0.11416546255350113,0.04109800606966019,0.9926058650016785
57,clavicle_l,-26.366588592529297,-5.920108795166016,0.23950321972370148,-0.008041974157094955,0.09837634861469269,0.14955715835094452,0.9838140606880188
57,clavicle_r,-25.041881561279297,-10.078837394714355,0.2390919327735901,-0.022145522758364677,0.09618008881807327,0.15556590259075165,0.9828826189041138
57,foot_l,1.3982841968536377,-0.09288466721773148,-0.021491453051567078,-0.0007030210108496249,7.232610369101167e-05,-0.045745301991701126,0.9989529252052307
57,foot_r,1.4028644561767578,0.08972375839948654,-0.02297227829694748,0.0007808909867890179,0.00011610655201366171,0.045902471989393234,0.9989456534385681
57,hand_l,111.22875213623047,9.344675064086914,209.9499053955078,0.8940388560295105,0.21434161067008972,-0.36720824241638184,0.14110395312309265
57,hand_r,81.23418426513672,105.19416046142578,217.01402282714844,0.9091235399246216,0.1375482976436615,-0.3930673599243164,0.008542497642338276
57,head,-1.2397829294204712,1.5031391382217407,-2.7701735496520996,0.0023913620971143246,0.015641890466213226,0.006117470562458038,0.9998561143875122
57,lowerarm_l,53.3240966796875,62.718589782714844,11.590063095092773,0.1500786393880844,0.40864112973213196,-0.8954150676727295,0.09338472783565521
57,lowerarm_r,107.72527313232422,86.86306762695312,60.61237335205078,0.578758716583252,-0.20117884874343872,-0.7031765580177307,0.36070525646209717
57,neck,-20.65848731994629,1.8837127685546875,-0.9881377220153809,0.0038234374951571226,0.07563058286905289,0.004569242242723703,0.9971182346343994
57,pelvis,4.934586048126221,0.512129545211792,-2.4021685123443604,0.0014954530633985996,-0.029276203364133835,0.050891246646642685,0.9982739090919495
57,root,0.0,0.0,0.0,-2.1139658201718703e-07,-5.7790373375610216e-08,1.0658141036401503e-14,1.0
57,spine_01,-2.5812644958496094,-0.414286732673645,-2.56306529045105,-0.0008143705199472606,0.008202251978218555,0.0970713198184967,0.9952433109283447
57,spine_02,-11.605380058288574,-3.516685962677002,-2.0305514335632324,-0.007315125782042742,0.047142915427684784,0.15313668549060822,0.9870527982711792
57,thigh_l,22.392641067504883,-1.5701568126678467,-0.06897830963134766,-0.005982639733701944,-0.12133999913930893,-0.028227336704730988,0.9921915531158447
57,thigh_r,22.79790687561035,1.5283620357513428,0.6734964847564697,0.0054166666232049465,-0.13757361471652985,0.027406541630625725,0.9900975227355957
57,upperarm_l,58.560062408447266,-74.6376724243164,15.108242988586426,0.17675167322158813,-0.11467690020799637,-0.9775499105453491,0.0020567497704178095
57,upperarm_r,-108.7283935546875,98.70011901855469,70.12334442138672,0.03787107765674591,0.45946383476257324,-0.5690581798553467,0.6809050440788269
58,calf_l,-1.6168951988220215,0.12064753472805023,0.12253439426422119,0.0027035826351493597,0.13040195405483246,-0.04206966608762741,0.9905645847320557
58,calf_r,-1.285736322402954,-0.12645727396011353,0.09993196278810501,-0.0033289517741650343,0.11434339731931686,0.041106026619672775,0.9925850033760071
58,clavicle_l,-26.326868057250977,-6.313040256500244,0.20174498856067657,-0.008786662481725216,0.09831354767084122,0.15710414946079254,0.9826370477676392
58,clavicle_r,-24.936521530151367,-10.456701278686523,0.2013097107410431,-0.02289334498345852,0.0960056334733963,0.16310591995716095,0.981659471988678
58,foot_l,1.39829421043396,-0.09279406815767288,-0.021321862936019897,-0.0007008181419223547,8.012756006792188e-05,-0.04574708268046379,0.9989529252052307
58,foot_r,1.4030989408493042,0.08946102857589722,-0.02284855954349041,0.0007836375734768808,0.00012895006511826068,0.045914310961961746,0.9989451766014099
58,hand_l,110.96418762207031,12.624497413635254,210.52911376953125,0.8907358050346375,0.2285269796848297,-0.36469748616218567,0.1461534947156906
58,hand_r,78.88380432128906,107.99195861816406,216.55438232421875,0.9100779891014099,0.1384582668542862,-0.3900882303714752,0.020458614453673363
58,head,-1.3038780689239502,1.541264533996582,-2.8078198432922363,0.0023863946553319693,0.01563490368425846,0.00642396742478013,0.999854326248169
58,lowerarm_l,51.72441101074219,65.95818328857422,12.915635108947754,0.14609351754188538,0.4184030592441559,-0.8907699584960938,0.10062066465616226
58,lowerarm_r,107.58760833740234,89.2822036743164,63.46147537231445,0.5895492434501648,-0.19861702620983124,-0.6933136582374573,0.3637296259403229
58,neck,-20.727161407470703,1.910469651222229,-1.0255694389343262,0.003801814978942275,0.07563738524913788,0.004875033628195524,0.997116208076477
58,pelvis,4.8792524337768555,0.5380181074142456,-2.440744638442993,0.0015711758751422167,-0.029272381216287613,0.053477607667446136,0.9981387853622437
58,root,0.0,0.0,0.0,-2.1139658201718703e-07,-5.7790373375610216e-08,1.0658141036401503e-14,1.0
58,spine_01,-2.630002975463867,-0.4347694516181946,-2.601337432861328,-0.0008545225718989968,0.0081971799954772,0.10192342847585678,0.994758129119873
58,spine_02,-11.603649139404297,-3.686408758163452,-2.0684123039245605,-0.0076773203909397125,0.04708670452237129,0.1607085019350052,0.9858481884002686
58,thigh_l,22.55567741394043,-1.5827953815460205,-0.06930120289325714,-0.006073325406759977,-0.12228592485189438,-0.02816380187869072,0.9920766353607178
58,thigh_r,22.973175048828125,1.5378432273864746,0.716768205165863,0.005476224236190319,-0.1393016129732132,0.02730397880077362,0.9898583889007568
58,upperarm_l,59.57307815551758,-72.22642517089844,14.432371139526367,0.17713463306427002,-0.10787056386470795,-0.9782102108001709,0.009595554322004318
58,upperarm_r,-110.36027526855469,95.98381042480469,69.147705078125,0.03641150891780853,0.45707079768180847,-0.557873547077179,0.6917641758918762
59,calf_l,-1.6370009183883667,0.11985772103071213,0.12423102557659149,0.0026696533896028996,0.13136978447437286,-0.04212707281112671,0.9904343485832214
59,calf_r,-1.2889599800109863,-0.12578828632831573,0.0999152883887291,-0.0033228714019060135,0.11449208110570908,0.041114773601293564,0.9925674796104431
59,clavicle_l,-26.279253005981445,-6.70229434967041,0.16336163878440857,-0.009535481221973896,0.09824220091104507,0.16449536383152008,0.9814269542694092
59,clavicle_r,-24.828720092773438,-10.81947135925293,0.1629873812198639,-0.023606134578585625,0.09583210200071335,0.17048963904380798,0.9804041385650635
59,foot_l,1.3975213766098022,-0.09333931654691696,-0.02115481160581112,-0.0006896791164763272,6.941725587239489e-05,-0.045720458030700684,0.9989540576934814
59,foot_r,1.4025946855545044,0.0898892730474472,-0.02277555502951145,0.000776044325903058,0.00011844847176689655,0.045895062386989594,0.998945951461792
59,hand_l,110.60161590576172,16.019962310791016,211.1488800048828,0.887132465839386,0.2426748275756836,-0.3619999587535858,0.15185846388339996
59,hand_r,76.36709594726562,110.79691314697266,216.04652404785156,0.910938560962677,0.13990671932697296,-0.38671088218688965,0.03273744136095047
59,head,-1.3713829517364502,1.5785249471664429,-2.846217155456543,0.0023818674962967634,0.015641681849956512,0.0067251077853143215,0.9998522996902466
59,lowerarm_l,50.12409591674805,69.08140563964844,14.27943229675293,0.14220288395881653,0.4280264973640442,-0.886008620262146,0.10751946270465851
59,lowerarm_r,107.39307403564453,91.6009750366211,66.29097747802734,0.5999994874000549,-0.1960320621728897,-0.683698296546936,0.3662360608577728
59,neck,-20.791431427001953,1.935840368270874,-1.064133644104004,0.003778552170842886,0.07563398033380508,0.005175156518816948,0.9971150755882263
59,pelvis,4.8243327140808105,0.5636218190193176,-2.478379011154175,0.00164673977997154,-0.029262380674481392,0.0560203455388546,0.997999370098114
59,root,0.0,0.0,0.0,-2.1139658201718703e-07,-5.7790373375610216e-08,1.0658141036401503e-14,1.0
59,spine_01,-2.677382469177246,-0.4551572799682617,-2.639204263687134,-0.0008951908675953746,0.00819470640271902,0.10668319463729858,0.9942589402198792
59,spine_02,-11.598068237304688,-3.851703643798828,-2.106618881225586,-0.00803135521709919,0.047026459127664566,0.16812406480312347,0.9846107363700867
59,thigh_l,22.711118698120117,-1.5960524082183838,-0.0706486627459526,-0.006172047462314367,-0.12318319082260132,-0.028101226314902306,0.9919667840003967
59,thigh_r,23.139280319213867,1.5480843782424927,0.7584169507026672,0.00554485572502017,-0.14095957577228546,0.027204791083931923,0.9896259903907776
59,upperarm_l,60.502899169921875,-69.96559143066406,13.831660270690918,0.17749249935150146,-0.10159038752317429,-0.9787219166755676,0.01671055145561695
59,upperarm_r,-111.78350830078125,93.39582824707031,68.14311218261719,0.03531236946582794,0.4545326232910156,-0.5470613837242126,0.7020520567893982
60,calf_l,-1.6568537950515747,0.11917620152235031,0.1259773224592209,0.0026354652363806963,0.13233034312725067,-0.04218531772494316,0.9903040528297424
60,calf_r,-1.2923500537872314,-0.12521237134933472,0.09994057565927505,-0.0033157728612422943,0.11464844644069672,0.04112296923995018,0.9925491809844971
60,clavicle_l,-26.22711944580078,-7.079690933227539,0.1256055384874344,-0.010261907242238522,0.09816896915435791,0.17170003056526184,0.9801921844482422
60,clavicle_r,-24.71733856201172,-11.172075271606445,0.12518621981143951,-0.024303589016199112,0.0956573337316513,0.1776868999004364,0.9791253209114075
60,foot_l,1.3968900442123413,-0.09378618746995926,-0.020909536629915237,-0.0006776390946470201,6.19215497863479e-05,-0.045699119567871094,0.9989550113677979
60,foot_r,1.402137279510498,0.09019095450639725,-0.022608643397688866,0.0007671876228414476,0.00011169851495651528,0.045878659933805466,0.9989467263221741
60,hand_l,111.47098541259766,20.06053352355957,210.15150451660156,0.878907322883606,0.2757745683193207,-0.35976511240005493,0.14845721423625946
60,hand_r,73.68416595458984,113.59021759033203,215.49241638183594,0.9116751551628113,0.1419515609741211,-0.3829432427883148,0.04530591145157814
60,head,-1.4361817836761475,1.614620566368103,-2.8840065002441406,0.0023773182183504105,0.015645626932382584,0.007018347270786762,0.9998502135276794
60,lowerarm_l,48.81638717651367,71.38615417480469,15.261734962463379,0.13899968564510345,0.434466689825058,-0.8826379776000977,0.1134372130036354
60,lowerarm_r,107.15821075439453,93.79356384277344,69.08604431152344,0.6100592613220215,-0.19348955154418945,-0.6744019985198975,0.368200421333313
60,neck,-20.85443687438965,1.9605878591537476,-1.1020779609680176,0.003756538964807987,0.07563214749097824,0.005467930808663368,0.9971137642860413
60,pelvis,4.771589279174805,0.5886257886886597,-2.5157570838928223,0.0017204002942889929,-0.029253477230668068,0.05851041153073311,0.997856616973877
60,root,0.0,0.0,0.0,-2.1139658201718703e-07,-5.7790373375610216e-08,1.0658141036401503e-14,1.0
60,spine_01,-2.722559928894043,-0.47488752007484436,-2.676701545715332,-0.0009341814438812435,0.008191403932869434,0.11133120954036713,0.99374920129776
60,spine_02,-11.589559555053711,-4.012177467346191,-2.1443843841552734,-0.008376273326575756,0.04696525260806084,0.17535223066806793,0.9833492636680603
60,thigh_l,22.864395141601562,-1.609117031097412,-0.07221007347106934,-0.006270511541515589,-0.12406278401613235,-0.02804061397910118,0.9918583035469055
60,thigh_r,23.30257797241211,1.5580426454544067,0.7995322346687317,0.0056136539205908775,-0.1425824910402298,0.027106070891022682,0.989395797252655
60,upperarm_l,61.3751220703125,-67.567138671875,13.201647758483887,0.1778884381055832,-0.09477537125349045,-0.9791978001594543,0.023349257186055183
60,upperarm_r,-113.0038833618164,90.96334838867188,67.12329864501953,0.034581493586301804,0.45189324021339417,-0.536705493927002,0.7117189168930054
61,calf_l,-1.676668643951416,0.1198720633983612,0.1285170465707779,0.0026104350108653307,0.13330362737178802,-0.04224211350083351,0.9901711940765381
61,calf_r,-1.2959567308425903,-0.12621137499809265,0.10085950791835785,-0.0033180706668645144,0.11483786255121231,0.041132472455501556,0.9925267696380615
61,clavicle_l,-26.172082901000977,-7.440097808837891,0.08909421414136887,-0.01095014251768589,0.09809581190347672,0.1786898970603943,0.9789418578147888
61,clavicle_r,-24.60112953186035,-11.51722526550293,0.08863046020269394,-0.02499782107770443,0.09547845274209976,0.1846693903207779,0.9778324365615845
61,foot_l,1.3971199989318848,-0.09353705495595932,-0.020825859159231186,-0.0006830167258158326,7.49812024878338e-05,-0.04571060091257095,0.9989545941352844
61,foot_r,1.402699589729309,0.08969199657440186,-0.02256988361477852,0.0007775353151373565,0.00013052369467914104,0.045901380479335785,0.9989457130432129
61,hand_l,110.88130187988281,23.68675994873047,210.82894897460938,0.8743981122970581,0.28966188430786133,-0.35688647627830505,0.15542274713516235
61,hand_r,70.83942413330078,116.35356140136719,214.89163208007812,0.9122581481933594,0.1446269452571869,-0.37880441546440125,0.058097533881664276
61,head,-1.4951865673065186,1.6492260694503784,-2.92050838470459,0.0023721009492874146,0.015639202669262886,0.007304222323000431,0.9998482465744019
61,lowerarm_l,47.272705078125,74.28177642822266,16.679922103881836,0.1354028582572937,0.4438254237174988,-0.8777132034301758,0.11960219591856003
61,lowerarm_r,106.90034484863281,95.83624267578125,71.82994842529297,0.6196780204772949,-0.19105511903762817,-0.6654943227767944,0.36961400508880615
61,neck,-20.917896270751953,1.9848268032073975,-1.138293743133545,0.003736499696969986,0.07563921809196472,0.005752908531576395,0.9971116781234741
61,pelvis,4.722350120544434,0.6127920746803284,-2.5532186031341553,0.0017908025765791535,-0.029250765219330788,0.06094037741422653,0.9977111220359802
61,root,0.0,0.0,0.0,-2.1139658201718703e-07,-5.7790373375610216e-08,1.0658141036401503e-14,1.0
61,spine_01,-2.7650914192199707,-0.49395960569381714,-2.7138173580169678,-0.000971793953794986,0.008186259306967258,0.11584948003292084,0.9932326078414917
61,spine_02,-11.578872680664062,-4.167638301849365,-2.1810293197631836,-0.008711895905435085,0.046906035393476486,0.18236450850963593,0.9820728898048401
61,thigh_l,23.019088745117188,-1.6208293437957764,-0.07327285408973694,-0.006359784863889217,-0.12494487315416336,-0.027980394661426544,0.9917486906051636
61,thigh_r,23.46757698059082,1.5665239095687866,0.8410013914108276,0.005673122592270374,-0.14419391751289368,0.0270095132291317,0.9891645312309265
61,upperarm_l,62.15525817871094,-65.66593170166016,12.755328178405762,0.178239643573761,-0.0896921381354332,-0.9794470071792603,0.029490316286683083
61,upperarm_r,-114.03071594238281,88.70938873291016,66.10270690917969,0.034215010702610016,0.4491981863975525,-0.5268865823745728,0.7207224369049072
62,calf_l,-1.6957156658172607,0.1173265278339386,0.12910470366477966,0.0025600066874176264,0.13420362770557404,-0.042298510670661926,0.9900473356246948
62,calf_r,-1.2992758750915527,-0.12350374460220337,0.09950727969408035,-0.0032919037621468306,0.11496639251708984,0.04114203527569771,0.9925116300582886
62,clavicle_l,-26.109113693237305,-7.797703266143799,0.05153895914554596,-0.01165283378213644,0.09801346063613892,0.1854364275932312,0.9776865243911743
62,clavicle_r,-24.487791061401367,-11.838211059570312,0.05108029395341873,-0.025629742071032524,0.09530902653932571,0.19140739738941193,0.9765360355377197
62,foot_l,1.395424485206604,-0.09477890282869339,-0.020343687385320663,-0.0006479458534158766,4.2104606109205633e-05,-0.04564770683646202,0.9989573955535889
62,foot_r,1.4011049270629883,0.09092995524406433,-0.022243591025471687,0.0007422490161843598,9.09415612113662e-05,0.04583943262696266,0.9989485740661621
62,hand_l,110.18099975585938,27.382579803466797,211.5194549560547,0.8695906400680542,0.3033933937549591,-0.35385066270828247,0.16295543313026428
62,hand_r,67.84130859375,119.06712341308594,214.243896484375,0.912661075592041,0.14794665575027466,-0.3743191063404083,0.07104071229696274
62,head,-1.5594147443771362,1.682860016822815,-2.958059310913086,0.0023683947511017323,0.015654565766453743,0.007580461911857128,0.9998459219932556
62,lowerarm_l,45.77885818481445,77.05382537841797,18.129104614257812,0.13199806213378906,0.45302924513816833,-0.8727135062217712,0.12534815073013306
62,lowerarm_r,106.63738250732422,97.70662689208984,74.50410461425781,0.6288032531738281,-0.18879243731498718,-0.6570481061935425,0.3704749643802643
62,neck,-20.973705291748047,2.006709575653076,-1.1763930320739746,0.003712885081768036,0.07562849670648575,0.006028388161212206,0.9971109628677368
62,pelvis,4.67267370223999,0.6368207335472107,-2.5888025760650635,0.0018630531849339604,-0.02923397161066532,0.063296377658844,0.9975647926330566
62,root,0.0,0.0,0.0,-2.1139658201718703e-07,-5.7790373375610216e-08,1.0658141036401503e-14,1.0
62,spine_01,-2.8058555126190186,-0.5128637552261353,-2.7501046657562256,-0.0010099827777594328,0.008185266517102718,0.12021932750940323,0.9927131533622742
62,spine_02,-11.56418514251709,-4.3164167404174805,-2.218317985534668,-0.009034285321831703,0.04684128239750862,0.18913234770298004,0.9807921648025513
62,thigh_l,23.15913200378418,-1.6348168849945068,-0.07658246904611588,-0.006469415035098791,-0.12573693692684174,-0.0279220137745142,0.9916495084762573
62,thigh_r,23.61505126953125,1.5776177644729614,0.8784441351890564,0.005755041725933552,-0.14567701518535614,0.026917222887277603,0.9889492392539978
62,upperarm_l,62.87527847290039,-63.96132278442383,12.3817720413208,0.17862148582935333,-0.08523097634315491,-0.9795917272567749,0.0350753478705883
62,upperarm_r,-114.8761978149414,86.65433502197266,65.09711456298828,0.0341995470225811,0.44649696350097656,-0.517686665058136,0.729020893573761
63,calf_l,-1.7148027420043945,0.11864923685789108,0.13196854293346405,0.0025382053572684526,0.135153129696846,-0.04235392436385155,0.9899158477783203
63,calf_r,-1.303139328956604,-0.12522472441196442,0.10084826499223709,-0.0032962425611913204,0.11517952382564545,0.04115276038646698,0.9924864172935486
63,clavicle_l,-26.047080993652344,-8.127767562866211,0.016520638018846512,-0.012284552678465843,0.09793628007173538,0.1919085681438446,0.9764367341995239
63,clavicle_r,-24.368791580200195,-12.15601921081543,0.016132591292262077,-0.02627754770219326,0.09513378143310547,0.19787287712097168,0.9752463102340698
63,foot_l,1.396064043045044,-0.09426639974117279,-0.020406335592269897,-0.0006643739761784673,6.615039455937222e-05,-0.045674100518226624,0.9989562034606934
63,foot_r,1.4020740985870361,0.09016115218400955,-0.022366905584931374,0.0007664308068342507,0.00012371406774036586,0.04587939381599426,0.9989466667175293
63,hand_l,109.36802673339844,31.130958557128906,212.21351623535156,0.8644930720329285,0.31691452860832214,-0.3506677746772766,0.17102335393428802
63,hand_r,64.6992416381836,121.71430969238281,213.54617309570312,0.9128556251525879,0.15191712975502014,-0.36952152848243713,0.08408140391111374
63,head,-1.612452745437622,1.714776635169983,-2.9931068420410156,0.0023641916923224926,0.015646418556571007,0.007844936102628708,0.9998440146446228
63,lowerarm_l,44.35228729248047,79.70233154296875,19.607107162475586,0.12882071733474731,0.4620758891105652,-0.8676531910896301,0.130648672580719
63,lowerarm_r,106.38961791992188,99.38378143310547,77.0919418334961,0.6373928189277649,-0.186769500374794,-0.6491289138793945,0.3707820475101471
63,neck,-21.032093048095703,2.0290327072143555,-1.211082935333252,0.003695019520819187,0.07563667744398117,0.0062918346375226974,0.9971087574958801
63,pelvis,4.629448890686035,0.6593025922775269,-2.6250720024108887,0.0019280536798760295,-0.02923484705388546,0.06557516753673553,0.9974174499511719
63,root,0.0,0.0,0.0,-2.1139658201718703e-07,-5.7790373375610216e-08,1.0658141036401503e-14,1.0
63,spine_01,-2.842895984649658,-0.530441403388977,-2.78589129447937,-0.001044347882270813,0.008179130032658577,0.12442179769277573,0.992195188999176
63,spine_02,-11.548576354980469,-4.459230899810791,-2.2534608840942383,-0.009344786405563354,0.04678261652588844,0.19562530517578125,0.9795177578926086
63,thigh_l,23.307653427124023,-1.64544677734375,-0.07796690613031387,-0.006552970968186855,-0.12657086551189423,-0.027864830568432808,0.9915444850921631
63,thigh_r,23.773109436035156,1.585147500038147,0.9180842638015747,0.005810764618217945,-0.14719519019126892,0.02682633139193058,0.9887265563011169
63,upperarm_l,63.542057037353516,-62.46338653564453,12.078699111938477,0.17905044555664062,-0.08140766620635986,-0.9796473383903503,0.04006156325340271
63,upperarm_r,-115.55166625976562,84.81688690185547,64.11913299560547,0.03452758118510246,0.4438309073448181,-0.5091854333877563,0.7365815043449402
64,calf_l,-1.7333961725234985,0.11872168630361557,0.13403591513633728,0.00250649219378829,0.1360621452331543,-0.04240861162543297,0.9897891283035278
64,calf_r,-1.3071361780166626,-0.12550386786460876,0.10128482431173325,-0.0032886662520468235,0.11537741124629974,0.041163694113492966,0.9924631118774414
64,clavicle_l,-25.982227325439453,-8.445145606994629,-0.018004031851887703,-0.012899377383291721,0.09785933047533035,0.19807875156402588,0.9752035737037659
64,clavicle_r,-24.251373291015625,-12.4539794921875,-0.018562713637948036,-0.026882627978920937,0.09496398270130157,0.20403622090816498,0.9739755392074585
64,foot_l,1.39603590965271,-0.09412471950054169,-0.02009527198970318,-0.0006566444644704461,7.171433389885351e-05,-0.04567475616931915,0.9989562630653381
64,foot_r,1.4022821187973022,0.08980077505111694,-0.02206835150718689,0.0007615009089931846,0.00013369352382142097,0.04588954523205757,0.9989462494850159
64,hand_l,108.44526672363281,34.91279602050781,212.89710998535156,0.8591101765632629,0.3301916718482971,-0.3473591208457947,0.17956851422786713
64,hand_r,61.43006134033203,124.27740478515625,212.79428100585938,0.912821352481842,0.1565016508102417,-0.3644496202468872,0.09716513752937317
64,head,-1.664280891418457,1.744886875152588,-3.0276894569396973,0.002359723672270775,0.015643998980522156,0.008097765035927296,0.9998421669006348
64,lowerarm_l,43.010372161865234,82.22330474853516,21.108612060546875,0.12590397894382477,0.4709430932998657,-0.8625571131706238,0.1354842483997345
64,lowerarm_r,106.17532348632812,100.84925842285156,79.57252502441406,0.6453955769538879,-0.1850479394197464,-0.6418047547340393,0.3705517649650574
64,neck,-21.085912704467773,2.0498876571655273,-1.245558261871338,0.0036771446466445923,0.07564020901918411,0.006543807219713926,0.9971069693565369
64,pelvis,4.5881242752075195,0.6810579895973206,-2.660095691680908,0.0019917264580726624,-0.029230285435914993,0.06776181608438492,0.9972712993621826
64,root,0.0,0.0,0.0,-2.1139658201718703e-07,-5.7790373375610216e-08,1.0658141036401503e-14,1.0
64,spine_01,-2.8772692680358887,-0.5474123954772949,-2.820765972137451,-0.001077895169146359,0.008174649439752102,0.128438800573349,0.9916831851005554
64,spine_02,-11.530420303344727,-4.5947747230529785,-2.2881388664245605,-0.009640839882194996,0.04672325775027275,0.20181573927402496,0.9782609343528748
64,thigh_l,23.44745445251465,-1.6567752361297607,-0.08051276952028275,-0.006643449887633324,-0.12734796106815338,-0.02781001850962639,0.9914460182189941
64,thigh_r,23.921125411987305,1.5934056043624878,0.9550356268882751,0.005874110385775566,-0.1486235409975052,0.026738975197076797,0.9885148406028748
64,upperarm_l,64.16253662109375,-61.1804313659668,11.844684600830078,0.17954076826572418,-0.07823428511619568,-0.979628324508667,0.04441700875759125
64,upperarm_r,-116.07225799560547,83.210205078125,63.18363952636719,0.03517045080661774,0.4412465989589691,-0.501459538936615,0.7433726191520691
65,calf_l,-1.7515212297439575,0.11836034059524536,0.13582755625247955,0.0024713727179914713,0.13694380223751068,-0.042462315410375595,0.9896653294563293
65,calf_r,-1.3112534284591675,-0.1253037303686142,0.10145816206932068,-0.003276863368228078,0.11557792127132416,0.041175685822963715,0.9924392104148865
65,clavicle_l,-25.914722442626953,-8.745153427124023,-0.05185214802622795,-0.013483555056154728,0.09777946770191193,0.20392045378684998,0.9739989042282104
65,clavicle_r,-24.136016845703125,-12.733997344970703,-0.0523705780506134,-0.0274526234716177,0.09480138123035431,0.20987047255039215,0.9727350473403931
65,foot_l,1.3956388235092163,-0.09447909146547318,-0.020135892555117607,-0.0006586417439393699,7.141598325688392e-05,-0.045663025230169296,0.9989567995071411
65,foot_r,1.4021046161651611,0.09005998820066452,-0.022202443331480026,0.0007684148149564862,0.00013505836250260472,0.045884061604738235,0.998946487903595
65,hand_l,108.6090316772461,39.51126480102539,211.9049530029297,0.8472669720649719,0.3616686761379242,-0.34545668959617615,0.17886953055858612
65,hand_r,58.05166244506836,126.7398452758789,211.9840850830078,0.9125372171401978,0.16166383028030396,-0.35914862155914307,0.11024049669504166
65,head,-1.7131417989730835,1.7733229398727417,-3.0614852905273438,0.002355840289965272,0.015643494203686714,0.008337846025824547,0.9998401999473572
65,lowerarm_l,42.0402946472168,83.97449493408203,22.132915496826172,0.12376922369003296,0.4766557216644287,-0.8590966463088989,0.139404758810997
65,lowerarm_r,106.01365661621094,102.08592224121094,81.92646789550781,0.6527678370475769,-0.18369033932685852,-0.6351368427276611,0.3698016107082367
65,neck,-21.13542938232422,2.0693347454071045,-1.2793183326721191,0.003659921931102872,0.07564157247543335,0.0067832800559699535,0.9971053004264832
65,pelvis,4.549715518951416,0.7018862962722778,-2.6940107345581055,0.0020529981702566147,-0.029223836958408356,0.06984864920377731,0.99712735414505
65,root,0.0,0.0,0.0,-2.1139658201718703e-07,-5.7790373375610216e-08,1.0658141036401503e-14,1.0
65,spine_01,-2.9085230827331543,-0.5635725855827332,-2.854621410369873,-0.0011099206749349833,0.00817067176103592,0.1322522759437561,0.9911818504333496
65,spine_02,-11.510235786437988,-4.7224578857421875,-2.3219823837280273,-0.009920627810060978,0.046664703637361526,0.20767509937286377,0.977033793926239
65,thigh_l,23.581159591674805,-1.668076992034912,-0.0836605653166771,-0.006734639871865511,-0.12808287143707275,-0.02775728888809681,0.9913521409034729
65,thigh_r,24.062307357788086,1.6018614768981934,0.9898805022239685,0.005940006580203772,-0.1499779224395752,0.026655415073037148,0.9883121252059937
65,upperarm_l,64.73859405517578,-59.832298278808594,11.588151931762695,0.18005843460559845,-0.07472936809062958,-0.9796239733695984,0.04828406497836113
65,upperarm_r,-116.45187377929688,81.84540557861328,62.30348205566406,0.036102425307035446,0.4387853145599365,-0.4945831894874573,0.7493674755096436
66,calf_l,-1.7698969841003418,0.11795808374881744,0.13764500617980957,0.0024342879187315702,0.13783882558345795,-0.042516935616731644,0.9895387887954712
66,calf_r,-1.315630555152893,-0.12498961389064789,0.10155469924211502,-0.0032621556892991066,0.11578831076622009,0.041187942028045654,0.9924142360687256
66,clavicle_l,-25.841543197631836,-9.039831161499023,-0.08667883276939392,-0.01406008005142212,0.0976877510547638,0.20967847108840942,0.9727766513824463
66,clavicle_r,-24.01586151123047,-13.007621765136719,-0.08709506690502167,-0.02801213413476944,0.09462760388851166,0.21562126278877258,0.9714774489402771
66,foot_l,1.3952962160110474,-0.09473268687725067,-0.020026525482535362,-0.0006542244809679687,7.079690840328112e-05,-0.04565165936946869,0.9989572167396545
66,foot_r,1.40192449092865,0.09018248319625854,-0.022181924432516098,0.0007686650496907532,0.00013704974844586104,0.04587956890463829,0.9989466667175293
66,hand_l,107.41838073730469,43.41259765625,212.54205322265625,0.8409321904182434,0.37460485100746155,-0.3420998156070709,0.18834048509597778
66,hand_r,54.49374771118164,129.1351776123047,211.1095428466797,0.9119940996170044,0.16746777296066284,-0.3535149097442627,0.12348489463329315
66,head,-1.7608728408813477,1.800933837890625,-3.095686435699463,0.002351975766941905,0.01564091630280018,0.008573891595005989,0.9998381733894348
66,lowerarm_l,40.840484619140625,86.30646514892578,23.675731658935547,0.12127339839935303,0.4852953851222992,-0.8539188504219055,0.14354023337364197
66,lowerarm_r,105.8744888305664,103.16751098632812,84.2124252319336,0.6597496867179871,-0.18256568908691406,-0.6288772225379944,0.3686647117137909
66,neck,-21.183273315429688,2.0879645347595215,-1.3136625289916992,0.003642486874014139,0.07563920319080353,0.007018821779638529,0.9971038699150085
66,pelvis,4.512648105621338,0.7228668332099915,-2.7283072471618652,0.0021148710511624813,-0.02921725995838642,0.07194728404283524,0.9969781637191772
66,root,0.0,0.0,0.0,-2.1139658201718703e-07,-5.7790373375610216e-08,1.0658141036401503e-14,1.0
66,spine_01,-2.9373865127563477,-0.5794273018836975,-2.8888702392578125,-0.00114127725828439,0.008162276819348335,0.1360352635383606,0.9906697273254395
66,spine_02,-11.485841751098633,-4.847047328948975,-2.356445789337158,-0.010194890201091766,0.046595703810453415,0.21345089375972748,0.9757887125015259
66,thigh_l,23.7149600982666,-1.6794956922531128,-0.08743265271186829,-0.0068283118307590485,-0.12880851328372955,-0.02770448848605156,0.9912589192390442
66,thigh_r,24.203495025634766,1.610332727432251,1.0246645212173462,0.006007934920489788,-0.15132609009742737,0.026571227237582207,0.9881084561347961
66,upperarm_l,65.3028335571289,-58.92290496826172,11.471911430358887,0.18067942559719086,-0.07270102947950363,-0.9794917106628418,0.05163060128688812
66,upperarm_r,-116.74546813964844,80.63664245605469,61.4591064453125,0.03723057731986046,0.436404287815094,-0.4882340431213379,0.7548462152481079
67,calf_l,-1.7894396781921387,0.11808454245328903,0.13984635472297668,0.0023971807677298784,0.1387946456670761,-0.04257587343454361,0.9894026517868042
67,calf_r,-1.320256233215332,-0.12534278631210327,0.10195562988519669,-0.003249691566452384,0.11602074652910233,0.04120158031582832,0.9923866391181946
67,clavicle_l,-25.760114669799805,-9.33781909942627,-0.12366775423288345,-0.014639620669186115,0.0975760817527771,0.21560189127922058,0.9714836478233337
67,clavicle_r,-23.88377571105957,-13.288004875183105,-0.12416085600852966,-0.02859109453856945,0.09442649781703949,0.22153708338737488,0.9701482057571411
67,foot_l,1.3952815532684326,-0.09464526176452637,-0.019849253818392754,-0.0006533731357194483,7.697989349253476e-05,-0.04565439000725746,0.998957097530365
67,foot_r,1.4022316932678223,0.08986485004425049,-0.02208758518099785,0.0007721505244262516,0.0001476482575526461,0.0458918996155262,0.9989461302757263
67,hand_l,106.03987884521484,47.45846939086914,213.1630401611328,0.8340364098548889,0.3879261314868927,-0.3384639322757721,0.19833989441394806
67,hand_r,50.670440673828125,131.49168395996094,210.16761779785156,0.911176323890686,0.17401476204395294,-0.34739813208580017,0.13708072900772095
67,head,-1.8070608377456665,1.8287360668182373,-3.1311869621276855,0.0023486274294555187,0.015625856816768646,0.008817904628813267,0.999836266040802
67,lowerarm_l,39.62165451049805,88.62899017333984,25.28708839416504,0.11877209693193436,0.494050532579422,-0.8485333323478699,0.14764304459095
67,lowerarm_r,105.72219848632812,104.17457580566406,86.50581359863281,0.666616678237915,-0.18151511251926422,-0.6227391362190247,0.36724722385406494
67,neck,-21.23296356201172,2.1066763401031494,-1.349329948425293,0.00362577848136425,0.07563472539186478,0.007261842489242554,0.9971026182174683
67,pelvis,4.47529935836792,0.7449251413345337,-2.764618396759033,0.0021796098444610834,-0.029212353751063347,0.07416584342718124,0.9968156218528748
67,root,0.0,0.0,0.0,-2.1139658201718703e-07,-5.7790373375610216e-08,1.0658141036401503e-14,1.0
67,spine_01,-2.9647297859191895,-0.5953153371810913,-2.924978733062744,-0.0011719644535332918,0.00814484991133213,0.13996054232120514,0.99012291431427
67,spine_02,-11.455338478088379,-4.973021030426025,-2.3928046226501465,-0.010472833178937435,0.046506643295288086,0.21939274668693542,0.9744712710380554
67,thigh_l,23.856069564819336,-1.6910686492919922,-0.09176205098628998,-0.006925196386873722,-0.12956476211547852,-0.027649635449051857,0.9911612272262573
67,thigh_r,24.352855682373047,1.618691325187683,1.0615979433059692,0.006077277474105358,-0.15274347364902496,0.026483235880732536,0.9878922700881958
67,upperarm_l,65.87836456298828,-58.06195068359375,11.378904342651367,0.1813667267560959,-0.07085899263620377,-0.9793233275413513,0.054872673004865646
67,upperarm_r,-116.99309539794922,79.49896240234375,60.61997985839844,0.03850817307829857,0.4340231120586395,-0.4820577800273895,0.7601061463356018
68,calf_l,-1.8097572326660156,0.11765728890895844,0.1418483704328537,0.0023526230361312628,0.13978739082813263,-0.042637404054403305,0.9892604351043701
68,calf_r,-1.3250302076339722,-0.1251322478055954,0.10207851976156235,-0.003230984788388014,0.11625593155622482,0.0412161722779274,0.9923585057258606
68,clavicle_l,-25.668495178222656,-9.64148235321045,-0.16340085864067078,-0.015234178863465786,0.09744124859571457,0.22166353464126587,0.9701228737831116
68,clavicle_r,-23.741989135742188,-13.570168495178223,-0.16385388374328613,-0.02917403168976307,0.09420302510261536,0.22759108245372772,0.9687502384185791
68,foot_l,1.3949837684631348,-0.09482130408287048,-0.019651522859930992,-0.0006478054565377533,7.895632734289393e-05,-0.04564512148499489,0.9989575147628784
68,foot_r,1.4021923542022705,0.08984166383743286,-0.021959014236927032,0.0007711710059083998,0.00015371946210507303,0.045892197638750076,0.9989461302757263
68,hand_l,105.51681518554688,52.59455490112305,212.09695434570312,0.819101870059967,0.4195884168148041,-0.3366555869579315,0.19920065999031067
68,hand_r,47.96143341064453,134.36207580566406,207.54818725585938,0.9147059321403503,0.16259324550628662,-0.3341408669948578,0.15882809460163116
68,head,-1.8548578023910522,1.8561253547668457,-3.1683921813964844,0.0023440984077751637,0.015608725138008595,0.00906731840223074,0.9998343586921692
68,lowerarm_l,38.63529968261719,90.33613586425781,26.43083381652832,0.11667860299348831,0.5000178813934326,-0.8446617722511292,0.15137600898742676
68,lowerarm_r,105.58332061767578,104.83160400390625,88.12100219726562,0.6713243126869202,-0.18059197068214417,-0.6187434196472168,0.3658781945705414
68,neck,-21.282472610473633,2.125007390975952,-1.3870596885681152,0.003608300816267729,0.07562261074781418,0.007510674651712179,0.9971017241477966
68,pelvis,4.4372477531433105,0.7679645419120789,-2.802377939224243,0.002247161464765668,-0.029206005856394768,0.0764877125620842,0.996640145778656
68,root,0.0,0.0,0.0,-2.1139658201718703e-07,-5.7790373375610216e-08,1.0658141036401503e-14,1.0
68,spine_01,-2.990720272064209,-0.6114019751548767,-2.962672710418701,-0.0012030198704451323,0.008120439946651459,0.14400798082351685,0.9895424842834473
68,spine_02,-11.418817520141602,-5.099714756011963,-2.4312615394592285,-0.010753531940281391,0.04639853537082672,0.22547303140163422,0.9730846285820007
68,thigh_l,24.000761032104492,-1.7034752368927002,-0.09702868014574051,-0.007030839566141367,-0.13033077120780945,-0.02759278006851673,0.9910616278648376
68,thigh_r,24.50587272644043,1.6277540922164917,1.0997744798660278,0.0061543104238808155,-0.1541997343301773,0.02639159746468067,0.9876680970191956
68,upperarm_l,66.44844055175781,-56.966339111328125,11.220026016235352,0.18201451003551483,-0.0682494044303894,-0.9791905283927917,0.058299802243709564
68,upperarm_r,-117.00296020507812,79.01612854003906,59.93983840942383,0.040642376989126205,0.4320562779903412,-0.4783186912536621,0.7634702324867249
69,calf_l,-1.8306440114974976,0.11554157733917236,0.14299720525741577,0.002291337354108691,0.14078745245933533,-0.04270130768418312,0.9891158938407898
69,calf_r,-1.3297032117843628,-0.1228722408413887,0.10089210420846939,-0.003194482298567891,0.11646128445863724,0.041231412440538406,0.9923338890075684
69,clavicle_l,-25.564367294311523,-9.956413269042969,-0.2065073400735855,-0.015866197645664215,0.09728141129016876,0.2278394103050232,0.9686969518661499
69,clavicle_r,-23.594932556152344,-13.847131729125977,-0.20686578750610352,-0.02973666414618492,0.09396708011627197,0.23375554382801056,0.9672871232032776
69,foot_l,1.3936567306518555,-0.09579404443502426,-0.019279727712273598,-0.0006249360158108175,5.9109577705385163e-05,-0.04559753090143204,0.9989597201347351
69,foot_r,1.4009754657745361,0.09082760661840439,-0.021756090223789215,0.0007484649540856481,0.00012794283975381404,0.045845966786146164,0.998948335647583
69,hand_l,103.69446563720703,56.91803741455078,212.6587371826172,0.8106765747070312,0.4334815740585327,-0.33272117376327515,0.2102232575416565
69,hand_r,43.62542724609375,136.5831298828125,206.46685791015625,0.9133898615837097,0.17060838639736176,-0.3266919255256653,0.17287039756774902
69,head,-1.9091784954071045,1.8838971853256226,-3.2083749771118164,0.0023413158487528563,0.015604769811034203,0.009322685189545155,0.9998320937156677
69,lowerarm_l,37.412410736083984,92.63893127441406,28.172588348388672,0.11424779891967773,0.5089851021766663,-0.8389039039611816,0.15531225502490997
69,lowerarm_r,105.4483413696289,105.67855834960938,90.43708038330078,0.6779965162277222,-0.1797732412815094,-0.6128480434417725,0.3638951778411865
69,neck,-21.328227996826172,2.141550302505493,-1.4283299446105957,0.003585976082831621,0.07559208571910858,0.007765608374029398,0.9971021413803101
69,pelvis,4.397276401519775,0.7924172878265381,-2.840656042098999,0.002320832572877407,-0.029191400855779648,0.07889582216739655,0.9964526891708374
69,root,0.0,0.0,0.0,-2.1139658201718703e-07,-5.7790373375610216e-08,1.0658141036401503e-14,1.0
69,spine_01,-3.0158233642578125,-0.6279680728912354,-3.001648187637329,-0.0012356124352663755,0.008092698641121387,0.14815641939640045,0.9889301061630249
69,spine_02,-11.376020431518555,-5.226079940795898,-2.4723410606384277,-0.011034606955945492,0.04627088084816933,0.23166577517986298,0.9716317653656006
69,thigh_l,24.14351463317871,-1.7175588607788086,-0.10397692769765854,-0.007152978330850601,-0.13107550144195557,-0.02753414958715439,0.9909641742706299
69,thigh_r,24.655431747436523,1.6386059522628784,1.1374934911727905,0.00624807458370924,-0.1556483954191208,0.026298360899090767,0.987442672252655
69,upperarm_l,67.0366439819336,-56.194026947021484,11.167208671569824,0.18282781541347504,-0.06672167778015137,-0.9789659976959229,0.061219267547130585
69,upperarm_r,-117.14041137695312,78.05105590820312,59.09917449951172,0.04232951998710632,0.429625004529953,-0.4725758731365204,0.768311619758606
70,calf_l,-1.8526792526245117,0.11596768349409103,0.14564163982868195,0.0022460620384663343,0.14187085628509521,-0.04276849329471588,0.9889582991600037
70,calf_r,-1.3350833654403687,-0.12365231662988663,0.1015610322356224,-0.0031771990470588207,0.11673581600189209,0.04124753177165985,0.9923010468482971
70,clavicle_l,-25.45796012878418,-10.26113224029541,-0.2494666427373886,-0.016459926962852478,0.09711615741252899,0.23409821093082428,0.9672102332115173
70,clavicle_r,-23.432973861694336,-14.13569164276123,-0.24994122982025146,-0.030345169827342033,0.0937020480632782,0.24000586569309235,0.9657620191574097
70,foot_l,1.3938913345336914,-0.09551346302032471,-0.01920314133167267,-0.0006302812253125012,7.320586882997304e-05,-0.0456102192401886,0.9989591240882874
70,foot_r,1.4015611410140991,0.09024874120950699,-0.021677333861589432,0.0007610226748511195,0.00015112379333004355,0.04587240517139435,0.998947024345398
70,hand_l,101.64543151855469,61.34310531616211,213.17996215820312,0.8015801310539246,0.44767314195632935,-0.3285016119480133,0.22168615460395813
70,hand_r,39.03815841674805,138.70068359375,205.30467224121094,0.9117310643196106,0.17927919328212738,-0.318703293800354,0.18717283010482788
70,head,-1.954180359840393,1.9108433723449707,-3.247523307800293,0.0023365935776382685,0.015570493414998055,0.00958107691258192,0.9998302459716797
70,lowerarm_l,36.212730407714844,94.92120361328125,29.993358612060547,0.1119258776307106,0.5180274844169617,-0.8329558372497559,0.1590748131275177
70,lowerarm_r,105.32426452636719,106.44438171386719,92.77244567871094,0.684578537940979,-0.17905914783477783,-0.6070697903633118,0.36160263419151306
70,neck,-21.380050659179688,2.159756898880005,-1.4680147171020508,0.003569956636056304,0.0755784884095192,0.008023102767765522,0.9971012473106384
70,pelvis,4.359640598297119,0.8168400526046753,-2.881520986557007,0.0023919236846268177,-0.02918793447315693,0.08137910068035126,0.9962528944015503
70,root,0.0,0.0,0.0,-2.1139658201718703e-07,-5.7790373375610216e-08,1.0658141036401503e-14,1.0
70,spine_01,-3.03899884223938,-0.643894374370575,-3.0421078205108643,-0.0012653894955292344,0.00805627927184105,0.15238496661186218,0.9882875680923462
70,spine_02,-11.329771995544434,-5.353076934814453,-2.513551712036133,-0.011318295262753963,0.046135611832141876,0.23794272541999817,0.9701168537139893
70,thigh_l,24.298627853393555,-1.7301324605941772,-0.11023110896348953,-0.007264253683388233,-0.13188202679157257,-0.02747424505650997,0.9908580183982849
70,thigh_r,24.819963455200195,1.6473623514175415,1.1788901090621948,0.0063279662281274796,-0.15719722211360931,0.026200653985142708,0.9871993660926819
70,upperarm_l,67.62751007080078,-55.44207000732422,11.124860763549805,0.1837126761674881,-0.06524258852005005,-0.978729784488678,0.06388324499130249
70,upperarm_r,-117.20841217041016,77.18621063232422,58.25172805786133,0.04427815601229668,0.4271434247493744,-0.46706339716911316,0.772942304611206
71,calf_l,-1.8747906684875488,0.10925149917602539,0.14393553137779236,0.002143565332517028,0.14286111295223236,-0.042837973684072495,0.9888129234313965
71,calf_r,-1.3400545120239258,-0.11579758673906326,0.09648457914590836,-0.003096406813710928,0.1168675497174263,0.04126465693116188,0.9922850728034973
71,clavicle_l,-25.330543518066406,-10.592538833618164,-0.29826053977012634,-0.017153417691588402,0.09691274911165237,0.24042180180549622,0.9656661152839661
71,clavicle_r,-23.27756118774414,-14.399019241333008,-0.2985740900039673,-0.030862310901284218,0.09344752877950668,0.24630895256996155,0.9641820192337036
71,foot_l,1.3897817134857178,-0.09866578131914139,-0.018664471805095673,-0.0005550734931603074,-2.5862949769361876e-05,-0.04545750096440315,0.9989661574363708
71,foot_r,1.397173523902893,0.09386823326349258,-0.021564962342381477,0.0006743711419403553,1.441073982277885e-05,0.04569662734866142,0.9989551901817322
71,hand_l,100.24710845947266,66.94509887695312,211.9656524658203,0.7830223441123962,0.47946783900260925,-0.32685407996177673,0.2239486277103424
71,hand_r,34.2151985168457,140.68936157226562,204.05838012695312,0.9097093343734741,0.18853966891765594,-0.31016433238983154,0.2016923576593399
71,head,-2.015449285507202,1.9384562969207764,-3.291308879852295,0.0023350566625595093,0.015579809434711933,0.009842337109148502,0.9998275637626648
71,lowerarm_l,35.23979187011719,96.61414337158203,31.30548858642578,0.10996991395950317,0.5243000984191895,-0.8286187052726746,0.16250257194042206
71,lowerarm_r,105.21481323242188,107.12964630126953,95.12616729736328,0.6910660266876221,-0.17844916880130768,-0.6014105081558228,0.35901135206222534
71,neck,-21.42106819152832,2.17293119430542,-1.5142560005187988,0.0035390080884099007,0.0755251869559288,0.008284361101686954,0.997103214263916
71,pelvis,4.314002513885498,0.844301164150238,-2.920365333557129,0.0024809015449136496,-0.029145771637558937,0.08391258865594864,0.9960437417030334
71,root,0.0,0.0,0.0,-2.1139658201718703e-07,-5.7790373375610216e-08,1.0658141036401503e-14,1.0
71,spine_01,-3.0630106925964355,-0.6615735292434692,-3.083157539367676,-0.0013018352910876274,0.008027680218219757,0.15667316317558289,0.9876170754432678
71,spine_02,-11.276360511779785,-5.477234840393066,-2.559065818786621,-0.01159672997891903,0.045977648347616196,0.24427880346775055,0.9685450196266174
71,thigh_l,24.433162689208984,-1.7484182119369507,-0.12149657309055328,-0.007424971088767052,-0.1325628161430359,-0.02741340547800064,0.9907676577568054
71,thigh_r,24.956514358520508,1.6627734899520874,1.2134069204330444,0.006460988894104958,-0.15858547389507294,0.02610471285879612,0.9869789481163025
71,upperarm_l,68.19568634033203,-54.447113037109375,11.010576248168945,0.1844923496246338,-0.06297124177217484,-0.9785372018814087,0.06679996103048325
71,upperarm_r,-117.20303344726562,76.42779541015625,57.397605895996094,0.046506367623806,0.4246043860912323,-0.46179449558258057,0.7773635983467102
72,calf_l,-1.8977102041244507,0.11289317905902863,0.14890912175178528,0.0021160696633160114,0.14404882490634918,-0.042908936738967896,0.9886376857757568
72,calf_r,-1.3456593751907349,-0.12050492316484451,0.09990955889225006,-0.003100888105109334,0.11722815781831741,0.041282813996076584,0.9922417402267456
72,clavicle_l,-25.215478897094727,-10.887532234191895,-0.3423703610897064,-0.017716005444526672,0.0967339426279068,0.24676860868930817,0.9640715718269348
72,clavicle_r,-23.096712112426758,-14.695626258850098,-0.3426988124847412,-0.0315106064081192,0.09315107762813568,0.25265267491340637,0.9625469446182251
72,foot_l,1.3920403718948364,-0.0968158021569252,-0.018689263612031937,-0.0006011363002471626,5.32994708919432e-05,-0.045547034591436386,0.9989621043205261
72,foot_r,1.400151252746582,0.09142092615365982,-0.021440433338284492,0.0007389733218587935,0.00012689853610936552,0.04581964388489723,0.9989494681358337
72,hand_l,97.68269348144531,71.53911590576172,212.36322021484375,0.7721466422080994,0.49401676654815674,-0.32241249084472656,0.23619361221790314
72,hand_r,29.165189743041992,142.52853393554688,202.72018432617188,0.9072903990745544,0.19835935533046722,-0.3010694980621338,0.2164137214422226
72,head,-2.05645489692688,1.9645100831985474,-3.331601619720459,0.0023297255393117666,0.01553056575357914,0.010105909779667854,0.999825656414032
72,lowerarm_l,34.120243072509766,98.85314178466797,33.266807556152344,0.10794007778167725,0.5334392786026001,-0.8223678469657898,0.16583900153636932
72,lowerarm_r,105.12617492675781,107.73603057861328,97.50667572021484,0.6974815726280212,-0.17794384062290192,-0.5958535075187683,0.3561095595359802
72,neck,-21.474933624267578,2.191927909851074,-1.5546798706054688,0.003528042696416378,0.0755152627825737,0.008546640165150166,0.9971017837524414
72,pelvis,4.281708240509033,0.8682937622070312,-2.964508533477783,0.0025458165910094976,-0.029163984581828117,0.08649493753910065,0.9958220720291138
72,root,0.0,0.0,0.0,-2.1139658201718703e-07,-5.7790373375610216e-08,1.0658141036401503e-14,1.0
72,spine_01,-3.082338809967041,-0.6764196157455444,-3.1258761882781982,-0.0013277269899845123,0.00797802209854126,0.16100044548511505,0.9869211912155151
72,spine_02,-11.223165512084961,-5.60341215133667,-2.601456642150879,-0.011881561018526554,0.045828402042388916,0.2506469488143921,0.9669202566146851
72,thigh_l,24.603572845458984,-1.7589837312698364,-0.12670797109603882,-0.007524592336267233,-0.1334395855665207,-0.027350885793566704,0.9906508922576904
72,thigh_r,25.140169143676758,1.6688125133514404,1.2603265047073364,0.006526371464133263,-0.16025787591934204,0.02600179985165596,0.9867110848426819
72,upperarm_l,68.77893829345703,-53.71669387817383,10.979403495788574,0.1854957938194275,-0.061494745314121246,-0.9782974123954773,0.0688772052526474
72,upperarm_r,-117.11380767822266,75.78665161132812,56.528961181640625,0.04907006770372391,0.4219796657562256,-0.45677468180656433,0.7815895676612854
73,calf_l,-1.9210293292999268,0.11254004389047623,0.15136335790157318,0.0020560985431075096,0.14519189298152924,-0.0429820753633976,0.9884673357009888
73,calf_r,-1.3514883518218994,-0.12045525759458542,0.09997547417879105,-0.0030700406059622765,0.11751789599657059,0.04130125045776367,0.992206871509552
73,clavicle_l,-25.08854866027832,-11.19321346282959,-0.3893872797489166,-0.01832338608801365,0.09653700143098831,0.25312450528144836,0.9624307155609131
73,clavicle_r,-22.917367935180664,-14.977328300476074,-0.3897295296192169,-0.032110653817653656,0.09285911172628403,0.2589988112449646,0.9608672261238098
73,foot_l,1.3919259309768677,-0.09679221361875534,-0.018400710076093674,-0.000597580976318568,6.170499545987695e-05,-0.04554598778486252,0.9989621639251709
73,foot_r,1.4003509283065796,0.09110243618488312,-0.021221349015831947,0.00074042659252882,0.00014251649554353207,0.04583116993308067,0.9989489316940308
73,hand_l,94.87101745605469,76.17591857910156,212.68115234375,0.7604663968086243,0.5088019371032715,-0.3177410066127777,0.2487008422613144
73,hand_r,23.91347312927246,144.19198608398438,201.2896728515625,0.9044619202613831,0.2086518406867981,-0.29141882061958313,0.23127499222755432
73,head,-2.102999210357666,1.9905123710632324,-3.3739805221557617,0.002325562061741948,0.015497329644858837,0.010369323194026947,0.9998234510421753
73,lowerarm_l,33.069610595703125,101.05626678466797,35.30404281616211,0.10613308846950531,0.5425644516944885,-0.8159889578819275,0.1688835769891739
73,lowerarm_r,105.05802917480469,108.26717376708984,99.91027069091797,0.7038145661354065,-0.17753003537654877,-0.590402364730835,0.3529210090637207
73,neck,-21.524303436279297,2.2083334922790527,-1.5980243682861328,0.003510192735120654,0.07549042254686356,0.008809754624962807,0.9971014857292175
73,pelvis,4.244833469390869,0.8940531015396118,-3.0078470706939697,0.0026215810794383287,-0.02915763668715954,0.08909910172224045,0.995592474937439
73,root,0.0,0.0,0.0,-2.1139658201718703e-07,-5.7790373375610216e-08,1.0658141036401503e-14,1.0
73,spine_01,-3.1018457412719727,-0.692185640335083,-3.1690657138824463,-0.0013571616727858782,0.00793403945863247,0.1653459370136261,0.9862028360366821
73,spine_02,-11.165477752685547,-5.727230548858643,-2.646148204803467,-0.01216264721006155,0.045668333768844604,0.25702083110809326,0.9652495980262756
73,thigh_l,24.762685775756836,-1.7728177309036255,-0.13514387607574463,-0.007652603555470705,-0.13424527645111084,-0.027287758886814117,0.9905427694320679
73,thigh_r,25.3082275390625,1.678553819656372,1.3031432628631592,0.006621709559112787,-0.16183730959892273,0.02589946985244751,0.9864553213119507
73,upperarm_l,69.35218048095703,-52.966796875,10.943033218383789,0.18655407428741455,-0.059890419244766235,-0.97807377576828,0.07058626413345337
73,upperarm_r,-116.93885040283203,75.2660903930664,55.64829635620117,0.051976077258586884,0.4192672371864319,-0.45200803875923157,0.785622239112854
74,calf_l,-1.9445356130599976,0.11191212385892868,0.1536255180835724,0.001991397002711892,0.14634279906749725,-0.0430564284324646,0.9882944822311401
74,calf_r,-1.3574336767196655,-0.12002512812614441,0.09974388033151627,-0.0030338852666318417,0.11780988425016403,0.041321057826280594,0.9921714663505554
74,clavicle_l,-24.955888748168945,-11.497196197509766,-0.4372764229774475,-0.018932411447167397,0.09633339941501617,0.2594604790210724,0.9607506394386292
74,clavicle_r,-22.73328971862793,-15.25420093536377,-0.43773189187049866,-0.0327032208442688,0.09256049245595932,0.26532357931137085,0.9591488242149353
74,foot_l,1.3916765451431274,-0.09691011905670166,-0.01818949729204178,-0.0005924421711824834,6.504628254333511e-05,-0.045538563281297684,0.99896240234375
74,foot_r,1.4004093408584595,0.09100467711687088,-0.021097766235470772,0.0007411017431877553,0.0001501614460721612,0.045835163444280624,0.9989487528800964
74,hand_l,92.48703002929688,82.02757263183594,211.19595336914062,0.7378736734390259,0.5402716398239136,-0.3165450692176819,0.2518893778324127
74,hand_r,18.482818603515625,145.6585235595703,199.76345825195312,0.9012084603309631,0.21934260427951813,-0.2812120318412781,0.246235653758049
74,head,-2.1494650840759277,2.0161020755767822,-3.4171342849731445,0.002321614185348153,0.015465463511645794,0.010632955469191074,0.9998211860656738
74,lowerarm_l,32.21967697143555,102.69905090332031,36.78275680541992,0.10459563881158829,0.5489374995231628,-0.8113293647766113,0.17167408764362335
74,lowerarm_r,105.01018524169922,108.72933959960938,102.33882904052734,0.7100724577903748,-0.177190363407135,-0.5850446820259094,0.34946152567863464
74,neck,-21.572389602661133,2.224093198776245,-1.6422510147094727,0.003491763724014163,0.07546325773000717,0.009072571061551571,0.9971011877059937
74,pelvis,4.208471775054932,0.9199643731117249,-3.0516207218170166,0.002698145341128111,-0.02914954349398613,0.0917128250002861,0.9953551292419434
74,root,0.0,0.0,0.0,-2.1139658201718703e-07,-5.7790373375610216e-08,1.0658141036401503e-14,1.0
74,spine_01,-3.120198965072632,-0.7077977061271667,-3.2128453254699707,-0.0013863208005204797,0.007889692671597004,0.16968901455402374,0.9854652285575867
74,spine_02,-11.1051664352417,-5.849157333374023,-2.6915788650512695,-0.012440863996744156,0.045505233108997345,0.2633734941482544,0.9635397791862488
74,thigh_l,24.921567916870117,-1.7869653701782227,-0.14427262544631958,-0.007785317022353411,-0.13504323363304138,-0.02722499705851078,0.990435004234314
74,thigh_r,25.475454330444336,1.688571810722351,1.3458055257797241,0.006721810437738895,-0.1634080559015274,0.02579674869775772,0.986198365688324
74,upperarm_l,69.88410186767578,-51.96583938598633,10.828339576721191,0.1874234527349472,-0.057482507079839706,-0.9778980612754822,0.0726887509226799
74,upperarm_r,-116.6733169555664,74.87017822265625,54.7536506652832,0.05524982511997223,0.416453093290329,-0.447486937046051,0.789474368095398
75,calf_l,-1.9682095050811768,0.11069027334451675,0.1556548923254013,0.001920135342516005,0.14749442040920258,-0.04313180223107338,0.9881201386451721
75,calf_r,-1.3635282516479492,-0.11893980950117111,0.09916985780000687,-0.002990961307659745,0.1181027889251709,0.04134167358279228,0.9921359419822693
75,clavicle_l,-24.81805992126465,-11.799674987792969,-0.4858894646167755,-0.019545555114746094,0.0961262583732605,0.2657504677772522,0.9590383172035217
75,clavicle_r,-22.548049926757812,-15.524806022644043,-0.4863137900829315,-0.033282320946455,0.09226614236831665,0.27160194516181946,0.9573984742164612
75,foot_l,1.3910486698150635,-0.09727229177951813,-0.017872648313641548,-0.0005810623988509178,6.372614006977528e-05,-0.04552004858851433,0.9989632368087769
75,foot_r,1.400064468383789,0.09117133170366287,-0.020860277116298676,0.0007331279921345413,0.00015024343156255782,0.04582434892654419,0.9989492297172546
75,hand_l,89.13286590576172,86.69698333740234,211.29600524902344,0.7241037487983704,0.5552670359611511,-0.31187382340431213,0.2647394835948944
75,hand_r,14.38735580444336,147.53115844726562,196.6544647216797,0.902845561504364,0.21221698820590973,-0.26145023107528687,0.2673530876636505
75,head,-2.1968531608581543,2.0412871837615967,-3.4610986709594727,0.0023179659619927406,0.015439563430845737,0.010894767940044403,0.9998188614845276
75,lowerarm_l,31.33016014099121,104.82767486572266,38.939510345458984,0.10327551513910294,0.5579544305801392,-0.8048052191734314,0.1740964949131012
75,lowerarm_r,105.09410858154297,108.90413665771484,104.1341781616211,0.714451014995575,-0.17712832987308502,-0.5815795063972473,0.34633883833885193
75,neck,-21.618444442749023,2.2389698028564453,-1.687455177307129,0.003472008742392063,0.07543297111988068,0.009333823807537556,0.9971011877059937
75,pelvis,4.172823429107666,0.9459194540977478,-3.095579147338867,0.0027753671165555716,-0.029139507561922073,0.09431900084018707,0.9951116442680359
75,root,0.0,0.0,0.0,-2.1139658201718703e-07,-5.7790373375610216e-08,1.0658141036401503e-14,1.0
75,spine_01,-3.1376171112060547,-0.7234804630279541,-3.2569825649261475,-0.0014161770232021809,0.007847301661968231,0.17400972545146942,0.9847117066383362
75,spine_02,-11.042716026306152,-5.9689483642578125,-2.7376532554626465,-0.012715877033770084,0.04534163698554039,0.26968032121658325,0.961797833442688
75,thigh_l,25.078847885131836,-1.801628589630127,-0.15419018268585205,-0.007924030534923077,-0.13582609593868256,-0.027161099016666412,0.9903287291526794
75,thigh_r,25.640769958496094,1.6991254091262817,1.3879717588424683,0.006828066427260637,-0.16495998203754425,0.025693949311971664,0.9859418869018555
75,upperarm_l,70.4219741821289,-51.15318298339844,10.770735740661621,0.18854646384716034,-0.05552186444401741,-0.9777234196662903,0.07365095615386963
75,upperarm_r,-116.1089096069336,75.15945434570312,53.9451789855957,0.05971052125096321,0.4137377142906189,-0.4454599618911743,0.7917203903198242
76,calf_l,-1.9920427799224854,0.10999911278486252,0.15800045430660248,0.0018514083931222558,0.1486615687608719,-0.04320849850773811,0.9879420399665833
76,calf_r,-1.3699750900268555,-0.11845231056213379,0.09889751672744751,-0.002950522815808654,0.1184200644493103,0.041362982243299484,0.9920973181724548
76,clavicle_l,-24.678869247436523,-12.09352970123291,-0.5340241193771362,-0.020138410851359367,0.09592214226722717,0.27196812629699707,0.9573017954826355
76,clavicle_r,-22.358444213867188,-15.79312801361084,-0.5344002842903137,-0.03386616334319115,0.09196936339139938,0.27780893445014954,0.9556238651275635
76,foot_l,1.390755534172058,-0.097490593791008,-0.017757311463356018,-0.0005807345150969923,6.697047501802444e-05,-0.045511722564697266,0.9989636540412903
76,foot_r,1.400099754333496,0.09117364138364792,-0.020923808217048645,0.0007397808949463069,0.00015885790344327688,0.045827530324459076,0.9989491105079651
76,hand_l,86.02157592773438,92.59272766113281,209.52992248535156,0.6982918381690979,0.5861662030220032,-0.3113380968570709,0.2680790424346924
76,hand_r,8.686286926269531,148.5750732421875,194.947998046875,0.8988911509513855,0.22360388934612274,-0.249851793050766,0.2820816934108734
76,head,-2.2403738498687744,2.065889835357666,-3.504657745361328,0.002314128912985325,0.015407133847475052,0.011154372245073318,0.9998164176940918
76,lowerarm_l,30.595224380493164,106.41572570800781,40.49992752075195,0.10208408534526825,0.5642343759536743,-0.800068199634552,0.176378533244133
76,lowerarm_r,105.07933807373047,109.27407836914062,106.61031341552734,0.7205967307090759,-0.17683973908424377,-0.5763401985168457,0.3424909710884094
76,neck,-21.665193557739258,2.2541913986206055,-1.7319560050964355,0.003454855876043439,0.07541023194789886,0.009592212736606598,0.9971004724502563
76,pelvis,4.13885498046875,0.9714444875717163,-3.140169382095337,0.0028507960960268974,-0.02913106232881546,0.09690364450216293,0.9948633313179016
76,root,0.0,0.0,0.0,-2.1139658201718703e-07,-5.7790373375610216e-08,1.0658141036401503e-14,1.0
76,spine_01,-3.1537704467773438,-0.7386035323143005,-3.301471471786499,-0.0014441146049648523,0.007805457804352045,0.17828728258609772,0.9839465022087097
76,spine_02,-10.979358673095703,-6.086951732635498,-2.7834534645080566,-0.012988485395908356,0.0451827310025692,0.27591463923454285,0.9600317478179932
76,thigh_l,25.237760543823242,-1.8159782886505127,-0.1642521470785141,-0.008061259053647518,-0.13661348819732666,-0.027097566053271294,0.9902209639549255
76,thigh_r,25.808032989501953,1.7092154026031494,1.43038010597229,0.006932688876986504,-0.16651327908039093,0.025590695440769196,0.9856827259063721
76,upperarm_l,70.90653991699219,-50.081451416015625,10.631085395812988,0.1894068419933319,-0.052760712802410126,-0.9775925278663635,0.07519486546516418
76,upperarm_r,-115.65532684326172,75.0045394897461,53.01759719848633,0.06375596672296524,0.4106706976890564,-0.4413548707962036,0.795292854309082
77,calf_l,-2.0158884525299072,0.10903899371623993,0.16019144654273987,0.0017795072635635734,0.1498243361711502,-0.043285071849823,0.9877631664276123
77,calf_r,-1.37666654586792,-0.1176014319062233,0.09846708178520203,-0.0029058591462671757,0.11874456703662872,0.04138558357954025,0.992057740688324
77,clavicle_l,-24.538105010986328,-12.3829984664917,-0.5819310545921326,-0.020726893097162247,0.09572461247444153,0.27808839082717896,0.9555491209030151
77,clavicle_r,-22.168533325195312,-16.05435562133789,-0.5824683308601379,-0.03443709388375282,0.09167913347482681,0.28391820192337036,0.9538341164588928
77,foot_l,1.3903621435165405,-0.09765066206455231,-0.017449330538511276,-0.0005699852481484413,6.709725857945159e-05,-0.04549999535083771,0.998964250087738
77,foot_r,1.4000004529953003,0.09113394469022751,-0.02059379778802395,0.0007333637331612408,0.00016350449004676193,0.045826058834791183,0.9989491701126099
77,hand_l,82.47097778320312,98.48006439208984,207.57913208007812,0.6704078912734985,0.616455078125,-0.3113720715045929,0.2712634205818176
77,hand_r,2.8957643508911133,149.37338256835938,193.14288330078125,0.8944915533065796,0.2351560741662979,-0.23775164783000946,0.2967502176761627
77,head,-2.2835185527801514,2.0899343490600586,-3.548586368560791,0.0023102634586393833,0.015379715710878372,0.011410532519221306,0.999813973903656
77,lowerarm_l,29.8985538482666,107.977294921875,42.08599853515625,0.10100684314966202,0.5704452991485596,-0.7953278422355652,0.17844733595848083
77,lowerarm_r,105.07060241699219,109.60443878173828,109.10665130615234,0.7266707420349121,-0.17653252184391022,-0.5711632370948792,0.33846497535705566
77,neck,-21.710010528564453,2.2687923908233643,-1.7767548561096191,0.0034372860100120306,0.07538771629333496,0.009847823530435562,0.997099757194519
77,pelvis,4.10627555847168,0.9966483116149902,-3.184729814529419,0.0029255645349621773,-0.02912179008126259,0.09945052117109299,0.9946119785308838
77,root,0.0,0.0,0.0,-2.1139658201718703e-07,-5.7790373375610216e-08,1.0658141036401503e-14,1.0
77,spine_01,-3.1688992977142334,-0.7535622119903564,-3.3459722995758057,-0.0014718933962285519,0.007766761817038059,0.18250183761119843,0.9831738471984863
77,spine_02,-10.915220260620117,-6.202469348907471,-2.8293490409851074,-0.013256891630589962,0.04502912983298302,0.28205132484436035,0.9582503437995911
77,thigh_l,25.394699096679688,-1.8304206132888794,-0.17488574981689453,-0.008200692012906075,-0.1373852640390396,-0.027033934369683266,0.9901148676872253
77,thigh_r,25.973125457763672,1.7195539474487305,1.4720268249511719,0.00704062357544899,-0.16803938150405884,0.02548849955201149,0.985425591468811
77,upperarm_l,71.35994720458984,-48.95615005493164,10.473187446594238,0.19022276997566223,-0.04977107420563698,-0.9774857759475708,0.07654893398284912
77,upperarm_r,-115.10736846923828,74.97224426269531,52.08056640625,0.06818925589323044,0.40748804807662964,-0.43743467330932617,0.7987207174301147
78,calf_l,-2.03945255279541,0.10698114335536957,0.16181161999702454,0.0016982278320938349,0.15096253156661987,-0.04336174950003624,0.9875866770744324
78,calf_r,-1.3834452629089355,-0.11543478071689606,0.09717284888029099,-0.0028506158851087093,0.11905641853809357,0.041409049183130264,0.992019534111023
78,clavicle_l,-24.392356872558594,-12.671083450317383,-0.6303818225860596,-0.021325990557670593,0.0955258384346962,0.28408750891685486,0.953789472579956
78,clavicle_r,-21.982994079589844,-16.303916931152344,-0.6308209300041199,-0.034977447241544724,0.09140586107969284,0.2899032235145569,0.9520387053489685
78,foot_l,1.3892265558242798,-0.09845951199531555,-0.01714589260518551,-0.0005539191188290715,5.5559194152010605e-05,-0.04546229541301727,0.9989659190177917
78,foot_r,1.3990130424499512,0.0919143408536911,-0.02050483413040638,0.0007194290519692004,0.0001463424414396286,0.04579068720340729,0.9989508390426636
78,hand_l,78.29792022705078,103.02198791503906,207.17098999023438,0.6526803970336914,0.6316207051277161,-0.3074880540370941,0.28375115990638733
78,hand_r,-2.947490692138672,149.91529846191406,191.24241638183594,0.8896530866622925,0.24678586423397064,-0.22518199682235718,0.31129923462867737
78,head,-2.3296027183532715,2.1137266159057617,-3.59346866607666,0.002307148417457938,0.015368103049695492,0.011661314405500889,0.9998112916946411
78,lowerarm_l,29.2967529296875,109.95146179199219,44.33725357055664,0.10048786550760269,0.5789713859558105,-0.7888867855072021,0.1798664927482605
78,lowerarm_r,105.06055450439453,109.90691375732422,111.61859893798828,0.7326691746711731,-0.17616906762123108,-0.5660420060157776,0.33430057764053345
78,neck,-21.75034523010254,2.2815959453582764,-1.8228769302368164,0.003415131475776434,0.0753583014011383,0.010098220780491829,0.9970995187759399
78,pelvis,4.074469089508057,1.0217732191085815,-3.228580951690674,0.003001738339662552,-0.02910756878554821,0.10194210708141327,0.9943599104881287
78,root,0.0,0.0,0.0,-2.1139658201718703e-07,-5.7790373375610216e-08,1.0658141036401503e-14,1.0
78,spine_01,-3.183246374130249,-0.7689515948295593,-3.3903121948242188,-0.0015021832659840584,0.007734105922281742,0.18663252890110016,0.982398271560669
78,spine_02,-10.850472450256348,-6.31491231918335,-2.875685691833496,-0.013519784435629845,0.04488157480955124,0.2880644202232361,0.9564631581306458
78,thigh_l,25.546342849731445,-1.8456101417541504,-0.18641343712806702,-0.00834743957966566,-0.13812260329723358,-0.02697080560028553,0.9900127053260803
78,thigh_r,26.13130760192871,1.7307718992233276,1.5116162300109863,0.007156798150390387,-0.16950573027133942,0.025388352572917938,0.985176146030426
78,upperarm_l,71.81029510498047,-47.95811080932617,10.352436065673828,0.1913212537765503,-0.04693113639950752,-0.9774196147918701,0.07644979655742645
78,upperarm_r,-114.46781158447266,75.0578384399414,51.138641357421875,0.07299916446208954,0.40419498085975647,-0.43366992473602295,0.802014946937561
79,calf_l,-2.063032865524292,0.10647517442703247,0.16436553001403809,0.0016291142674162984,0.15212097764015198,-0.04343828931450844,0.9874055981636047
79,calf_r,-1.3907123804092407,-0.11519885063171387,0.09713859856128693,-0.0028083676006644964,0.11941929161548615,0.041433438658714294,0.9919751286506653
79,clavicle_l,-24.251279830932617,-12.944509506225586,-0.6767541170120239,-0.021885894238948822,0.09534511715173721,0.28993678092956543,0.9520331025123596
79,clavicle_r,-21.794252395629883,-16.552997589111328,-0.6771294474601746,-0.03553307056427002,0.09113633632659912,0.29574310779571533,0.9502461552619934
79,foot_l,1.389085292816162,-0.09847921133041382,-0.016947703436017036,-0.0005527326720766723,6.343514542095363e-05,-0.04546039178967476,0.9989659786224365
79,foot_r,1.399232268333435,0.09167443215847015,-0.020381340757012367,0.000724583922419697,0.00016223642160184681,0.0458017997443676,0.9989503026008606
79,hand_l,74.0174331665039,108.77053833007812,204.7659912109375,0.620864987373352,0.661262035369873,-0.30885154008865356,0.28612929582595825
79,hand_r,-8.80704402923584,150.1952362060547,189.24880981445312,0.884384036064148,0.2584105134010315,-0.21218232810497284,0.3256804347038269
79,head,-2.3680686950683594,2.1367969512939453,-3.636813163757324,0.002303303685039282,0.015343735925853252,0.011907480657100677,0.9998087286949158
79,lowerarm_l,28.719667434692383,111.41780853271484,45.93454360961914,0.09972838312387466,0.5848230123519897,-0.7842947840690613,0.1814335584640503
79,lowerarm_r,105.04148864746094,110.1934585571289,114.14241790771484,0.7385916709899902,-0.17571085691452026,-0.5609668493270874,0.3300369083881378
79,neck,-21.792890548706055,2.2962050437927246,-1.8666625022888184,0.0034000405576080084,0.07534632831811905,0.010343245230615139,0.9970980882644653
79,pelvis,4.046348571777344,1.0455197095870972,-3.2730519771575928,0.003071627812460065,-0.029101181775331497,0.10436689853668213,0.9941083788871765
79,root,0.0,0.0,0.0,-2.1139658201718703e-07,-5.7790373375610216e-08,1.0658141036401503e-14,1.0
79,spine_01,-3.1962194442749023,-0.783531904220581,-3.4345269203186035,-0.0015296752098947763,0.0077039399184286594,0.1906595677137375,0.9816248416900635
79,spine_02,-10.787096977233887,-6.425663948059082,-2.9205799102783203,-0.013780511915683746,0.044748883694410324,0.2939298450946808,0.9546794891357422
79,thigh_l,25.701194763183594,-1.8595466613769531,-0.19739559292793274,-0.008483613841235638,-0.1388753354549408,-0.02690873108804226,0.9899079203605652
79,thigh_r,26.294612884521484,1.7404987812042236,1.551985502243042,0.007262079976499081,-0.1709822714328766,0.025288613513112068,0.9849227666854858
79,upperarm_l,72.19217681884766,-46.694576263427734,10.149374008178711,0.19202487170696259,-0.04335492104291916,-0.9773730039596558,0.07738760858774185
79,upperarm_r,-113.73983764648438,75.2561264038086,50.19624710083008,0.07817525416612625,0.4007972180843353,-0.4300278127193451,0.8051871657371521
80,calf_l,-2.08617901802063,0.10506659746170044,0.16637933254241943,0.0015532177640125155,0.15324826538562775,-0.043513908982276917,0.9872280955314636
80,calf_r,-1.3981623649597168,-0.11383651196956635,0.0964084193110466,-0.002757551847025752,0.11977449804544449,0.04145870730280876,0.9919313192367554
80,clavicle_l,-24.109376907348633,-13.21448802947998,-0.7227033376693726,-0.022449642419815063,0.09517502784729004,0.2956137955188751,0.9502895474433899
80,clavicle_r,-21.611352920532227,-16.789752960205078,-0.7231730222702026,-0.03605800122022629,0.09088722616434097,0.3014080226421356,0.9484686255455017
80,foot_l,1.3884185552597046,-0.09885535389184952,-0.0165829136967659,-0.0005383252282626927,5.937780224485323e-05,-0.04543856158852577,0.9989669919013977
80,foot_r,1.3988481760025024,0.09189627319574356,-0.02006750926375389,0.0007129876757971942,0.00015800738765392452,0.04578782245516777,0.9989509582519531
80,hand_l,69.28630828857422,114.41033935546875,202.0640869140625,0.5864052176475525,0.6902930736541748,-0.3112490773200989,0.28766030073165894
80,hand_r,-13.071867942810059,150.94229125976562,185.82521057128906,0.8845528364181519,0.25236746668815613,-0.18813040852546692,0.3442149758338928
80,head,-2.408400058746338,2.159543991088867,-3.680694103240967,0.002299905987456441,0.01533491536974907,0.012145694345235825,0.9998059868812561
80,lowerarm_l,28.157562255859375,112.83565521240234,47.51394271850586,0.09899827837944031,0.5904728770256042,-0.7798122763633728,0.18284957110881805
80,lowerarm_r,105.12165069580078,110.3692398071289,116.05794525146484,0.7428820729255676,-0.1752077043056488,-0.5574455857276917,0.32662346959114075
80,neck,-21.830854415893555,2.309217691421509,-1.9112110137939453,0.003380859037861228,0.07533015310764313,0.010581465438008308,0.9970967769622803
80,pelvis,4.019580841064453,1.0688347816467285,-3.316563367843628,0.003141658380627632,-0.029090454801917076,0.10670517385005951,0.993860125541687
80,root,0.0,0.0,0.0,-2.1139658201718703e-07,-5.7790373375610216e-08,1.0658141036401503e-14,1.0
80,spine_01,-3.208433151245117,-0.7981895208358765,-3.478240966796875,-0.0015580921899527311,0.007681409362703562,0.194563090801239,0.9808587431907654
80,spine_02,-10.724462509155273,-6.533215045928955,-2.9653429985046387,-0.014035098254680634,0.044627923518419266,0.29962167143821716,0.9529104232788086
80,thigh_l,25.850099563598633,-1.8739042282104492,-0.209079310297966,-0.008623970672488213,-0.13959144055843353,-0.026847366243600845,0.989807665348053
80,thigh_r,26.450515747070312,1.750935435295105,1.5898979902267456,0.007373351138085127,-0.1723891794681549,0.025191601365804672,0.9846792221069336
80,upperarm_l,72.53271484375,-45.352684020996094,9.922523498535156,0.19262443482875824,-0.0394844226539135,-0.9773474335670471,0.07828791439533234
80,upperarm_r,-112.69524383544922,76.0565185546875,49.30794906616211,0.08456851541996002,0.3972926139831543,-0.42849287390708923,0.8070939779281616
81,calf_l,-2.1090197563171387,0.10358267277479172,0.16841967403888702,0.0014779703924432397,0.15435977280139923,-0.043588947504758835,0.9870516061782837
81,calf_r,-1.4060282707214355,-0.11232791095972061,0.095646433532238,-0.0027057870756834745,0.1201479434967041,0.04148544371128082,0.9918851256370544
81,clavicle_l,-23.96966552734375,-13.475235939025879,-0.7672678828239441,-0.022997722029685974,0.09502014517784119,0.30109351873397827,0.9485700130462646
81,clavicle_r,-21.432939529418945,-17.01861000061035,-0.767620861530304,-0.03656976297497749,0.09065861999988556,0.30687516927719116,0.9467160701751709
81,foot_l,1.3876354694366455,-0.09949780255556107,-0.016449928283691406,-0.0005326970713213086,5.465666254167445e-05,-0.04541275277733803,0.9989681839942932
81,foot_r,1.3981895446777344,0.0924752801656723,-0.02016526646912098,0.0007126741111278534,0.00015162286581471562,0.045766253024339676,0.9989519119262695
81,hand_l,64.33425903320312,118.66785430908203,200.79808044433594,0.5628125667572021,0.7061941027641296,-0.30961331725120544,0.2977775037288666
81,hand_r,-18.84145736694336,150.7364501953125,183.68658447265625,0.8786764740943909,0.263869047164917,-0.17413564026355743,0.35773950815200806
81,head,-2.446289300918579,2.1818318367004395,-3.7239789962768555,0.0022963460069149733,0.015331038273870945,0.012376771308481693,0.9998032450675964
81,lowerarm_l,27.806598663330078,114.5753402709961,49.6867790222168,0.099092036485672,0.5979740023612976,-0.7739267349243164,0.18342678248882294
81,lowerarm_r,105.04866027832031,110.6952896118164,118.5841293334961,0.7486681938171387,-0.17437618970870972,-0.5524006485939026,0.32240092754364014
81,neck,-21.867013931274414,2.3223795890808105,-1.9548773765563965,0.0033629105892032385,0.07532093673944473,0.010811756365001202,0.9970951080322266
81,pelvis,3.9952549934387207,1.0912061929702759,-3.3595263957977295,0.0032092060428112745,-0.029079437255859375,0.10894312709569931,0.9936174750328064
81,root,0.0,0.0,0.0,-2.1139658201718703e-07,-5.7790373375610216e-08,1.0658141036401503e-14,1.0
81,spine_01,-3.2197442054748535,-0.8129183053970337,-3.52136492729187,-0.0015875156968832016,0.007666554301977158,0.19832240045070648,0.9801055788993835
81,spine_02,-10.663825035095215,-6.6381635665893555,-3.009152412414551,-0.014284967444837093,0.04452437162399292,0.3051152527332306,0.9511668086051941
81,thigh_l,25.99594497680664,-1.888131856918335,-0.2209809124469757,-0.00876253005117178,-0.1402883380651474,-0.026787513867020607,0.9897094964981079
81,thigh_r,26.603248596191406,1.761359691619873,1.6261670589447021,0.007484070956707001,-0.17374882102012634,0.025097429752349854,0.9844416975975037
81,upperarm_l,72.86329650878906,-44.07781982421875,9.717970848083496,0.19350697100162506,-0.03550457954406738,-0.9773824214935303,0.07757632434368134
81,upperarm_r,-111.8154067993164,76.43110656738281,48.38129425048828,0.09036339819431305,0.39371204376220703,-0.4249098300933838,0.8101091980934143
82,calf_l,-2.1315348148345947,0.10320790112018585,0.17099617421627045,0.0014128717593848705,0.15546755492687225,-0.04366307705640793,0.9868746399879456
82,calf_r,-1.414335012435913,-0.11218858510255814,0.09577427804470062,-0.0026643306482583284,0.12056224048137665,0.04151225835084915,0.9918338656425476
82,clavicle_l,-23.837373733520508,-13.7221040725708,-0.8092753887176514,-0.023511800915002823,0.0948924571275711,0.3063482344150543,0.9468861818313599
82,clavicle_r,-21.25697898864746,-17.242828369140625,-0.8097012639045715,-0.037082429975271225,0.09044717252254486,0.3121221661567688,0.9449995756149292
82,foot_l,1.3875868320465088,-0.09936010837554932,-0.016194161027669907,-0.0005278505268506706,6.187627877807245e-05,-0.04541396349668503,0.9989681243896484
82,foot_r,1.398557186126709,0.09209977090358734,-0.01988868974149227,0.0007131739985197783,0.0001671438803896308,0.04578116163611412,0.998951256275177
82,hand_l,58.81984329223633,124.0479965209961,197.31825256347656,0.5222591757774353,0.7350643873214722,-0.3147314786911011,0.29642850160598755
82,hand_r,-24.508451461791992,150.28009033203125,181.4772491455078,0.8724462389945984,0.2751160264015198,-0.1598895937204361,0.37092334032058716
82,head,-2.4782679080963135,2.2036633491516113,-3.7657856941223145,0.00229255179874599,0.015323517844080925,0.012598392553627491,0.9998006224632263
82,lowerarm_l,27.25972557067871,115.84290313720703,51.14785385131836,0.09834029525518417,0.6029359102249146,-0.7698805928230286,0.18461190164089203
82,lowerarm_r,104.94046020507812,111.04170989990234,121.1009521484375,0.7543582320213318,-0.17333562672138214,-0.547393262386322,0.3182123601436615
82,neck,-21.903078079223633,2.336641788482666,-1.9965529441833496,0.0033491638023406267,0.07532598078250885,0.011032727546989918,0.9970923066139221
82,pelvis,3.974797248840332,1.11188542842865,-3.4023165702819824,0.0032700065057724714,-0.029073625802993774,0.11106617748737335,0.9933822751045227
82,root,0.0,0.0,0.0,-2.1139658201718703e-07,-5.7790373375610216e-08,1.0658141036401503e-14,1.0
82,spine_01,-3.2298903465270996,-0.8270503282546997,-3.5638034343719482,-0.0016149968141689897,0.00765826553106308,0.2019173502922058,0.9793713092803955
82,spine_02,-10.606230735778809,-6.7411580085754395,-3.0511975288391113,-0.014531642198562622,0.04444291442632675,0.31038567423820496,0.9494600892066956
82,thigh_l,26.141315460205078,-1.9012209177017212,-0.23242905735969543,-0.008890689350664616,-0.1409812718629837,-0.026729512959718704,0.9896114468574524
82,thigh_r,26.75691795349121,1.7705764770507812,1.6618428230285645,0.007585061248391867,-0.17508278787136078,0.025005236268043518,0.9842069149017334
82,upperarm_l,73.11380767822266,-42.56037902832031,9.442071914672852,0.1938411444425583,-0.031010139733552933,-0.9773882031440735,0.07858961820602417
82,upperarm_r,-110.87226867675781,76.88843536376953,47.476078033447266,0.09641999751329422,0.3900828957557678,-0.4213365316390991,0.8130277395248413
83,calf_l,-2.153411388397217,0.10183396190404892,0.17305923998355865,0.0013422532938420773,0.15653327107429504,-0.04373524338006973,0.986703097820282
83,calf_r,-1.4229909181594849,-0.11080491542816162,0.0951986089348793,-0.0026152990758419037,0.12097377330064774,0.04154074192047119,0.9917827248573303
83,clavicle_l,-23.706472396850586,-13.963459014892578,-0.8501041531562805,-0.02402629144489765,0.09478075802326202,0.31135880947113037,0.9452486634254456
83,clavicle_r,-21.09157371520996,-17.453346252441406,-0.8504955172538757,-0.037559669464826584,0.09026867896318436,0.31712186336517334,0.9433316588401794
83,foot_l,1.386873722076416,-0.09982302039861679,-0.01595417782664299,-0.0005160092259757221,5.688665260095149e-05,-0.04539091885089874,0.9989691972732544
83,foot_r,1.3979705572128296,0.0924796313047409,-0.019742483273148537,0.0007034856826066971,0.00016072952712420374,0.045761656016111374,0.9989521503448486
83,hand_l,52.7353401184082,129.2552490234375,193.3082275390625,0.477094441652298,0.7636651992797852,-0.3219033181667328,0.29253140091896057
83,hand_r,-28.400367736816406,150.39515686035156,177.99005126953125,0.8718686103820801,0.2688058912754059,-0.13388581573963165,0.38686326146125793
83,head,-2.511380195617676,2.2255144119262695,-3.807556629180908,0.002289707539603114,0.01533390861004591,0.012810548767447472,0.9997977614402771
83,lowerarm_l,26.61679458618164,117.03596496582031,52.521728515625,0.09729428589344025,0.6075663566589355,-0.7660534977912903,0.18590079247951508
83,lowerarm_r,104.891845703125,111.39824676513672,123.0361557006836,0.758592963218689,-0.1719987392425537,-0.5437095165252686,0.31517189741134644
83,neck,-21.934160232543945,2.3497867584228516,-2.0381927490234375,0.00333208660595119,0.0753302350640297,0.011244343593716621,0.997089684009552
83,pelvis,3.9563305377960205,1.1318055391311646,-3.4436285495758057,0.0033304193057119846,-0.02906317263841629,0.1130567118525505,0.9931579232215881
83,root,0.0,0.0,0.0,-2.1139658201718703e-07,-5.7790373375610216e-08,1.0658141036401503e-14,1.0
83,spine_01,-3.239413261413574,-0.8416427969932556,-3.6052465438842773,-0.0016450838884338737,0.007661455776542425,0.20532885193824768,0.9786617755889893
83,spine_02,-10.55128288269043,-6.840972423553467,-3.0924558639526367,-0.014771976508200169,0.04438150301575661,0.31540942192077637,0.9478023052215576
83,thigh_l,26.279359817504883,-1.9147452116012573,-0.24447208642959595,-0.009021325036883354,-0.14163167774677277,-0.02667279541492462,0.9895190000534058
83,thigh_r,26.90167999267578,1.7807055711746216,1.6940861940383911,0.007691327482461929,-0.1763273924589157,0.02491767331957817,0.9839861989021301
83,upperarm_l,73.31289672851562,-40.957157135009766,9.144267082214355,0.19396936893463135,-0.026278788223862648,-0.9773873090744019,0.07999616116285324
83,upperarm_r,-109.61458587646484,77.87776947021484,46.61698532104492,0.10365382581949234,0.38625821471214294,-0.419538289308548,0.814891517162323
84,calf_l,-2.174690008163452,0.09980180859565735,0.17477738857269287,0.001269719796255231,0.1575579196214676,-0.04380510374903679,0.9865368604660034
84,calf_r,-1.432022213935852,-0.10842904448509216,0.09406476467847824,-0.0025608239229768515,0.12138958275318146,0.04157012328505516,0.991730809211731
84,clavicle_l,-23.580005645751953,-14.197487831115723,-0.8891541361808777,-0.024534285068511963,0.09469293057918549,0.31609803438186646,0.9436702132225037
84,clavicle_r,-20.93747329711914,-17.651580810546875,-0.8895471692085266,-0.038006700575351715,0.09012613445520401,0.32184892892837524,0.9417250156402588
84,foot_l,1.3856762647628784,-0.1006271243095398,-0.015519517473876476,-0.0004957462078891695,4.2604049667716026e-05,-0.04535107687115669,0.9989709854125977
84,foot_r,1.3968210220336914,0.09335952252149582,-0.019567368552088737,0.0006824868032708764,0.00013601219689007849,0.0457187220454216,0.9989541172981262
84,hand_l,45.9390983581543,134.2591552734375,188.6355438232422,0.42581868171691895,0.7921257019042969,-0.3317253589630127,0.28490984439849854
84,hand_r,-33.745689392089844,149.5260772705078,175.6988067626953,0.8652356266975403,0.2794605791568756,-0.11911311745643616,0.39884984493255615
84,head,-2.5445780754089355,2.247163772583008,-3.849005699157715,0.0022870495449751616,0.015360596589744091,0.01301062572747469,0.9997947812080383
84,lowerarm_l,25.793987274169922,118.15058898925781,53.78966522216797,0.09572800993919373,0.6118691563606262,-0.7624363303184509,0.1874651312828064
84,lowerarm_r,104.67985534667969,111.84830474853516,125.5079116821289,0.7640945911407471,-0.170386403799057,-0.5387367010116577,0.3112727403640747
84,neck,-21.960657119750977,2.36217999458313,-2.079439163208008,0.0033125896006822586,0.0753365308046341,0.01144404150545597,0.9970870018005371
84,pelvis,3.9403536319732666,1.1506015062332153,-3.4834742546081543,0.003388660494238138,-0.02904929593205452,0.11489932984113693,0.9929465055465698
84,root,0.0,0.0,0.0,-2.1139658201718703e-07,-5.7790373375610216e-08,1.0658141036401503e-14,1.0
84,spine_01,-3.248279094696045,-0.8565096855163574,-3.645479679107666,-0.0016768744681030512,0.007676554378122091,0.20853573083877563,0.9779832363128662
84,spine_02,-10.499918937683105,-6.937847137451172,-3.1325578689575195,-0.015006174333393574,0.044343989342451096,0.3201613426208496,0.9462056756019592
84,thigh_l,26.410415649414062,-1.9284334182739258,-0.2568581998348236,-0.009151400998234749,-0.14224214851856232,-0.026618752628564835,0.989431619644165
84,thigh_r,27.038284301757812,1.7913341522216797,1.7229841947555542,0.007799426093697548,-0.17748387157917023,0.024834318086504936,0.9837794303894043
84,upperarm_l,73.45399475097656,-39.26741027832031,8.824528694152832,0.1938323825597763,-0.021360082551836967,-0.9773631691932678,0.08206190913915634
84,upperarm_r,-108.58556365966797,78.44275665283203,45.77669143676758,0.11006011068820953,0.38259851932525635,-0.4158019721508026,0.8176881670951843
85,calf_l,-2.1954505443573,0.10025808215141296,0.1778884381055832,0.0012204593513160944,0.15859076380729675,-0.04387223720550537,0.9863685369491577
85,calf_r,-1.4417176246643066,-0.10948160290718079,0.09525995701551437,-0.0025328074116259813,0.1218847706913948,0.041600488126277924,0.9916688799858093
85,clavicle_l,-23.46824836730957,-14.410259246826172,-0.9238031506538391,-0.024982260540127754,0.09464730322360992,0.3205394446849823,0.9421635866165161
85,clavicle_r,-20.78508186340332,-17.849416732788086,-0.9242478609085083,-0.038473986089229584,0.09000210464000702,0.32628530263900757,0.9401900768280029
85,foot_l,1.3860547542572021,-0.10027094185352325,-0.01546158641576767,-0.0005031118635088205,6.0347254475345835e-05,-0.04536740481853485,0.9989702701568604
85,foot_r,1.397656798362732,0.09257751703262329,-0.019395051524043083,0.0006977156735956669,0.00016961245273705572,0.04575404152274132,0.9989525079727173
85,hand_l,39.200862884521484,138.10772705078125,184.83985900878906,0.38209304213523865,0.8118956089019775,-0.33928361535072327,0.28234219551086426
85,hand_r,-38.877288818359375,148.46209716796875,173.3741455078125,0.8583877682685852,0.28963813185691833,-0.10434409976005554,0.4103566110134125
85,head,-2.566551923751831,2.2682647705078125,-3.887462615966797,0.0022830383386462927,0.01537288911640644,0.013199316337704659,0.9997920989990234
85,lowerarm_l,25.149354934692383,119.426025390625,55.41067886352539,0.09478259086608887,0.6171713471412659,-0.7580410838127136,0.18838655948638916
85,lowerarm_r,104.41671752929688,112.33980560302734,127.94630432128906,0.7694724798202515,-0.16850979626178741,-0.5338122248649597,0.3075079321861267
85,neck,-21.989749908447266,2.377694606781006,-2.116537094116211,0.0033028479665517807,0.07537095993757248,0.01163187064230442,0.9970822334289551
85,pelvis,3.9308130741119385,1.166519284248352,-3.5233378410339355,0.0034340943675488234,-0.029049161821603775,0.11658204346895218,0.9927502274513245
85,root,0.0,0.0,0.0,-2.1139658201718703e-07,-5.7790373375610216e-08,1.0658141036401503e-14,1.0
85,spine_01,-3.255750894546509,-0.870538592338562,-3.684663772583008,-0.0017058495432138443,0.007699524983763695,0.2115200161933899,0.9773418307304382
85,spine_02,-10.454071044921875,-7.033723831176758,-3.1694769859313965,-0.015239285305142403,0.044339727610349655,0.3246181011199951,0.9446824193000793
85,thigh_l,26.544063568115234,-1.9397029876708984,-0.2678109407424927,-0.009258571080863476,-0.1428678333759308,-0.026566699147224426,0.9893418550491333
85,thigh_r,27.18128776550293,1.7991909980773926,1.752348780632019,0.00788386631757021,-0.17863714694976807,0.02475503645837307,0.9835720658302307
85,upperarm_l,73.57459259033203,-37.60326385498047,8.52079963684082,0.19385433197021484,-0.01627928949892521,-0.9773759245872498,0.0830172523856163
85,upperarm_r,-107.52897644042969,79.05607604980469,44.97944641113281,0.1165798157453537,0.37896981835365295,-0.41199153661727905,0.8203986883163452
86,calf_l,-2.215242385864258,0.09891658276319504,0.1799364984035492,0.0011614341055974364,0.1595548689365387,-0.04393748566508293,0.9862102270126343
86,calf_r,-1.4517244100570679,-0.10794901847839355,0.09486482292413712,-0.0024892929941415787,0.12235942482948303,0.04163196310400963,0.9916092157363892
86,clavicle_l,-23.359344482421875,-14.619718551635742,-0.9570398330688477,-0.02544114738702774,0.09462407231330872,0.32466429471969604,0.9407402276992798
86,clavicle_r,-20.650833129882812,-18.029367446899414,-0.9574491381645203,-0.038887910544872284,0.08992855995893478,0.33040115237236023,0.9387415647506714
86,foot_l,1.385294795036316,-0.10077403485774994,-0.015099936164915562,-0.0004867210809607059,5.213567055761814e-05,-0.045340996235609055,0.9989714622497559
86,foot_r,1.396929144859314,0.09305551648139954,-0.01910729706287384,0.0006795821245759726,0.0001568882871652022,0.04572761803865433,0.9989538192749023
86,hand_l,30.23194694519043,142.63365173339844,178.20840454101562,0.31059375405311584,0.841265082359314,-0.3572172224521637,0.26115208864212036
86,hand_r,-42.08186721801758,148.1334686279297,169.95228576660156,0.8574081063270569,0.28241580724716187,-0.07733090221881866,0.42321693897247314
86,head,-2.59224271774292,2.2895379066467285,-3.9261460304260254,0.0022801407612860203,0.01541479304432869,0.013374578207731247,0.9997891783714294
86,lowerarm_l,23.57168197631836,120.36198425292969,56.400089263916016,0.0911196619272232,0.6208573579788208,-0.7547467350959778,0.19128714501857758
86,lowerarm_r,104.17430114746094,112.94657135009766,129.83030700683594,0.773554801940918,-0.16612450778484344,-0.5300062298774719,0.3051380217075348
86,neck,-22.010963439941406,2.3914036750793457,-2.1541595458984375,0.003286890685558319,0.07539945095777512,0.011806645430624485,0.9970781207084656
86,pelvis,3.9229447841644287,1.1817249059677124,-3.5607874393463135,0.0034809024073183537,-0.0290396586060524,0.11808379739522934,0.9925729036331177
86,root,0.0,0.0,0.0,-2.1139658201718703e-07,-5.7790373375610216e-08,1.0658141036401503e-14,1.0
86,spine_01,-3.262878179550171,-0.8853626251220703,-3.722250461578369,-0.0017386466497555375,0.0077384402975440025,0.21426033973693848,0.9767444133758545
86,spine_02,-10.412612915039062,-7.126077175140381,-3.2054781913757324,-0.015464188531041145,0.04436241835355759,0.3287552297115326,0.9432459473609924
86,thigh_l,26.66623878479004,-1.9519984722137451,-0.2796333432197571,-0.009371507912874222,-0.14342918992042542,-0.026517774909734726,0.9892609119415283
86,thigh_r,27.309629440307617,1.8088505268096924,1.7762138843536377,0.007978692650794983,-0.1796555072069168,0.024681558832526207,0.9833876490592957
86,upperarm_l,73.56514739990234,-35.717159271240234,8.147636413574219,0.19290393590927124,-0.011147242970764637,-0.9772330522537231,0.08763305097818375
86,upperarm_r,-106.17540740966797,80.13006591796875,44.22903060913086,0.1241886243224144,0.3751077651977539,-0.4096370339393616,0.8222341537475586
87,calf_l,-2.234403371810913,0.09650198370218277,0.18134726583957672,0.0010994798503816128,0.16046446561813354,-0.04399947077035904,0.986059844493866
87,calf_r,-1.4624214172363281,-0.10481942445039749,0.09354313462972641,-0.0024385310243815184,0.12283804267644882,0.04166511073708534,0.9915488362312317
87,clavicle_l,-23.256959915161133,-14.820234298706055,-0.9879330396652222,-0.02589108981192112,0.09462893009185791,0.32844817638397217,0.9394130110740662
87,clavicle_r,-20.531938552856445,-18.194259643554688,-0.988368809223175,-0.039262305945158005,0.08989875018596649,0.334173321723938,0.9373925924301147
87,foot_l,1.3836863040924072,-0.1020146980881691,-0.014922453090548515,-0.0004654495569411665,2.3742120902170427e-05,-0.04528588429093361,0.9989739656448364
87,foot_r,1.3951456546783447,0.09467585384845734,-0.01927178166806698,0.0006551238475367427,0.0001071853403118439,0.04565857723355293,0.9989569783210754
87,hand_l,20.528444290161133,145.96336364746094,171.8595733642578,0.23816068470478058,0.8633225560188293,-0.3755589723587036,0.23855631053447723
87,hand_r,-46.693878173828125,146.80870056152344,167.64044189453125,0.8504783511161804,0.29160186648368835,-0.06265536695718765,0.43327757716178894
87,head,-2.6162211894989014,2.3110222816467285,-3.963744640350342,0.002277971711009741,0.015472142025828362,0.013535786420106888,0.9997861385345459
87,lowerarm_l,21.78715705871582,121.43743133544922,57.70120620727539,0.08705586940050125,0.6256082057952881,-0.7505275011062622,0.19427865743637085
87,lowerarm_r,103.79092407226562,113.55867004394531,132.175537109375,0.7786738872528076,-0.16365288197994232,-0.5251670479774475,0.30180177092552185
87,neck,-22.027454376220703,2.4044764041900635,-2.190566062927246,0.003268053289502859,0.07543423026800156,0.011967536993324757,0.9970735907554626
87,pelvis,3.9172065258026123,1.195855736732483,-3.596174716949463,0.0035274785477668047,-0.029021913185715675,0.1193917989730835,0.9924166798591614
87,root,0.0,0.0,0.0,-2.1139658201718703e-07,-5.7790373375610216e-08,1.0658141036401503e-14,1.0
87,spine_01,-3.269676923751831,-0.9008592963218689,-3.758108615875244,-0.0017745684599503875,0.007793816737830639,0.2167375385761261,0.9761971831321716
87,spine_02,-10.376609802246094,-7.215720176696777,-3.2396793365478516,-0.015683086588978767,0.04441699758172035,0.3325490951538086,0.9419088959693909
87,thigh_l,26.779348373413086,-1.9645931720733643,-0.29190611839294434,-0.009483336471021175,-0.14394134283065796,-0.02647116407752037,0.989186704158783
87,thigh_r,27.426973342895508,1.8195666074752808,1.795170783996582,0.008076624944806099,-0.1805582046508789,0.024614162743091583,0.9832231402397156
87,upperarm_l,73.49723815917969,-33.804691314697266,7.772274494171143,0.19182701408863068,-0.005902905948460102,-0.977059006690979,0.09232135862112045
87,upperarm_r,-105.111572265625,80.78373718261719,43.537200927734375,0.1307263821363449,0.37162959575653076,-0.4055590331554413,0.8248175382614136
88,calf_l,-2.2527036666870117,0.09817452728748322,0.18519824743270874,0.0010750646470114589,0.16139186918735504,-0.0440577007830143,0.9859058856964111
88,calf_r,-1.473766565322876,-0.10740724205970764,0.09618082642555237,-0.002431002678349614,0.12343257665634155,0.041698139160871506,0.9914735555648804
88,clavicle_l,-23.179227828979492,-14.993185043334961,-1.0122876167297363,-0.02625533565878868,0.09469972550868988,0.33185723423957825,0.9381968975067139
88,clavicle_r,-20.415449142456055,-18.36522102355957,-1.0126899480819702,-0.03968154266476631,0.08989623188972473,0.337583988904953,0.9361522793769836
88,foot_l,1.3846709728240967,-0.10115483403205872,-0.01487049926072359,-0.00048087953473441303,5.468637027661316e-05,-0.045323871076107025,0.9989722371101379
88,foot_r,1.3966491222381592,0.0932498350739479,-0.018995752558112144,0.0006814872031100094,0.0001650551857892424,0.04572150856256485,0.9989539980888367
88,hand_l,11.382952690124512,147.8563690185547,166.74818420410156,0.17633216083049774,0.8757601380348206,-0.3908855617046356,0.22171980142593384
88,hand_r,-51.00592803955078,145.38162231445312,165.3395538330078,0.8435238003730774,0.30012330412864685,-0.04829001426696777,0.4427887797355652
88,head,-2.625784397125244,2.331899642944336,-3.997373580932617,0.0022736298851668835,0.015510565601289272,0.013680974952876568,0.9997835755348206
88,lowerarm_l,20.27960968017578,122.68380737304688,59.43549346923828,0.08389592915773392,0.6315053105354309,-0.7453842163085938,0.19637958705425262
88,lowerarm_r,103.3604965209961,114.20714569091797,134.46568298339844,0.7836357355117798,-0.16095833480358124,-0.5204082727432251,0.2986348867416382
88,neck,-22.047910690307617,2.4226396083831787,-2.2212624549865723,0.003264338942244649,0.07550659775733948,0.012111730873584747,0.9970664381980896
88,pelvis,3.921251058578491,1.2053849697113037,-3.631800413131714,0.0035517006181180477,-0.029029596596956253,0.12049330025911331,0.9922833442687988
88,root,0.0,0.0,0.0,-2.1139658201718703e-07,-5.7790373375610216e-08,1.0658141036401503e-14,1.0
88,spine_01,-3.2746949195861816,-0.9147814512252808,-3.7925660610198975,-0.0018048022175207734,0.007857340388000011,0.21893177926540375,0.9757068753242493
88,spine_02,-10.348788261413574,-7.305341720581055,-3.269326686859131,-0.015902435407042503,0.04451661929488182,0.3359752297401428,0.9406838417053223
88,thigh_l,26.897842407226562,-1.9734209775924683,-0.30156034231185913,-0.009559339843690395,-0.14448560774326324,-0.026428647339344025,0.9891077280044556
88,thigh_r,27.556243896484375,1.8256254196166992,1.8160150051116943,0.008136117830872536,-0.18148060142993927,0.024551155045628548,0.9830543398857117
88,upperarm_l,73.41423034667969,-31.94683265686035,7.424745082855225,0.19100405275821686,-0.0005018646479584277,-0.9769332408905029,0.09549184143543243
88,upperarm_r,-104.05582427978516,81.45519256591797,42.90147399902344,0.13721561431884766,0.36826202273368835,-0.4013965427875519,0.8273063898086548
89,calf_l,-2.2698347568511963,0.0969245582818985,0.1872234046459198,0.0010344117181375623,0.1622197926044464,-0.0441121831536293,0.9857676029205322
89,calf_r,-1.4854788780212402,-0.10575919598340988,0.09612012654542923,-0.0023986573796719313,0.1239834800362587,0.04173293337225914,0.9914034605026245
89,clavicle_l,-23.103103637695312,-15.166878700256348,-1.035430908203125,-0.026649637147784233,0.09479261934757233,0.33488184213638306,0.9371011257171631
89,clavicle_r,-20.32615089416504,-18.5109920501709,-1.0357426404953003,-0.040017519146203995,0.08996196836233139,0.34060102701187134,0.9350382089614868
89,foot_l,1.3837348222732544,-0.10185651481151581,-0.01464799139648676,-0.00046596687752753496,4.0523151255911216e-05,-0.045291028916835785,0.9989737272262573
89,foot_r,1.3956490755081177,0.09410928189754486,-0.01891867071390152,0.0006632055155932903,0.00013906248204875737,0.045681778341531754,0.9989558458328247
89,hand_l,1.123360514640808,148.8116455078125,161.2748565673828,0.1055874228477478,0.8845673203468323,-0.40932804346084595,0.19708508253097534
89,hand_r,-54.992652893066406,143.88864135742188,163.08029174804688,0.8366432785987854,0.3079342842102051,-0.03435645252466202,0.45169031620025635
89,head,-2.642436981201172,2.3534982204437256,-4.031586647033691,0.002271627075970173,0.015592377632856369,0.013810009695589542,0.9997804760932922
89,lowerarm_l,18.310184478759766,123.96192932128906,61.33047866821289,0.0795905739068985,0.6380213499069214,-0.7395632266998291,0.1990990787744522
89,lowerarm_r,102.8874740600586,114.88694763183594,136.69180297851562,0.7884236574172974,-0.15806971490383148,-0.5157474279403687,0.2956462502479553
89,neck,-22.057174682617188,2.4375622272491455,-2.2532105445861816,0.0032490971498191357,0.0755663588643074,0.012240658514201641,0.9970603585243225
89,pelvis,3.925854444503784,1.2147328853607178,-3.663754463195801,0.003582155564799905,-0.02901967614889145,0.12136712670326233,0.9921769499778748
89,root,0.0,0.0,0.0,-2.1139658201718703e-07,-5.7790373375610216e-08,1.0658141036401503e-14,1.0
89,spine_01,-3.279850959777832,-0.9304074645042419,-3.8247287273406982,-0.0018425503512844443,0.007942775264382362,0.22082309424877167,0.9752798080444336
89,spine_02,-10.326706886291504,-7.390764236450195,-3.2981395721435547,-0.016111336648464203,0.04464808478951454,0.33901044726371765,0.9395844340324402
89,thigh_l,26.999711990356445,-1.9838449954986572,-0.31258636713027954,-0.009644725359976292,-0.144938126206398,-0.026389462873339653,0.9890417456626892
89,thigh_r,27.66367530822754,1.8347337245941162,1.8287022113800049,0.008212557062506676,-0.18221332132816315,0.02449687011539936,0.9829195141792297
89,upperarm_l,73.23988342285156,-29.982406616210938,7.053563117980957,0.1898007094860077,0.005096287000924349,-0.9767299890518188,0.09974104911088943
89,upperarm_r,-103.02229309082031,82.13125610351562,42.325931549072266,0.1435844749212265,0.36503684520721436,-0.39715757966041565,0.8296973705291748
90,calf_l,-2.2861461639404297,0.09786549210548401,0.19061291217803955,0.0010185998398810625,0.16303449869155884,-0.04416225850582123,0.985630989074707
90,calf_r,-1.4981025457382202,-0.10713692754507065,0.09832324087619781,-0.0023928259033709764,0.12461729347705841,0.04176813364028931,0.9913225769996643
90,clavicle_l,-23.048765182495117,-15.316812515258789,-1.0527033805847168,-0.026976633816957474,0.09494539350271225,0.33748748898506165,0.9361409544944763
90,clavicle_r,-20.245521545410156,-18.65471076965332,-1.05302095413208,-0.04036811739206314,0.09006445109844208,0.34320777654647827,0.9340595602989197
90,foot_l,1.3840422630310059,-0.10152198374271393,-0.014505299739539623,-0.00047113894834183156,5.626749407383613e-05,-0.04530526325106621,0.9989730715751648
90,foot_r,1.3962013721466064,0.09349684417247772,-0.018712352961301804,0.0006745932623744011,0.00016827711078803986,0.045708224177360535,0.9989545941352844
90,hand_l,-9.136889457702637,148.5868377685547,156.41336059570312,0.03656597062945366,0.8869090676307678,-0.42747145891189575,0.1712406575679779
90,hand_r,-56.937744140625,143.408203125,159.9645538330078,0.8359870314598083,0.29864537715911865,-0.007858265191316605,0.4602987468242645
90,head,-2.6468777656555176,2.3745803833007812,-4.0621161460876465,0.002267393982037902,0.015664350241422653,0.013921846635639668,0.9997778534889221
90,lowerarm_l,16.30978012084961,125.321533203125,63.538665771484375,0.07532200217247009,0.645359456539154,-0.7329520583152771,0.20154181122779846
90,lowerarm_r,102.40275573730469,115.77444458007812,138.39266967773438,0.792076826095581,-0.15453088283538818,-0.5119965076446533,0.2942690849304199
90,neck,-22.06781005859375,2.4563403129577637,-2.280116081237793,0.0032445117831230164,0.07565808296203613,0.012351199984550476,0.9970520734786987
90,pelvis,3.9380245208740234,1.220341682434082,-3.694915771484375,0.0035968609154224396,-0.0290229395031929,0.1220027357339859,0.9920989274978638
90,root,0.0,0.0,0.0,-2.1139658201718703e-07,-5.7790373375610216e-08,1.0658141036401503e-14,1.0
90,spine_01,-3.2837908267974854,-0.945127546787262,-3.8550257682800293,-0.0018771685427054763,0.008041453547775745,0.2223922312259674,0.9749222993850708
90,spine_02,-10.313640594482422,-7.475636959075928,-3.322625160217285,-0.016318924725055695,0.044827673584222794,0.34163081645965576,0.9386227130889893
90,thigh_l,27.10131072998047,-1.9920326471328735,-0.32190248370170593,-0.009705249220132828,-0.14539305865764618,-0.026354175060987473,0.9889754056930542
90,thigh_r,27.774282455444336,1.8413348197937012,1.8402248620986938,0.008264162577688694,-0.1829066425561905,0.024448245763778687,0.9827916026115417
90,upperarm_l,73.01105499267578,-27.97028350830078,6.685267448425293,0.18856406211853027,0.010987000539898872,-0.9765190482139587,0.1036025881767273
90,upperarm_r,-101.72602081298828,83.18592834472656,41.79861068725586,0.1508847177028656,0.36157381534576416,-0.39406657218933105,0.831390380859375
91,calf_l,-2.299579620361328,0.09820082038640976,0.1936246156692505,0.001025690813548863,0.16369138658046722,-0.04419894888997078,0.9855205416679382
91,calf_r,-1.5143314599990845,-0.10729552805423737,0.10048383474349976,-0.002398006385192275,0.12539882957935333,0.04181085526943207,0.9912221431732178
91,clavicle_l,-23.042442321777344,-15.42163372039795,-1.057521104812622,-0.027220318093895912,0.0952603667974472,0.3385780453681946,0.9357079863548279
91,clavicle_r,-20.23255157470703,-18.75128746032715,-1.057848572731018,-0.040597446262836456,0.09036635607481003,0.3442992866039276,0.9336186647415161
91,foot_l,1.3836835622787476,-0.10168084502220154,-0.014221031218767166,-0.00046011790982447565,5.15687970619183e-05,-0.04529336839914322,0.9989736080169678
91,foot_r,1.3957451581954956,0.09371652454137802,-0.01838664524257183,0.0006586865638382733,0.00016047555254772305,0.04569267854094505,0.9989554286003113
91,hand_l,-17.54054832458496,147.59469604492188,152.6844482421875,-0.017612602561712265,0.8836315274238586,-0.4425269663333893,0.15183961391448975
91,hand_r,-59.916221618652344,142.10885620117188,157.78990173339844,0.82994145154953,0.3038783073425293,0.004466596990823746,0.46779826283454895
91,head,-2.6373214721679688,2.396317958831787,-4.087865352630615,0.0022651157341897488,0.0157966036349535,0.013968667946755886,0.9997751116752625
91,lowerarm_l,14.903362274169922,126.56597137451172,65.75220489501953,0.07254810631275177,0.6522939801216125,-0.726778507232666,0.20258933305740356
91,lowerarm_r,102.02330017089844,116.3446273803711,140.43540954589844,0.7963445782661438,-0.15192052721977234,-0.5079034566879272,0.29118654131889343
91,neck,-22.05682945251465,2.475909948348999,-2.300858497619629,0.0032381461933255196,0.0757870227098465,0.01239798218011856,0.9970417022705078
91,pelvis,3.9693853855133057,1.2178558111190796,-3.719031810760498,0.0035900757648050785,-0.02902209758758545,0.12172933667898178,0.9921324849128723
91,root,0.0,0.0,0.0,-2.1139658201718703e-07,-5.7790373375610216e-08,1.0658141036401503e-14,1.0
91,spine_01,-3.282890558242798,-0.9605681300163269,-3.878664970397949,-0.0019177579088136554,0.008204996585845947,0.2227628529071808,0.9748363494873047
91,spine_02,-10.32768440246582,-7.550516128540039,-3.338468074798584,-0.016499187797307968,0.045157477259635925,0.3427327275276184,0.9382019639015198
91,thigh_l,27.177820205688477,-1.998755693435669,-0.3307797908782959,-0.009732071310281754,-0.14570537209510803,-0.02633185125887394,0.9889297485351562
91,thigh_r,27.858108520507812,1.8485710620880127,1.8338031768798828,0.008295800536870956,-0.1831955909729004,0.024426495656371117,0.9827379584312439
91,upperarm_l,72.73751831054688,-26.146961212158203,6.353280067443848,0.1875227987766266,0.016784312203526497,-0.9764299392700195,0.10553684830665588
91,upperarm_r,-100.85565185546875,83.78679656982422,41.423831939697266,0.1562230885028839,0.35914623737335205,-0.38995346426963806,0.8333934545516968
92,calf_l,-2.3089489936828613,0.09943544864654541,0.19728076457977295,0.0010833240812644362,0.1641504317522049,-0.044216182082891464,0.9854432344436646
92,calf_r,-1.536430835723877,-0.10823627561330795,0.10444799065589905,-0.0024393009953200817,0.12646858394145966,0.04186546802520752,0.9910838007926941
92,clavicle_l,-23.117677688598633,-15.447802543640137,-1.0420316457748413,-0.02730266936123371,0.09584057331085205,0.33727824687957764,0.9361156821250916
92,clavicle_r,-20.3214168548584,-18.77935791015625,-1.042351484298706,-0.04065966606140137,0.09097378700971603,0.3430078625679016,0.9340322613716125
92,foot_l,1.3832745552062988,-0.1020650863647461,-0.014284695498645306,-0.00045814603799954057,4.483398879528977e-05,-0.045278649777173996,0.9989742636680603
92,foot_r,1.3950618505477905,0.09441065788269043,-0.01850728504359722,0.0006529149832203984,0.0001447232934879139,0.04566507041454315,0.9989566206932068
92,hand_l,-21.421804428100586,146.9401092529297,150.50099182128906,-0.03739359229803085,0.8790131211280823,-0.45026281476020813,0.1523187905550003
92,hand_r,-61.93815612792969,141.19412231445312,155.58172607421875,0.8248722553253174,0.30619102716445923,0.014851387590169907,0.47498661279678345
92,head,-2.5992891788482666,2.418076276779175,-4.105257987976074,0.0022637168876826763,0.016008010134100914,0.013913129456341267,0.9997725486755371
92,lowerarm_l,15.062737464904785,127.42366790771484,67.3919448852539,0.0735364556312561,0.6567636728286743,-0.7231419086456299,0.20079763233661652
92,lowerarm_r,101.98020935058594,116.56394958496094,142.29022216796875,0.8000238537788391,-0.15054063498973846,-0.504694402217865,0.287372887134552
92,neck,-22.014379501342773,2.4988253116607666,-2.310514450073242,0.0032365117222070694,0.07598655670881271,0.012342370115220547,0.9970272183418274
92,pelvis,4.034030914306641,1.2016745805740356,-3.733515739440918,0.003542987396940589,-0.029025880619883537,0.12003912031650543,0.9923384785652161
92,root,0.0,0.0,0.0,-2.1139658201718703e-07,-5.7790373375610216e-08,1.0658141036401503e-14,1.0
92,spine_01,-3.2731056213378906,-0.9760116934776306,-3.8925468921661377,-0.00196380028501153,0.008466350845992565,0.22125190496444702,0.9751780033111572
92,spine_02,-10.385738372802734,-7.610086441040039,-3.3401012420654297,-0.016636880114674568,0.045729368925094604,0.3414422869682312,0.9386422634124756
92,thigh_l,27.222719192504883,-2.001964807510376,-0.3381393849849701,-0.009694878943264484,-0.14583313465118408,-0.026330310851335526,0.9889112710952759
92,thigh_r,27.91053009033203,1.8549995422363281,1.8016467094421387,0.008282548747956753,-0.18291138112545013,0.024445481598377228,0.9827905893325806
92,upperarm_l,72.51490020751953,-24.903541564941406,6.125229835510254,0.18719038367271423,0.021650973707437515,-0.9766302704811096,0.10336508601903915
92,upperarm_r,-100.14807891845703,84.30907440185547,41.2242546081543,0.16019903123378754,0.3576391637325287,-0.38662275671958923,0.8348373770713806
93,calf_l,-2.315106153488159,0.10300436615943909,0.20235013961791992,0.0011942278360947967,0.16447241604328156,-0.044217173010110855,0.9853894114494324
93,calf_r,-1.5638080835342407,-0.11200027912855148,0.11136993020772934,-0.0025243654381483793,0.12782049179077148,0.04192975163459778,0.9909074902534485
93,clavicle_l,-23.27189064025879,-15.395489692687988,-1.0071778297424316,-0.02720639854669571,0.09666649997234344,0.3339020311832428,0.9372432231903076
93,clavicle_r,-20.49266815185547,-18.754980087280273,-1.0075916051864624,-0.04060957580804825,0.09183655679225922,0.33965298533439636,0.9351752996444702
93,foot_l,1.3839131593704224,-0.10160429030656815,-0.014435041695833206,-0.0004688609333243221,5.638682341668755e-05,-0.04530111700296402,0.9989732503890991
93,foot_r,1.3954724073410034,0.09398302435874939,-0.018427859991788864,0.0006618262268602848,0.00016379448061343282,0.045683808624744415,0.9989558458328247
93,hand_l,-25.197002410888672,146.09234619140625,147.9900665283203,-0.06121080368757248,0.8735717535018921,-0.4604497253894806,0.14529886841773987
93,hand_r,-63.064659118652344,140.6702880859375,153.3766326904297,0.8207454681396484,0.30595365166664124,0.023138467222452164,0.48190656304359436
93,head,-2.529710054397583,2.438930034637451,-4.114294052124023,0.0022618824150413275,0.016268976032733917,0.013769946061074734,0.9997702836990356
93,lowerarm_l,15.092083930969238,128.05780029296875,68.76441192626953,0.073997363448143,0.6605414152145386,-0.7201293706893921,0.19905564188957214
93,lowerarm_r,102.30390930175781,116.41180419921875,143.90501403808594,0.8030145764350891,-0.1505616009235382,-0.5024033188819885,0.28300169110298157
93,neck,-21.94892692565918,2.5267910957336426,-2.308821678161621,0.0032477970235049725,0.07626230269670486,0.012198416516184807,0.9970079064369202
93,pelvis,4.129039287567139,1.1728060245513916,-3.7408173084259033,0.003454926423728466,-0.02904258295893669,0.11715665459632874,0.992682695388794
93,root,0.0,0.0,0.0,-2.1139658201718703e-07,-5.7790373375610216e-08,1.0658141036401503e-14,1.0
93,spine_01,-3.2558255195617676,-0.9900649785995483,-3.8981974124908447,-0.002009383402764797,0.008810373954474926,0.21812814474105835,0.9758782982826233
93,spine_02,-10.484108924865723,-7.655848503112793,-3.328382968902588,-0.016736524179577827,0.04651694372296333,0.3380776047706604,0.9398189187049866
93,thigh_l,27.2459716796875,-2.0010364055633545,-0.34352174401283264,-0.009595283307135105,-0.14583154022693634,-0.026345504447817802,0.988912045955658
93,thigh_r,27.943506240844727,1.8589887619018555,1.7495923042297363,0.008220224641263485,-0.1821843683719635,0.024497900158166885,0.9829248189926147
93,upperarm_l,72.18476867675781,-23.907045364379883,5.895817279815674,0.18646538257598877,0.025814026594161987,-0.9768508672714233,0.10162044316530228
93,upperarm_r,-99.52324676513672,84.80006408691406,41.14558792114258,0.16300958395004272,0.35679733753204346,-0.3844184875488281,0.8356710076332092
94,calf_l,-2.318603277206421,0.10661643743515015,0.2075035572052002,0.0013311179354786873,0.16465407609939575,-0.044204629957675934,0.9853594303131104
94,calf_r,-1.5951629877090454,-0.11552921682596207,0.1190311536192894,-0.0026241124141961336,0.12935566902160645,0.04200226813554764,0.9907048344612122
94,clavicle_l,-23.485729217529297,-15.282050132751465,-0.957648754119873,-0.026988185942173004,0.0976867526769638,0.3287678062915802,0.9389572143554688
94,clavicle_r,-20.741615295410156,-18.673463821411133,-0.9580802321434021,-0.04041987657546997,0.09292878210544586,0.3345433473587036,0.9369158148765564
94,foot_l,1.3842344284057617,-0.10137737542390823,-0.014526298269629478,-0.00047463199007324874,6.0720074543496594e-05,-0.045312587171792984,0.9989727735519409
94,foot_r,1.3953925371170044,0.09400500357151031,-0.018314454704523087,0.0006603811634704471,0.00016741921717766672,0.0456823855638504,0.9989559054374695
94,hand_l,-25.78369140625,145.92567443847656,146.26377868652344,-0.06279204785823822,0.8696054220199585,-0.4659990966320038,0.1506267488002777
94,hand_r,-63.349788665771484,140.52407836914062,151.20956420898438,0.8175040483474731,0.3035205602645874,0.02918083593249321,0.48858073353767395
94,head,-2.44038462638855,2.4582431316375732,-4.118013381958008,0.0022603608667850494,0.01659216545522213,0.01355175394564867,0.9997679591178894
94,lowerarm_l,16.23463249206543,128.35401916503906,69.56705474853516,0.07705871760845184,0.6622275710105896,-0.7192445397377014,0.1954583078622818
94,lowerarm_r,103.02145385742188,115.86750793457031,145.2107391357422,0.8051736950874329,-0.15213967859745026,-0.5011109709739685,0.2782745063304901
94,neck,-21.85938835144043,2.5550625324249268,-2.299773693084717,0.0032603491563349962,0.07658746838569641,0.011979891918599606,0.9969856142997742
94,pelvis,4.24690580368042,1.1347819566726685,-3.741180896759033,0.0033410731703042984,-0.029059479013085365,0.11330253630876541,0.9931299090385437
94,root,0.0,0.0,0.0,-2.1139658201718703e-07,-5.7790373375610216e-08,1.0658141036401503e-14,1.0
94,spine_01,-3.233219623565674,-1.0030673742294312,-3.8969457149505615,-0.002056167460978031,0.009228299371898174,0.2136591672897339,0.9768625497817993
94,spine_02,-10.617403984069824,-7.685919761657715,-3.3063769340515137,-0.016794458031654358,0.047485049813985825,0.3329521119594574,0.9415977001190186
94,thigh_l,27.245622634887695,-1.9980957508087158,-0.3485054671764374,-0.00945939589291811,-0.14568772912025452,-0.026374416425824165,0.988933801651001
94,thigh_r,27.950645446777344,1.8628623485565186,1.6785138845443726,0.008135218173265457,-0.18103256821632385,0.024578306823968887,0.9831362962722778
94,upperarm_l,71.94059753417969,-23.500926971435547,5.759099006652832,0.18631592392921448,0.02866009622812271,-0.9772610664367676,0.0970865860581398
94,upperarm_r,-98.91107177734375,85.31180572509766,41.152095794677734,0.1648341715335846,0.35642209649086,-0.38370048999786377,0.835803210735321
95,calf_l,-2.3200783729553223,0.11067795753479004,0.21276147663593292,0.0014879230875521898,0.164737731218338,-0.04418426752090454,0.9853461384773254
95,calf_r,-1.6296237707138062,-0.11933629959821701,0.12751002609729767,-0.0027348764706403017,0.13103924691677094,0.042081400752067566,0.9904798865318298
95,clavicle_l,-23.751056671142578,-15.11114501953125,-0.8954406976699829,-0.026649488136172295,0.09887173026800156,0.32218697667121887,0.9411216378211975
95,clavicle_r,-21.051681518554688,-18.543716430664062,-0.8958866596221924,-0.04012138769030571,0.09420441091060638,0.3279918134212494,0.939115047454834
95,foot_l,1.3846335411071777,-0.1011015847325325,-0.014698823913931847,-0.0004810138198081404,6.238328933250159e-05,-0.04532564803957939,0.9989722371101379
95,foot_r,1.3952237367630005,0.09409531205892563,-0.018254753202199936,0.0006588729447685182,0.00016624078853055835,0.04567825049161911,0.9989560842514038
95,hand_l,-25.93531036376953,145.78199768066406,144.38174438476562,-0.06548354029655457,0.8656127452850342,-0.4728539288043976,0.15111476182937622
95,hand_r,-62.844181060791016,140.72499084472656,149.10923767089844,0.8150519728660583,0.2992608845233917,0.03280899301171303,0.4950321614742279
95,head,-2.3322250843048096,2.475316047668457,-4.116988182067871,0.002259796252474189,0.01695910096168518,0.013272757641971111,0.9997655749320984
95,lowerarm_l,17.450029373168945,128.4725341796875,70.15263366699219,0.08014903217554092,0.6633692383766174,-0.7188795804977417,0.19164958596229553
95,lowerarm_r,104.1563491821289,114.90906524658203,146.1292724609375,0.8063290119171143,-0.15542110800743103,-0.5009268522262573,0.27340471744537354
95,neck,-21.75197410583496,2.5835163593292236,-2.28426456451416,0.0032776452135294676,0.07695966958999634,0.011700315400958061,0.9969601631164551
95,pelvis,4.383133888244629,1.08928382396698,-3.736525774002075,0.003205171786248684,-0.029077673330903053,0.1086985170841217,0.9936442375183105
95,root,0.0,0.0,0.0,-2.1139658201718703e-07,-5.7790373375610216e-08,1.0658141036401503e-14,1.0
95,spine_01,-3.2068848609924316,-1.014015555381775,-3.890281915664673,-0.0021002679131925106,0.009706735610961914,0.2081109583377838,0.9780548214912415
95,spine_02,-10.781172752380371,-7.699865818023682,-3.275632858276367,-0.016811048611998558,0.04860398918390274,0.32637783885002136,0.9438393115997314
95,thigh_l,27.228269577026367,-1.993425726890564,-0.35327085852622986,-0.0092969611287117,-0.14543811976909637,-0.02641357108950615,0.9889709949493408
95,thigh_r,27.93825340270996,1.866214394569397,1.5928469896316528,0.00803328026086092,-0.17955200374126434,0.02468004822731018,0.9834060668945312
95,upperarm_l,71.67582702636719,-23.48676109313965,5.650035858154297,0.18609757721424103,0.03034956194460392,-0.977715790271759,0.09229657799005508
95,upperarm_r,-98.24534606933594,85.90556335449219,41.21981430053711,0.16586273908615112,0.35634854435920715,-0.38484153151512146,0.8351061344146729
96,calf_l,-2.319880247116089,0.11348006129264832,0.21724043786525726,0.0016426629154011607,0.16472698748111725,-0.044157594442367554,0.9853489995002747
96,calf_r,-1.6657401323318481,-0.12156844884157181,0.13540230691432953,-0.002836501458659768,0.1327877640724182,0.04216640070080757,0.9902430772781372
96,clavicle_l,-24.04951286315918,-14.899624824523926,-0.8249077796936035,-0.02624376304447651,0.100173220038414,0.31447726488113403,0.9435998201370239
96,clavicle_r,-21.416467666625977,-18.362503051757812,-0.8253238201141357,-0.03969338536262512,0.09563631564378738,0.3203093409538269,0.9416369795799255
96,foot_l,1.384147047996521,-0.1016259416937828,-0.01494117733091116,-0.0004814280546270311,4.973408067598939e-05,-0.045306529849767685,0.99897301197052
96,foot_r,1.3939906358718872,0.09529206156730652,-0.018467631191015244,0.000648084853310138,0.00013656364171765745,0.04563010111451149,0.9989582300186157
96,hand_l,-26.13990592956543,145.50746154785156,142.2196502685547,-0.07322781533002853,0.8612211346626282,-0.48197120428085327,0.14366509020328522
96,hand_r,-61.59657669067383,141.2288818359375,147.10256958007812,0.8132728338241577,0.2935589849948883,0.03383921459317207,0.5012638568878174
96,head,-2.2167279720306396,2.489727020263672,-4.114246368408203,0.0022613387554883957,0.017381025478243828,0.012947074137628078,0.9997625946998596
96,lowerarm_l,18.59107780456543,128.47984313964844,70.64874267578125,0.08293688297271729,0.6644389033317566,-0.71857750415802,0.18785345554351807
96,lowerarm_r,105.72355651855469,113.51618957519531,146.57225036621094,0.8062757253646851,-0.1605190634727478,-0.5019890069961548,0.26862633228302
96,neck,-21.626022338867188,2.6081581115722656,-2.266252040863037,0.0032903142273426056,0.07735282927751541,0.011375179514288902,0.9969334602355957
96,pelvis,4.531853675842285,1.0392264127731323,-3.7272393703460693,0.003058117348700762,-0.029091808944940567,0.10356675088405609,0.9941923022270203
96,root,0.0,0.0,0.0,-2.1139658201718703e-07,-5.7790373375610216e-08,1.0658141036401503e-14,1.0
96,spine_01,-3.1786277294158936,-1.023222804069519,-3.8795769214630127,-0.002143310848623514,0.010235432535409927,0.20175321400165558,0.9793806076049805
96,spine_02,-10.969513893127441,-7.6960883140563965,-3.2391905784606934,-0.016783908009529114,0.049838390201330185,0.3186696767807007,0.9464058876037598
96,thigh_l,27.19353485107422,-1.9885759353637695,-0.35889437794685364,-0.009128742851316929,-0.14507770538330078,-0.026459168642759323,0.98902428150177
96,thigh_r,27.90347671508789,1.870367169380188,1.49485445022583,0.007932882755994797,-0.1777823120355606,0.02479800395667553,0.983725368976593
96,upperarm_l,71.38651275634766,-23.865171432495117,5.563481330871582,0.1857675462961197,0.030796583741903305,-0.9782058000564575,0.08749575167894363
96,upperarm_r,-97.46712493896484,86.6463623046875,41.33544158935547,0.16627909243106842,0.35644933581352234,-0.3882104158401489,0.8334193825721741
97,calf_l,-2.319176197052002,0.11812858283519745,0.22266152501106262,0.0018122864421457052,0.1647127866744995,-0.044128961861133575,0.9853522777557373
97,calf_r,-1.7032228708267212,-0.12618449330329895,0.14503803849220276,-0.002951705362647772,0.13463202118873596,0.04225308448076248,0.9899899959564209
97,clavicle_l,-24.38294219970703,-14.637984275817871,-0.7456958293914795,-0.02571909874677658,0.1015797108411789,0.3059449791908264,0.9462651610374451
97,clavicle_r,-21.808090209960938,-18.153057098388672,-0.7461676001548767,-0.03922390937805176,0.09715764224529266,0.3118126094341278,0.9443488717079163
97,foot_l,1.3849509954452515,-0.10101126879453659,-0.014979646541178226,-0.0004890537820756435,6.110793765401468e-05,-0.04533366113901138,0.9989718198776245
97,foot_r,1.394295334815979,0.09484700858592987,-0.018142027780413628,0.0006447092746384442,0.00014895205094944686,0.045642927289009094,0.998957633972168
97,hand_l,-24.712675094604492,145.58934020996094,140.3591766357422,-0.07185535877943039,0.8578219413757324,-0.48940595984458923,0.1394997090101242
97,hand_r,-59.65656661987305,141.98060607910156,145.2113800048828,0.8120238184928894,0.28682461380958557,0.03206381946802139,0.5072681307792664
97,head,-2.0842154026031494,2.499809503555298,-4.108166694641113,0.00226123770698905,0.017808610573410988,0.012586015276610851,0.9997596740722656
97,lowerarm_l,20.379915237426758,128.29623413085938,70.89298248291016,0.0872640460729599,0.6646232008934021,-0.719146192073822,0.1830020248889923
97,lowerarm_r,107.72540283203125,111.67059326171875,146.44876098632812,0.804790735244751,-0.1675053834915161,-0.5044407248497009,0.2641843557357788
97,neck,-21.494686126708984,2.6332848072052,-2.2431254386901855,0.003314410801976919,0.07778764516115189,0.011013918556272984,0.9969035983085632
97,pelvis,4.691331386566162,0.9849887490272522,-3.716820478439331,0.0028954690787941217,-0.029115550220012665,0.09813360124826431,0.9947430491447449
97,root,0.0,0.0,0.0,-2.1139658201718703e-07,-5.7790373375610216e-08,1.0658141036401503e-14,1.0
97,spine_01,-3.149289608001709,-1.0286452770233154,-3.866499662399292,-0.0021763197146356106,0.010796036571264267,0.19485162198543549,0.980771005153656
97,spine_02,-11.178897857666016,-7.677432060241699,-3.1967520713806152,-0.016722116619348526,0.05116597190499306,0.31014126539230347,0.9491653442382812
97,thigh_l,27.15653419494629,-1.981804370880127,-0.3642396628856659,-0.008945254608988762,-0.14469148218631744,-0.0265092384070158,0.9890812039375305
97,thigh_r,27.8655948638916,1.8722623586654663,1.3922622203826904,0.0078177060931921,-0.17589910328388214,0.024923991411924362,0.984061598777771
97,upperarm_l,71.19110870361328,-24.82753562927246,5.558940887451172,0.18593095242977142,0.029653387144207954,-0.9787839651107788,0.08082304149866104
97,upperarm_r,-96.51433563232422,87.60377502441406,41.48727035522461,0.16628621518611908,0.3565974831581116,-0.39415842294692993,0.8305578231811523
98,calf_l,-2.3183093070983887,0.1214960366487503,0.22710776329040527,0.0019652419723570347,0.16467683017253876,-0.04410213604569435,0.985359251499176
98,calf_r,-1.7407573461532593,-0.12909314036369324,0.15353883802890778,-0.003046512370929122,0.13645993173122406,0.04234188795089722,0.9897356033325195
98,clavicle_l,-24.729721069335938,-14.350399017333984,-0.6631050109863281,-0.025152135640382767,0.10303738713264465,0.2969163954257965,0.9489949345588684
98,clavicle_r,-22.224525451660156,-17.910476684570312,-0.6635684370994568,-0.03867781534790993,0.0987510234117508,0.3028185963630676,0.94712895154953
98,foot_l,1.3850537538528442,-0.10099972039461136,-0.01504242792725563,-0.00048785758554004133,5.54918879061006e-05,-0.0453341007232666,0.9989717602729797
98,foot_r,1.3936870098114014,0.09530144929885864,-0.018052730709314346,0.0006321805994957685,0.00013451256381813437,0.04561994969844818,0.9989587664604187
98,hand_l,-21.860036849975586,145.9407958984375,138.73114013671875,-0.0632055401802063,0.8552635908126831,-0.4955834448337555,0.13757316768169403
98,hand_r,-57.073265075683594,142.9197235107422,143.4584503173828,0.8111569285392761,0.27948296070098877,0.02725360356271267,0.5130019783973694
98,head,-1.9494138956069946,2.5063533782958984,-4.102182388305664,0.0022629874292761087,0.018261928111314774,0.012206180952489376,0.9997562170028687
98,lowerarm_l,22.800264358520508,127.93566131591797,70.95275115966797,0.09313776344060898,0.6641016006469727,-0.7203493714332581,0.17717596888542175
98,lowerarm_r,110.1420669555664,109.365478515625,145.66156005859375,0.8016296029090881,-0.17637327313423157,-0.5084180235862732,0.26037195324897766
98,neck,-21.355955123901367,2.6539578437805176,-2.219879627227783,0.003336241003125906,0.07823267579078674,0.010633820667862892,0.9968728423118591
98,pelvis,4.85337495803833,0.9305015206336975,-3.705090284347534,0.0027345004491508007,-0.02913224883377552,0.092619888484478,0.995271623134613
98,root,0.0,0.0,0.0,-2.1139658201718703e-07,-5.7790373375610216e-08,1.0658141036401503e-14,1.0
98,spine_01,-3.121145009994507,-1.0317168235778809,-3.852391242980957,-0.0022043061908334494,0.011381627060472965,0.18767867982387543,0.9821620583534241
98,spine_02,-11.40228271484375,-7.64304780960083,-3.152155876159668,-0.016623958945274353,0.05254795774817467,0.301112562417984,0.9519945383071899
98,thigh_l,27.112531661987305,-1.9758363962173462,-0.37131044268608093,-0.008775558322668076,-0.14424973726272583,-0.026560066267848015,0.9891458749771118
98,thigh_r,27.815654754638672,1.875216007232666,1.2853184938430786,0.007718808948993683,-0.17390550673007965,0.025052698329091072,0.9844133853912354
98,upperarm_l,71.10140991210938,-26.38772964477539,5.648900508880615,0.18666088581085205,0.026839129626750946,-0.9793955683708191,0.07226137816905975
98,upperarm_r,-95.32567596435547,88.83641052246094,41.66146469116211,0.16606640815734863,0.35666123032569885,-0.4029805064201355,0.8263301253318787
99,calf_l,-2.3182053565979004,0.1255968064069748,0.2319205105304718,0.0021121413446962833,0.1646891087293625,-0.044079121202230453,0.9853578805923462
99,calf_r,-1.7777202129364014,-0.13313288986682892,0.16261164844036102,-0.0031383759342134,0.13827838003635406,0.04243018105626106,0.989479124546051
99,clavicle_l,-25.08466339111328,-14.03917121887207,-0.578591525554657,-0.024532033130526543,0.10452067852020264,0.2877088487148285,0.9516812562942505
99,clavicle_r,-22.644670486450195,-17.65227699279785,-0.5790857672691345,-0.03811177611351013,0.10036011785268784,0.29364997148513794,0.9498658180236816
99,foot_l,1.3857570886611938,-0.10041890293359756,-0.01512931752949953,-0.000495472049806267,6.594840670004487e-05,-0.04535911977291107,0.998970627784729
99,foot_r,1.3939205408096313,0.09495702385902405,-0.01781807281076908,0.0006304035196080804,0.0001454018201911822,0.04563108831644058,0.998958170413971
99,hand_l,-17.732341766357422,146.45343017578125,137.3037109375,-0.048606496304273605,0.853244423866272,-0.5007976293563843,0.13716080784797668
99,hand_r,-53.89555740356445,143.9842529296875,141.86557006835938,0.8105246424674988,0.2719574272632599,0.019182883203029633,0.5183830857276917
99,head,-1.8104002475738525,2.5086374282836914,-4.096364974975586,0.00226377765648067,0.01871284283697605,0.011819234117865562,0.9997524619102478
99,lowerarm_l,25.874677658081055,127.40025329589844,70.89341735839844,0.10067719221115112,0.66299968957901,-0.7219821810722351,0.1704031527042389
99,lowerarm_r,112.92406463623047,106.6125717163086,144.1183624267578,0.7965552806854248,-0.18700674176216125,-0.5140113234519958,0.2575278580188751
99,neck,-21.21814727783203,2.672497034072876,-2.1961331367492676,0.0033634372521191835,0.07869116961956024,0.01024711225181818,0.9968407154083252
99,pelvis,5.015878200531006,0.876913845539093,-3.6945879459381104,0.002574974438175559,-0.029153328388929367,0.0872514620423317,0.9957563281059265
99,root,0.0,0.0,0.0,-2.1139658201718703e-07,-5.7790373375610216e-08,1.0658141036401503e-14,1.0
99,spine_01,-3.0948214530944824,-1.031982660293579,-3.838777542114258,-0.0022241517435759306,0.011974792927503586,0.18050582706928253,0.9834985136985779
99,spine_02,-11.634641647338867,-7.5969085693359375,-3.1062960624694824,-0.016500452533364296,0.0539570152759552,0.2919061779975891,0.9547812342643738
99,thigh_l,27.072772979736328,-1.9695239067077637,-0.3793559968471527,-0.008613518439233303,-0.14381402730941772,-0.026609225198626518,0.9892094731330872
99,thigh_r,27.768447875976562,1.877039909362793,1.180542230606079,0.007623681332916021,-0.17194871604442596,0.025178153067827225,0.9847546815872192
99,upperarm_l,71.12455749511719,-28.554853439331055,5.851687431335449,0.18805521726608276,0.022312527522444725,-0.9799646735191345,0.061698149889707565
99,upperarm_r,-93.82769775390625,90.38774108886719,41.82869338989258,0.16580826044082642,0.35644906759262085,-0.41488248109817505,0.8205633759498596
100,calf_l,-2.3185653686523438,0.1282345950603485,0.235820934176445,0.0022405628114938736,0.16470693051815033,-0.044058408588171005,0.9853556156158447
100,calf_r,-1.8155786991119385,-0.13529203832149506,0.17061133682727814,-0.0032078824006021023,0.14012105762958527,0.04252365231513977,0.989215612411499
100,clavicle_l,-25.44863510131836,-13.715720176696777,-0.48854467272758484,-0.023904144763946533,0.1060907319188118,0.27818024158477783,0.9543527364730835
100,clavicle_r,-23.085954666137695,-17.368921279907227,-0.48906150460243225,-0.03748653084039688,0.10207663476467133,0.284155011177063,0.9525918960571289
100,foot_l,1.385576844215393,-0.10059969127178192,-0.015233837068080902,-0.0004957418423146009,5.853487164131366e-05,-0.045351650565862656,0.9989709854125977
100,foot_r,1.3931221961975098,0.09568091481924057,-0.01781948283314705,0.000620456354226917,0.00012769552995450795,0.04560137540102005,0.9989595413208008
100,hand_l,-12.882288932800293,146.93479919433594,135.85589599609375,-0.032341524958610535,0.8510480523109436,-0.5062279105186462,0.135663703083992
100,hand_r,-50.22755813598633,145.09814453125,140.3511199951172,0.8097398281097412,0.2647842764854431,0.008073476143181324,0.5235890746116638
100,head,-1.6689929962158203,2.509495735168457,-4.0917158126831055,0.002266590017825365,0.019211655482649803,0.011420677416026592,0.9997477531433105
100,lowerarm_l,29.720943450927734,126.65343475341797,70.73896789550781,0.1102130338549614,0.6611868739128113,-0.7240755558013916,0.16247954964637756
100,lowerarm_r,115.94187927246094,103.59261322021484,141.72669982910156,0.7894254922866821,-0.19868512451648712,-0.5212031602859497,0.25627925992012024
100,neck,-21.069421768188477,2.6871747970581055,-2.1727561950683594,0.0033841035328805447,0.07917182147502899,0.009848850779235363,0.9968066215515137
100,pelvis,5.185906410217285,0.8226180672645569,-3.6828339099884033,0.0024151774123311043,-0.02916739694774151,0.08177314698696136,0.9962211847305298
100,root,0.0,0.0,0.0,-2.1139658201718703e-07,-5.7790373375610216e-08,1.0658141036401503e-14,1.0
100,spine_01,-3.068688154220581,-1.0311568975448608,-3.8242340087890625,-0.0022427067160606384,0.012613754719495773,0.17312777042388916,0.9848160743713379
100,spine_02,-11.88107681274414,-7.541763782501221,-3.0574440956115723,-0.0163575392216444,0.05545883625745773,0.2823743224143982,0.9575603008270264
100,thigh_l,27.024850845336914,-1.9642913341522217,-0.39084166288375854,-0.008467189036309719,-0.14329007267951965,-0.026660511270165443,0.9892853498458862
100,thigh_r,27.70877456665039,1.880250096321106,1.0693607330322266,0.007546655833721161,-0.16984519362449646,0.02530934289097786,0.9851168394088745
100,upperarm_l,71.23756408691406,-31.228858947753906,6.170807838439941,0.19015328586101532,0.01648559980094433,-0.980399489402771,0.048855558037757874
100,upperarm_r,-91.98287963867188,92.21871948242188,41.96443557739258,0.16554011404514313,0.3558688461780548,-0.4295227527618408,0.8133044242858887
101,calf_l,-2.3189504146575928,0.13083131611347198,0.23964671790599823,0.0023673574905842543,0.1647249162197113,-0.04403910040855408,0.9853531718254089
101,calf_r,-1.8562506437301636,-0.13740096986293793,0.17897291481494904,-0.0032701671589165926,0.14209654927253723,0.04262394458055496,0.988929271697998
101,clavicle_l,-25.839242935180664,-13.35862922668457,-0.38582703471183777,-0.023212194442749023,0.10782749950885773,0.2679823338985443,0.9570893049240112
101,clavicle_r,-23.55708122253418,-17.057044982910156,-0.3863629400730133,-0.03681148216128349,0.10396456718444824,0.2739948630332947,0.9553864002227783
101,foot_l,1.3854426145553589,-0.10069078207015991,-0.015201525762677193,-0.0004883383517153561,4.9435810069553554e-05,-0.04534585401415825,0.9989712238311768
101,foot_r,1.3922890424728394,0.09617842733860016,-0.017531270161271095,0.0005992809892632067,0.00010902720532612875,0.04557110369205475,0.9989609122276306
101,hand_l,-7.694385051727295,147.28248596191406,134.2201385498047,-0.017050158232450485,0.8483208417892456,-0.5126006007194519,0.13153578341007233
101,hand_r,-46.142852783203125,146.22396850585938,138.82806396484375,0.8085880875587463,0.2580364942550659,-0.005608114413917065,0.5287447571754456
101,head,-1.5096650123596191,2.5080580711364746,-4.085040092468262,0.002268941607326269,0.019759248942136765,0.010994436219334602,0.9997418522834778
101,lowerarm_l,34.35231018066406,125.61383056640625,70.4439468383789,0.12176717817783356,0.6583442687988281,-0.7268132567405701,0.15329085290431976
101,lowerarm_r,119.03195190429688,100.49440002441406,138.5639190673828,0.7804751992225647,-0.21054145693778992,-0.5297021865844727,0.25680068135261536
101,neck,-20.906171798706055,2.701723575592041,-2.145099639892578,0.00340937077999115,0.0797121524810791,0.00942231435328722,0.9967675805091858
101,pelvis,5.374178886413574,0.7635716199874878,-3.6689698696136475,0.002241217065602541,-0.029181506484746933,0.07584299147129059,0.9966901540756226
101,root,0.0,0.0,0.0,-2.1139658201718703e-07,-5.7790373375610216e-08,1.0658141036401503e-14,1.0
101,spine_01,-3.03957200050354,-1.0273209810256958,-3.8069307804107666,-0.0022551233414560556,0.013324080035090446,0.16520042717456818,0.9861675500869751
101,spine_02,-12.151463508605957,-7.475971221923828,-3.0007243156433105,-0.016192374750971794,0.057126905769109726,0.2721734046936035,0.9604145884513855
101,thigh_l,26.966672897338867,-1.958669900894165,-0.40541553497314453,-0.008319436572492123,-0.14265678822994232,-0.026718806475400925,0.9893766641616821
101,thigh_r,27.63405418395996,1.883264422416687,0.9465874433517456,0.0074723996222019196,-0.16747842729091644,0.02545384131371975,0.9855188727378845
101,upperarm_l,71.37213134765625,-34.25957107543945,6.587050914764404,0.19282615184783936,0.009901278652250767,-0.9806006550788879,0.03380080685019493
101,upperarm_r,-89.83204650878906,94.20763397216797,42.054378509521484,0.1651625633239746,0.354953408241272,-0.44600990414619446,0.8048631548881531
102,calf_l,-2.319243907928467,0.13538476824760437,0.24458207190036774,0.0025051534175872803,0.164767324924469,-0.04401876777410507,0.9853466749191284
102,calf_r,-1.8986128568649292,-0.14190895855426788,0.18919022381305695,-0.0033411013428121805,0.14419665932655334,0.04273078963160515,0.988620400428772
102,clavicle_l,-26.254981994628906,-12.954280853271484,-0.27184051275253296,-0.022416196763515472,0.10969581454992294,0.2571478486061096,0.9598642587661743
102,clavicle_r,-24.049362182617188,-16.7161808013916,-0.2723095118999481,-0.03609686717391014,0.10597709566354752,0.2632078230381012,0.9582210779190063
102,foot_l,1.3865716457366943,-0.09989486634731293,-0.01552163902670145,-0.000512509373947978,7.257136894622818e-05,-0.045386902987957,0.9989693760871887
102,foot_r,1.3929455280303955,0.09566941112279892,-0.017614776268601418,0.0006178960902616382,0.0001355193235212937,0.045598894357681274,0.9989596605300903
102,hand_l,-2.0536839962005615,147.49685668945312,132.46116638183594,-0.001461763633415103,0.8451608419418335,-0.5195102095603943,0.12573829293251038
102,hand_r,-41.64191436767578,147.3572540283203,137.3101806640625,0.8071829676628113,0.25141939520835876,-0.021674465388059616,0.5336423516273499
102,head,-1.3326923847198486,2.501819372177124,-4.075968265533447,0.0022707225289195776,0.020333560183644295,0.010543793439865112,0.9997350573539734
102,lowerarm_l,39.63900375366211,124.20809173583984,69.97118377685547,0.13501015305519104,0.6542916297912598,-0.730226457118988,0.14298279583454132
102,lowerarm_r,122.08129119873047,97.35729217529297,134.80117797851562,0.7700573801994324,-0.22218550741672516,-0.5391495823860168,0.2587721049785614
102,neck,-20.73295783996582,2.715029001235962,-2.112865447998047,0.0034437435679137707,0.08030330389738083,0.008971164003014565,0.9967241883277893
102,pelvis,5.578188419342041,0.7003602385520935,-3.654038906097412,0.0020533886272460222,-0.029206952080130577,0.06955613940954208,0.9971482753753662
102,root,0.0,0.0,0.0,-2.1139658201718703e-07,-5.7790373375610216e-08,1.0658141036401503e-14,1.0
102,spine_01,-3.00817608833313,-1.0182933807373047,-3.7871956825256348,-0.00225484068505466,0.014085440896451473,0.156790092587471,0.9875289797782898
102,spine_02,-12.443683624267578,-7.39285945892334,-2.9363155364990234,-0.01599031686782837,0.05892673879861832,0.2613379955291748,0.9633142948150635
102,thigh_l,26.906484603881836,-1.9509553909301758,-0.42082229256629944,-0.008159362711012363,-0.14197750389575958,-0.02678091824054718,0.9894739389419556
102,thigh_r,27.553199768066406,1.884106159210205,0.8171366453170776,0.007388063240796328,-0.16494326293468475,0.02560954913496971,0.9859428405761719
102,upperarm_l,71.46519470214844,-37.57435989379883,7.0877509117126465,0.19592049717903137,0.0027369153685867786,-0.9804698824882507,0.01692730002105236
102,upperarm_r,-87.41102600097656,96.260498046875,42.071712493896484,0.16468045115470886,0.35364222526550293,-0.4636702537536621,0.7955045104026794
103,calf_l,-2.3188323974609375,0.13692042231559753,0.24737846851348877,0.002612641081213951,0.16473744809627533,-0.043999411165714264,0.9853521585464478
103,calf_r,-1.9414819478988647,-0.14279472827911377,0.19704537093639374,-0.0033748855348676443,0.14627118408679962,0.04284129664301872,0.988310694694519
103,clavicle_l,-26.67865753173828,-12.519418716430664,-0.1523958444595337,-0.02158655971288681,0.11163410544395447,0.24572120606899261,0.9626489281654358
103,clavicle_r,-24.57063102722168,-16.31851577758789,-0.15275806188583374,-0.035247355699539185,0.10809468477964401,0.2518189549446106,0.9610725045204163
103,foot_l,1.3860487937927246,-0.10035189241170883,-0.01549325231462717,-0.0005000278470106423,5.236692595644854e-05,-0.045364439487457275,0.9989703893661499
103,foot_r,1.3916343450546265,0.09666837006807327,-0.01742095686495304,0.0005908922757953405,0.00010174777708016336,0.04554909095168114,0.9989619255065918
103,hand_l,4.1472883224487305,147.55685424804688,130.64727783203125,0.01560643408447504,0.8415718078613281,-0.5265957117080688,0.11920694261789322
103,hand_r,-36.715431213378906,148.49217224121094,135.81268310546875,0.8056520223617554,0.244596928358078,-0.03989837318658829,0.5380569696426392
103,head,-1.155583143234253,2.4893696308135986,-4.067683219909668,0.0022747344337403774,0.020960716530680656,0.010069209150969982,0.9997270107269287
103,lowerarm_l,45.43254470825195,122.37364959716797,69.2942886352539,0.14956387877464294,0.6488991379737854,-0.7343128323554993,0.13170136511325836
103,lowerarm_r,125.0035171508789,94.20540618896484,130.6058807373047,0.7585178017616272,-0.2333357036113739,-0.5492241382598877,0.2618359327316284
103,neck,-20.54546546936035,2.7186994552612305,-2.0812630653381348,0.003467954695224762,0.08090423792600632,0.008496996015310287,0.9966796636581421
103,pelvis,5.787514686584473,0.6351174712181091,-3.6359190940856934,0.0018625329248607159,-0.029216771945357323,0.06300058215856552,0.9975840449333191
103,root,0.0,0.0,0.0,-2.1139658201718703e-07,-5.7790373375610216e-08,1.0658141036401503e-14,1.0
103,spine_01,-2.9770634174346924,-1.004539132118225,-3.765052556991577,-0.0022460881154984236,0.014889256097376347,0.1479634791612625,0.9888781905174255
103,spine_02,-12.75082778930664,-7.282625675201416,-2.868354320526123,-0.015729408711194992,0.06080427020788193,0.2499014437198639,0.9662322402000427
103,thigh_l,26.829763412475586,-1.945159912109375,-0.4390275478363037,-0.008023387752473354,-0.14118491113185883,-0.026845909655094147,0.9895867705345154
103,thigh_r,27.446075439453125,1.8870549201965332,0.6787343621253967,0.007331218104809523,-0.16216067969799042,0.025773553177714348,0.9864005446434021
103,upperarm_l,71.46013641357422,-41.102989196777344,7.659071922302246,-0.19928078353405,0.004850733559578657,0.979929506778717,0.0013488639378920197
103,upperarm_r,-84.76152038574219,98.29853057861328,42.0001220703125,0.16410304605960846,0.35190725326538086,-0.481932133436203,0.7854762673377991
104,calf_l,-2.317903995513916,0.14034602046012878,0.25111860036849976,0.0027256084140390158,0.1647135615348816,-0.043979570269584656,0.9853566884994507
104,calf_r,-1.9841657876968384,-0.14593258500099182,0.20640090107917786,-0.003412880701944232,0.14837931096553802,0.04295336455106735,0.9879913926124573
104,clavicle_l,-27.118026733398438,-12.023313522338867,-0.02619055099785328,-0.0206184983253479,0.11362480372190475,0.2337266504764557,0.9654201865196228
104,clavicle_r,-25.10032081604004,-15.881009101867676,-0.0266873836517334,-0.03433934971690178,0.11024922877550125,0.2398718148469925,0.9639126658439636
104,foot_l,1.386763572692871,-0.09990429878234863,-0.01574566774070263,-0.0005183735629543662,6.840968126198277e-05,-0.04539015144109726,0.9989691972732544
104,foot_r,1.3917936086654663,0.09656599909067154,-0.0174150001257658,0.0006014173850417137,0.0001162990229204297,0.045557498931884766,0.9989616274833679
104,hand_l,11.00342082977295,147.41651916503906,128.8468780517578,0.03522999957203865,0.837455153465271,-0.5335628390312195,0.11286457628011703
104,hand_r,-31.355724334716797,149.61358642578125,134.34170532226562,0.8040996193885803,0.23724180459976196,-0.060018185526132584,0.5417913794517517
104,head,-0.965217113494873,2.4679620265960693,-4.056739807128906,0.0022785658948123455,0.02157963439822197,0.009572467766702175,0.9997187256813049
104,lowerarm_l,51.57021713256836,120.07007598876953,68.4070053100586,0.16502220928668976,0.6421293020248413,-0.7390109896659851,0.11958426982164383
104,lowerarm_r,127.74310302734375,91.04254913330078,126.14134216308594,0.7461904883384705,-0.24384351074695587,-0.5596428513526917,0.2655937671661377
104,neck,-20.35586166381836,2.7176520824432373,-2.0458340644836426,0.0035040322691202164,0.08153139054775238,0.00800019409507513,0.9966325163841248
104,pelvis,6.0030107498168945,0.5674107670783997,-3.617662191390991,0.0016624769195914268,-0.029238056391477585,0.05627299100160599,0.99798583984375
104,root,0.0,0.0,0.0,-2.1139658201718703e-07,-5.7790373375610216e-08,1.0658141036401503e-14,1.0
104,spine_01,-2.945155382156372,-0.9824528098106384,-3.7414729595184326,-0.0022156003396958113,0.015705393627285957,0.1387869417667389,0.9901952743530273
104,spine_02,-13.072219848632812,-7.142079830169678,-2.7950406074523926,-0.01540363673120737,0.06273486465215683,0.2378985434770584,0.969139575958252
104,thigh_l,26.75493049621582,-1.9374946355819702,-0.45615845918655396,-0.007882203906774521,-0.14040130376815796,-0.02691078558564186,0.9896975159645081
104,thigh_r,27.33515739440918,1.8877052068710327,0.539314329624176,0.007269221358001232,-0.15930743515491486,0.02594303898513317,0.9868613481521606
104,upperarm_l,71.30659484863281,-44.77661895751953,8.28396224975586,-0.20275166630744934,0.012718703597784042,0.9789304733276367,0.02061781845986843
104,upperarm_r,-81.92408752441406,100.26502990722656,41.83156204223633,0.16346433758735657,0.3497436046600342,-0.5003432631492615,0.774993896484375
105,calf_l,-2.3162436485290527,0.1432618647813797,0.25404903292655945,0.0028244880959391594,0.1646454930305481,-0.04396010935306549,0.9853686690330505
105,calf_r,-2.025822877883911,-0.14840573072433472,0.2149885594844818,-0.0034338615369051695,0.15042874217033386,0.04306407272815704,0.9876765012741089
105,clavicle_l,-27.560094833374023,-11.4736967086792,0.10217989236116409,-0.019547076895833015,0.11561337858438492,0.22120612859725952,0.968152642250061
105,clavicle_r,-25.639066696166992,-15.388824462890625,0.10165922343730927,-0.03332383930683136,0.11241136491298676,0.22739781439304352,0.9667178988456726
105,foot_l,1.3874059915542603,-0.09928927570581436,-0.015722334384918213,-0.000521913287229836,7.912728324299678e-05,-0.04541438817977905,0.9989681243896484
105,foot_r,1.3918765783309937,0.0963062047958374,-0.017086254432797432,0.0005937977111898363,0.00012310102465562522,0.045562345534563065,0.998961329460144
105,hand_l,16.54010772705078,146.88720703125,126.40755462646484,0.04247455671429634,0.8333366513252258,-0.5432072877883911,0.09312253445386887
105,hand_r,-25.551599502563477,150.6988983154297,132.90328979492188,0.8026325106620789,0.2290235161781311,-0.08174920827150345,0.54465252161026
105,head,-0.7727712392807007,2.4362101554870605,-4.044997692108154,0.0022835861891508102,0.02219761349260807,0.009055770002305508,0.9997100234031677
105,lowerarm_l,57.129478454589844,117.62135314941406,67.54096221923828,0.1790664792060852,0.6354261040687561,-0.7432985305786133,0.10805634409189224
105,lowerarm_r,130.27313232421875,87.85037994384766,121.55220794677734,0.7333629131317139,-0.2536945044994354,-0.5701868534088135,0.2696387767791748
105,neck,-20.16388702392578,2.7069830894470215,-2.00960636138916,0.00354228843934834,0.08215681463479996,0.00748305581510067,0.9965850710868835
105,pelvis,6.216822624206543,0.49894657731056213,-3.5982608795166016,0.0014609990175813437,-0.029256116598844528,0.04946424439549446,0.9983462691307068
105,root,0.0,0.0,0.0,-2.1139658201718703e-07,-5.7790373375610216e-08,1.0658141036401503e-14,1.0
105,spine_01,-2.91448712348938,-0.9523147940635681,-3.7165164947509766,-0.0021655166056007147,0.01652236469089985,0.12932811677455902,0.9914618134498596
105,spine_02,-13.4013671875,-6.964450359344482,-2.7193307876586914,-0.0149984210729599,0.06467028707265854,0.22536428272724152,0.9720101952552795
105,thigh_l,26.67568016052246,-1.9299784898757935,-0.47280803322792053,-0.007753537502139807,-0.13960641622543335,-0.026974931359291077,0.9898092150688171
105,thigh_r,27.211702346801758,1.8880361318588257,0.39914822578430176,0.007219194434583187,-0.15637308359146118,0.026114415377378464,0.9873263835906982
105,upperarm_l,70.90312957763672,-48.30775451660156,8.868627548217773,-0.2055666297674179,0.020377876237034798,0.9776721000671387,0.03852788358926773
105,upperarm_r,-78.9487075805664,102.1188735961914,41.57302474975586,0.1627667397260666,0.34720513224601746,-0.5185812711715698,0.7642179727554321
106,calf_l,-2.313416004180908,0.14485549926757812,0.2558254897594452,0.002902090782299638,0.1645096391439438,-0.04393994063138962,0.9853920340538025
106,calf_r,-2.0654823780059814,-0.14942122995853424,0.22228550910949707,-0.003432078752666712,0.15236590802669525,0.043172650039196014,0.9873747825622559
106,clavicle_l,-27.996572494506836,-10.871726036071777,0.22928623855113983,-0.018380938097834587,0.11755484342575073,0.2081979364156723,0.9708226919174194
106,clavicle_r,-26.182397842407227,-14.833246231079102,0.22871677577495575,-0.032175514847040176,0.11454219371080399,0.2144317924976349,0.9694657921791077
106,foot_l,1.3874232769012451,-0.09944438934326172,-0.01597028784453869,-0.0005298078176565468,7.601717516081408e-05,-0.04541308060288429,0.9989681839942932
106,foot_r,1.3911491632461548,0.09693267941474915,-0.017155995592474937,0.0005915754591114819,0.00011325593368383124,0.04553862661123276,0.99896240234375
106,hand_l,24.974172592163086,146.19235229492188,124.81538391113281,0.07034882158041,0.827907919883728,-0.5491275191307068,0.08988181501626968
106,hand_r,-21.101016998291016,151.27513122558594,132.65399169921875,0.7967550158500671,0.2348264753818512,-0.11950845271348953,0.5438343286514282
106,head,-0.5854994058609009,2.3930485248565674,-4.033195972442627,0.002290677046403289,0.02281026542186737,0.008519653230905533,0.9997009038925171
106,lowerarm_l,63.45493698120117,114.39173126220703,66.2542724609375,0.19509312510490417,0.626146137714386,-0.7489362359046936,0.09473292529582977
106,lowerarm_r,132.6251678466797,84.3458023071289,117.42244720458984,0.7211363911628723,-0.2639906108379364,-0.5798460245132446,0.272121399641037
106,neck,-19.97169303894043,2.683879852294922,-1.974320411682129,0.003578268690034747,0.08276025950908661,0.006947467103600502,0.9965388774871826
106,pelvis,6.4237213134765625,0.43070298433303833,-3.577578067779541,0.0012610352132469416,-0.029268253594636917,0.042667657136917114,0.9986597299575806
106,root,0.0,0.0,0.0,-2.1139658201718703e-07,-5.7790373375610216e-08,1.0658141036401503e-14,1.0
106,spine_01,-2.885801076889038,-0.9140117168426514,-3.690594434738159,-0.0020962615963071585,0.017322327941656113,0.1196543499827385,0.9926623702049255
106,spine_02,-13.732114791870117,-6.744833469390869,-2.643442153930664,-0.014503692276775837,0.06656578183174133,0.21233436465263367,0.9748193621635437
106,thigh_l,26.591392517089844,-1.9231743812561035,-0.4882960617542267,-0.007643403019756079,-0.1388121396303177,-0.027035577222704887,0.9899201393127441
106,thigh_r,27.075349807739258,1.8887007236480713,0.26064059138298035,0.0071871099062263966,-0.15339656174182892,0.026285206899046898,0.9877889156341553
106,upperarm_l,70.34600830078125,-52.11436080932617,9.551490783691406,-0.20881208777427673,0.028575753793120384,0.9757797718048096,0.0586073212325573
106,upperarm_r,-76.2546157836914,103.60504150390625,41.311622619628906,0.1610087752342224,0.34503477811813354,-0.5356006622314453,0.7537633180618286
107,calf_l,-2.309417963027954,0.1459053009748459,0.2567782700061798,0.0029646276962012053,0.1643119752407074,-0.043918266892433167,0.9854258894920349
107,calf_r,-2.1023995876312256,-0.14986488223075867,0.22863104939460754,-0.0034147484693676233,0.15416908264160156,0.04327581822872162,0.9870904088020325
107,clavicle_l,-28.422760009765625,-10.210774421691895,0.35286980867385864,-0.017098886892199516,0.1194106712937355,0.19473859667778015,0.9734092950820923
107,clavicle_r,-26.720186233520508,-14.216838836669922,0.35229939222335815,-0.030909046530723572,0.11659346520900726,0.2010117769241333,0.9721341729164124
107,foot_l,1.3873707056045532,-0.09948915988206863,-0.01595204323530197,-0.0005257956800051033,7.031157292658463e-05,-0.04541001096367836,0.9989683032035828
107,foot_r,1.3905020952224731,0.09735112637281418,-0.0169393178075552,0.0005760929198004305,0.00010047229443443939,0.04551483690738678,0.998963475227356
107,hand_l,34.29161834716797,144.98614501953125,123.47904205322266,0.10363257676362991,0.8208586573600769,-0.5544371604919434,0.08972658216953278
107,hand_r,-14.367283821105957,152.26943969726562,131.33151245117188,0.7958650588989258,0.22389352321624756,-0.14353886246681213,0.5439367294311523
107,head,-0.40375441312789917,2.337005615234375,-4.020702838897705,0.002298637991771102,0.0233930516988039,0.007966733537614346,0.9996919631958008
107,lowerarm_l,69.62165832519531,110.739990234375,64.83934020996094,0.21081940829753876,0.6159403324127197,-0.7547232508659363,0.08102788031101227
107,lowerarm_r,134.74819946289062,80.97006225585938,112.9548568725586,0.7080103158950806,-0.27295592427253723,-0.590164840221405,0.2755392789840698
107,neck,-19.78526496887207,2.6483850479125977,-1.939535140991211,0.003615687368437648,0.08333450555801392,0.006395316682755947,0.9964945912361145
107,pelvis,6.619747161865234,0.3633118271827698,-3.556424379348755,0.0010634231148287654,-0.0292781051248312,0.03597646206617355,0.998923122882843
107,root,0.0,0.0,0.0,-2.1139658201718703e-07,-5.7790373375610216e-08,1.0658141036401503e-14,1.0
107,spine_01,-2.8594892024993896,-0.8669192790985107,-3.6642849445343018,-0.0020050727762281895,0.018084798008203506,0.10983455181121826,0.9937833547592163
107,spine_02,-14.059160232543945,-6.4804277420043945,-2.5685548782348633,-0.013914125971496105,0.06838182359933853,0.19884687662124634,0.9775430560112
107,thigh_l,26.506576538085938,-1.9166173934936523,-0.5013641119003296,-0.007547902408987284,-0.13806040585041046,-0.027091266587376595,0.9900244474411011
107,thigh_r,26.931936264038086,1.888838768005371,0.12718331813812256,0.007166207302361727,-0.15045444667339325,0.026452265679836273,0.9882370233535767
107,upperarm_l,69.53431701660156,-55.93410873413086,10.243132591247559,-0.21173764765262604,0.036901578307151794,0.9734607338905334,0.07861119508743286
107,upperarm_r,-73.1806411743164,105.19351959228516,40.946834564208984,0.1601429134607315,0.34212160110473633,-0.552952229976654,0.7426647543907166
108,calf_l,-2.3041813373565674,0.14762762188911438,0.25765371322631836,0.0030215568840503693,0.1640649139881134,-0.043895263224840164,0.9854679107666016
108,calf_r,-2.1360836029052734,-0.15098321437835693,0.23478811979293823,-0.00339327659457922,0.15582796931266785,0.04337186738848686,0.9868257641792297
108,clavicle_l,-28.83274269104004,-9.484609603881836,0.4706578254699707,-0.015680598095059395,0.12113994359970093,0.18086181581020355,0.9758935570716858
108,clavicle_r,-27.242353439331055,-13.542945861816406,0.4700762629508972,-0.029539380222558975,0.11851709336042404,0.18717657029628754,0.9747030735015869
108,foot_l,1.3879190683364868,-0.09906916320323944,-0.016083743423223495,-0.0005354867316782475,8.012673060875386e-05,-0.04542989656329155,0.9989674091339111
108,foot_r,1.3904953002929688,0.09732258319854736,-0.016828171908855438,0.0005766871036030352,0.00010561852832324803,0.045516371726989746,0.998963475227356
108,hand_l,42.497432708740234,143.27728271484375,121.65770721435547,0.1274891495704651,0.8138357400894165,-0.5614672899246216,0.07856462150812149
108,hand_r,-7.1686835289001465,153.09178161621094,130.0306396484375,0.7953016757965088,0.21122688055038452,-0.16824427247047424,0.5427454113960266
108,head,-0.2288423478603363,2.267380714416504,-4.007065296173096,0.0023075605276972055,0.02392425760626793,0.007397892419248819,0.9996837377548218
108,lowerarm_l,74.77749633789062,107.17195129394531,63.522804260253906,0.2240779995918274,0.6065832376480103,-0.7597103714942932,0.0684540867805481
108,lowerarm_r,136.6976318359375,77.38142395019531,108.69076538085938,0.6949483156204224,-0.2818625271320343,-0.6002699136734009,0.2779864966869354
108,neck,-19.60980224609375,2.6015124320983887,-1.9049286842346191,0.0036600599996745586,0.08386952430009842,0.0058268215507268906,0.9964529871940613
108,pelvis,6.801246643066406,0.2978704571723938,-3.5356521606445312,0.0008716133306734264,-0.02929048240184784,0.029484806582331657,0.9991356134414673
108,root,0.0,0.0,0.0,-2.1139658201718703e-07,-5.7790373375610216e-08,1.0658141036401503e-14,1.0
108,spine_01,-2.8359241485595703,-0.810975193977356,-3.6381185054779053,-0.0018907374469563365,0.01878967694938183,0.09993664175271988,0.9948145747184753
108,spine_02,-14.377098083496094,-6.169771194458008,-2.4959206581115723,-0.013227347284555435,0.07007987052202225,0.1849374771118164,0.9801592826843262
108,thigh_l,26.426923751831055,-1.90945303440094,-0.5104057788848877,-0.007459369488060474,-0.13739968836307526,-0.02714136242866516,0.9901156425476074
108,thigh_r,26.78913688659668,1.887686014175415,0.0023908913135528564,0.007149007171392441,-0.14763323962688446,0.026612496003508568,0.9886582493782043
108,upperarm_l,68.40592956542969,-59.52886962890625,10.851526260375977,-0.2135886400938034,0.045034345239400864,0.9711191654205322,0.09633051604032516
108,upperarm_r,-70.13594818115234,106.65406799316406,40.58115005493164,0.15913009643554688,0.3392678499221802,-0.569800078868866,0.7313705086708069
109,calf_l,-2.297255754470825,0.14738373458385468,0.25686314702033997,0.0030541294254362583,0.1637130230665207,-0.04387049749493599,0.9855273365974426
109,calf_r,-2.1656346321105957,-0.150027796626091,0.23886516690254211,-0.0033493293449282646,0.15726155042648315,0.04345942288637161,0.9865946173667908
109,clavicle_l,-29.214113235473633,-8.706890106201172,0.5775175094604492,-0.014172780327498913,0.12269020825624466,0.1666129231452942,0.9782568216323853
109,clavicle_r,-27.746540069580078,-12.798762321472168,0.5769362449645996,-0.02802070789039135,0.12027797102928162,0.17295852303504944,0.9771558046340942
109,foot_l,1.387418270111084,-0.09951256215572357,-0.01610597036778927,-0.0005294294678606093,6.62841193843633e-05,-0.04541068524122238,0.9989683032035828
109,foot_r,1.3894450664520264,0.0981835424900055,-0.01675308495759964,0.0005609681829810143,8.399677608394995e-05,0.04547751322388649,0.9989652633666992
109,hand_l,51.631649017333984,140.89952087402344,120.19979858398438,0.1581590175628662,0.8048456907272339,-0.5674984455108643,0.07179614156484604
109,hand_r,0.4864051938056946,153.66650390625,128.74517822265625,0.7950868010520935,0.19659782946109772,-0.19334551692008972,0.5401889085769653
109,head,-0.07289126515388489,2.184504747390747,-3.993988037109375,0.002319266088306904,0.024411870166659355,0.006815094035118818,0.9996761679649353
109,lowerarm_l,79.52559661865234,103.42623901367188,62.17567443847656,0.23645196855068207,0.5971129536628723,-0.7644733786582947,0.05592009052634239
109,lowerarm_r,138.5031280517578,73.47455596923828,104.70513916015625,0.6820204257965088,-0.29106616973876953,-0.610144317150116,0.2790205478668213
109,neck,-19.446369171142578,2.5394110679626465,-1.873624324798584,0.003700243541970849,0.08433926850557327,0.005244870204478502,0.9964165091514587
109,pelvis,6.961178779602051,0.2354060560464859,-3.5142600536346436,0.0006890177028253675,-0.029293488711118698,0.02328476868569851,0.9992994070053101
109,root,0.0,0.0,0.0,-2.1139658201718703e-07,-5.7790373375610216e-08,1.0658141036401503e-14,1.0
109,spine_01,-2.8165173530578613,-0.7475792169570923,-3.612428903579712,-0.001757898717187345,0.019422974437475204,0.09002932906150818,0.9957481622695923
109,spine_02,-14.676971435546875,-5.810662746429443,-2.429068088531494,-0.012438726611435413,0.07160775363445282,0.17064525187015533,0.9826483726501465
109,thigh_l,26.345460891723633,-1.9036918878555298,-0.5159687399864197,-0.007393641397356987,-0.13680477440357208,-0.027183838188648224,0.9901973605155945
109,thigh_r,26.64089584350586,1.8873677253723145,-0.11304505169391632,0.007151009980589151,-0.1449381560087204,0.026762714609503746,0.9890528917312622
109,upperarm_l,66.97478485107422,-63.13741683959961,11.452259063720703,-0.21483668684959412,0.05348672717809677,0.9685552716255188,0.11351221799850464
109,upperarm_r,-67.17454528808594,108.01683807373047,40.264244079589844,0.1579190343618393,0.336700439453125,-0.5862018465995789,0.7197651267051697
110,calf_l,-2.28875732421875,0.14763090014457703,0.2558055818080902,0.003082795301452279,0.1632935106754303,-0.0438418947160244,0.985598087310791
110,calf_r,-2.190701961517334,-0.1497276872396469,0.24246449768543243,-0.003306465921923518,0.1584872305393219,0.04353509843349457,0.9863952398300171
110,clavicle_l,-29.563661575317383,-7.8672685623168945,0.6721398234367371,-0.012536441907286644,0.12402689456939697,0.15202495455741882,0.980483889579773
110,clavicle_r,-28.219064712524414,-11.998680114746094,0.6715530753135681,-0.026403328403830528,0.12182312458753586,0.15840178728103638,0.9794748425483704
110,foot_l,1.3874950408935547,-0.09943971037864685,-0.016169536858797073,-0.0005280078039504588,6.318893429124728e-05,-0.04541236534714699,0.998968243598938
110,foot_r,1.389012098312378,0.09841776639223099,-0.016563696786761284,0.0005504278233274817,7.63072312111035e-05,0.04546253755688667,0.9989659190177917
110,hand_l,61.58165740966797,137.6477813720703,119.18415069580078,0.19547216594219208,0.7930436134338379,-0.5727308392524719,0.06965532153844833
110,hand_r,6.910963535308838,153.85597229003906,128.88992309570312,0.7910718321800232,0.19479615986347198,-0.23299580812454224,0.5310111045837402
110,head,0.06788894534111023,2.0877766609191895,-3.9797425270080566,0.0023311416152864695,0.024819104000926018,0.006220084149390459,0.9996699094772339
110,lowerarm_l,83.74208068847656,99.65178680419922,60.89400100708008,0.24768054485321045,0.588107705116272,-0.768683910369873,0.043689314275979996
110,lowerarm_r,140.25205993652344,68.96340942382812,101.58627319335938,0.6703301072120667,-0.3019935190677643,-0.6186841726303101,0.27692484855651855
110,neck,-19.302425384521484,2.46514630317688,-1.8437862396240234,0.0037453111726790667,0.08474121987819672,0.0046511925756931305,0.9963852167129517
110,pelvis,7.097243309020996,0.17669884860515594,-3.493821620941162,0.0005171535303816199,-0.02929849550127983,0.01747085154056549,0.9994179010391235
110,root,0.0,0.0,0.0,-2.1139658201718703e-07,-5.7790373375610216e-08,1.0658141036401503e-14,1.0
110,spine_01,-2.801105499267578,-0.6771068572998047,-3.5879135131835938,-0.001605928293429315,0.01996145024895668,0.08018297702074051,0.9965789914131165
110,spine_02,-14.953774452209473,-5.405364513397217,-2.3685097694396973,-0.011554981581866741,0.07293083518743515,0.15600813925266266,0.9849919080734253
110,thigh_l,26.27272605895996,-1.8975880146026611,-0.515780508518219,-0.007334298919886351,-0.13635264337062836,-0.027217328548431396,0.9902593493461609
110,thigh_r,26.500425338745117,1.8858277797698975,-0.21487665176391602,0.007153293117880821,-0.1424882709980011,0.026899468153715134,0.9894051551818848
110,upperarm_l,65.19733428955078,-66.78241729736328,12.04638385772705,-0.21532367169857025,0.062436044216156006,0.9658383131027222,0.12997621297836304
110,upperarm_r,-64.71939849853516,109.13727569580078,40.12133026123047,0.15562455356121063,0.3352952003479004,-0.6012917757034302,0.7083829641342163
111,calf_l,-2.2789506912231445,0.1494944840669632,0.2554093599319458,0.0031180856749415398,0.16283506155014038,-0.043811049312353134,0.9856752157211304
111,calf_r,-2.212724447250366,-0.15098732709884644,0.24646757543087006,-0.00327165680937469,0.15958595275878906,0.04360267147421837,0.9862152338027954
111,clavicle_l,-29.891754150390625,-6.954500675201416,0.7592089176177979,-0.01074574701488018,0.12522050738334656,0.13686732947826385,0.9825841784477234
111,clavicle_r,-28.670650482177734,-11.139784812927246,0.7585451602935791,-0.02468840219080448,0.12322355061769485,0.14327974617481232,0.9816706776618958
111,foot_l,1.3886723518371582,-0.09854638576507568,-0.01632501371204853,-0.0005484438152052462,8.827869896776974e-05,-0.045455582439899445,0.9989662170410156
111,foot_r,1.3896692991256714,0.09782405197620392,-0.016548408195376396,0.0005635801935568452,9.908495849231258e-05,0.0454908087849617,0.9989646077156067
111,hand_l,71.9212646484375,133.4463348388672,118.48471069335938,0.2360934019088745,0.7782707214355469,-0.5777162313461304,0.06927187740802765
111,hand_r,15.500550270080566,153.79551696777344,127.6676025390625,0.7915963530540466,0.17618893086910248,-0.2584569752216339,0.5249122977256775
111,head,0.1976609230041504,1.9777562618255615,-3.9646506309509277,0.002343843225389719,0.02516556903719902,0.00560253020375967,0.999664843082428
111,lowerarm_l,87.63126373291016,95.76033020019531,59.64234924316406,0.25830602645874023,0.5792089700698853,-0.7725377678871155,0.031310535967350006
111,lowerarm_r,141.788330078125,64.34357452392578,98.09818267822266,0.6574162840843201,-0.31214067339897156,-0.6282680034637451,0.2750479578971863
111,neck,-19.17647361755371,2.380342483520508,-1.8143296241760254,0.003798547200858593,0.0851036086678505,0.004034979734569788,0.996356725692749
111,pelvis,7.215298175811768,0.12021417170763016,-3.474903106689453,0.0003515245334710926,-0.029310964047908783,0.011889535933732986,0.9994995594024658
111,root,0.0,0.0,0.0,-2.1139658201718703e-07,-5.7790373375610216e-08,1.0658141036401503e-14,1.0
111,spine_01,-2.791048288345337,-0.5996596813201904,-3.564596176147461,-0.0014354567974805832,0.020435001701116562,0.07021034508943558,0.9973219037055969
111,spine_02,-15.218393325805664,-4.953720569610596,-2.3117780685424805,-0.010575848631560802,0.07412265986204147,0.14079830050468445,0.987203061580658
111,thigh_l,26.21235466003418,-1.890433430671692,-0.5096225142478943,-0.007273126393556595,-0.13605724275112152,-0.02724279649555683,0.990299642086029
111,thigh_r,26.37104606628418,1.882670283317566,-0.3056551218032837,0.007150230463594198,-0.14025326073169708,0.0270253736525774,0.9897209405899048
111,upperarm_l,63.086856842041016,-70.42044830322266,12.633281707763672,-0.2151922732591629,0.07164639234542847,0.962891697883606,0.1462828814983368
111,upperarm_r,-61.90028762817383,110.43236541748047,39.96466827392578,0.15413019061088562,0.333522766828537,-0.6171867251396179,0.6957637071609497
112,calf_l,-2.267914056777954,0.14888830482959747,0.2532351315021515,0.003129339776933193,0.16228537261486053,-0.043778546154499054,0.9857673048973083
112,calf_r,-2.2328317165374756,-0.14965328574180603,0.24849064648151398,-0.0032118556555360556,0.1605633944272995,0.043667033314704895,0.9860538840293884
112,clavicle_l,-30.20210838317871,-5.984903335571289,0.8421332836151123,-0.00886525958776474,0.12635275721549988,0.12097664922475815,0.984541118144989
112,clavicle_r,-29.118833541870117,-10.199146270751953,0.8415101170539856,-0.022803371772170067,0.12458553910255432,0.127413809299469,0.9837297201156616
112,foot_l,1.388403058052063,-0.0987958163022995,-0.01635926216840744,-0.0005460040993057191,8.08129261713475e-05,-0.04544541984796524,0.9989666938781738
112,foot_r,1.3889421224594116,0.09841953963041306,-0.016470130532979965,0.0005525781307369471,8.5667401435785e-05,0.04546400532126427,0.998965859413147
112,hand_l,82.23265838623047,128.3402557373047,117.8939208984375,0.2766462564468384,0.7609975934028625,-0.5829010009765625,0.06764605641365051
112,hand_r,24.572463989257812,153.2692108154297,126.46276092529297,0.7919933199882507,0.1561993956565857,-0.28441548347473145,0.5171616673469543
112,head,0.3091864287853241,1.8558075428009033,-3.9514899253845215,0.002359347650781274,0.025519464164972305,0.004956081043928862,0.9996593594551086
112,lowerarm_l,91.41869354248047,91.57002258300781,58.31583786010742,0.2688959538936615,0.5696662068367004,-0.7764296531677246,0.01823226734995842
112,lowerarm_r,143.10400390625,59.70378112792969,94.54573059082031,0.6440925002098083,-0.3217206597328186,-0.6379872560501099,0.27315372228622437
112,neck,-19.05868148803711,2.281778573989868,-1.7879843711853027,0.003847111715003848,0.08544239401817322,0.003390235360711813,0.9963299632072449
112,pelvis,7.319951057434082,0.06413152813911438,-3.4554123878479004,0.00018759180966299027,-0.029311759397387505,0.006335903890430927,0.9995502233505249
112,root,0.0,0.0,0.0,-2.1139658201718703e-07,-5.7790373375610216e-08,1.0658141036401503e-14,1.0
112,spine_01,-2.788201332092285,-0.5157952904701233,-3.541719913482666,-0.0012500924058258533,0.0208957027643919,0.059922508895397186,0.9979836344718933
112,spine_02,-15.477737426757812,-4.455296993255615,-2.2579312324523926,-0.009501227177679539,0.07526224851608276,0.12484456598758698,0.9892720580101013
112,thigh_l,26.148822784423828,-1.8851325511932373,-0.5012581944465637,-0.007233698386698961,-0.13580460846424103,-0.027262363582849503,0.9903340935707092
112,thigh_r,26.235044479370117,1.8812328577041626,-0.3930623233318329,0.00716893607750535,-0.13804954290390015,0.027145717293024063,0.9900273084640503
112,upperarm_l,60.7044677734375,-73.95700073242188,13.204553604125977,-0.214689239859581,0.0806964561343193,0.9596073627471924,0.16294336318969727
112,upperarm_r,-58.96664810180664,111.66536712646484,39.77250671386719,0.1527298539876938,0.3315693438053131,-0.6329282522201538,0.6827424764633179
113,calf_l,-2.2559938430786133,0.14811989665031433,0.25060024857521057,0.0031334874220192432,0.16169072687625885,-0.04374419525265694,0.9858664870262146
113,calf_r,-2.251452922821045,-0.1483270674943924,0.25007688999176025,-0.0031464744824916124,0.16146698594093323,0.04372893646359444,0.985903799533844
113,clavicle_l,-30.48931121826172,-4.952624797821045,0.9224797487258911,-0.006863660644739866,0.12741735577583313,0.10447252541780472,0.9863079786300659
113,clavicle_r,-29.54825782775879,-9.195669174194336,0.9216909408569336,-0.0208060834556818,0.12588447332382202,0.11093328148126602,0.985603392124176
113,foot_l,1.3883302211761475,-0.09867262840270996,-0.016011247411370277,-0.0005287599051371217,7.369770901277661e-05,-0.045441530644893646,0.9989668726921082
113,foot_r,1.3884527683258057,0.098541259765625,-0.015922999009490013,0.0005265966174192727,7.358492439379916e-05,0.045445434749126434,0.9989666938781738
113,hand_l,92.31735229492188,122.33668518066406,117.35647583007812,0.31632453203201294,0.741411566734314,-0.5883176922798157,0.06426490843296051
113,hand_r,32.57765197753906,152.45166015625,126.85433959960938,0.7886432409286499,0.14976201951503754,-0.32431620359420776,0.5004322528839111
113,head,0.4114076495170593,1.7221825122833252,-3.9381980895996094,0.002375159878283739,0.025853464379906654,0.004286425653845072,0.9996537566184998
113,lowerarm_l,95.01873016357422,87.13372039794922,56.92390823364258,0.2792400121688843,0.5595985651016235,-0.780290424823761,0.004626826383173466
113,lowerarm_r,144.2702178955078,54.99783706665039,91.51266479492188,0.6317057013511658,-0.3316454589366913,-0.6464838981628418,0.2702181935310364
113,neck,-18.952190399169922,2.1730449199676514,-1.7620563507080078,0.0038992881309241056,0.08576735109090805,0.0027223548386245966,0.9963038563728333
113,pelvis,7.414311408996582,0.008344702422618866,-3.4364402294158936,2.4153659978765063e-05,-0.029311401769518852,0.0008261594921350479,0.9995700716972351
113,root,0.0,0.0,0.0,-2.1139658201718703e-07,-5.7790373375610216e-08,1.0658141036401503e-14,1.0
113,spine_01,-2.7896065711975098,-0.42559412121772766,-3.5193145275115967,-0.0010492189321666956,0.021334463730454445,0.04938526079058647,0.9985514879226685
113,spine_02,-15.72757339477539,-3.9151577949523926,-2.205336093902588,-0.008343328721821308,0.07634831964969635,0.10827112197875977,0.9911502003669739
113,thigh_l,26.089052200317383,-1.8800079822540283,-0.48997294902801514,-0.007202275563031435,-0.13562706112861633,-0.02727610245347023,0.9903582334518433
113,thigh_r,26.10047721862793,1.879582166671753,-0.4759044349193573,0.007193681783974171,-0.13592059910297394,0.027262013405561447,0.9903184771537781
113,upperarm_l,58.075565338134766,-77.34561920166016,13.751607894897461,-0.21379423141479492,0.08951305598020554,0.9560261964797974,0.17970359325408936
113,upperarm_r,-56.33816146850586,112.64351654052734,39.61390686035156,0.1506476104259491,0.3300611972808838,-0.6472974419593811,0.6703513264656067
114,calf_l,-2.2432198524475098,0.1469135731458664,0.24739910662174225,0.003128634300082922,0.16104930639266968,-0.04370933398604393,0.985973060131073
114,calf_r,-2.2686245441436768,-0.14640963077545166,0.2509458363056183,-0.00307135540060699,0.1622922271490097,0.04378752037882805,0.9857659339904785
114,clavicle_l,-30.743759155273438,-3.8694114685058594,0.9994248151779175,-0.004768066108226776,0.12839899957180023,0.08748084306716919,0.9878451824188232
114,clavicle_r,-29.950672149658203,-8.134953498840332,0.9986833930015564,-0.018703985959291458,0.12710940837860107,0.09396132081747055,0.9872510433197021
114,foot_l,1.3878300189971924,-0.09944804757833481,-0.016725292429327965,-0.0005444351700134575,5.751319622504525e-05,-0.045422233641147614,0.9989677667617798
114,foot_r,1.3874666690826416,0.09963535517454147,-0.016476470977067947,0.0005350725841708481,5.359665010473691e-05,0.04541004076600075,0.9989683032035828
114,hand_l,101.99654388427734,115.47303009033203,116.81202697753906,0.3544403910636902,0.719833493232727,-0.5939453840255737,0.05865689739584923
114,hand_r,42.456119537353516,150.8623046875,125.66969299316406,0.7888308167457581,0.1271142065525055,-0.35022759437561035,0.4888032078742981
114,head,0.5025036334991455,1.578427791595459,-3.924846649169922,0.0023925406858325005,0.026171237230300903,0.0035979272797703743,0.9996481537818909
114,lowerarm_l,98.35601806640625,82.5108642578125,55.471622467041016,-0.28914040327072144,-0.5491254925727844,0.7840739488601685,0.00933386106044054
114,lowerarm_r,145.12347412109375,50.42592239379883,87.88878631591797,0.6178218126296997,-0.3398962616920471,-0.6563332676887512,0.268315851688385
114,neck,-18.856531143188477,2.0548579692840576,-1.7367124557495117,0.003954058513045311,0.08607511967420578,0.0020357815083116293,0.9962787628173828
114,pelvis,7.49902868270874,-0.046722158789634705,-3.417479991912842,-0.00013684845180250704,-0.029308177530765533,-0.004623854998499155,0.9995598196983337
114,root,0.0,0.0,0.0,-2.1139658201718703e-07,-5.7790373375610216e-08,1.0658141036401503e-14,1.0
114,spine_01,-2.793727159500122,-0.32972243428230286,-3.4971117973327637,-0.0008341494249179959,0.021749787032604218,0.0386640764772892,0.999015212059021
114,spine_02,-15.961353302001953,-3.337407112121582,-2.154362201690674,-0.007110295817255974,0.07736944407224655,0.09120423346757889,0.9927966594696045
114,thigh_l,26.030826568603516,-1.8752150535583496,-0.476458340883255,-0.007180029526352882,-0.13550300896167755,-0.027286255732178688,0.9903751015663147
114,thigh_r,25.96561622619629,1.878108024597168,-0.5546624660491943,0.0072272056713700294,-0.13385231792926788,0.027373403310775757,0.9905968308448792
114,upperarm_l,55.230106353759766,-80.54984283447266,14.268016815185547,-0.2124914526939392,0.09804445505142212,0.9522041082382202,0.19632133841514587
114,upperarm_r,-53.25993347167969,113.71659851074219,39.366294860839844,0.14940480887889862,0.3278466463088989,-0.6624377369880676,0.6567884683609009
115,calf_l,-2.2297089099884033,0.14769746363162994,0.24528361856937408,0.00313233258202672,0.16040541231632233,-0.04367269575595856,0.9860796928405762
115,calf_r,-2.2842791080474854,-0.14646397531032562,0.25274330377578735,-0.0030051618814468384,0.16307860612869263,0.04384353756904602,0.9856337904930115
115,clavicle_l,-30.961326599121094,-2.7340831756591797,1.0745683908462524,-0.0025596695486456156,0.12929563224315643,0.07012391835451126,0.9891201853752136
115,clavicle_r,-30.317190170288086,-7.036787033081055,1.0739600658416748,-0.016550948843359947,0.12825031578540802,0.07663128525018692,0.9886382818222046
115,foot_l,1.3888936042785645,-0.09841127693653107,-0.016495075076818466,-0.0005510831251740456,8.378136408282444e-05,-0.04546234384179115,0.9989659190177917
115,foot_r,1.3880828619003296,0.09890852868556976,-0.01607907935976982,0.0005338940536603332,7.468126568710431e-05,0.04543508589267731,0.998967170715332
115,hand_l,111.11469268798828,107.81227111816406,116.19749450683594,0.390444815158844,0.6966773271560669,-0.5997095704078674,0.05041888728737831
115,hand_r,52.58171463012695,148.5802764892578,124.4546890258789,0.7885598540306091,0.10322762280702591,-0.37586233019828796,0.47565212845802307
115,head,0.5888246297836304,1.425313949584961,-3.9100050926208496,0.002409398090094328,0.026453077793121338,0.0028961137868463993,0.9996429681777954
115,lowerarm_l,101.36973571777344,77.76488494873047,53.96167755126953,-0.29842716455459595,-0.5383666753768921,0.7877505421638489,0.023486778140068054
115,lowerarm_r,145.73948669433594,45.89011001586914,84.25879669189453,0.6037305593490601,-0.34748658537864685,-0.6662287712097168,0.2662739157676697
115,neck,-18.773006439208984,1.9294451475143433,-1.7102599143981934,0.004014153033494949,0.08636949956417084,0.0013354948023334146,0.9962542057037354
115,pelvis,7.577934741973877,-0.10103177279233932,-3.399479389190674,-0.0002955981472041458,-0.029315628111362457,-0.009998905472457409,0.9995202422142029
115,root,0.0,0.0,0.0,-2.1139658201718703e-07,-5.7790373375610216e-08,1.0658141036401503e-14,1.0
115,spine_01,-2.797363758087158,-0.22881394624710083,-3.4752845764160156,-0.0006061405292712152,0.022131726145744324,0.02782587520778179,0.9993675947189331
115,spine_02,-16.175132751464844,-2.7278623580932617,-2.1039366722106934,-0.005814737640321255,0.07832272350788116,0.07377131283283234,0.9941778182983398
115,thigh_l,25.98111343383789,-1.8688348531723022,-0.45963120460510254,-0.00715217599645257,-0.13546450436115265,-0.027292434126138687,0.9903804063796997
115,thigh_r,25.837644577026367,1.874826431274414,-0.6281223297119141,0.007253846153616905,-0.1318819373846054,0.02748137339949608,0.9908578395843506
115,upperarm_l,52.200679779052734,-83.54200744628906,14.748537063598633,-0.21077224612236023,0.1062537431716919,0.9482056498527527,0.21258237957954407
115,upperarm_r,-50.1274528503418,114.69801330566406,39.096031188964844,0.14823710918426514,0.3255266845226288,-0.6772328615188599,0.6429725885391235
116,calf_l,-2.2153756618499756,0.1465071737766266,0.2416624277830124,0.0031154535245150328,0.15969470143318176,-0.043635960668325424,0.9861966371536255
116,calf_r,-2.298419952392578,-0.1445784717798233,0.25292661786079407,-0.0029196294490247965,0.16376253962516785,0.0438959039747715,0.9855183959007263
116,clavicle_l,-31.133026123046875,-1.574061393737793,1.1450139284133911,-0.0003154188161715865,0.13009148836135864,0.052536334842443466,0.9901092052459717
116,clavicle_r,-30.642330169677734,-5.893158435821533,1.1443709135055542,-0.014305301941931248,0.12929508090019226,0.059060413390398026,0.9897425174713135
116,foot_l,1.3888176679611206,-0.09853502362966537,-0.01652294024825096,-0.0005506752640940249,7.863514474593103e-05,-0.04545852541923523,0.9989660978317261
116,foot_r,1.3875384330749512,0.09932729601860046,-0.015977295115590096,0.0005259581957943738,6.620863132411614e-05,0.04541606083512306,0.9989680051803589
116,hand_l,119.5475082397461,99.43183898925781,115.45791625976562,0.42398354411125183,0.6723772883415222,-0.6054781675338745,0.03927929326891899
116,hand_r,61.62828063964844,146.0722198486328,124.9329833984375,0.7850698828697205,0.09301285445690155,-0.4135895073413849,0.45161667466163635
116,head,0.6602548360824585,1.265243649482727,-3.8956522941589355,0.0024280487559735775,0.026726773008704185,0.0021847013849765062,0.9996374845504761
116,lowerarm_l,104.01558685302734,72.96007537841797,52.396488189697266,-0.30696168541908264,-0.5274398326873779,0.7913039922714233,0.03768023103475571
116,lowerarm_r,146.2416229248047,41.40683364868164,81.21829986572266,0.5909088253974915,-0.35536763072013855,-0.6746701598167419,0.26336464285850525
116,neck,-18.698078155517578,1.7960524559020996,-1.6854643821716309,0.004072349052876234,0.08663634210824966,0.0006261251401156187,0.9962314963340759
116,pelvis,7.647843837738037,-0.15451478958129883,-3.3803820610046387,-0.0004522805684246123,-0.02931332215666771,-0.01528239157050848,0.9994534254074097
116,root,0.0,0.0,0.0,-2.1139658201718703e-07,-5.7790373375610216e-08,1.0658141036401503e-14,1.0
116,spine_01,-2.80082106590271,-0.12426167726516724,-3.4532010555267334,-0.0003694018814712763,0.022487757727503777,0.016935670748353004,0.9996036291122437
116,spine_02,-16.360523223876953,-2.0914666652679443,-2.056252956390381,-0.0044661108404397964,0.07918713241815567,0.0561002753674984,0.9952699542045593
116,thigh_l,25.925180435180664,-1.8638832569122314,-0.4425514340400696,-0.0071424152702093124,-0.1354171335697174,-0.027296345680952072,0.9903868436813354
116,thigh_r,25.702991485595703,1.8726805448532104,-0.6989057064056396,0.00729689234867692,-0.12992656230926514,0.02758563682436943,0.9911129474639893
116,upperarm_l,49.0200309753418,-86.30716705322266,15.191787719726562,-0.20863336324691772,0.11413195729255676,0.9440987706184387,0.2283058762550354
116,upperarm_r,-47.37333679199219,115.42131805419922,38.867759704589844,0.14643020927906036,0.32369670271873474,-0.6904278993606567,0.630149245262146
117,calf_l,-2.2004568576812744,0.14626604318618774,0.23835594952106476,0.003099708817899227,0.1589708775281906,-0.043597958981990814,0.9863153100013733
117,calf_r,-2.311136484146118,-0.14360223710536957,0.2532234787940979,-0.0028361601289361715,0.16439205408096313,0.04394596070051193,0.9854115843772888
117,clavicle_l,-31.254886627197266,-0.3873581886291504,1.2122735977172852,0.001988624455407262,0.13077932596206665,0.034843891859054565,0.9907970428466797
117,clavicle_r,-30.91818618774414,-4.7278008460998535,1.2116419076919556,-0.012030813843011856,0.13023221492767334,0.04138631373643875,0.9905464053153992
117,foot_l,1.3894381523132324,-0.09806910157203674,-0.016669608652591705,-0.0005616245325654745,9.091156243812293e-05,-0.045480843633413315,0.9989650845527649
117,foot_r,1.3876787424087524,0.09916871786117554,-0.015968678519129753,0.0005294548464007676,7.374893903033808e-05,0.04542313143610954,0.998967707157135
117,hand_l,128.39620971679688,89.38496398925781,116.06138610839844,0.4665782153606415,0.6380994319915771,-0.6111085414886475,0.04099203273653984
117,hand_r,72.01447296142578,142.33734130859375,123.6419906616211,0.7839922308921814,0.0668463408946991,-0.4376675486564636,0.43512627482414246
117,head,0.7255390286445618,1.0992538928985596,-3.8798093795776367,0.0024463024456053972,0.02696710079908371,0.0014705463545396924,0.9996323585510254
117,lowerarm_l,106.833740234375,67.76087951660156,51.00894546508789,-0.31658700108528137,-0.5159687399864197,0.7942041158676147,0.05280870199203491
117,lowerarm_r,146.39622497558594,36.96891784667969,77.61239624023438,0.5765324831008911,-0.3617051839828491,-0.6846036314964294,0.2609550952911377
117,neck,-18.633628845214844,1.6575366258621216,-1.659858226776123,0.004132505040615797,0.08688294887542725,-8.570191857870668e-05,0.996209979057312
117,pelvis,7.712627410888672,-0.206770122051239,-3.361332416534424,-0.0006049773655831814,-0.029315194115042686,-0.02045932412147522,0.9993606805801392
117,root,0.0,0.0,0.0,-2.1139658201718703e-07,-5.7790373375610216e-08,1.0658141036401503e-14,1.0
117,spine_01,-2.8009886741638184,-0.016755739226937294,-3.4309566020965576,-0.00012479769065976143,0.02280767448246479,0.00606100307777524,0.9997215867042542
117,spine_02,-16.515522003173828,-1.4354642629623413,-2.009737491607666,-0.003079148242250085,0.07996387034654617,0.038322895765304565,0.996056079864502
117,thigh_l,25.871801376342773,-1.8580665588378906,-0.42393627762794495,-0.007132379803806543,-0.13540375232696533,-0.02729853428900242,0.9903886914253235
117,thigh_r,25.570348739624023,1.869521141052246,-0.7656695246696472,0.0073385280556976795,-0.1280325949192047,0.027687402442097664,0.9913562536239624
117,upperarm_l,45.66702651977539,-89.07211303710938,15.705879211425781,-0.20677730441093445,0.12215722352266312,0.9391778111457825,0.24549096822738647
117,upperarm_r,-44.19295883178711,116.22942352294922,38.57841491699219,0.14538665115833282,0.3212890028953552,-0.7044785022735596,0.6159108281135559
118,calf_l,-2.1848809719085693,0.14503559470176697,0.2342981994152069,0.0030706278048455715,0.1582041233778,-0.04355955868959427,0.9864403605461121
118,calf_r,-2.3223612308502197,-0.14171139895915985,0.2526717483997345,-0.0027412641793489456,0.16493651270866394,0.04399275779724121,0.9853187799453735
118,clavicle_l,-31.322917938232422,0.8055824637413025,1.2749063968658447,0.0043014828115701675,0.13135159015655518,0.01717907190322876,0.9911776781082153
118,clavicle_r,-31.141433715820312,-3.542766809463501,1.2743149995803833,-0.009716775268316269,0.13105559349060059,0.02373337373137474,0.9910432696342468
118,foot_l,1.3895318508148193,-0.09807290136814117,-0.01680174097418785,-0.0005682584596797824,9.180657070828602e-05,-0.045483991503715515,0.9989649057388306
118,foot_r,1.3873485326766968,0.09943172335624695,-0.015949364751577377,0.0005278451135382056,7.065373210934922e-05,0.04541242495179176,0.998968243598938
118,hand_l,135.0829620361328,79.77840423583984,114.9886474609375,0.4941891133785248,0.6122074127197266,-0.6167762875556946,0.023795809596776962
118,hand_r,82.32323455810547,137.7740936279297,122.28402709960938,0.7821207642555237,0.039694298058748245,-0.46089035272598267,0.4174824655056
118,head,0.7796287536621094,0.9297152757644653,-3.8633108139038086,0.0024654415901750326,0.027188479900360107,0.000757759262342006,0.9996269941329956
118,lowerarm_l,108.66007995605469,63.03689956665039,49.37786102294922,-0.3233504295349121,-0.5051599740982056,0.7973837852478027,0.06661108881235123
118,lowerarm_r,146.31690979003906,32.54637145996094,74.04505920410156,0.5620246529579163,-0.36752593517303467,-0.6945613026618958,0.2581426799297333
118,neck,-18.577152252197266,1.5149592161178589,-1.634812355041504,0.004192068241536617,0.08710058778524399,-0.0007961633964441717,0.9961903691291809
118,pelvis,7.771623134613037,-0.2578875720500946,-3.3412039279937744,-0.0007547231507487595,-0.029312876984477043,-0.02551368996500969,0.9992443323135376
118,root,0.0,0.0,0.0,-2.1139658201718703e-07,-5.7790373375610216e-08,1.0658141036401503e-14,1.0
118,spine_01,-2.7970950603485107,0.09246957302093506,-3.4082114696502686,0.00012444269668776542,0.023093171417713165,-0.004732012283056974,0.9997221231460571
118,spine_02,-16.634477615356445,-0.7665252685546875,-1.965630054473877,-0.0016666897572577,0.08063839375972748,0.02056831680238247,0.9965298175811768
118,thigh_l,25.81326675415039,-1.8527374267578125,-0.4053707718849182,-0.007133086211979389,-0.13537076115608215,-0.027299921959638596,0.9903931617736816
118,thigh_r,25.432804107666016,1.8666210174560547,-0.8295526504516602,0.007389169652014971,-0.12615568935871124,0.027786975726485252,0.9915937185287476
118,upperarm_l,42.25926208496094,-91.38591766357422,16.086626052856445,-0.2038024365901947,0.12947925925254822,0.9350056052207947,0.2597387135028839
118,upperarm_r,-40.99089813232422,116.96141052246094,38.29143524169922,0.14441797137260437,0.3188789486885071,-0.7181999087333679,0.601372241973877
119,calf_l,-2.168765068054199,0.1431136578321457,0.229531928896904,0.0030307851266115904,0.15740187466144562,-0.043520793318748474,0.9865705370903015
119,calf_r,-2.3319990634918213,-0.13906507194042206,0.2512434422969818,-0.002636503893882036,0.1653984785079956,0.044036414474248886,0.9852397441864014
119,clavicle_l,-31.335979461669922,1.9948489665985107,1.3329956531524658,0.006608068011701107,0.1318056732416153,-0.0003302014374639839,0.9912534952163696
119,clavicle_r,-31.308135986328125,-2.3519554138183594,1.332392692565918,-0.00739190261811018,0.13175709545612335,0.006231302861124277,0.9912348985671997
119,foot_l,1.3893675804138184,-0.09812290966510773,-0.016712497919797897,-0.0005589968641288579,8.418416109634563e-05,-0.04547746479511261,0.9989652037620544
119,foot_r,1.3867794275283813,0.099779412150383,-0.015691138803958893,0.0005123534356243908,6.0025646234862506e-05,0.04539216309785843,0.9989691376686096
119,hand_l,141.80853271484375,68.62836456298828,115.32311248779297,0.5295169949531555,0.5758117437362671,-0.6226299405097961,0.019615333527326584
119,hand_r,91.49634552001953,133.10263061523438,122.69464874267578,0.7777643799781799,0.026507625356316566,-0.4942612648010254,0.3874092102050781
119,head,0.8247658610343933,0.7585762739181519,-3.8457870483398438,0.002485020086169243,0.027385186403989792,5.085724842501804e-05,0.9996218681335449
119,lowerarm_l,110.61753845214844,58.078861236572266,48.01345443725586,-0.3311132490634918,-0.49431002140045166,0.7996690273284912,0.08093895763158798
119,lowerarm_r,146.1825408935547,28.21303939819336,71.10726165771484,0.5489670634269714,-0.3737925589084625,-0.7029398083686829,0.25453853607177734
119,neck,-18.528059005737305,1.3702819347381592,-1.609957218170166,0.004250920377671719,0.08728845417499542,-0.0015009656781330705,0.9961729049682617
119,pelvis,7.826055526733398,-0.30759015679359436,-3.3199727535247803,-0.0009004234452731907,-0.029307281598448753,-0.030429353937506676,0.999106764793396
119,root,0.0,0.0,0.0,-2.1139658201718703e-07,-5.7790373375610216e-08,1.0658141036401503e-14,1.0
119,spine_01,-2.7874882221221924,0.20222072303295135,-3.384840488433838,0.0003754669742193073,0.023340962827205658,-0.015377857722342014,0.9996092319488525
119,spine_02,-16.714765548706055,-0.09225563704967499,-1.923823356628418,-0.00024366982688661665,0.08120525628328323,0.0029670344665646553,0.9966930150985718
119,thigh_l,25.748998641967773,-1.8477036952972412,-0.3873040974140167,-0.007142518647015095,-0.1353062242269516,-0.027302011847496033,0.9904018640518188
119,thigh_r,25.290307998657227,1.8637949228286743,-0.8906864523887634,0.007446744944900274,-0.12429159134626389,0.027885232120752335,0.9918259382247925
119,upperarm_l,38.70317840576172,-93.72437286376953,16.5584659576416,-0.201102152466774,0.1371137648820877,0.9300566911697388,0.2752313017845154
119,upperarm_r,-38.20167922973633,117.47476959228516,38.059837341308594,0.14288558065891266,0.3170015811920166,-0.7303144931793213,0.5879919528961182
120,calf_l,-2.152270793914795,0.14192280173301697,0.22514206171035767,0.0029911126475781202,0.15659545361995697,-0.04348212853074074,0.986700713634491
120,calf_r,-2.3403329849243164,-0.13715019822120667,0.24996711313724518,-0.002533714519813657,0.1658054143190384,0.04407702758908272,0.9851697087287903
120,clavicle_l,-31.291458129882812,3.1743736267089844,1.3866560459136963,0.008906609378755093,0.13213154673576355,-0.01755528338253498,0.9910367131233215
120,clavicle_r,-31.41481590270996,-1.1735094785690308,1.3861414194107056,-0.0050983186811208725,0.1323266178369522,-0.010987302288413048,0.9911321997642517
120,foot_l,1.3896971940994263,-0.09800228476524353,-0.016969898715615273,-0.0005719630280509591,9.103838237933815e-05,-0.04548915848135948,0.998964786529541
120,foot_r,1.386671543121338,0.09991379827260971,-0.015761135146021843,0.0005177121493034065,6.287472206167877e-05,0.04538978636264801,0.9989692568778992
120,hand_l,147.3532257080078,57.0943717956543,115.51747131347656,0.5609599351882935,0.5386449098587036,-0.6285098195075989,0.012698004022240639
120,hand_r,101.3614273071289,126.94155883789062,121.19532775878906,0.7744923830032349,-0.0022120699286460876,-0.5149796605110168,0.3673589825630188
120,head,0.866284966468811,0.5877532958984375,-3.8260936737060547,0.0025044241920113564,0.027543645352125168,-0.0006442986777983606,0.9996172785758972
120,lowerarm_l,112.15726470947266,53.34052276611328,46.68989181518555,-0.33793216943740845,-0.4840247333049774,0.8016021847724915,0.09463553875684738
120,lowerarm_r,145.6477813720703,23.788461685180664,67.64146423339844,0.5342070460319519,-0.37879061698913574,-0.7129477262496948,0.250691294670105
120,neck,-18.486419677734375,1.225706696510315,-1.5838623046875,0.004309693817049265,0.08744964003562927,-0.002194031374529004,0.9961572289466858
120,pelvis,7.878329753875732,-0.3556705117225647,-3.2980501651763916,-0.0010412203846499324,-0.02930521033704281,-0.035191237926483154,0.9989504218101501
120,root,0.0,0.0,0.0,-2.1139658201718703e-07,-5.7790373375610216e-08,1.0658141036401503e-14,1.0
120,spine_01,-2.770019769668579,0.31145721673965454,-3.3608078956604004,0.0006262936512939632,0.023544877767562866,-0.02580977790057659,0.9993894100189209
120,spine_02,-16.755672454833984,0.5794227719306946,-1.883554458618164,0.001174225122667849,0.08166384696960449,-0.014349771663546562,0.9965559244155884
120,thigh_l,25.683340072631836,-1.841841697692871,-0.36928489804267883,-0.0071511827409267426,-0.1352275162935257,-0.027304906398057938,0.9904124736785889
120,thigh_r,25.14689826965332,1.859927773475647,-0.9485430717468262,0.007501687854528427,-0.12245956063270569,0.02798248454928398,0.9920505881309509
120,upperarm_l,35.06424331665039,-95.88199615478516,17.0282039642334,-0.19797368347644806,0.14469382166862488,0.9251497387886047,0.28977254033088684
120,upperarm_r,-34.9721565246582,118.10597229003906,37.81117630004883,0.1421072781085968,0.3147192597389221,-0.7434598207473755,0.572734534740448
121,calf_l,-2.135481595993042,0.14089539647102356,0.22062498331069946,0.0029475162737071514,0.15577642619609833,-0.043443165719509125,0.9868322014808655
121,calf_r,-2.3472251892089844,-0.13541649281978607,0.24833692610263824,-0.00242932909168303,0.16614416241645813,0.044114693999290466,0.9851112365722656
121,clavicle_l,-31.191650390625,4.330232620239258,1.4359774589538574,0.01116835419088602,0.13233254849910736,-0.03436775878071785,0.9905465245246887
121,clavicle_r,-31.46251106262207,-0.01771935634315014,1.4353724718093872,-0.002851472469046712,0.13276460766792297,-0.027793895453214645,0.9907538294792175
121,foot_l,1.3902915716171265,-0.09747093915939331,-0.016990479081869125,-0.0005772999138571322,0.00010076410399051383,-0.045510854572057724,0.9989636540412903
121,foot_r,1.3868417739868164,0.09964653104543686,-0.015608401969075203,0.0005152590456418693,6.759582174709067e-05,0.04539717361330986,0.9989688992500305
121,hand_l,151.71255493164062,45.296424865722656,115.55010223388672,0.5886886119842529,0.5011115670204163,-0.6342888474464417,0.00324528687633574
121,hand_r,110.77497863769531,119.97213745117188,119.61205291748047,0.7701286673545837,-0.03143897280097008,-0.5345718264579773,0.34662142395973206
121,head,0.9040869474411011,0.4194546937942505,-3.8043618202209473,0.002523647854104638,0.027665970847010612,-0.0013229897012934089,0.9996131658554077
121,lowerarm_l,113.30718994140625,48.87083053588867,45.41344451904297,-0.34383130073547363,-0.4744163453578949,0.8032028079032898,0.10758497565984726
121,lowerarm_r,144.87245178222656,19.315658569335938,64.2516860961914,0.5192875266075134,-0.38352352380752563,-0.7229909300804138,0.2460373342037201
121,neck,-18.450132369995117,1.0829097032546997,-1.5569329261779785,0.004367010667920113,0.08757945150136948,-0.0028702414128929377,0.9961439371109009
121,pelvis,7.928890228271484,-0.40196314454078674,-3.2750070095062256,-0.0011766565730795264,-0.02930375561118126,-0.039784159511327744,0.9987778067588806
121,root,0.0,0.0,0.0,-2.1139658201718703e-07,-5.7790373375610216e-08,1.0658141036401503e-14,1.0
121,spine_01,-2.7435145378112793,0.41860803961753845,-3.3358752727508545,0.0008725193911232054,0.023703457787632942,-0.03596075251698494,0.9990717172622681
121,spine_02,-16.75545883178711,1.2406377792358398,-1.8452763557434082,0.0025714763905853033,0.08200734108686447,-0.03125244379043579,0.9961382746696472
121,thigh_l,25.612703323364258,-1.835477352142334,-0.3522301912307739,-0.007161581423133612,-0.1351051926612854,-0.027310330420732498,0.9904290437698364
121,thigh_r,24.999433517456055,1.8553998470306396,-1.0037511587142944,0.007556724827736616,-0.12063727527856827,0.028079569339752197,0.9922707676887512
121,upperarm_l,31.34736442565918,-97.89285278320312,17.514799118041992,-0.19440731406211853,0.1523488461971283,0.9203192591667175,0.30332863330841064
121,upperarm_r,-31.709352493286133,118.71227264404297,37.598323822021484,0.14147160947322845,0.31255242228507996,-0.7563868761062622,0.5569341778755188
122,calf_l,-2.118185043334961,0.13765422999858856,0.21468649804592133,0.0028830107767134905,0.1549045294523239,-0.043404385447502136,0.9869713187217712
122,calf_r,-2.3523752689361572,-0.13155615329742432,0.24513882398605347,-0.002306266687810421,0.16637390851974487,0.04414799064397812,0.9850712418556213
122,clavicle_l,-31.038549423217773,5.438751220703125,1.4787055253982544,0.013331170193850994,0.1324044018983841,-0.05063359811902046,0.989811897277832
122,clavicle_r,-31.450796127319336,1.1151195764541626,1.4780832529067993,-0.0006337100639939308,0.1330643594264984,-0.04406582564115524,0.9901272058486938
122,foot_l,1.389544129371643,-0.09807006269693375,-0.016905296593904495,-0.0005635612760670483,7.989565347088501e-05,-0.045482322573661804,0.9989650249481201
122,foot_r,1.3857736587524414,0.10045694559812546,-0.015412837266921997,0.0004965813714079559,4.724215614260174e-05,0.04535854607820511,0.9989706873893738
122,hand_l,154.32044982910156,34.432334899902344,113.59728240966797,-0.6049560308456421,-0.475778728723526,0.6380109786987305,0.024592595174908638
122,hand_r,119.61903381347656,112.24115753173828,117.94698333740234,0.7646036148071289,-0.06096821278333664,-0.5530169010162354,0.3253251910209656
122,head,0.9323053359985352,0.25582751631736755,-3.7818551063537598,0.0025422940962016582,0.027771521359682083,-0.001979965716600418,0.999609112739563
122,lowerarm_l,113.60308837890625,44.974239349365234,43.7879638671875,-0.3469093143939972,-0.46538046002388,0.8055371046066284,0.11910134553909302
122,lowerarm_r,143.84803771972656,14.772860527038574,60.947025299072266,0.5041784048080444,-0.3880729377269745,-0.7330765128135681,0.24042125046253204
122,neck,-18.415599822998047,0.9442150592803955,-1.5309572219848633,0.00442336592823267,0.08766806125640869,-0.003525212174281478,0.9961337447166443
122,pelvis,7.976745128631592,-0.4466082453727722,-3.249490261077881,-0.0013082779478281736,-0.029292695224285126,-0.04419073462486267,0.998592734336853
122,root,0.0,0.0,0.0,-2.1139658201718703e-07,-5.7790373375610216e-08,1.0658141036401503e-14,1.0
122,spine_01,-2.7077455520629883,0.5226987600326538,-3.3096790313720703,0.0011124255834147334,0.023820236325263977,-0.045767176896333694,0.9986674785614014
122,spine_02,-16.711198806762695,1.8830825090408325,-1.8105149269104004,0.003931406419724226,0.0822223648428917,-0.04761213809251785,0.9954683184623718
122,thigh_l,25.527402877807617,-1.8304085731506348,-0.33800384402275085,-0.007187759969383478,-0.13487347960472107,-0.027319306507706642,0.9904600977897644
122,thigh_r,24.839519500732422,1.8518006801605225,-1.0573344230651855,0.0076247104443609715,-0.11877201497554779,0.02817702293395996,0.9924923777580261
122,upperarm_l,27.659706115722656,-99.5702896118164,17.922067642211914,-0.18976280093193054,0.1596241146326065,0.9165045619010925,0.31389424204826355
122,upperarm_r,-28.39881706237793,119.314453125,37.43418884277344,0.14101539552211761,0.310543030500412,-0.769135057926178,0.540471076965332
123,calf_l,-2.10084867477417,0.13673070073127747,0.2100975066423416,0.0028315018862485886,0.15406504273414612,-0.04336551949381828,0.9871045351028442
123,calf_r,-2.356266498565674,-0.129815936088562,0.2428942769765854,-0.002197565510869026,0.1665695160627365,0.04417772591114044,0.985037088394165
123,clavicle_l,-30.83295249938965,6.508085250854492,1.517342448234558,0.015439688228070736,0.13234363496303558,-0.06623435020446777,0.9888680577278137
123,clavicle_r,-31.382566452026367,2.192361354827881,1.516762614250183,0.0014634791295975447,0.13322627544403076,-0.059666842222213745,0.9892868995666504
123,foot_l,1.3902511596679688,-0.09760823845863342,-0.017169998958706856,-0.0005832011811435223,9.730344027047977e-05,-0.04550911486148834,0.9989638328552246
123,foot_r,1.3860728740692139,0.10027541220188141,-0.015554312616586685,0.0005085085867904127,5.8317691582487896e-05,0.04537111148238182,0.998970091342926
123,hand_l,156.44570922851562,22.42059326171875,113.24468994140625,-0.6267026662826538,-0.43882957100868225,0.6428075432777405,0.0383528470993042
123,hand_r,127.26286315917969,104.72550201416016,118.12982177734375,0.7580848336219788,-0.07596857100725174,-0.5791734457015991,0.28999021649360657
123,head,0.9653627872467041,0.09887530654668808,-3.755664825439453,0.002559925662353635,0.0278227087110281,-0.002611019415780902,0.9996062517166138
123,lowerarm_l,114.08827209472656,41.13762283325195,42.61494445800781,-0.35111260414123535,-0.4573485553264618,0.8065791130065918,0.13031664490699768
123,lowerarm_r,142.82167053222656,10.294940948486328,58.27608108520508,0.4905250370502472,-0.39335817098617554,-0.7415689826011658,0.2339446246623993
123,neck,-18.384262084960938,0.8110210299491882,-1.5023469924926758,0.004476707894355059,0.08772667497396469,-0.004153470043092966,0.9961258769035339
123,pelvis,8.027084350585938,-0.4888635575771332,-3.2232463359832764,-0.001431689946912229,-0.029292620718479156,-0.04839765653014183,0.9983975291252136
123,root,0.0,0.0,0.0,-2.1139658201718703e-07,-5.7790373375610216e-08,1.0658141036401503e-14,1.0
123,spine_01,-2.6595165729522705,0.622187077999115,-3.2823801040649414,0.001342141069471836,0.02388245053589344,-0.055161621421575546,0.9981908798217773
123,spine_02,-16.627470016479492,2.4991440773010254,-1.7768144607543945,0.005238537210971117,0.08232124149799347,-0.06330093741416931,0.9945797324180603
123,thigh_l,25.442249298095703,-1.8231431245803833,-0.324329137802124,-0.007201093714684248,-0.13461165130138397,-0.02733219601213932,0.9904952645301819
123,thigh_r,24.680206298828125,1.8459079265594482,-1.1075993776321411,0.007678226102143526,-0.11693484336137772,0.028275784105062485,0.9927073121070862
123,upperarm_l,23.78683090209961,-101.40923309326172,18.513004302978516,-0.18529413640499115,0.16785582900047302,0.9118955731391907,0.3254795968532562
123,upperarm_r,-25.47092056274414,119.7996826171875,37.35683822631836,0.14019495248794556,0.30914562940597534,-0.7804406881332397,0.5250587463378906
124,calf_l,-2.0831639766693115,0.1343255341053009,0.2044927030801773,0.002765512792393565,0.15319237112998962,-0.043326687067747116,0.9872422814369202
124,calf_r,-2.358400344848633,-0.12676748633384705,0.23950767517089844,-0.0020779711194336414,0.16666600108146667,0.0442037396132946,0.9850199222564697
124,clavicle_l,-30.581769943237305,7.511048793792725,1.5496160984039307,0.017417093738913536,0.13215579092502594,-0.08103876560926437,0.98775714635849
124,clavicle_r,-31.25946807861328,3.218106269836426,1.549014687538147,0.0034710741601884365,0.13324566185474396,-0.07447897642850876,0.9882745146751404
124,foot_l,1.3902581930160522,-0.09756514430046082,-0.017039969563484192,-0.0005766402464359999,9.462589514441788e-05,-0.04550749808549881,0.9989638328552246
124,foot_r,1.385719656944275,0.10046933591365814,-0.015294570475816727,0.0004966588458046317,5.4267849918687716e-05,0.04535847157239914,0.9989707469940186
124,hand_l,157.42884826660156,10.472082138061523,112.73199462890625,-0.6453756093978882,-0.40225425362586975,0.6471351385116577,0.053832054138183594
124,hand_r,134.74461364746094,95.73414611816406,116.32313537597656,0.7506799101829529,-0.10546533763408661,-0.5948292016983032,0.2674601376056671
124,head,0.9946897625923157,-0.04906170070171356,-3.727853298187256,0.002576888306066394,0.02784763276576996,-0.0032096542418003082,0.9996037483215332
124,lowerarm_l,114.29267120361328,37.68813705444336,41.5319938659668,-0.35455450415611267,-0.45035985112190247,0.8073062896728516,0.14044123888015747
124,lowerarm_r,141.27825927734375,5.562794208526611,55.14910125732422,0.4749282896518707,-0.39775627851486206,-0.7517547011375427,0.2260487824678421
124,neck,-18.351104736328125,0.6858160495758057,-1.4738678932189941,0.004528154153376818,0.08774157613515854,-0.00475036958232522,0.9961216449737549
124,pelvis,8.077399253845215,-0.5290677547454834,-3.194451332092285,-0.0015497878193855286,-0.029285823926329613,-0.052387166768312454,0.9981961846351624
124,root,0.0,0.0,0.0,-2.1139658201718703e-07,-5.7790373375610216e-08,1.0658141036401503e-14,1.0
124,spine_01,-2.5992431640625,0.7157641649246216,-3.253549337387085,0.0015581885818392038,0.023896310478448868,-0.06407929211854935,0.9976574778556824
124,spine_02,-16.50202751159668,3.0805718898773193,-1.7462730407714844,0.006475511472672224,0.08228906244039536,-0.07819170504808426,0.9935153126716614
124,thigh_l,25.34265899658203,-1.8163713216781616,-0.31400611996650696,-0.007222847081720829,-0.13422520458698273,-0.027350477874279022,0.9905471205711365
124,thigh_r,24.508695602416992,1.8402351140975952,-1.1562678813934326,0.0077376291155815125,-0.11504781991243362,0.028377050533890724,0.9929245114326477
124,upperarm_l,19.81250762939453,-103.22702026367188,19.204448699951172,-0.1803252398967743,0.1766529381275177,0.9073877334594727,0.33604180812835693
124,upperarm_r,-21.99895477294922,120.46044921875,37.3204231262207,0.1402616649866104,0.30752822756767273,-0.7929533123970032,0.5069301128387451
125,calf_l,-2.0649564266204834,0.13025100529193878,0.1975386142730713,0.0026838371995836496,0.1522602140903473,-0.043286461383104324,0.9873884320259094
125,calf_r,-2.3586831092834473,-0.12219515442848206,0.23462432622909546,-0.0019456105073913932,0.16664005815982819,0.04422377794981003,0.9850236773490906
125,clavicle_l,-30.273012161254883,8.466815948486328,1.5729628801345825,0.01930272951722145,0.13178345561027527,-0.09537467360496521,0.9864909052848816
125,clavicle_r,-31.07184410095215,4.208601951599121,1.572078824043274,0.005418616347014904,0.13306887447834015,-0.08883033692836761,0.9871031045913696
125,foot_l,1.3893362283706665,-0.09814894199371338,-0.01674819551408291,-0.0005456092767417431,5.7438708608970046e-05,-0.04547064006328583,0.9989655613899231
125,foot_r,1.3845003843307495,0.10120740532875061,-0.014875907450914383,0.0004645499575417489,2.2033258574083447e-05,0.04531482979655266,0.9989726543426514
125,hand_l,157.25416564941406,-1.7896052598953247,112.03215026855469,-0.6617482304573059,-0.36488187313079834,0.6510304808616638,0.07148371636867523
125,hand_r,141.5810089111328,85.82738494873047,114.40406036376953,0.7417246699333191,-0.13550123572349548,-0.6100361943244934,0.24359777569770813
125,head,1.0255895853042603,-0.1898714303970337,-3.6961793899536133,0.0025933647993952036,0.027815891429781914,-0.0037901171017438173,0.9996025562286377
125,lowerarm_l,114.22422790527344,34.59535598754883,40.54307174682617,-0.3573482930660248,-0.444577157497406,0.8076450824737549,0.1495419144630432
125,lowerarm_r,139.32061767578125,0.38372278213500977,52.00566101074219,0.4581557810306549,-0.402593731880188,-0.7625004053115845,0.2158813774585724
125,neck,-18.315690994262695,0.5676329135894775,-1.4439940452575684,0.004579998552799225,0.08769702911376953,-0.005328892730176449,0.996122419834137
125,pelvis,8.127241134643555,-0.567592978477478,-3.162163496017456,-0.0016644169809296727,-0.029271334409713745,-0.05617067962884903,0.997990608215332
125,root,0.0,0.0,0.0,-2.1139658201718703e-07,-5.7790373375610216e-08,1.0658141036401503e-14,1.0
125,spine_01,-2.522141218185425,0.8041622042655945,-3.2221734523773193,0.001763327163644135,0.02383643202483654,-0.07267528772354126,0.997069239616394
125,spine_02,-16.323657989501953,3.6351077556610107,-1.719808578491211,0.007658892776817083,0.08207052201032639,-0.09261380881071091,0.9922844767570496
125,thigh_l,25.224124908447266,-1.8100874423980713,-0.30722975730895996,-0.0072534289211034775,-0.1336904764175415,-0.02737538516521454,0.9906184077262878
125,thigh_r,24.320323944091797,1.834588646888733,-1.2034891843795776,0.007802643347531557,-0.11308375000953674,0.02848106622695923,0.993146538734436
125,upperarm_l,15.44984245300293,-105.22872161865234,20.119388580322266,-0.174390509724617,0.18704228103160858,0.9027435183525085,0.34591519832611084
125,upperarm_r,-18.181987762451172,121.24278259277344,37.3857421875,0.1408081352710724,0.30611926317214966,-0.8060911893844604,0.4864988327026367
126,calf_l,-2.0454938411712646,0.12959690392017365,0.19270774722099304,0.0026243305765092373,0.1513298898935318,-0.043244194239377975,0.987533450126648
126,calf_r,-2.3565101623535156,-0.12068831920623779,0.23129069805145264,-0.0018359081586822867,0.1665492206811905,0.04423767700791359,0.9850385785102844
126,clavicle_l,-29.892057418823242,9.409923553466797,1.5873713493347168,0.0211884044110775,0.13117703795433044,-0.10960322618484497,0.9850537180900574
126,clavicle_r,-30.816360473632812,5.16522216796875,1.5866674184799194,0.007283329498022795,0.13266867399215698,-0.10306794196367264,0.9857601523399353
126,foot_l,1.3903892040252686,-0.09744460880756378,-0.017112411558628082,-0.0005762039800174534,8.886064460966736e-05,-0.04551183432340622,0.9989636540412903
126,foot_r,1.385211706161499,0.10074561089277267,-0.015113044530153275,0.00048601298476569355,4.4400545448297635e-05,0.045341625809669495,0.9989714622497559
126,hand_l,155.83245849609375,-14.720974922180176,111.31680297851562,-0.6766548752784729,-0.3244986832141876,0.6547504663467407,0.09022541344165802
126,hand_r,147.76535034179688,74.8768081665039,112.64936065673828,0.73112952709198,-0.16440552473068237,-0.6261819005012512,0.2152131348848343
126,head,1.0652631521224976,-0.3257730007171631,-3.658449649810791,0.0026092228945344687,0.02769399620592594,-0.004366840235888958,0.9996035695075989
126,lowerarm_l,113.99744415283203,31.669754028320312,39.67981719970703,-0.36008602380752563,-0.4396207928657532,0.8076003193855286,0.15764939785003662
126,lowerarm_r,136.9471435546875,-5.222739219665527,48.912715911865234,0.4403994381427765,-0.40729910135269165,-0.7742645144462585,0.20166882872581482
126,neck,-18.280515670776367,0.452924907207489,-1.4101982116699219,0.004627001006156206,0.08758935332298279,-0.005903336685150862,0.9961284399032593
126,pelvis,8.18063735961914,-0.6034796833992004,-3.1276583671569824,-0.0017686228966340423,-0.029274603351950645,-0.059771016240119934,0.9977812170982361
126,root,0.0,0.0,0.0,-2.1139658201718703e-07,-5.7790373375610216e-08,1.0658141036401503e-14,1.0
126,spine_01,-2.424100160598755,0.8865770101547241,-3.1885623931884766,0.001953677972778678,0.023675385862588882,-0.08112294226884842,0.9964209794998169
126,spine_02,-16.088972091674805,4.172462463378906,-1.6960620880126953,0.008810000494122505,0.08164406567811966,-0.10692498087882996,0.9908701777458191
126,thigh_l,25.102783203125,-1.8002456426620483,-0.29964780807495117,-0.007260731887072325,-0.13311190903186798,-0.027407720685005188,0.9906954169273376
126,thigh_r,24.128650665283203,1.825249195098877,-1.246261477470398,0.007842653430998325,-0.11112368106842041,0.028589295223355293,0.9933643341064453
126,upperarm_l,10.574628829956055,-107.58698272705078,21.4228458404541,-0.16764719784259796,0.19978520274162292,0.8975306153297424,0.3555547893047333
126,upperarm_r,-13.586701393127441,122.43795776367188,37.77122497558594,0.14335709810256958,0.30544185638427734,-0.819809079170227,0.46267393231391907
127,calf_l,-2.025042772293091,0.1278616487979889,0.18693435192108154,0.0025553067680448294,0.15033280849456787,-0.04319843649864197,0.9876880049705505
127,calf_r,-2.3521695137023926,-0.11823701113462448,0.22684824466705322,-0.0017195821274071932,0.16633564233779907,0.04424569010734558,0.9850746393203735
127,clavicle_l,-29.454364776611328,10.317051887512207,1.5927549600601196,0.023005656898021698,0.1303805410861969,-0.12363258004188538,0.9834564924240112
127,clavicle_r,-30.500513076782227,6.09575080871582,1.5921207666397095,0.009103990159928799,0.13207297027111053,-0.11711271852254868,0.9842553734779358
127,foot_l,1.3909651041030884,-0.09705345332622528,-0.017322242259979248,-0.0005891433684155345,9.952608525054529e-05,-0.0455322228372097,0.9989627003669739
127,foot_r,1.3854331970214844,0.10060440003871918,-0.015215806663036346,0.0004927415284328163,5.066547601018101e-05,0.045350197702646255,0.9989710450172424
127,hand_l,153.0641632080078,-27.91981315612793,110.42938232421875,-0.6891359090805054,-0.2829791009426117,0.6577423214912415,0.11130872368812561
127,hand_r,153.14210510253906,62.88886642456055,110.77452087402344,0.7187983393669128,-0.1940479576587677,-0.641464114189148,0.18492740392684937
127,head,1.1039994955062866,-0.4553743600845337,-3.6171674728393555,0.0026237713173031807,0.02751673385500908,-0.004936391953378916,0.9996057152748108
127,lowerarm_l,113.5909194946289,28.823501586914062,38.831031799316406,-0.36259618401527405,-0.43499183654785156,0.8074812293052673,0.1651674062013626
127,lowerarm_r,133.9835205078125,-11.170771598815918,45.678062438964844,0.42099541425704956,-0.41217824816703796,-0.7863552570343018,0.18578870594501495
127,neck,-18.244234085083008,0.34482908248901367,-1.3753414154052734,0.004674221854656935,0.08741950988769531,-0.006470097228884697,0.996139645576477
127,pelvis,8.231982231140137,-0.6377217769622803,-3.089851140975952,-0.0018689059652388096,-0.029272226616740227,-0.06318606436252594,0.9975706338882446
127,root,0.0,0.0,0.0,-2.1139658201718703e-07,-5.7790373375610216e-08,1.0658141036401503e-14,1.0
127,spine_01,-2.3110857009887695,0.963092565536499,-3.152608871459961,0.002130681648850441,0.023438237607479095,-0.08938257396221161,0.995719313621521
127,spine_02,-15.804173469543457,4.6857404708862305,-1.6764402389526367,0.009913933463394642,0.08102955669164658,-0.12103686481714249,0.9892856478691101
127,thigh_l,24.96521759033203,-1.790256381034851,-0.2941606938838959,-0.007270694710314274,-0.1324164867401123,-0.02744506299495697,0.9907874464988708
127,thigh_r,23.922636032104492,1.8155863285064697,-1.28661048412323,0.007883627898991108,-0.1091102659702301,0.028701238334178925,0.9935839772224426
127,upperarm_l,5.278995037078857,-110.1115951538086,23.065671920776367,-0.16010907292366028,0.21420615911483765,0.891823947429657,0.36487117409706116
127,upperarm_r,-8.46778678894043,123.40547180175781,38.00658416748047,0.14612293243408203,0.30382388830184937,-0.8342300057411194,0.4363478720188141
128,calf_l,-2.003602981567383,0.12370101362466812,0.17947913706302643,0.002467674668878317,0.14925169944763184,-0.04315130040049553,0.9878542423248291
128,calf_r,-2.3457281589508057,-0.11356133222579956,0.2206645905971527,-0.0015876751858741045,0.1659858077764511,0.044246986508369446,0.985133707523346
128,clavicle_l,-28.972354888916016,11.175661087036133,1.5894852876663208,0.02472110651433468,0.12942880392074585,-0.1373758465051651,0.9817153215408325
128,clavicle_r,-30.13251495361328,6.998690128326416,1.5888663530349731,0.010886740870773792,0.13131000101566315,-0.13088251650333405,0.982603132724762
128,foot_l,1.3900699615478516,-0.0979064479470253,-0.017504211515188217,-0.0005781294894404709,6.782071432098746e-05,-0.045495953410863876,0.9989643692970276
128,foot_r,1.3843120336532593,0.10153539478778839,-0.015208359807729721,0.00047818454913794994,2.4196137019316666e-05,0.04530947282910347,0.9989728927612305
128,hand_l,148.95384216308594,-41.0899772644043,109.41316223144531,-0.6990282535552979,-0.24085664749145508,0.6597912311553955,0.13425001502037048
128,hand_r,157.52584838867188,50.059818267822266,108.79537200927734,0.7047743797302246,-0.2240641862154007,-0.6554355025291443,0.15327297151088715
128,head,1.1364840269088745,-0.5768085718154907,-3.5741448402404785,0.002638587262481451,0.02730688638985157,-0.005495243240147829,0.99960857629776
128,lowerarm_l,113.04403686523438,25.950790405273438,37.95865249633789,-0.36498749256134033,-0.43024519085884094,0.8074469566345215,0.17234450578689575
128,lowerarm_r,130.44131469726562,-17.190631866455078,42.327762603759766,0.400310754776001,-0.4167362153530121,-0.798457145690918,0.16896319389343262
128,neck,-18.206087112426758,0.2454710155725479,-1.3411998748779297,0.004724307917058468,0.08719164878129959,-0.007026710547506809,0.9961556196212769
128,pelvis,8.279389381408691,-0.6705628037452698,-3.048783540725708,-0.0019669330213218927,-0.02925855852663517,-0.06641557812690735,0.9973610639572144
128,root,0.0,0.0,0.0,-2.1139658201718703e-07,-5.7790373375610216e-08,1.0658141036401503e-14,1.0
128,spine_01,-2.187405824661255,1.033585786819458,-3.114759922027588,0.002294572303071618,0.023141998797655106,-0.09741722792387009,0.9949719905853271
128,spine_02,-15.477657318115234,5.169724464416504,-1.6611933708190918,0.010959559120237827,0.08025428652763367,-0.13486498594284058,0.9875478744506836
128,thigh_l,24.80866813659668,-1.7813749313354492,-0.2913288176059723,-0.007292008493095636,-0.13159245252609253,-0.0274882260710001,0.9908959269523621
128,thigh_r,23.700532913208008,1.806565523147583,-1.3247292041778564,0.00793292187154293,-0.10703887790441513,0.028814230114221573,0.9938055872917175
128,upperarm_l,-0.31397631764411926,-112.68251037597656,25.02797508239746,-0.1520293951034546,0.22979868948459625,0.8855869770050049,0.3739190399646759
128,upperarm_r,-2.9260544776916504,123.95545196533203,37.978233337402344,0.1489148586988449,0.3008325397968292,-0.848943829536438,0.40818941593170166
129,calf_l,-1.9817955493927002,0.12308235466480255,0.17425210773944855,0.0024054478853940964,0.14820492267608643,-0.04310155287384987,0.9880140423774719
129,calf_r,-2.337705612182617,-0.11213014274835587,0.21616998314857483,-0.0014820769429206848,0.1656077802181244,0.04424445703625679,0.9851976037025452
129,clavicle_l,-28.451017379760742,12.00185775756836,1.5824261903762817,0.026399778202176094,0.12834635376930237,-0.15075893700122833,0.9798479676246643
129,clavicle_r,-29.72884178161621,7.844107627868652,1.5818135738372803,0.012539046816527843,0.13042375445365906,-0.144281804561615,0.9808237552642822
129,foot_l,1.3914343118667603,-0.09672343730926514,-0.017468435689806938,-0.0005952552892267704,0.00010095813195221126,-0.04554793983697891,0.9989619851112366
129,foot_r,1.3853564262390137,0.10065066069364548,-0.015131110325455666,0.0004891717690043151,4.751809319714084e-05,0.04534732922911644,0.998971164226532
129,hand_l,143.53456115722656,-53.01807403564453,106.33036804199219,-0.7038718461990356,-0.21242043375968933,0.655044674873352,0.17423702776432037
129,hand_r,160.77529907226562,36.62690353393555,106.71990966796875,0.6891341805458069,-0.2541382312774658,-0.6677485704421997,0.12091197818517685
129,head,1.1772215366363525,-0.6899250745773315,-3.526914119720459,0.002651682822033763,0.027031363919377327,-0.006039438769221306,0.9996128678321838
129,lowerarm_l,111.94691467285156,23.034814834594727,36.51844787597656,-0.365479975938797,-0.4240664839744568,0.8089388608932495,0.1794712394475937
129,lowerarm_r,126.37728118896484,-23.031911849975586,38.90103530883789,0.3787827789783478,-0.4205458164215088,-0.8103059530258179,0.15188530087471008
129,neck,-18.17232322692871,0.15205247700214386,-1.3036370277404785,0.004765980876982212,0.08693647384643555,-0.00756858428940177,0.9961737394332886
129,pelvis,8.328012466430664,-0.7007543444633484,-3.0076682567596436,-0.0020542365964502096,-0.029262101277709007,-0.06946370750665665,0.9971531629562378
129,root,0.0,0.0,0.0,-2.1139658201718703e-07,-5.7790373375610216e-08,1.0658141036401503e-14,1.0
129,spine_01,-2.0540695190429688,1.0963407754898071,-3.0762016773223877,0.0024391955230385065,0.022785816341638565,-0.10518818348646164,0.9941882491111755
129,spine_02,-15.124106407165527,5.622743129730225,-1.6466259956359863,0.01194402202963829,0.07936928421258926,-0.14832395315170288,0.9856763482093811
129,thigh_l,24.6574764251709,-1.7693108320236206,-0.28684720396995544,-0.007289838045835495,-0.13078851997852325,-0.02753378450870514,0.9910010695457458
129,thigh_r,23.483745574951172,1.7944570779800415,-1.3581337928771973,0.007957897149026394,-0.10503631085157394,0.028928527608513832,0.9940156936645508
129,upperarm_l,-5.850544452667236,-115.00313568115234,27.109149932861328,-0.14332635700702667,0.24518565833568573,0.8798231482505798,0.3811207115650177
129,upperarm_r,2.877922296524048,123.93194580078125,37.59926986694336,0.15149453282356262,0.29616934061050415,-0.8635630011558533,0.37893548607826233
130,calf_l,-1.9591602087020874,0.1170458048582077,0.16554324328899384,0.0023041830863803625,0.14704173803329468,-0.04305119812488556,0.9881902933120728
130,calf_r,-2.32792329788208,-0.10592281818389893,0.2085357904434204,-0.0013428089441731572,0.16507352888584137,0.04423500970005989,0.9852879047393799
130,clavicle_l,-27.912059783935547,12.760251998901367,1.5683488845825195,0.0279239509254694,0.12718234956264496,-0.1636836677789688,0.9778817296028137
130,clavicle_r,-29.292034149169922,8.658943176269531,1.5677103996276855,0.014160946942865849,0.12943124771118164,-0.15724122524261475,0.9789393544197083
130,foot_l,1.3894802331924438,-0.09827665239572525,-0.017310788854956627,-0.0005545881576836109,4.1030456486623734e-05,-0.045470964163541794,0.9989655017852783
130,foot_r,1.383315086364746,0.10213074088096619,-0.014789513312280178,0.00045097823021933436,1.9333365344209597e-06,0.04527351260185242,0.998974621295929
130,hand_l,137.06109619140625,-65.32951354980469,105.18453216552734,-0.7093765735626221,-0.1706211268901825,0.6542536616325378,0.1990613341331482
130,hand_r,162.80514526367188,22.857288360595703,104.55943298339844,0.6720037460327148,-0.28398895263671875,-0.6781712174415588,0.08857202529907227
130,head,1.2053757905960083,-0.7934974431991577,-3.480648994445801,0.0026643245946615934,0.026756877079606056,-0.006566617172211409,0.9996169805526733
130,lowerarm_l,111.2263412475586,19.863807678222656,35.544219970703125,-0.3679352402687073,-0.4180593490600586,0.8093522191047668,0.1865449696779251
130,lowerarm_r,121.8851547241211,-28.479496002197266,35.44354248046875,0.3568739593029022,-0.42326992750167847,-0.8217114210128784,0.1351812332868576
130,neck,-18.13691520690918,0.07036365568637848,-1.2691020965576172,0.004815272521227598,0.08663838356733322,-0.008093996904790401,0.9961953163146973
130,pelvis,8.368651390075684,-0.7301080822944641,-2.9636919498443604,-0.00214312388561666,-0.029241979122161865,-0.07232343405485153,0.9969502091407776
130,root,0.0,0.0,0.0,-2.1139658201718703e-07,-5.7790373375610216e-08,1.0658141036401503e-14,1.0
130,spine_01,-1.918387770652771,1.1531155109405518,-3.036576509475708,0.0025712954811751842,0.02240268886089325,-0.1126587986946106,0.9933779239654541
130,spine_02,-14.74722671508789,6.039423942565918,-1.6363143920898438,0.012854461558163166,0.07838229835033417,-0.1613297164440155,0.9836990237236023
130,thigh_l,24.48240852355957,-1.7610377073287964,-0.2862590253353119,-0.007317825220525265,-0.12983760237693787,-0.027582885697484016,0.9911245703697205
130,thigh_r,23.248512268066406,1.7852802276611328,-1.3900549411773682,0.008007843978703022,-0.10297352820634842,0.029040614143013954,0.9942278265953064
130,upperarm_l,-11.653032302856445,-117.39411163330078,29.592864990234375,-0.13498400151729584,0.26172831654548645,0.8725324869155884,0.3898264467716217
130,upperarm_r,8.737190246582031,123.23695373535156,36.82521438598633,0.1535951793193817,0.2897207736968994,-0.8777422904968262,0.3493405878543854
131,calf_l,-1.9365800619125366,0.11493200063705444,0.1593742072582245,0.0022329678758978844,0.14593413472175598,-0.04299873486161232,0.98835688829422
131,calf_r,-2.3170318603515625,-0.10314111411571503,0.20279479026794434,-0.001233214046806097,0.16453473269939423,0.04422253370285034,0.9853786826133728
131,clavicle_l,-27.358795166015625,13.47602653503418,1.5530824661254883,0.02938651852309704,0.12595979869365692,-0.17608101665973663,0.975841224193573
131,clavicle_r,-28.842008590698242,9.4099702835083,1.552311658859253,0.015644162893295288,0.12838239967823029,-0.16966429352760315,0.9769786596298218
131,foot_l,1.3898061513900757,-0.09808705747127533,-0.01756792515516281,-0.0005663649644702673,4.496844485402107e-05,-0.04548325762152672,0.9989649653434753
131,foot_r,1.3834525346755981,0.10210555046796799,-0.014924265444278717,0.0004570217861328274,3.3578542115719756e-06,0.04527747258543968,0.9989743232727051
131,hand_l,129.62510681152344,-76.82454681396484,104.05958557128906,-0.7123724222183228,-0.12964053452014923,0.6523352265357971,0.22400395572185516
131,hand_r,163.59014892578125,9.039996147155762,102.32380676269531,0.6535452008247375,-0.31334763765335083,-0.6866147518157959,0.05702810361981392
131,head,1.2366153001785278,-0.887600302696228,-3.432631492614746,0.002675761701539159,0.026447169482707977,-0.007072534412145615,0.9996216297149658
131,lowerarm_l,110.45675659179688,16.5152530670166,34.53672409057617,-0.37051427364349365,-0.41124239563941956,0.8100073337554932,0.1936156302690506
131,lowerarm_r,117.09130096435547,-33.3684196472168,32.01055145263672,0.33506619930267334,-0.42469778656959534,-0.8325334787368774,0.11937560141086578
131,neck,-18.10637664794922,-0.004385225474834442,-1.2329339981079102,0.0048567079938948154,0.08632933348417282,-0.00859755277633667,0.9962177276611328
131,pelvis,8.408862113952637,-0.7569461464881897,-2.9206693172454834,-0.0022220704704523087,-0.02923818863928318,-0.07500263303518295,0.9967522025108337
131,root,0.0,0.0,0.0,-2.1139658201718703e-07,-5.7790373375610216e-08,1.0658141036401503e-14,1.0
131,spine_01,-1.7810325622558594,1.2026052474975586,-2.997046709060669,0.002685743849724531,0.021990088745951653,-0.1197897270321846,0.9925521612167358
131,spine_02,-14.362751007080078,6.4209723472595215,-1.6260027885437012,0.01369397807866335,0.07734838128089905,-0.1737990379333496,0.9816434383392334
131,thigh_l,24.318193435668945,-1.749511480331421,-0.2832801342010498,-0.007319481577724218,-0.12894873321056366,-0.027632303535938263,0.9912391901016235
131,thigh_r,23.02437973022461,1.773280143737793,-1.4170516729354858,0.008032512851059437,-0.10102233290672302,0.02915162406861782,0.99442458152771
131,upperarm_l,-17.387001037597656,-119.5811996459961,32.2553825378418,-0.12685708701610565,0.2781345248222351,0.864790678024292,0.39835360646247864
131,upperarm_r,14.4268798828125,121.84051513671875,35.65355682373047,0.15497958660125732,0.2815468907356262,-0.8911867737770081,0.3201543986797333
132,calf_l,-1.914032220840454,0.11534535884857178,0.1549026519060135,0.0021818894892930984,0.14486892521381378,-0.04294709116220474,0.9885159730911255
132,calf_r,-2.3053131103515625,-0.10258685797452927,0.19832538068294525,-0.001144676934927702,0.1639854907989502,0.044207263737916946,0.9854710698127747
132,clavicle_l,-26.801908493041992,14.141854286193848,1.5369174480438232,0.030766483396291733,0.1247064545750618,-0.18786723911762238,0.9737595319747925
132,clavicle_r,-28.389415740966797,10.098237991333008,1.5363759994506836,0.01699642464518547,0.12730850279331207,-0.18147003650665283,0.9749729633331299
132,foot_l,1.3917490243911743,-0.09656117856502533,-0.017755858600139618,-0.000600624131038785,9.329849854111671e-05,-0.045556340366601944,0.9989616870880127
132,foot_r,1.3849951028823853,0.10093501955270767,-0.01511850394308567,0.00048302457435056567,3.752403426915407e-05,0.045333877205848694,0.9989717602729797
132,hand_l,121.46512603759766,-87.3094253540039,102.99928283691406,-0.7130558490753174,-0.08998993784189224,0.6493781208992004,0.24851813912391663
132,hand_r,163.17010498046875,-4.533390522003174,100.02745056152344,0.633965015411377,-0.34197428822517395,-0.6931161284446716,0.027056559920310974
132,head,1.2685291767120361,-0.9720128774642944,-3.3840060234069824,0.0026866106782108545,0.02611689455807209,-0.007554726675152779,0.9996267557144165
132,lowerarm_l,109.6598892211914,13.0079984664917,33.5192985534668,-0.3732362389564514,-0.40362638235092163,0.8108741044998169,0.20065869390964508
132,lowerarm_r,112.1353988647461,-37.592708587646484,28.659265518188477,0.31380218267440796,-0.4247550368309021,-0.8426823616027832,0.10487071424722672
132,neck,-18.08121109008789,-0.07196199148893356,-1.1961579322814941,0.0048910826444625854,0.0860181674361229,-0.009077155962586403,0.9962403178215027
132,pelvis,8.44687271118164,-0.78143310546875,-2.878844738006592,-0.0022921108175069094,-0.029245704412460327,-0.07750122994184494,0.9965606927871704
132,root,0.0,0.0,0.0,-2.1139658201718703e-07,-5.7790373375610216e-08,1.0658141036401503e-14,1.0
132,spine_01,-1.6459364891052246,1.2450504302978516,-2.958112955093384,0.0027827660087496042,0.02156311459839344,-0.12654541432857513,0.9917225241661072
132,spine_02,-13.979843139648438,6.767017364501953,-1.6156315803527832,0.01446137297898531,0.07629707455635071,-0.18564967811107635,0.9795426726341248
132,thigh_l,24.16310691833496,-1.7361313104629517,-0.2785240411758423,-0.007304541766643524,-0.12811675667762756,-0.027681387960910797,0.9913458228111267
132,thigh_r,22.810697555541992,1.7595019340515137,-1.4396638870239258,0.008039548993110657,-0.09918420761823654,0.0292590893805027,0.9946064352989197
132,upperarm_l,-22.934288024902344,-121.5158920288086,35.01966857910156,-0.11916724592447281,0.29401886463165283,0.8567222952842712,0.4066683053970337
132,upperarm_r,19.730314254760742,119.7861099243164,34.127201080322266,0.15545828640460968,0.2718876302242279,-0.9036644697189331,0.2920622229576111
133,calf_l,-1.8915667533874512,0.11271445453166962,0.14863187074661255,0.002111285924911499,0.14376160502433777,-0.04289538785815239,0.9886800050735474
133,calf_r,-2.2927892208099365,-0.09943088889122009,0.19223718345165253,-0.0010411954717710614,0.16335700452327728,0.0441875196993351,0.9855764508247375
133,clavicle_l,-26.26214599609375,14.742426872253418,1.519412875175476,0.03200791776180267,0.12347522377967834,-0.19895480573177338,0.9716719388961792
133,clavicle_r,-27.940532684326172,10.737543106079102,1.5188416242599487,0.01826820895075798,0.1262335181236267,-0.19258517026901245,0.9729554653167725
133,foot_l,1.391762614250183,-0.09662877023220062,-0.017887765541672707,-0.0006011041696183383,8.652633550809696e-05,-0.04555482789874077,0.9989617466926575
133,foot_r,1.3847625255584717,0.10109329223632812,-0.015146049670875072,0.0004803813935723156,3.157235187245533e-05,0.045325763523578644,0.9989721775054932
133,hand_l,112.8534164428711,-96.64750671386719,102.0456314086914,-0.7117094993591309,-0.05213877558708191,0.6455409526824951,0.27208101749420166
133,hand_r,161.64952087402344,-17.574687957763672,97.6976318359375,-0.613541305065155,0.36959215998649597,0.6978312134742737,0.0006471551023423672
133,head,1.2908928394317627,-1.0471513271331787,-3.337526321411133,0.002696133917197585,0.02580275945365429,-0.008009200915694237,0.9996313452720642
133,lowerarm_l,108.85652160644531,9.398067474365234,32.525001525878906,-0.37608686089515686,-0.39534735679626465,0.8118921518325806,0.2075820416212082
133,lowerarm_r,107.16067504882812,-41.10798263549805,25.450420379638672,0.29347625374794006,-0.42351922392845154,-0.8520849347114563,0.09194818884134293
133,neck,-18.05896759033203,-0.1295763999223709,-1.1618971824645996,0.004928012378513813,0.08570275455713272,-0.00952993705868721,0.9962630867958069
133,pelvis,8.476787567138672,-0.8046332001686096,-2.8371453285217285,-0.002360690850764513,-0.029239747673273087,-0.07981351017951965,0.9963781833648682
133,root,0.0,0.0,0.0,-2.1139658201718703e-07,-5.7790373375610216e-08,1.0658141036401503e-14,1.0
133,spine_01,-1.5185739994049072,1.2821048498153687,-2.9200494289398193,0.0028680136892944574,0.021145319566130638,-0.13288798928260803,0.9909013509750366
133,spine_02,-13.605496406555176,7.076146602630615,-1.6068577766418457,0.015151740983128548,0.0752490758895874,-0.1968008279800415,0.9774340987205505
133,thigh_l,24.000770568847656,-1.7253316640853882,-0.2753044068813324,-0.007306781597435474,-0.12725065648555756,-0.027730243280529976,0.9914559721946716
133,thigh_r,22.595129013061523,1.7478387355804443,-1.4598314762115479,0.008060178719460964,-0.09739556908607483,0.029360583052039146,0.9947799444198608
133,upperarm_l,-28.17859649658203,-123.1683349609375,37.795860290527344,-0.11211678385734558,0.3090165853500366,0.8485082983970642,0.4146954119205475
133,upperarm_r,24.460765838623047,117.18443298339844,32.32640075683594,0.15491381287574768,0.2611376941204071,-0.9150006771087646,0.26567384600639343
134,calf_l,-1.8695507049560547,0.10990405082702637,0.14241908490657806,0.00204260740429163,0.1426716297864914,-0.04284360632300377,0.9888402819633484
134,calf_r,-2.279881000518799,-0.09616044908761978,0.18614907562732697,-0.0009423091541975737,0.1627068966627121,0.044165950268507004,0.9856850504875183
134,clavicle_l,-25.74828338623047,15.284366607666016,1.5027838945388794,0.033134158700704575,0.12229446321725845,-0.2092663049697876,0.9696153998374939
134,clavicle_r,-27.50953483581543,11.320104598999023,1.5022053718566895,0.019433800131082535,0.12519671022891998,-0.20292383432388306,0.9709634780883789
134,foot_l,1.3916146755218506,-0.09671791642904282,-0.017843957990407944,-0.000594418088439852,7.622634439030662e-05,-0.0455479621887207,0.9989619851112366
134,foot_r,1.3844486474990845,0.10129571706056595,-0.015066386200487614,0.00047201884444803,2.286857670696918e-05,0.04531456530094147,0.9989726543426514
134,hand_l,104.08594512939453,-104.75529479980469,101.2318344116211,-0.7086904048919678,-0.016566744074225426,0.6410223841667175,0.2942342162132263
134,hand_r,159.19232177734375,-29.817760467529297,95.36888122558594,-0.5926135778427124,0.39593037962913513,0.7009993195533752,0.025459883734583855
134,head,1.3066060543060303,-1.113494873046875,-3.293323516845703,0.002704560523852706,0.025504058226943016,-0.008432233706116676,0.9996355175971985
134,lowerarm_l,108.06875610351562,5.779127597808838,31.591999053955078,-0.3790152072906494,-0.3866644501686096,0.8129824995994568,0.21423715353012085
134,lowerarm_r,102.303466796875,-43.92848205566406,22.44609260559082,0.2744210958480835,-0.4212161898612976,-0.8606650233268738,0.08078210055828094
134,neck,-18.04214096069336,-0.17916783690452576,-1.1293649673461914,0.004963327199220657,0.0853990912437439,-0.00995139591395855,0.9962847828865051
134,pelvis,8.5004243850708,-0.8260589838027954,-2.797067165374756,-0.0024243691004812717,-0.029232550412416458,-0.0819425880908966,0.9962052702903748
134,root,0.0,0.0,0.0,-2.1139658201718703e-07,-5.7790373375610216e-08,1.0658141036401503e-14,1.0
134,spine_01,-1.4015578031539917,1.3139721155166626,-2.883404493331909,0.0029413022566586733,0.020745228976011276,-0.13878008723258972,0.9901015758514404
134,spine_02,-13.25076675415039,7.350692272186279,-1.5982985496520996,0.0157698392868042,0.07424236088991165,-0.2071709781885147,0.9753561615943909
134,thigh_l,23.843692779541016,-1.714981198310852,-0.27148786187171936,-0.007308649830520153,-0.12642887234687805,-0.027775689959526062,0.9915599226951599
134,thigh_r,22.38916015625,1.7367016077041626,-1.4765413999557495,0.008079235441982746,-0.09572606533765793,0.029455844312906265,0.9949390292167664
134,upperarm_l,-33.001983642578125,-124.52593994140625,40.48172378540039,-0.10589200258255005,0.32276883721351624,0.8403921723365784,0.4223129153251648
134,upperarm_r,28.47905158996582,114.19877624511719,30.356407165527344,0.15331442654132843,0.24980323016643524,-0.9250770211219788,0.24150684475898743
135,calf_l,-1.8483611345291138,0.10921145975589752,0.13777190446853638,0.00199335440993309,0.14165189862251282,-0.0427936390042305,0.9889891743659973
135,calf_r,-2.266995668411255,-0.0947793647646904,0.18131686747074127,-0.0008641869644634426,0.16208283603191376,0.044143132865428925,0.9857889413833618
135,clavicle_l,-25.268590927124023,15.774833679199219,1.4892175197601318,0.034169573336839676,0.1211920753121376,-0.2187260091304779,0.9676279425621033
135,clavicle_r,-27.110122680664062,11.837928771972656,1.4885817766189575,0.020465213805437088,0.124234139919281,-0.21240493655204773,0.9690362215042114
135,foot_l,1.3926334381103516,-0.09604168683290482,-0.018194114789366722,-0.0006177800823934376,9.723657422000542e-05,-0.0455847829580307,0.9989603757858276
135,foot_r,1.3852185010910034,0.10080749541521072,-0.015318067744374275,0.0004889269475825131,3.680804729810916e-05,0.04534119367599487,0.9989714622497559
135,hand_l,95.46614074707031,-111.60553741455078,100.58848571777344,-0.7044287323951721,0.016285214573144913,0.6360564827919006,0.3145586848258972
135,hand_r,156.01573181152344,-41.02847671508789,93.0927505493164,-0.5716149210929871,0.4206988513469696,0.7029003500938416,0.046904899179935455
135,head,1.3197802305221558,-1.1716721057891846,-3.250908851623535,0.0027122569736093283,0.025216547772288322,-0.008821980096399784,0.9996394515037537
135,lowerarm_l,107.32374572753906,2.2774412631988525,30.76051139831543,-0.38194358348846436,-0.3779434859752655,0.8140584230422974,0.22042405605316162
135,lowerarm_r,97.68988037109375,-46.120243072509766,19.709836959838867,0.2569160759449005,-0.41821393370628357,-0.8683226704597473,0.07146323472261429
135,neck,-18.03383445739746,-0.22334232926368713,-1.0975122451782227,0.004991294350475073,0.08512510359287262,-0.010338932275772095,0.9963041543960571
135,pelvis,8.519055366516113,-0.8453059196472168,-2.760082483291626,-0.0024801658000797033,-0.029233964160084724,-0.08389145880937576,0.9960429072380066
135,root,0.0,0.0,0.0,-2.1139658201718703e-07,-5.7790373375610216e-08,1.0658141036401503e-14,1.0
135,spine_01,-1.2978236675262451,1.3408691883087158,-2.8490424156188965,0.003002075245603919,0.020372804254293442,-0.14418558776378632,0.989336371421814
135,spine_02,-12.926319122314453,7.593906879425049,-1.588606834411621,0.016322296112775803,0.07331448793411255,-0.21668201684951782,0.9733486175537109
135,thigh_l,23.703092575073242,-1.7037632465362549,-0.26533618569374084,-0.007298104465007782,-0.1257222294807434,-0.02781747095286846,0.9916485548019409
135,thigh_r,22.202503204345703,1.7248424291610718,-1.4891695976257324,0.008085048757493496,-0.09423588961362839,0.029542209580540657,0.9950787425041199
135,upperarm_l,-37.28484344482422,-125.59333801269531,42.96709060668945,-0.10066460072994232,0.3349243402481079,0.8326746821403503,0.4293544590473175
135,upperarm_r,31.697296142578125,111.03050994873047,28.336488723754883,0.1507086306810379,0.23847520351409912,-0.9338192343711853,0.21999585628509521
136,calf_l,-1.8277734518051147,0.09941371530294418,0.12732656300067902,0.0018842240097001195,0.14051583409309387,-0.04274367168545723,0.9891535639762878
136,calf_r,-2.2540338039398193,-0.08575349301099777,0.17195120453834534,-0.0007354571716859937,0.1613374650478363,0.044116999953985214,0.9859124422073364
136,clavicle_l,-24.849836349487305,16.186853408813477,1.4754807949066162,0.03501034528017044,0.12022795528173447,-0.2272411584854126,0.9657541513442993
136,clavicle_r,-26.741527557373047,12.32191276550293,1.474886178970337,0.021470781415700912,0.12335936725139618,-0.22096103429794312,0.9672113060951233
136,foot_l,1.3881441354751587,-0.09962613880634308,-0.017984380945563316,-0.0005208337679505348,-5.303334182826802e-05,-0.0454048328101635,0.9989685416221619
136,foot_r,1.381067156791687,0.10390565544366837,-0.014745653606951237,0.0004078017082065344,-7.059755444061011e-05,0.04518642649054527,0.9989784955978394
136,hand_l,87.30039978027344,-117.21507263183594,100.13914489746094,-0.6994224786758423,0.04596281796693802,0.6308850049972534,0.3326856195926666
136,hand_r,152.3786163330078,-51.01054382324219,90.93218231201172,-0.5510680079460144,0.4436037540435791,0.7038195133209229,0.06463710218667984
136,head,1.3128325939178467,-1.2228550910949707,-3.214740753173828,0.0027178723830729723,0.02499711513519287,-0.009173491969704628,0.9996417760848999
136,lowerarm_l,106.65202331542969,-0.9556189179420471,30.06395721435547,-0.3847576379776001,-0.36962538957595825,0.8150486350059509,0.2259078472852707
136,lowerarm_r,93.43426513671875,-47.78752899169922,17.303050994873047,0.2411952167749405,-0.4149867594242096,-0.8749350309371948,0.06402838230133057
136,neck,-18.028377532958984,-0.2562330961227417,-1.0717988014221191,0.005032992456108332,0.08486637473106384,-0.010690183378756046,0.9963223338127136
136,pelvis,8.521468162536621,-0.864970326423645,-2.723240852355957,-0.002545851981267333,-0.029194289818406105,-0.08565068989992142,0.995894193649292
136,root,0.0,0.0,0.0,-2.1139658201718703e-07,-5.7790373375610216e-08,1.0658141036401503e-14,1.0
136,spine_01,-1.2140549421310425,1.3661738634109497,-2.8169751167297363,0.0030620757024735212,0.020059049129486084,-0.14906658232212067,0.9886189699172974
136,spine_02,-12.636372566223145,7.804576873779297,-1.5814542770385742,0.016803786158561707,0.07247616350650787,-0.2252541184425354,0.9714553356170654
136,thigh_l,23.54180908203125,-1.700110673904419,-0.26423391699790955,-0.0073393564671278,-0.12491756677627563,-0.027855973690748215,0.9917488694190979
136,thigh_r,22.007625579833984,1.7196325063705444,-1.5015240907669067,0.008136886171996593,-0.09277617186307907,0.029618768021464348,0.9952132105827332
136,upperarm_l,-40.907875061035156,-126.3912582397461,45.14076614379883,-0.09658428281545639,0.34515032172203064,0.825704038143158,0.4356094300746918
136,upperarm_r,34.07678985595703,107.90605163574219,26.392173767089844,0.14721351861953735,0.22780798375606537,-0.9411856532096863,0.20149776339530945
137,calf_l,-1.8088102340698242,0.10417985916137695,0.12709183990955353,0.0018825873266905546,0.13969206809997559,-0.0426982082426548,0.9892722368240356
137,calf_r,-2.241974115371704,-0.08915692567825317,0.17064423859119415,-0.0007074754685163498,0.1608273684978485,0.044095613062381744,0.9859967827796936
137,clavicle_l,-24.473554611206055,16.578819274902344,1.4717590808868408,0.03586931154131889,0.11938720941543579,-0.23476216197013855,0.9640263915061951
137,clavicle_r,-26.440753936767578,12.713134765625,1.4712284803390503,0.02223861962556839,0.12265179306268692,-0.22848545014858246,0.9655342698097229
137,foot_l,1.3921886682510376,-0.09631185978651047,-0.01808207295835018,-0.0005986685864627361,7.379498856607825e-05,-0.04556526616215706,0.9989612698554993
137,foot_r,1.384577751159668,0.10122516751289368,-0.015091034583747387,0.0004693439113907516,1.800580503186211e-05,0.045316267758607864,0.9989725947380066
137,hand_l,79.86961364746094,-121.64677429199219,99.90325164794922,-0.6941975951194763,0.07209698110818863,0.6257613897323608,0.3483022153377533
137,hand_r,148.57144165039062,-59.606136322021484,88.96743774414062,-0.5316097140312195,0.4643286466598511,0.7040093541145325,0.07849085330963135
137,head,1.311992883682251,-1.2672059535980225,-3.179752826690674,0.002724651014432311,0.024778498336672783,-0.009483296424150467,0.9996442794799805
137,lowerarm_l,106.09737396240234,-3.7491588592529297,29.53680419921875,-0.38735491037368774,-0.3622245490550995,0.8158746361732483,0.23043031990528107
137,lowerarm_r,89.6504898071289,-49.066009521484375,15.290916442871094,0.2274997979402542,-0.41211530566215515,-0.8803313970565796,0.05849384516477585
137,neck,-18.038358688354492,-0.29244738817214966,-1.0437607765197754,0.005046455189585686,0.08467508107423782,-0.010997981764376163,0.9963352680206299
137,pelvis,8.529644966125488,-0.8790345191955566,-2.6945650577545166,-0.0025808706413954496,-0.029220547527074814,-0.08723753690719604,0.9957555532455444
137,root,0.0,0.0,0.0,-2.1139658201718703e-07,-5.7790373375610216e-08,1.0658141036401503e-14,1.0
137,spine_01,-1.147042989730835,1.3862299919128418,-2.788609266281128,0.003106279531493783,0.019781753420829773,-0.1533869057893753,0.9879633188247681
137,spine_02,-12.399107933044434,7.992880821228027,-1.5688300132751465,0.01723822019994259,0.07179874181747437,-0.23280873894691467,0.9697154760360718
137,thigh_l,23.447710037231445,-1.6866881847381592,-0.25144875049591064,-0.007299077697098255,-0.12453529238700867,-0.027883730828762054,0.9917965531349182
137,thigh_r,21.873598098754883,1.7063807249069214,-1.5055245161056519,0.00811223778873682,-0.09173829108476639,0.02968525141477585,0.9953076243400574
137,upperarm_l,-43.74787902832031,-126.94672393798828,46.88581466674805,-0.09380447864532471,0.3530969023704529,0.819859504699707,0.4408559203147888
137,upperarm_r,35.62101745605469,105.05712127685547,24.641361236572266,0.14301741123199463,0.2184649109840393,-0.9471519589424133,0.18633919954299927
138,calf_l,-1.790094017982483,0.10058444738388062,0.12141428887844086,0.0018254128517583013,0.13874563574790955,-0.04265240579843521,0.989407479763031
138,calf_r,-2.2299695014953613,-0.08552169054746628,0.16518491506576538,-0.0006313988124020398,0.16020703315734863,0.044070784002542496,0.9860989451408386
138,clavicle_l,-24.145584106445312,16.918060302734375,1.4680629968643188,0.03659035637974739,0.11865898966789246,-0.2416558861732483,0.9623844027519226
138,clavicle_r,-26.163127899169922,13.089866638183594,1.4674980640411377,0.02301330305635929,0.12201350927352905,-0.23540203273296356,0.9639341831207275
138,foot_l,1.3910621404647827,-0.09735678136348724,-0.018320878967642784,-0.0005865370039828122,3.8509591831825674e-05,-0.045521121472120285,0.9989632964134216
138,foot_r,1.3834733963012695,0.1021604984998703,-0.015112892724573612,0.00045696733286604285,-7.2924972300825175e-06,0.04527668282389641,0.9989743828773499
138,hand_l,72.916015625,-125.25308227539062,99.79927825927734,-0.6887356042861938,0.0958080142736435,0.620631754398346,0.3623262643814087
138,hand_r,144.5700225830078,-67.25494384765625,87.09061431884766,-0.5124946236610413,0.48370522260665894,0.7038407325744629,0.0893687903881073
138,head,1.294846773147583,-1.3079562187194824,-3.1493306159973145,0.0027299232315272093,0.0246142465621233,-0.009769121184945107,0.9996455907821655
138,lowerarm_l,105.635498046875,-6.205393314361572,29.15453338623047,-0.3898400366306305,-0.35561254620552063,0.8165231943130493,0.2342102825641632
138,lowerarm_r,86.1131820678711,-50.16029357910156,13.552312850952148,0.21491384506225586,-0.40970709919929504,-0.8848860859870911,0.05411840230226517
138,neck,-18.05189323425293,-0.32103732228279114,-1.020193099975586,0.005072576459497213,0.08449911326169968,-0.011282611638307571,0.9963468313217163
138,pelvis,8.523336410522461,-0.8941451907157898,-2.665543556213379,-0.0026271543465554714,-0.029208756983280182,-0.08870787918567657,0.995625913143158
138,root,0.0,0.0,0.0,-2.1139658201718703e-07,-5.7790373375610216e-08,1.0658141036401503e-14,1.0
138,spine_01,-1.0968189239501953,1.4064167737960815,-2.7617931365966797,0.003153078956529498,0.019554434344172478,-0.15736664831638336,0.9873417019844055
138,spine_02,-12.189501762390137,8.162652969360352,-1.5580177307128906,0.017631851136684418,0.07119628041982651,-0.23974251747131348,0.9680618643760681
138,thigh_l,23.33280372619629,-1.6800692081451416,-0.24314622581005096,-0.007306419778615236,-0.12405648082494736,-0.0279089268296957,0.9918557405471802
138,thigh_r,21.7296142578125,1.6991959810256958,-1.5099600553512573,0.008131220005452633,-0.0907033309340477,0.02974274940788746,0.9954005479812622
138,upperarm_l,-46.07082748413086,-127.35897064208984,48.34423828125,-0.09189765900373459,0.3595616817474365,0.814784824848175,0.4454168379306793
138,upperarm_r,36.57615661621094,102.42303466796875,23.036535263061523,0.1382005512714386,0.21011221408843994,-0.9522275924682617,0.17325162887573242
139,calf_l,-1.7714020013809204,0.10257996618747711,0.11928952485322952,0.001809560926631093,0.13788151741027832,-0.04260648041963577,0.9895303249359131
139,calf_r,-2.2177774906158447,-0.08664356172084808,0.16245701909065247,-0.0005932782078161836,0.15964588522911072,0.04404546692967415,0.9861910939216614
139,clavicle_l,-23.81961441040039,17.255693435668945,1.467380166053772,0.03733265399932861,0.11793806403875351,-0.2483760565519333,0.9607321619987488
139,clavicle_r,-25.899145126342773,13.439252853393555,1.4668152332305908,0.023714423179626465,0.12140273302793503,-0.2421318143606186,0.9623260498046875
139,foot_l,1.3934354782104492,-0.09553995728492737,-0.018628064543008804,-0.0006321207620203495,9.761703404365107e-05,-0.04561057314276695,0.9989591240882874
139,foot_r,1.3854900598526,0.10069972276687622,-0.015503245405852795,0.000493486993946135,3.345184086356312e-05,0.045348044484853745,0.9989712238311768
139,hand_l,66.01058197021484,-128.3596649169922,99.7322998046875,-0.6826890110969543,0.11852673441171646,0.6153020858764648,0.37588629126548767
139,hand_r,139.09323120117188,-75.06201934814453,83.31352233886719,-0.48403504490852356,0.5126916170120239,0.7045196890830994,0.08068174123764038
139,head,1.2821435928344727,-1.3467538356781006,-3.117513656616211,0.0027351281605660915,0.02443178929388523,-0.010047336108982563,0.9996472597122192
139,lowerarm_l,105.21839904785156,-8.543464660644531,28.876188278198242,-0.39241722226142883,-0.3493265211582184,0.8170115351676941,0.23763811588287354
139,lowerarm_r,82.00483703613281,-51.16627883911133,11.641217231750488,0.20070284605026245,-0.4066907465457916,-0.8898904919624329,0.04915262758731842
139,neck,-18.07322120666504,-0.35138094425201416,-0.9942173957824707,0.005087281111627817,0.08434256911277771,-0.011558879166841507,0.9963568449020386
139,pelvis,8.517975807189941,-0.907674252986908,-2.638453245162964,-0.0026641320437192917,-0.0292197335511446,-0.09014305472373962,0.9954966306686401
139,root,0.0,0.0,0.0,-2.1139658201718703e-07,-5.7790373375610216e-08,1.0658141036401503e-14,1.0
139,spine_01,-1.0507725477218628,1.4244784116744995,-2.7355551719665527,0.0031934294383972883,0.019327284768223763,-0.16124381124973297,0.9867202043533325
139,spine_02,-11.990545272827148,8.326425552368164,-1.5449881553649902,0.01801474578678608,0.07062143087387085,-0.24649590253829956,0.9663995504379272
139,thigh_l,23.238622665405273,-1.6692860126495361,-0.2303498387336731,-0.00728014437481761,-0.12371687591075897,-0.027932045981287956,0.9918976426124573
139,thigh_r,21.603519439697266,1.6884363889694214,-1.5111849308013916,0.008118883706629276,-0.08979759365320206,0.0297988411039114,0.9954810738563538
139,upperarm_l,-48.23158264160156,-127.71376037597656,49.73212814331055,-0.09033920615911484,0.36559179425239563,0.8098568320274353,0.44979265332221985
139,upperarm_r,37.29845428466797,99.62165069580078,21.356630325317383,0.1322563886642456,0.20145517587661743,-0.9574546217918396,0.15876008570194244
140,calf_l,-1.7522348165512085,0.10105665028095245,0.11496222764253616,0.0017696042777970433,0.1369427591562271,-0.042559169232845306,0.9896626472473145
140,calf_r,-2.2050154209136963,-0.08475563675165176,0.15795263648033142,-0.000534085847903043,0.15901464223861694,0.044018182903528214,0.9862943291664124
140,clavicle_l,-23.508075714111328,17.570892333984375,1.4661616086959839,0.038017287850379944,0.11724481731653214,-0.25490087270736694,0.9590797424316406
140,clavicle_r,-25.63868522644043,13.783873558044434,1.4655946493148804,0.02442329190671444,0.12080156803131104,-0.24867381155490875,0.9607143402099609
140,foot_l,1.3936221599578857,-0.09539972245693207,-0.018682299181818962,-0.0006343535496853292,9.758720989339054e-05,-0.04561673104763031,0.9989588260650635
140,foot_r,1.3855239152908325,0.10064961016178131,-0.01552223227918148,0.0004934876342304051,3.3146050554933026e-05,0.045349299907684326,0.9989711046218872
140,hand_l,59.44767761230469,-130.3744659423828,97.61890411376953,-0.6805816888809204,0.12777012586593628,0.5988221764564514,0.40236228704452515
140,hand_r,134.2334442138672,-81.83454895019531,81.3156509399414,-0.46263569593429565,0.5309723019599915,0.7045683860778809,0.08729254454374313
140,head,1.2593984603881836,-1.3831827640533447,-3.0873775482177734,0.0027408539317548275,0.02427290566265583,-0.010318607091903687,0.99964839220047
140,lowerarm_l,104.4706802368164,-10.959572792053223,28.18891716003418,-0.39357519149780273,-0.34174004197120667,0.8185415267944336,0.24145837128162384
140,lowerarm_r,78.33779907226562,-52.13092041015625,10.13442325592041,0.1880950629711151,-0.404678076505661,-0.8937464952468872,0.04553114250302315
140,neck,-18.09558868408203,-0.3774460554122925,-0.9702801704406738,0.005109043791890144,0.0841820165514946,-0.011829177848994732,0.9963670969009399
140,pelvis,8.506004333496094,-0.9214787483215332,-2.610558271408081,-0.002704900922253728,-0.02921598218381405,-0.09152914583683014,0.995370090007782
140,root,0.0,0.0,0.0,-2.1139658201718703e-07,-5.7790373375610216e-08,1.0658141036401503e-14,1.0
140,spine_01,-1.0108758211135864,1.442067265510559,-2.709299325942993,0.0032336763106286526,0.019112827256321907,-0.16501131653785706,0.9861012101173401
140,spine_02,-11.79836654663086,8.4807767868042,-1.532888412475586,0.018377864733338356,0.0700569897890091,-0.25305667519569397,0.9647365808486938
140,thigh_l,23.13310432434082,-1.661172866821289,-0.21909616887569427,-0.007273817900568247,-0.12332623451948166,-0.02795489691197872,0.991945743560791
140,thigh_r,21.470529556274414,1.680008888244629,-1.5120644569396973,0.00812450610101223,-0.08888182044029236,0.029851477593183517,0.9955615997314453
140,upperarm_l,-49.95178985595703,-127.95613861083984,50.83650207519531,-0.0891871228814125,0.37028664350509644,0.8060228228569031,0.45305711030960083
140,upperarm_r,37.5361328125,97.03206634521484,19.81424903869629,0.12607638537883759,0.19357813894748688,-0.9618086218833923,0.14682132005691528
141,calf_l,-1.7328319549560547,0.09848504513502121,0.10998223721981049,0.0017235305858775973,0.13597731292247772,-0.04251060262322426,0.9897980093955994
141,calf_r,-2.1918721199035645,-0.08198773115873337,0.15288181602954865,-0.00047033827286213636,0.1583516001701355,0.04398871585726738,0.9864023327827454
141,clavicle_l,-23.20740509033203,17.869159698486328,1.4652138948440552,0.03866582736372948,0.11657130718231201,-0.26121997833251953,0.9574342370033264
141,clavicle_r,-25.384578704833984,14.116302490234375,1.4646457433700562,0.025114314630627632,0.1202130913734436,-0.25501224398612976,0.9591073393821716
141,foot_l,1.3931896686553955,-0.09573870152235031,-0.018654467537999153,-0.0006219253409653902,7.839684985810891e-05,-0.045598119497299194,0.9989597797393799
141,foot_r,1.385015845298767,0.10101611167192459,-0.015459517948329449,0.00048183699254877865,1.833396527217701e-05,0.04532957077026367,0.9989719986915588
141,hand_l,52.73240280151367,-132.59979248046875,97.62288665771484,-0.6740292310714722,0.14876210689544678,0.5929098129272461,0.4147438108921051
141,hand_r,129.01280212402344,-88.18058776855469,79.24945831298828,-0.4402046799659729,0.5488420128822327,0.7046881318092346,0.09168902784585953
141,head,1.231466293334961,-1.4179201126098633,-3.0581235885620117,0.002745061181485653,0.02412460185587406,-0.01058161910623312,0.9996492862701416
141,lowerarm_l,104.1345443725586,-13.090435028076172,28.089908599853516,-0.39629673957824707,-0.3360332250595093,0.8187641501426697,0.2442455291748047
141,lowerarm_r,74.59819030761719,-53.03757095336914,8.728116035461426,0.17541749775409698,-0.40282952785491943,-0.8973140120506287,0.04224570095539093
141,neck,-18.11998176574707,-0.4008948802947998,-0.9471893310546875,0.005132711958140135,0.08402235805988312,-0.01209124457091093,0.9963772892951965
141,pelvis,8.489850044250488,-0.93506920337677,-2.582669258117676,-0.0027460989076644182,-0.0292078647762537,-0.09286601841449738,0.995246410369873
141,root,0.0,0.0,0.0,-2.1139658201718703e-07,-5.7790373375610216e-08,1.0658141036401503e-14,1.0
141,spine_01,-0.9761253595352173,1.4588000774383545,-2.6832163333892822,0.0032724677585065365,0.018906980752944946,-0.1686604917049408,0.9854874014854431
141,spine_02,-11.613882064819336,8.626452445983887,-1.520860195159912,0.018723227083683014,0.0695067048072815,-0.25941145420074463,0.9630804657936096
141,thigh_l,23.025287628173828,-1.6538490056991577,-0.2079343944787979,-0.007272422779351473,-0.1229354664683342,-0.027976833283901215,0.9919936060905457
141,thigh_r,21.33756446838379,1.67232084274292,-1.5119750499725342,0.008134418167173862,-0.08799327909946442,0.029902037233114243,0.9956389665603638
141,upperarm_l,-51.837677001953125,-128.2396240234375,52.11338424682617,-0.08822359889745712,0.3756486177444458,0.8013549447059631,0.45709434151649475
141,upperarm_r,37.451541900634766,94.49498748779297,18.318477630615234,0.1192827895283699,0.18597939610481262,-0.965844988822937,0.1353761851787567
142,calf_l,-1.7134323120117188,0.09774819761514664,0.10623978078365326,0.001691607292741537,0.1350402683019638,-0.042462121695280075,0.9899284243583679
142,calf_r,-2.178628444671631,-0.08092489838600159,0.14886976778507233,-0.00042124910396523774,0.15770569443702698,0.04395965859293938,0.9865071177482605
142,clavicle_l,-22.913942337036133,18.156978607177734,1.4655758142471313,0.03930337354540825,0.11591096967458725,-0.2673243284225464,0.9558020830154419
142,clavicle_r,-25.14114761352539,14.427717208862305,1.465008020401001,0.025756092742085457,0.11964359134435654,-0.26113152503967285,0.9575136303901672
142,foot_l,1.3938339948654175,-0.09531842172145844,-0.01890069805085659,-0.000636613869573921,9.050926746567711e-05,-0.045621104538440704,0.9989587068557739
142,foot_r,1.3855069875717163,0.10068493336439133,-0.01560629066079855,0.0004919616621918976,2.6493285986362025e-05,0.04534701630473137,0.998971164226532
142,hand_l,46.14291763305664,-134.4204864501953,97.66688537597656,-0.6671013832092285,0.1688642054796219,0.5868985056877136,0.42662739753723145
142,hand_r,123.44589233398438,-94.103271484375,77.1202163696289,-0.41666194796562195,0.5662588477134705,0.7049452662467957,0.09378644078969955
142,head,1.205207347869873,-1.4502614736557007,-3.0283451080322266,0.002749897073954344,0.023968344554305077,-0.010835793800652027,0.999650239944458
142,lowerarm_l,103.8347396850586,-15.112900733947754,28.06616973876953,-0.39905306696891785,-0.3306262791156769,0.8188892006874084,0.24670511484146118
142,lowerarm_r,70.78044128417969,-53.888710021972656,7.420190334320068,0.16264022886753082,-0.40113383531570435,-0.9006096720695496,0.03926892206072807
142,neck,-18.14955711364746,-0.4243336617946625,-0.9230732917785645,0.005149938631802797,0.08387579023838043,-0.012344224378466606,0.9963865280151367
142,pelvis,8.472410202026367,-0.9476999640464783,-2.55584716796875,-0.0027827208396047354,-0.0292077474296093,-0.09415291994810104,0.9951253533363342
142,root,0.0,0.0,0.0,-2.1139658201718703e-07,-5.7790373375610216e-08,1.0658141036401503e-14,1.0
142,spine_01,-0.9453516602516174,1.4737204313278198,-2.6576876640319824,0.0033060270361602306,0.018704382702708244,-0.17218394577503204,0.9848816990852356
142,spine_02,-11.438467025756836,8.764369010925293,-1.5079736709594727,0.019052637740969658,0.06897617131471634,-0.26554781198501587,0.9614383578300476
142,thigh_l,22.92564582824707,-1.645255446434021,-0.195003479719162,-0.007260005921125412,-0.12260407954454422,-0.02799689956009388,0.9920341372489929
142,thigh_r,21.21335792541504,1.6634844541549683,-1.5100553035736084,0.008133020251989365,-0.08717983216047287,0.029950181022286415,0.9957091212272644
142,upperarm_l,-53.60261154174805,-128.49752807617188,53.34510803222656,-0.08750245720148087,0.38073810935020447,0.7968187928199768,0.4609356224536896
142,upperarm_r,37.060420989990234,92.02531433105469,16.87750244140625,0.1119023859500885,0.17867715656757355,-0.969577968120575,0.12438206374645233
143,calf_l,-1.6939630508422852,0.09640177339315414,0.10212215036153793,0.0016568162245675921,0.13408918678760529,-0.042413000017404556,0.9900598526000977
143,calf_r,-2.1650824546813965,-0.07923749834299088,0.14451104402542114,-0.0003697178908623755,0.15703770518302917,0.04392891377210617,0.9866150617599487
143,clavicle_l,-22.63184928894043,18.42746353149414,1.4660329818725586,0.03990382328629494,0.11526946723461151,-0.2731988728046417,0.9541923403739929
143,clavicle_r,-24.905094146728516,14.725850105285645,1.4655295610427856,0.02637685090303421,0.11908726394176483,-0.2670217454433441,0.955940306186676
143,foot_l,1.3940778970718384,-0.09513410925865173,-0.019005268812179565,-0.0006394530646502972,9.102391049964353e-05,-0.04562896117568016,0.9989583492279053
143,foot_r,1.385633111000061,0.10062582045793533,-0.01567297801375389,0.0004938023630529642,2.641870014485903e-05,0.04535115510225296,0.9989709854125977
143,hand_l,39.700279235839844,-135.86810302734375,97.75192260742188,-0.6598669290542603,0.18810461461544037,0.5808145403862,0.43800315260887146
143,hand_r,117.54235076904297,-99.60681915283203,74.93633270263672,-0.3919214606285095,0.5831657648086548,0.7053896188735962,0.09349244832992554
143,head,1.1745549440383911,-1.4804399013519287,-2.999544143676758,0.00275432295165956,0.023821987211704254,-0.011080698110163212,0.9996510148048401
143,lowerarm_l,103.56689453125,-17.031614303588867,28.10763931274414,-0.40182220935821533,-0.3255024254322052,0.8189385533332825,0.24885089695453644
143,lowerarm_r,66.88005065917969,-54.684852600097656,6.209203720092773,0.14973805844783783,-0.39957499504089355,-0.9036486148834229,0.03657269850373268
143,neck,-18.18047523498535,-0.4452606737613678,-0.8999228477478027,0.005168468691408634,0.08372977375984192,-0.012588421814143658,0.9963955879211426
143,pelvis,8.451678276062012,-0.9599304795265198,-2.529221773147583,-0.0028188147116452456,-0.029204655438661575,-0.09538356214761734,0.9950082302093506
143,root,0.0,0.0,0.0,-2.1139658201718703e-07,-5.7790373375610216e-08,1.0658141036401503e-14,1.0
143,spine_01,-0.918877124786377,1.4876993894577026,-2.6324808597564697,0.003338024951517582,0.01850876584649086,-0.17557349801063538,0.9842867851257324
143,spine_02,-11.270679473876953,8.893289566040039,-1.4953255653381348,0.019363025203347206,0.06845887750387192,-0.2714540362358093,0.9598183631896973
143,thigh_l,22.825077056884766,-1.6371862888336182,-0.18216776847839355,-0.007250159978866577,-0.12227626144886017,-0.028016172349452972,0.9920741319656372
143,thigh_r,21.090423583984375,1.6552531719207764,-1.507237195968628,0.008134228177368641,-0.08639819920063019,0.029995925724506378,0.9957758188247681
143,upperarm_l,-55.25830841064453,-128.73731994628906,54.53950119018555,-0.08699019998311996,0.38559913635253906,0.7924101948738098,0.464577317237854
143,upperarm_r,36.37928771972656,89.63594055175781,15.499213218688965,0.10396386682987213,0.17168602347373962,-0.9730188250541687,0.113797128200531
144,calf_l,-1.6744418144226074,0.09421076625585556,0.09763745963573456,0.0016174634220078588,0.13312441110610962,-0.042364105582237244,0.9901922345161438
144,calf_r,-2.1513402462005615,-0.07689739018678665,0.1398431658744812,-0.0003155243175569922,0.15634925663471222,0.04389632120728493,0.9867258667945862
144,clavicle_l,-22.361705780029297,18.680234909057617,1.4664374589920044,0.040465544909238815,0.1146470233798027,-0.27883180975914,0.9526129961013794
144,clavicle_r,-24.67615509033203,15.009252548217773,1.4658868312835693,0.026972439140081406,0.11854114383459091,-0.2726726233959198,0.9543951749801636
144,foot_l,1.3937292098999023,-0.09558233618736267,-0.01923682726919651,-0.0006412847433239222,7.767344504827634e-05,-0.04561460018157959,0.9989590048789978
144,foot_r,1.3852125406265259,0.10100719332695007,-0.01575889252126217,0.000492342107463628,1.6931811842368916e-05,0.04533594846725464,0.998971700668335
144,hand_l,33.4185905456543,-136.97398376464844,97.87804412841797,-0.6523818969726562,0.20652365684509277,0.5746830105781555,0.44887107610702515
144,hand_r,111.30757141113281,-104.69603729248047,72.71097564697266,-0.3658939301967621,0.5994833707809448,0.7060540914535522,0.09071404486894608
144,head,1.1404573917388916,-1.508395791053772,-2.9715776443481445,0.0027583616320043802,0.023683754727244377,-0.011316797696053982,0.9996516704559326
144,lowerarm_l,103.32656860351562,-18.850656509399414,28.204547882080078,-0.404581755399704,-0.3206467628479004,0.8189316987991333,0.25069931149482727
144,lowerarm_r,62.89479064941406,-55.428016662597656,5.096412658691406,0.13669365644454956,-0.3981451690196991,-0.9064383506774902,0.03412932530045509
144,neck,-18.212690353393555,-0.46356654167175293,-0.8775472640991211,0.005188480950891972,0.08358534425497055,-0.012823458760976791,0.9964046478271484
144,pelvis,8.427870750427246,-0.9717875123023987,-2.502763271331787,-0.002854663413017988,-0.02919827774167061,-0.09655443578958511,0.994895339012146
144,root,0.0,0.0,0.0,-2.1139658201718703e-07,-5.7790373375610216e-08,1.0658141036401503e-14,1.0
144,spine_01,-0.8963639140129089,1.500571370124817,-2.607595920562744,0.0033677644096314907,0.01831960119307041,-0.17882207036018372,0.9837051033973694
144,spine_02,-11.110387802124023,9.01293659210205,-1.482999324798584,0.019653432071208954,0.06795383989810944,-0.27711808681488037,0.958228349685669
144,thigh_l,22.723087310791016,-1.6298854351043701,-0.16955336928367615,-0.007244447246193886,-0.12194686383008957,-0.028035752475261688,0.9921141266822815
144,thigh_r,20.968612670898438,1.6476330757141113,-1.503546953201294,0.008138344623148441,-0.08564655482769012,0.03003896214067936,0.9958394169807434
144,upperarm_l,-56.81570053100586,-128.96441650390625,55.70294952392578,-0.0866529569029808,0.3902675211429596,0.7881261706352234,0.4680168032646179
144,upperarm_r,35.42531204223633,87.33641052246094,14.190186500549316,0.09549766033887863,0.16501100361347198,-0.9761772751808167,0.10358332842588425
145,calf_l,-1.6550801992416382,0.09322211146354675,0.09385734051465988,0.0015880514401942492,0.13218335807323456,-0.04231512174010277,0.9903203845024109
145,calf_r,-2.1374921798706055,-0.07554600387811661,0.13573496043682098,-0.00027089889044873416,0.15567003190517426,0.043863747268915176,0.986834704875946
145,clavicle_l,-22.101627349853516,18.919315338134766,1.4673943519592285,0.04100390523672104,0.11404059827327728,-0.28421255946159363,0.9510713219642639
145,clavicle_r,-24.457853317260742,15.273751258850098,1.466851830482483,0.027527067810297012,0.1180122047662735,-0.2780684530735016,0.9528868198394775
145,foot_l,1.39421546459198,-0.09515047818422318,-0.019212357699871063,-0.0006416985997930169,8.256614819401875e-05,-0.04563072696328163,0.998958170413971
145,foot_r,1.385521650314331,0.10073164105415344,-0.015741359442472458,0.0004922737716697156,1.9624236301751807e-05,0.0453459769487381,0.9989712238311768
145,hand_l,27.31100845336914,-137.7680206298828,98.04471588134766,-0.644702136516571,0.22415229678153992,0.5685245990753174,0.4592328667640686
145,hand_r,104.74238586425781,-109.37694549560547,70.46329498291016,-0.3384873867034912,0.6151118874549866,0.7069496512413025,0.08535802364349365
145,head,1.1064552068710327,-1.5342049598693848,-2.943909168243408,0.0027617921587079763,0.023544348776340485,-0.01154209952801466,0.9996524453163147
145,lowerarm_l,103.10847473144531,-20.574939727783203,28.34673309326172,-0.40730881690979004,-0.31604060530662537,0.8188883662223816,0.25226926803588867
145,lowerarm_r,58.82551193237305,-56.119693756103516,4.084503650665283,0.12350133061408997,-0.3968367576599121,-0.9089827537536621,0.03191550821065903
145,neck,-18.24713897705078,-0.48058032989501953,-0.8551836013793945,0.005205781664699316,0.08344689011573792,-0.01304788701236248,0.9964132308959961
145,pelvis,8.402912139892578,-0.9826738238334656,-2.477174997329712,-0.0028864035848528147,-0.029196325689554214,-0.09766393899917603,0.9947869181632996
145,root,0.0,0.0,0.0,-2.1139658201718703e-07,-5.7790373375610216e-08,1.0658141036401503e-14,1.0
145,spine_01,-0.8770674467086792,1.5117859840393066,-2.5832772254943848,0.0033930782228708267,0.01813398115336895,-0.1819213628768921,0.9831401109695435
145,spine_02,-10.958333015441895,9.123860359191895,-1.4704704284667969,0.019924912601709366,0.06746406108140945,-0.2825274169445038,0.9566764831542969
145,thigh_l,22.62660789489746,-1.6217093467712402,-0.15609942376613617,-0.0072306254878640175,-0.12165460735559464,-0.02805386111140251,0.9921496510505676
145,thigh_r,20.85330581665039,1.639453649520874,-1.4986375570297241,0.00813527312129736,-0.08495348691940308,0.03007982112467289,0.9958975911140442
145,upperarm_l,-58.28435516357422,-129.18356323242188,56.841182708740234,-0.08646024018526077,0.3947748839855194,0.7839647531509399,0.47125011682510376
145,upperarm_r,34.21626281738281,85.13457489013672,12.956486701965332,0.08653943985700607,0.15865297615528107,-0.9790601134300232,0.09370996057987213
146,calf_l,-1.6358537673950195,0.09108828753232956,0.08950678259134293,0.0015518756117671728,0.13123054802417755,-0.04226543754339218,0.9904493093490601
146,calf_r,-2.123509645462036,-0.07336284965276718,0.13116179406642914,-0.00022239155077841133,0.15497075021266937,0.04383016750216484,0.9869462847709656
146,clavicle_l,-21.85451316833496,19.139724731445312,1.4680747985839844,0.04150000214576721,0.11345306038856506,-0.2893272936344147,0.9495767951011658
146,clavicle_r,-24.247512817382812,15.523285865783691,1.467512607574463,0.028056111186742783,0.11749391257762909,-0.28319981694221497,0.9514231085777283
146,foot_l,1.3939378261566162,-0.09536116570234299,-0.01920641027390957,-0.0006324496353045106,6.713480252074078e-05,-0.04561774432659149,0.9989587664604187
146,foot_r,1.385208010673523,0.10094965994358063,-0.01572093367576599,0.0004841573827434331,7.98937526269583e-06,0.04533355310559273,0.9989718794822693
146,hand_l,21.388004302978516,-138.27957153320312,98.25267791748047,-0.6368779540061951,0.24102835357189178,0.5623617172241211,0.4690854549407959
146,hand_r,97.8453369140625,-113.6551513671875,68.21929168701172,-0.3096155524253845,0.6299222111701965,0.7080643177032471,0.07733803987503052
146,head,1.0699198246002197,-1.557444453239441,-2.9171109199523926,0.0027655670419335365,0.02341201901435852,-0.01175659615546465,0.9996529817581177
146,lowerarm_l,102.90697479248047,-22.209327697753906,28.52392578125,-0.4099782705307007,-0.31166404485702515,0.8188284635543823,0.2535809576511383
146,lowerarm_r,54.6748046875,-56.761505126953125,3.1771600246429443,0.110160231590271,-0.3956438899040222,-0.9112827777862549,0.02990560606122017
146,neck,-18.28199577331543,-0.4950976073741913,-0.8337497711181641,0.005223885178565979,0.08330897986888885,-0.013261872343719006,0.9964218735694885
146,pelvis,8.37519645690918,-0.9932463765144348,-2.451801300048828,-0.002918519079685211,-0.029189899563789368,-0.09870602935552597,0.9946841597557068
146,root,0.0,0.0,0.0,-2.1139658201718703e-07,-5.7790373375610216e-08,1.0658141036401503e-14,1.0
146,spine_01,-0.861067533493042,1.5218619108200073,-2.559387683868408,0.0034161186777055264,0.01795404776930809,-0.18486373126506805,0.9825942516326904
146,spine_02,-10.813612937927246,9.22509765625,-1.4584541320800781,0.02017493173480034,0.06698509305715561,-0.28766992688179016,0.9551712274551392
146,thigh_l,22.52789878845215,-1.6145272254943848,-0.14332956075668335,-0.007222653366625309,-0.12135191261768341,-0.0280714500695467,0.9921862483024597
146,thigh_r,20.738618850708008,1.632023811340332,-1.493149757385254,0.008135960437357426,-0.08428515493869781,0.03011869639158249,0.9959531426429749
146,upperarm_l,-59.67354202270508,-129.3982391357422,57.959861755371094,-0.08637993037700653,0.399150013923645,0.7799242734909058,0.4742740988731384
146,upperarm_r,32.77094268798828,83.03546142578125,11.803388595581055,0.07712672650814056,0.15260541439056396,-0.9816733598709106,0.08414608240127563
147,calf_l,-1.6170547008514404,0.09165984392166138,0.08700624853372574,0.001536854193545878,0.13033902645111084,-0.04221764951944351,0.9905690550804138
147,calf_r,-2.1096763610839844,-0.07345710694789886,0.12805266678333282,-0.00019369258370716125,0.15431126952171326,0.04379705712199211,0.9870510697364807
147,clavicle_l,-21.61525535583496,19.348474502563477,1.4695335626602173,0.041982125490903854,0.11287447810173035,-0.2941676378250122,0.9481362104415894
147,clavicle_r,-24.050161361694336,15.748810768127441,1.4690208435058594,0.02852652594447136,0.11699363589286804,-0.2880510985851288,0.9500133395195007
147,foot_l,1.3952317237854004,-0.09434500336647034,-0.019333258271217346,-0.0006555753643624485,9.768433665158227e-05,-0.0456668920814991,0.998956561088562
147,foot_r,1.3863346576690674,0.10013028234243393,-0.01589760184288025,0.0005021964898332953,2.8738219043589197e-05,0.045372892171144485,0.9989700317382812
147,hand_l,15.995621681213379,-138.01107788085938,96.40215301513672,-0.6356191039085388,0.24591772258281708,0.5433375835418701,0.49020111560821533
147,hand_r,90.61497497558594,-117.53536224365234,66.0137710571289,-0.27921202778816223,0.6437496542930603,0.7093604207038879,0.06659557670354843
147,head,1.037279486656189,-1.5784997940063477,-2.890002727508545,0.0027686406392604113,0.023269416764378548,-0.011959468014538288,0.9996538758277893
147,lowerarm_l,102.35152435302734,-24.067947387695312,28.250059127807617,-0.4112509787082672,-0.3056144416332245,0.8198343515396118,0.2556253969669342
147,lowerarm_r,50.44945526123047,-57.357017517089844,2.3799993991851807,0.09668345749378204,-0.39457055926322937,-0.913333535194397,0.028079448267817497
147,neck,-18.319887161254883,-0.5096346139907837,-0.8113980293273926,0.005235013086348772,0.08318205922842026,-0.013463189825415611,0.9964296817779541
147,pelvis,8.348271369934082,-1.0025320053100586,-2.4278640747070312,-0.0029444077517837286,-0.02919447049498558,-0.09968148171901703,0.9945866465568542
147,root,0.0,0.0,0.0,-2.1139658201718703e-07,-5.7790373375610216e-08,1.0658141036401503e-14,1.0
147,spine_01,-0.8471494317054749,1.5299181938171387,-2.5362789630889893,0.003433569334447384,0.017774254083633423,-0.1876409649848938,0.9820708632469177
147,spine_02,-10.677523612976074,9.31790828704834,-1.4458656311035156,0.020406441763043404,0.0665227398276329,-0.29253363609313965,0.9537202715873718
147,thigh_l,22.4410400390625,-1.6055114269256592,-0.12878187000751495,-0.007198200561106205,-0.12111932784318924,-0.028087692335247993,0.9922144412994385
147,thigh_r,20.635520935058594,1.62315833568573,-1.4860683679580688,0.008121565915644169,-0.08370160311460495,0.030155407264828682,0.9960014820098877
147,upperarm_l,-60.72238540649414,-129.5795135498047,58.8508186340332,-0.08657325059175491,0.4025503098964691,0.7768330574035645,0.4764333665370941
147,upperarm_r,31.10881233215332,81.04254150390625,10.735514640808105,0.0673036053776741,0.14685821533203125,-0.9840208888053894,0.07487188279628754
148,calf_l,-1.5984508991241455,0.09081367403268814,0.08367593586444855,0.0015132628614082932,0.12943431735038757,-0.04216901212930679,0.9906898140907288
148,calf_r,-2.0957834720611572,-0.07240723073482513,0.12431345134973526,-0.0001588177983649075,0.1536301225423813,0.04376314580440521,0.9871589541435242
148,clavicle_l,-21.39061737060547,19.537376403808594,1.4703525304794312,0.04241691902279854,0.11231677979230881,-0.29871806502342224,0.9467594623565674
148,clavicle_r,-23.861019134521484,15.959386825561523,1.4697630405426025,0.02897188812494278,0.1165027916431427,-0.29261499643325806,0.9486644268035889
148,foot_l,1.3956032991409302,-0.09418101608753204,-0.01963071897625923,-0.0006684435647912323,0.00010123458923771977,-0.045679040253162384,0.9989559650421143
148,foot_r,1.3866050243377686,0.10001952946186066,-0.01614888571202755,0.0005115426611155272,3.1169627618510276e-05,0.04538240656256676,0.998969554901123
148,hand_l,10.456859588623047,-138.05615234375,96.6874771118164,-0.6279357671737671,0.26159408688545227,0.5370419025421143,0.4988497793674469
148,hand_r,83.05122375488281,-121.0230484008789,63.8923454284668,-0.24723345041275024,0.6564046740531921,0.7107662558555603,0.053103286772966385
148,head,1.002021074295044,-1.596961498260498,-2.8641223907470703,0.00277183810248971,0.023135729134082794,-0.012150472961366177,0.9996546506881714
148,lowerarm_l,102.16146850585938,-25.552082061767578,28.466392517089844,-0.4137384295463562,-0.30160021781921387,0.8197898864746094,0.2565199136734009
148,lowerarm_r,46.15896987915039,-57.909847259521484,1.6991406679153442,0.0830916240811348,-0.3936214745044708,-0.9151284694671631,0.026416247710585594
148,neck,-18.35660171508789,-0.5210200548171997,-0.790560245513916,0.0052487486973404884,0.08305235952138901,-0.01365344412624836,0.9964378476142883
148,pelvis,8.318851470947266,-1.0114223957061768,-2.404099702835083,-0.0029704878106713295,-0.029192958027124405,-0.10058220475912094,0.9944960474967957
148,root,0.0,0.0,0.0,-2.1139658201718703e-07,-5.7790373375610216e-08,1.0658141036401503e-14,1.0
148,spine_01,-0.8359361290931702,1.5366846323013306,-2.5136590003967285,0.0034481952898204327,0.017599714919924736,-0.19024579226970673,0.981572687625885
148,spine_02,-10.548408508300781,9.400409698486328,-1.4341235160827637,0.02061430923640728,0.06606892496347427,-0.297107458114624,0.9523325562477112
148,thigh_l,22.35061264038086,-1.5977448225021362,-0.1154438853263855,-0.007181390188634396,-0.120864138007164,-0.02810373343527317,0.9922452569007874
148,thigh_r,20.53194236755371,1.6153630018234253,-1.4787359237670898,0.008113137446343899,-0.08313413709402084,0.030189769342541695,0.9960480332374573
148,upperarm_l,-61.9854621887207,-129.79714965820312,59.94980239868164,-0.08662024885416031,0.4067615270614624,0.7730143070220947,0.4790520966053009
148,upperarm_r,29.251476287841797,79.15635681152344,9.756491661071777,0.05712081119418144,0.1413930356502533,-0.9861066937446594,0.0658697709441185
149,calf_l,-1.5801576375961304,0.08944139629602432,0.08012712746858597,0.0014876729110255837,0.12853752076625824,-0.04212188348174095,0.9908086061477661
149,calf_r,-2.081876516342163,-0.07086131721735,0.12039006501436234,-0.00012294779298827052,0.15294261276721954,0.043728090822696686,0.987267255783081
149,clavicle_l,-21.179826736450195,19.707164764404297,1.4705570936203003,0.042807575315237045,0.11177698522806168,-0.3029678761959076,0.9454543590545654
149,clavicle_r,-23.6811580657959,16.152828216552734,1.4699771404266357,0.029384717345237732,0.11602199077606201,-0.2968786656856537,0.9473850727081299
149,foot_l,1.3956551551818848,-0.09409205615520477,-0.019588761031627655,-0.0006632478325627744,9.609578410163522e-05,-0.045679669827222824,0.998956024646759
149,foot_r,1.3866093158721924,0.09999128431081772,-0.016106082126498222,0.0005071506020613015,2.649328416737262e-05,0.04538065567612648,0.9989696741104126
149,hand_l,5.118744850158691,-137.89727783203125,97.01345825195312,-0.6202178001403809,0.27662551403045654,0.530807375907898,0.5070027112960815
149,hand_r,77.0857162475586,-123.8027114868164,62.90809631347656,-0.2255403697490692,0.6636673808097839,0.7111128568649292,0.054732754826545715
149,head,0.9656764268875122,-1.6130589246749878,-2.8392672538757324,0.0027742309030145407,0.02300742082297802,-0.01232992298901081,0.9996554255485535
149,lowerarm_l,101.9685287475586,-26.961261749267578,28.68638038635254,-0.4160892069339752,-0.2977527379989624,0.8197847604751587,0.2572280466556549
149,lowerarm_r,42.389244079589844,-58.27202224731445,1.1553480625152588,0.071125328540802,-0.3925358057022095,-0.9166168570518494,0.025893552228808403
149,neck,-18.392356872558594,-0.5301017165184021,-0.7707118988037109,0.00526231387630105,0.08292177319526672,-0.013831843622028828,0.9964461922645569
149,pelvis,8.288086891174316,-1.0196266174316406,-2.3807942867279053,-0.002994934329763055,-0.029189500957727432,-0.10140548646450043,0.994412362575531
149,root,0.0,0.0,0.0,-2.1139658201718703e-07,-5.7790373375610216e-08,1.0658141036401503e-14,1.0
149,spine_01,-0.8268471956253052,1.5421282052993774,-2.4916112422943115,0.0034601620864123106,0.017428811639547348,-0.19267141819000244,0.981102466583252
149,spine_02,-10.426494598388672,9.472689628601074,-1.4230966567993164,0.020798565819859505,0.06562437862157822,-0.3013792037963867,0.9510160088539124
149,thigh_l,22.260215759277344,-1.5905218124389648,-0.10269530862569809,-0.007166574709117413,-0.12060513347387314,-0.02812008000910282,0.9922763705253601
149,thigh_r,20.43081283569336,1.6081032752990723,-1.470884084701538,0.008106046356260777,-0.08259806036949158,0.030221527442336082,0.9960917234420776
149,upperarm_l,-63.192176818847656,-130.01547241210938,61.041786193847656,-0.08668798208236694,0.4109039902687073,0.769317626953125,0.4814494252204895
149,upperarm_r,27.326208114624023,77.55540466308594,8.957242965698242,0.04756234586238861,0.1367514431476593,-0.9877095818519592,0.058878492563962936
150,calf_l,-1.5623060464859009,0.08831488341093063,0.0768178403377533,0.0014655748382210732,0.12766578793525696,-0.042075589299201965,0.9909233450889587
150,calf_r,-2.068114995956421,-0.06959514319896698,0.11674202978610992,-9.216887701768428e-05,0.15226411819458008,0.04369273781776428,0.9873735904693604
150,clavicle_l,-20.981956481933594,19.85957908630371,1.4703987836837769,0.043161068111658096,0.11125300079584122,-0.3069052994251251,0.9442293643951416
150,clavicle_r,-23.512401580810547,16.326656341552734,1.4698065519332886,0.029755601659417152,0.11555389314889908,-0.3008301556110382,0.9461835622787476
150,foot_l,1.3957974910736084,-0.09402357786893845,-0.0197588037699461,-0.0006662000669166446,9.447733464185148e-05,-0.045683879405260086,0.9989558458328247
150,foot_r,1.386650800704956,0.09996793419122696,-0.016179904341697693,0.0005084658041596413,2.583696914371103e-05,0.045382093638181686,0.9989696741104126
150,hand_l,-0.017386674880981445,-137.55816650390625,97.3798599243164,-0.6124988198280334,0.2910497188568115,0.5246460437774658,0.5146666169166565
150,hand_r,68.96734619140625,-126.5462875366211,60.97210693359375,-0.19072377681732178,0.6740904450416565,0.7126964926719666,0.035919517278671265
150,head,0.9300268888473511,-1.626463770866394,-2.8149962425231934,0.00277683581225574,0.02288036420941353,-0.012495378963649273,0.9996562600135803
150,lowerarm_l,101.76629638671875,-28.30093002319336,28.900115966796875,-0.4182785153388977,-0.29404962062835693,0.8198351860046387,0.2577759325504303
150,lowerarm_r,38.016357421875,-58.71930694580078,0.6901167631149292,0.05742249637842178,-0.3916996717453003,-0.9179727435112,0.02449800632894039
150,neck,-18.427631378173828,-0.5369136333465576,-0.7514238357543945,0.005275525152683258,0.08279302716255188,-0.013997206464409828,0.9964545369148254
150,pelvis,8.25693130493164,-1.0270482301712036,-2.358269691467285,-0.003017060225829482,-0.0291872750967741,-0.10214816778898239,0.9943363666534424
150,root,0.0,0.0,0.0,-2.1139658201718703e-07,-5.7790373375610216e-08,1.0658141036401503e-14,1.0
150,spine_01,-0.8193085193634033,1.5459458827972412,-2.4703145027160645,0.0034682806581258774,0.017259763553738594,-0.19490888714790344,0.9806633591651917
150,spine_02,-10.311922073364258,9.534914016723633,-1.4125466346740723,0.02095944993197918,0.0651896521449089,-0.30533698201179504,0.9497791528701782
150,thigh_l,22.172794342041016,-1.5833115577697754,-0.09020238369703293,-0.007149284239858389,-0.12035764008760452,-0.028136061504483223,0.9923060536384583
150,thigh_r,20.334388732910156,1.6009016036987305,-1.462437391281128,0.008095944300293922,-0.08210472762584686,0.030251136049628258,0.9961315989494324
150,upperarm_l,-64.3488540649414,-130.2349853515625,62.12943649291992,-0.08674849569797516,0.41499167680740356,0.7657445669174194,0.4836237132549286
150,upperarm_r,25.163301467895508,75.88079071044922,8.160548210144043,0.03686988726258278,0.1318081021308899,-0.9893075823783875,0.05037664622068405
151,calf_l,-1.5449973344802856,0.08731155097484589,0.07395781576633453,0.0014463284751400352,0.12682439386844635,-0.04203035682439804,0.9910332560539246
151,calf_r,-2.0544915199279785,-0.06841909885406494,0.11333715915679932,-6.471799133578315e-05,0.1515960544347763,0.04365798458456993,0.9874778985977173
151,clavicle_l,-20.79745101928711,19.993274688720703,1.4695359468460083,0.04347258061170578,0.11074381321668625,-0.3105194866657257,0.9430925846099854
151,clavicle_r,-23.353836059570312,16.480913162231445,1.4689257144927979,0.030086081475019455,0.11509464681148529,-0.30445706844329834,0.9450682401657104
151,foot_l,1.3961169719696045,-0.09354862570762634,-0.019127124920487404,-0.0006501343450509012,9.840791608439758e-05,-0.045694563537836075,0.998955249786377
151,foot_r,1.3868670463562012,0.09965644776821136,-0.015750980004668236,0.0004967652494087815,2.7597117878030986e-05,0.04538920521736145,0.9989692568778992
151,hand_l,-4.950822830200195,-137.061279296875,97.7867202758789,-0.6048077344894409,0.3049044609069824,0.518574595451355,0.5218440294265747
151,hand_r,60.5672721862793,-128.90907287597656,59.293914794921875,-0.1545127034187317,0.6826494336128235,0.7140732407569885,0.014663946814835072
151,head,0.8952401876449585,-1.6373462677001953,-2.7916908264160156,0.0027788265142589808,0.02275468409061432,-0.012647631578147411,0.9996572136878967
151,lowerarm_l,101.5472412109375,-29.576932907104492,29.09673500061035,-0.42027783393859863,-0.29046615958213806,0.8199588656425476,0.2581925690174103
151,lowerarm_r,33.637001037597656,-59.13642120361328,0.357876718044281,0.043760012835264206,-0.3910124897956848,-0.9190508723258972,0.023233573883771896
151,neck,-18.46155548095703,-0.5417559146881104,-0.7330775260925293,0.005287283565849066,0.08266416192054749,-0.014148722402751446,0.9964630007743835
151,pelvis,8.225411415100098,-1.033536434173584,-2.33648419380188,-0.003036180976778269,-0.02918490581214428,-0.10280703753232956,0.9942684769630432
151,root,0.0,0.0,0.0,-2.1139658201718703e-07,-5.7790373375610216e-08,1.0658141036401503e-14,1.0
151,spine_01,-0.8130626678466797,1.548130989074707,-2.449744939804077,0.0034726085141301155,0.017092589288949966,-0.19695062935352325,0.9802582859992981
151,spine_02,-10.204500198364258,9.586592674255371,-1.4026761054992676,0.02109532244503498,0.06476341933012009,-0.30896875262260437,0.9486300945281982
151,thigh_l,22.088727951049805,-1.5763180255889893,-0.07791461050510406,-0.007131056394428015,-0.12012176960706711,-0.02815130166709423,0.9923344254493713
151,thigh_r,20.24286460876465,1.5939340591430664,-1.4533576965332031,0.008084244094789028,-0.08165409415960312,0.030278680846095085,0.9961680173873901
151,upperarm_l,-65.46094512939453,-130.45603942871094,63.215476989746094,-0.08677499741315842,0.419038325548172,0.762298047542572,0.4855705797672272
151,upperarm_r,22.877029418945312,74.30570220947266,7.4574737548828125,0.02601778507232666,0.1270761638879776,-0.9906550049781799,0.042160920798778534
152,calf_l,-1.5283328294754028,0.0865088403224945,0.07106626778841019,0.0014304673532024026,0.12601065635681152,-0.04198634997010231,0.9911389946937561
152,calf_r,-2.0411226749420166,-0.06752876192331314,0.11003003269433975,-4.253040606272407e-05,0.15093925595283508,0.04362309351563454,0.9875800609588623
152,clavicle_l,-20.626049041748047,20.10959815979004,1.468242883682251,0.04374707117676735,0.11024915426969528,-0.3137986361980438,0.942051887512207
152,clavicle_r,-23.208086013793945,16.613956451416016,1.467756986618042,0.03036864846944809,0.11465033143758774,-0.3077471852302551,0.9440470933914185
152,foot_l,1.3961758613586426,-0.09389396011829376,-0.020062508061528206,-0.0006780949188396335,9.50069006648846e-05,-0.045695267617702484,0.9989551901817322
152,foot_r,1.3869351148605347,0.09988877177238464,-0.01644628867506981,0.0005166666815057397,2.501655399100855e-05,0.045390501618385315,0.9989691972732544
152,hand_l,-9.275218963623047,-135.96751403808594,96.13135528564453,-0.6049518585205078,0.3077344298362732,0.49869129061698914,0.5391102433204651
152,hand_r,51.9352912902832,-130.8969268798828,57.94564437866211,0.11712523549795151,-0.6891029477119446,-0.7150819301605225,0.008755367249250412
152,head,0.8634567260742188,-1.6457806825637817,-2.768826484680176,0.002779889851808548,0.022625228390097618,-0.012786556035280228,0.9996584057807922
152,lowerarm_l,100.94142150878906,-31.182878494262695,28.814252853393555,-0.42086896300315857,-0.2849162817001343,0.8211572766304016,0.25960105657577515
152,lowerarm_r,29.28236961364746,-59.52734375,0.16049444675445557,0.03022354654967785,-0.390479177236557,-0.9198500514030457,0.02210257202386856
152,neck,-18.494834899902344,-0.5449106693267822,-0.7150650024414062,0.005296467803418636,0.08253868669271469,-0.014286979101598263,0.9964714050292969
152,pelvis,8.194051742553711,-1.039215087890625,-2.3156046867370605,-0.003052946412935853,-0.02918378822505474,-0.10337956249713898,0.9942091107368469
152,root,0.0,0.0,0.0,-2.1139658201718703e-07,-5.7790373375610216e-08,1.0658141036401503e-14,1.0
152,spine_01,-0.8076283931732178,1.548424482345581,-2.4299561977386475,0.003472074633464217,0.016925862058997154,-0.19879023730754852,0.9798897504806519
152,spine_02,-10.104429244995117,9.627960205078125,-1.3933539390563965,0.02120654284954071,0.06434665620326996,-0.3122638463973999,0.9475764632225037
152,thigh_l,22.00684928894043,-1.5693482160568237,-0.06635989993810654,-0.007110194768756628,-0.11988848447799683,-0.028166968375444412,0.9923622608184814
152,thigh_r,20.15581703186035,1.5869722366333008,-1.4439769983291626,0.0080689312890172,-0.08124246448278427,0.030304236337542534,0.9962009787559509
152,upperarm_l,-66.28922271728516,-130.66629028320312,64.1048583984375,-0.0869801864027977,0.42227795720100403,0.7597010135650635,0.4867958128452301
152,upperarm_r,20.496009826660156,72.82376098632812,6.846597671508789,0.015096345916390419,0.12252378463745117,-0.9917591214179993,0.03426188975572586
153,calf_l,-1.5123369693756104,0.08636012673377991,0.06881584227085114,0.0014212304959073663,0.12524135410785675,-0.04194449260830879,0.9912382960319519
153,calf_r,-2.028015613555908,-0.06716212630271912,0.10724347084760666,-2.719701296882704e-05,0.1503031998872757,0.04358796402812004,0.9876787066459656
153,clavicle_l,-20.46812629699707,20.207351684570312,1.4661872386932373,0.043980445712804794,0.10976797342300415,-0.31673043966293335,0.9411156177520752
153,clavicle_r,-23.073110580444336,16.72539710998535,1.4655879735946655,0.030604295432567596,0.1142129898071289,-0.3106905519962311,0.9431278705596924
153,foot_l,1.396741271018982,-0.09352678805589676,-0.020273299887776375,-0.0006907937349751592,0.00010396449215477332,-0.04571504145860672,0.9989542961120605
153,foot_r,1.387419581413269,0.09959077090024948,-0.01664680428802967,0.0005269668181426823,3.093841587542556e-05,0.04540595784783363,0.9989684820175171
153,hand_l,-13.813136100769043,-135.23284912109375,96.61402130126953,-0.5976449847221375,0.3207319974899292,0.4927102327346802,0.5451496839523315
153,hand_r,45.292816162109375,-132.34693908691406,57.38199996948242,0.09138751775026321,-0.6923915147781372,-0.7155297994613647,0.016107086092233658
153,head,0.8339360356330872,-1.6512893438339233,-2.746737003326416,0.002781334798783064,0.022494833916425705,-0.012910017743706703,0.9996597170829773
153,lowerarm_l,100.66221618652344,-32.36455535888672,28.9461612701416,-0.42241477966308594,-0.28145840764045715,0.8214715719223022,0.25986817479133606
153,lowerarm_r,25.538074493408203,-59.61030197143555,-0.026462972164154053,0.01855389028787613,-0.38919562101364136,-0.9207059741020203,0.021978294476866722
153,neck,-18.526399612426758,-0.5461646318435669,-0.6978154182434082,0.005303716752678156,0.08241386711597443,-0.014410179108381271,0.996479868888855
153,pelvis,8.163337707519531,-1.0438534021377563,-2.2957205772399902,-0.003066150937229395,-0.029184600338339806,-0.10386113077402115,0.9941588044166565
153,root,0.0,0.0,0.0,-2.1139658201718703e-07,-5.7790373375610216e-08,1.0658141036401503e-14,1.0
153,spine_01,-0.8026765584945679,1.546781301498413,-2.411055564880371,0.003466644324362278,0.01675933599472046,-0.20041798055171967,0.9795610308647156
153,spine_02,-10.011388778686523,9.658746719360352,-1.3846874237060547,0.021292462944984436,0.06393789499998093,-0.31520912051200867,0.9466265439987183
153,thigh_l,21.93012237548828,-1.5622018575668335,-0.05496735870838165,-0.007085070013999939,-0.11967307329177856,-0.028182361274957657,0.9923880100250244
153,thigh_r,20.074996948242188,1.5798935890197754,-1.4340059757232666,0.008048931136727333,-0.08087856322526932,0.03032747656106949,0.9962300658226013
153,upperarm_l,-67.33707427978516,-130.89405822753906,65.201416015625,-0.08684899657964706,0.426308810710907,0.7564939856529236,0.4882979989051819
153,upperarm_r,18.210819244384766,71.60852813720703,6.397593021392822,0.005207959096878767,0.11875390261411667,-0.9925071001052856,0.028284600004553795
154,calf_l,-1.496875524520874,0.0837974101305008,0.06524331122636795,0.0013969463761895895,0.12446410208940506,-0.041903503239154816,0.9913378953933716
154,calf_r,-2.015084981918335,-0.06481292843818665,0.10350123047828674,-3.604023106618115e-07,0.14964687824249268,0.04355267807841301,0.9877799153327942
154,clavicle_l,-20.328432083129883,20.281414031982422,1.4624115228652954,0.04415087774395943,0.10930880904197693,-0.3193020522594452,0.940291702747345
154,clavicle_r,-22.947101593017578,16.820819854736328,1.4618356227874756,0.030813006684184074,0.11378185451030731,-0.3132757842540741,0.9423176646232605
154,foot_l,1.3958454132080078,-0.09420756250619888,-0.02014712430536747,-0.0006672831368632615,7.421291957143694e-05,-0.04567860811948776,0.9989560842514038
154,foot_r,1.3865609169006348,0.1001674011349678,-0.01639360748231411,0.000507472432218492,1.0398358426755294e-05,0.045374397188425064,0.9989699125289917
154,hand_l,-18.152008056640625,-134.39881896972656,97.13607788085938,-0.5904350280761719,0.33325543999671936,0.48685795068740845,0.5507237315177917
154,hand_r,36.45792770385742,-133.6438751220703,56.679439544677734,0.05272222310304642,-0.695004940032959,-0.7157980799674988,0.04268115758895874
154,head,0.802306056022644,-1.6541789770126343,-2.7265071868896484,0.002781720133498311,0.022376520559191704,-0.013018747791647911,0.9996610283851624
154,lowerarm_l,100.34339141845703,-33.50265121459961,29.030290603637695,-0.4236900806427002,-0.2780378758907318,0.821908175945282,0.2600935101509094
154,lowerarm_r,21.330062866210938,-59.90583419799805,-0.004614889621734619,0.005544460378587246,-0.38874053955078125,-0.9210893511772156,0.0210832841694355
154,neck,-18.552959442138672,-0.5432594418525696,-0.6827950477600098,0.005315849557518959,0.08227931708097458,-0.01451896596699953,0.996489405632019
154,pelvis,8.131298065185547,-1.0480163097381592,-2.275949716567993,-0.0030799279920756817,-0.029176708310842514,-0.10424550622701645,0.9941188097000122
154,root,0.0,0.0,0.0,-2.1139658201718703e-07,-5.7790373375610216e-08,1.0658141036401503e-14,1.0
154,spine_01,-0.7983993887901306,1.5440090894699097,-2.392822504043579,0.0034597639460116625,0.016596132889389992,-0.20182780921459198,0.9792742729187012
154,spine_02,-9.924230575561523,9.677362442016602,-1.3776659965515137,0.021348681300878525,0.06353132426738739,-0.3177937865257263,0.9457880854606628
154,thigh_l,21.847414016723633,-1.5571285486221313,-0.045943260192871094,-0.007072879932820797,-0.11940791457891464,-0.028198322281241417,0.9924196600914001
154,thigh_r,19.992090225219727,1.574658751487732,-1.4244495630264282,0.008039905689656734,-0.08051487803459167,0.030348168686032295,0.9962589144706726
154,upperarm_l,-68.35443115234375,-131.12237548828125,66.30271911621094,-0.08660745620727539,0.4303288161754608,0.7534209489822388,0.4895642399787903
154,upperarm_r,15.743562698364258,70.29647827148438,5.958408355712891,-0.005541589111089706,0.11451070755720139,-0.9931828379631042,0.02108151651918888
155,calf_l,-1.482637643814087,0.08473146706819534,0.06393618136644363,0.0013995306799188256,0.12378842383623123,-0.04186508432030678,0.9914242029190063
155,calf_r,-2.002747058868408,-0.06545060127973557,0.10150451958179474,1.186460735880246e-06,0.14905805885791779,0.043519437313079834,0.9878703355789185
155,clavicle_l,-20.198328018188477,20.342269897460938,1.4588303565979004,0.04430246725678444,0.10885550081729889,-0.32150474190711975,0.939586341381073
155,clavicle_r,-22.837932586669922,16.887596130371094,1.4582500457763672,0.030947478488087654,0.11336898058652878,-0.3154849410057068,0.941625714302063
155,foot_l,1.3969733715057373,-0.09326031804084778,-0.02021905779838562,-0.0006833232473582029,9.702821989776567e-05,-0.04572095349431038,0.9989541172981262
155,foot_r,1.3875900506973267,0.09940683096647263,-0.01661914773285389,0.0005220186430960894,2.5933915821951814e-05,0.045410796999931335,0.9989683032035828
155,hand_l,-22.297042846679688,-133.4818878173828,97.69788360595703,-0.5833336710929871,0.34534788131713867,0.4811460077762604,0.5558374524116516
155,hand_r,29.82069206237793,-134.51368713378906,56.53396987915039,0.026548391208052635,-0.6957893967628479,-0.7158445715904236,0.05233488976955414
155,head,0.7800832390785217,-1.6541000604629517,-2.7058005332946777,0.0027824786957353354,0.022238558158278465,-0.013110954314470291,0.9996628761291504
155,lowerarm_l,99.97794342041016,-34.604148864746094,29.057418823242188,-0.4246712923049927,-0.274627149105072,0.8224808573722839,0.2603064179420471
155,lowerarm_r,17.78690528869629,-59.823272705078125,-0.052741169929504395,-0.005435287021100521,-0.3871857821941376,-0.9217439293861389,0.021114323288202286
155,neck,-18.580535888671875,-0.5408813953399658,-0.66680908203125,0.005318163428455591,0.08215692639350891,-0.014610202983021736,0.9964981079101562
155,pelvis,8.102707862854004,-1.0505696535110474,-2.2581517696380615,-0.003086208598688245,-0.02918141707777977,-0.10453547537326813,0.9940881729125977
155,root,0.0,0.0,0.0,-2.1139658201718703e-07,-5.7790373375610216e-08,1.0658141036401503e-14,1.0
155,spine_01,-0.7932199239730835,1.5383973121643066,-2.3757994174957275,0.003444500034675002,0.016427943482995033,-0.20301073789596558,0.9790326952934265
155,spine_02,-9.844924926757812,9.686016082763672,-1.3705253601074219,0.021380489692091942,0.0631365031003952,-0.32000377774238586,0.9450684189796448
155,thigh_l,21.779813766479492,-1.5497535467147827,-0.03554392606019974,-0.007039956282824278,-0.11921503394842148,-0.028213102370500565,0.9924426674842834
155,thigh_r,19.923450469970703,1.5675475597381592,-1.4137356281280518,0.00801131222397089,-0.08024140447378159,0.030367761850357056,0.9962805509567261
155,upperarm_l,-69.34385681152344,-131.35107421875,67.40921020507812,-0.0862363874912262,0.4343418478965759,0.7504865527153015,0.4905918836593628
155,upperarm_r,13.453444480895996,69.23297882080078,5.659440040588379,-0.01503491960465908,0.1110195741057396,-0.993579089641571,0.015787117183208466
156,calf_l,-1.469024419784546,0.08384346961975098,0.061753928661346436,0.0013913277070969343,0.12312238663434982,-0.0418289415538311,0.9915086030960083
156,calf_r,-1.9906399250030518,-0.06458940356969833,0.09887837618589401,1.0461052625032607e-05,0.1484609991312027,0.04348570853471756,0.9879617094993591
156,clavicle_l,-20.08614158630371,20.37887191772461,1.4533729553222656,0.044390030205249786,0.10842124372720718,-0.32332348823547363,0.9390081763267517
156,clavicle_r,-22.737468719482422,16.936439514160156,1.4527866840362549,0.031049752607941628,0.11295846104621887,-0.3173137903213501,0.941057026386261
156,foot_l,1.3969155550003052,-0.09339968860149384,-0.02034861594438553,-0.0006849018973298371,9.114353451877832e-05,-0.045717380940914154,0.998954176902771
156,foot_r,1.3875283002853394,0.0995045080780983,-0.016704238951206207,0.0005224593332968652,2.1623034626827575e-05,0.04540744051337242,0.9989684224128723
156,hand_l,-26.25078010559082,-132.49786376953125,98.29962921142578,-0.5763599276542664,0.3570408225059509,0.47558215260505676,0.5604932904243469
156,hand_r,21.108463287353516,-135.18675231933594,56.6028938293457,-0.011940478347241879,-0.694362223148346,-0.7150439620018005,0.08019161224365234
156,head,0.7570251822471619,-1.6511164903640747,-2.686798572540283,0.0027826714795082808,0.022110609337687492,-0.013187691569328308,0.9996647238731384
156,lowerarm_l,99.55672454833984,-35.67798614501953,29.017179489135742,-0.42532965540885925,-0.271190345287323,0.8232067823410034,0.2605400085449219
156,lowerarm_r,13.876019477844238,-59.99949645996094,0.1399897038936615,-0.017479421570897102,-0.38665449619293213,-0.9218321442604065,0.020452655851840973
156,neck,-18.602556228637695,-0.5345938801765442,-0.6529808044433594,0.005324187688529491,0.08202489465475082,-0.014686668291687965,0.9965078830718994
156,pelvis,8.073835372924805,-1.052499771118164,-2.240687608718872,-0.0030922316946089268,-0.029179606586694717,-0.10472176223993301,0.9940686821937561
156,root,0.0,0.0,0.0,-2.1139658201718703e-07,-5.7790373375610216e-08,1.0658141036401503e-14,1.0
156,spine_01,-0.7878594398498535,1.5313297510147095,-2.3595809936523438,0.003426594892516732,0.016261257231235504,-0.2039596140384674,0.9788382649421692
156,spine_02,-9.771249771118164,9.68234634399414,-1.365041732788086,0.02138199470937252,0.0627431645989418,-0.32183051109313965,0.9444741010665894
156,thigh_l,21.708816528320312,-1.5441083908081055,-0.027215782552957535,-0.007016791496425867,-0.11898326873779297,-0.028229111805558205,0.9924702048301697
156,thigh_r,19.854604721069336,1.5618207454681396,-1.4033399820327759,0.007989892736077309,-0.0799761563539505,0.030384927988052368,0.9963015913963318
156,upperarm_l,-70.3095703125,-131.57968139648438,68.52369689941406,-0.08571109175682068,0.43835869431495667,0.747691810131073,0.4913778603076935
156,upperarm_r,11.025391578674316,68.0552749633789,5.364725112915039,-0.02518690563738346,0.10697569698095322,-0.9938976168632507,0.009456387721002102
157,calf_l,-1.4563014507293701,0.08085894584655762,0.05839534476399422,0.0013708911137655377,0.12246492505073547,-0.041793569922447205,0.9915915131568909
157,calf_r,-1.978845477104187,-0.06195589154958725,0.09541283547878265,2.9404567612800747e-05,0.14785276353359222,0.04345141351222992,0.9880545139312744
157,clavicle_l,-19.991897583007812,20.390792846679688,1.445807695388794,0.04441266134381294,0.10800501704216003,-0.32474541664123535,0.9385642409324646
157,clavicle_r,-22.646137237548828,16.966276168823242,1.4452234506607056,0.031116576865315437,0.11255022138357162,-0.31874895095825195,0.940618634223938
157,foot_l,1.3954544067382812,-0.09475569427013397,-0.0206499844789505,-0.0006669451831839979,4.5684620999963954e-05,-0.045658696442842484,0.9989569187164307
157,foot_r,1.3862195014953613,0.1006089597940445,-0.01675044372677803,0.0005066402372904122,-1.0402710358903278e-05,0.045358482748270035,0.9989707469940186
157,hand_l,-29.559616088867188,-131.08245849609375,96.83246612548828,-0.5782014727592468,0.35852891206741333,0.45552462339401245,0.5741406679153442
157,hand_r,14.768234252929688,-135.55557250976562,56.92287826538086,-0.03718931972980499,-0.6927405595779419,-0.7145445346832275,0.0902973860502243
157,head,0.7338739633560181,-1.6452922821044922,-2.6697397232055664,0.00278193736448884,0.021991204470396042,-0.013248109258711338,0.9996665120124817
157,lowerarm_l,98.70458984375,-37.19308853149414,28.48118019104004,-0.4245644211769104,-0.2654613256454468,0.8250023126602173,0.2620047926902771
157,lowerarm_r,10.67187213897705,-59.71319580078125,0.16827210783958435,-0.027358226478099823,-0.38462215662002563,-0.9224386215209961,0.02059999853372574
157,neck,-18.619047164916992,-0.524561882019043,-0.6413817405700684,0.005333288107067347,0.08188413828611374,-0.014747042208909988,0.9965184926986694
157,pelvis,8.044554710388184,-1.0539189577102661,-2.223527431488037,-0.0030989081133157015,-0.029169470071792603,-0.10480018705129623,0.9940606355667114
157,root,0.0,0.0,0.0,-2.1139658201718703e-07,-5.7790373375610216e-08,1.0658141036401503e-14,1.0
157,spine_01,-0.7821172475814819,1.5229312181472778,-2.344071865081787,0.0034065248910337687,0.016096359118819237,-0.2046671211719513,0.978693425655365
157,spine_02,-9.703033447265625,9.665923118591309,-1.3613343238830566,0.02135183848440647,0.06235034018754959,-0.32325974106788635,0.9440125823020935
157,thigh_l,21.63321304321289,-1.5403274297714233,-0.02139715850353241,-0.007004441227763891,-0.11870342493057251,-0.028245778754353523,0.9925032258033752
157,thigh_r,19.784605026245117,1.5578129291534424,-1.3934961557388306,0.007977881468832493,-0.07971291244029999,0.030399858951568604,0.9963222742080688
157,upperarm_l,-71.03689575195312,-131.8096160888672,69.4673843383789,-0.0852901041507721,0.4416996240615845,0.7456459999084473,0.491567999124527
157,upperarm_r,8.849574089050293,67.10675811767578,5.1819233894348145,-0.03388025984168053,0.10366058349609375,-0.9940229654312134,0.004994953516870737
158,calf_l,-1.4450781345367432,0.08381562680006027,0.058973487466573715,0.0013941514771431684,0.1219654381275177,-0.041763126850128174,0.9916543364524841
158,calf_r,-1.967955231666565,-0.06443734467029572,0.09501292556524277,7.033250767563004e-06,0.14735858142375946,0.043420806527137756,0.9881296753883362
158,clavicle_l,-19.90397071838379,20.393136978149414,1.4390676021575928,0.0444323904812336,0.1075875461101532,-0.325766384601593,0.9382573962211609
158,clavicle_r,-22.575363159179688,16.961091995239258,1.4384403228759766,0.031085986644029617,0.11216456443071365,-0.3197714388370514,0.9403185844421387
158,foot_l,1.3976573944091797,-0.0928926020860672,-0.020610108971595764,-0.0006993708084337413,0.00010102598025696352,-0.045743055641651154,0.998953104019165
158,foot_r,1.3882285356521606,0.09905174374580383,-0.016967933624982834,0.000535238184966147,2.8678568924078718e-05,0.045430537313222885,0.9989673495292664
158,hand_l,-33.15569305419922,-130.0220489501953,97.50846099853516,-0.5717296004295349,0.36967387795448303,0.45020750164985657,0.5777367949485779
158,hand_r,6.500665664672852,-135.7062225341797,57.7523307800293,-0.07411471009254456,-0.6876660585403442,-0.7125843167304993,0.11766966432332993
158,head,0.7253758907318115,-1.6364730596542358,-2.6513218879699707,0.0027811587788164616,0.021839367225766182,-0.013290522620081902,0.9996693134307861
158,lowerarm_l,98.14242553710938,-38.249725341796875,28.283838272094727,-0.42451211810112,-0.26183781027793884,0.8260666131973267,0.2623822093009949
158,lowerarm_r,7.197230339050293,-59.72595977783203,0.44980570673942566,-0.03801809996366501,-0.3837653696537018,-0.9224280118942261,0.020133432000875473
158,neck,-18.637680053710938,-0.5162380933761597,-0.627589225769043,0.005328220780938864,0.08176231384277344,-0.014788688160479069,0.996527910232544
158,pelvis,8.021895408630371,-1.0528329610824585,-2.2092998027801514,-0.0030923972371965647,-0.029182640835642815,-0.10477681457996368,0.9940627813339233
158,root,0.0,0.0,0.0,-2.1139658201718703e-07,-5.7790373375610216e-08,1.0658141036401503e-14,1.0
158,spine_01,-0.7736876606941223,1.5107264518737793,-2.330303192138672,0.003374650841578841,0.01592095009982586,-0.20512449741363525,0.9786006212234497
158,spine_02,-9.642641067504883,9.639601707458496,-1.3570070266723633,0.02129695564508438,0.061970099806785583,-0.3242792785167694,0.9436891078948975
158,thigh_l,21.58262062072754,-1.5325616598129272,-0.012707943096756935,-0.0069582341238856316,-0.11854757368564606,-0.02826043777167797,0.9925217628479004
158,thigh_r,19.736684799194336,1.5503867864608765,-1.3819137811660767,0.007933421060442924,-0.07957980781793594,0.030412983149290085,0.9963328838348389
158,upperarm_l,-71.96916961669922,-132.0401611328125,70.60718536376953,-0.08439880609512329,0.44576650857925415,0.7431185245513916,0.4918780028820038
158,upperarm_r,6.582306385040283,66.01893615722656,4.9891276359558105,0.04301952198147774,-0.09970424324274063,0.9940866827964783,0.00031191480229608715
159,calf_l,-1.4347219467163086,0.0840182974934578,0.0579887293279171,0.0014004233526065946,0.12146758288145065,-0.04173418879508972,0.9917166829109192
159,calf_r,-1.9574105739593506,-0.06461109220981598,0.09348311275243759,-1.6707044778740965e-06,0.14684657752513885,0.04338986426591873,0.9882071614265442
159,clavicle_l,-19.836009979248047,20.36789894104004,1.4297035932540894,0.044376157224178314,0.10719060897827148,-0.3263643980026245,0.9380977153778076
159,clavicle_r,-22.512813568115234,16.93808364868164,1.4291303157806396,0.031025536358356476,0.11177919059991837,-0.32037535309791565,0.9401609301567078
159,foot_l,1.398024559020996,-0.09260179847478867,-0.0206962488591671,-0.0007062352960929275,0.00010827557707671076,-0.045756746083498,0.9989523887634277
159,foot_r,1.3885952234268188,0.09878389537334442,-0.017057063058018684,0.0005412206519395113,3.372036371729337e-05,0.045443177223205566,0.9989668130874634
159,hand_l,-36.573768615722656,-128.9275665283203,98.22540283203125,-0.5654197931289673,0.3805038332939148,0.4450567364692688,0.580897331237793
159,hand_r,0.6944622993469238,-135.67640686035156,58.48069763183594,-0.09736061841249466,-0.6842072606086731,-0.7115604877471924,0.12673991918563843
159,head,0.7155939936637878,-1.624528169631958,-2.6351571083068848,0.0027798127848654985,0.021700823679566383,-0.013314628042280674,0.9996719360351562
159,lowerarm_l,97.50874328613281,-39.27487564086914,27.99893569946289,-0.4240534007549286,-0.2581750154495239,0.8273153305053711,0.2628192603588104
159,lowerarm_r,4.4464430809021,-59.2091064453125,0.4807785153388977,-0.046441346406936646,-0.38109955191612244,-0.9231430888175964,0.020328039303421974
159,neck,-18.648677825927734,-0.5035042762756348,-0.6167411804199219,0.005327990744262934,0.0816262885928154,-0.014812481589615345,0.9965386986732483
159,pelvis,7.998870372772217,-1.0513654947280884,-2.195185422897339,-0.0030876537784934044,-0.029184896498918533,-0.10463754087686539,0.9940773248672485
159,root,0.0,0.0,0.0,-2.1139658201718703e-07,-5.7790373375610216e-08,1.0658141036401503e-14,1.0
159,spine_01,-0.7642257809638977,1.497302532196045,-2.317303419113159,0.0033413171768188477,0.015747107565402985,-0.2053241729736328,0.9785616397857666
159,spine_02,-9.586804389953613,9.599733352661133,-1.3548851013183594,0.021208520978689194,0.06158710643649101,-0.32487666606903076,0.9435107707977295
159,thigh_l,21.525035858154297,-1.5272090435028076,-0.007131719030439854,-0.006926880683749914,-0.11832533031702042,-0.028276538476347923,0.9925480484962463
159,thigh_r,19.68572425842285,1.54506254196167,-1.3711645603179932,0.007901507429778576,-0.07943570613861084,0.03042444959282875,0.996344268321991
159,upperarm_l,-72.86402893066406,-132.27125549316406,71.74424743652344,-0.08332370966672897,0.44979584217071533,0.7407943606376648,0.4918989837169647
159,upperarm_r,4.627911567687988,65.1627197265625,4.883602142333984,0.05055044963955879,-0.09653367847204208,0.9940378069877625,0.003838232485577464
160,calf_l,-1.4253727197647095,0.08074097335338593,0.05510612577199936,0.0013850789982825518,0.12097134441137314,-0.0417083278298378,0.9917784333229065
160,calf_r,-1.9472886323928833,-0.06186304986476898,0.09056036174297333,6.9473148869292345e-06,0.1463162750005722,0.0433582179248333,0.9882872104644775
160,clavicle_l,-19.791664123535156,20.311134338378906,1.4171340465545654,0.04423410817980766,0.10681621730327606,-0.3264620304107666,0.9381130933761597
160,clavicle_r,-22.460237503051758,16.89320945739746,1.4165544509887695,0.030927380546927452,0.1113911122083664,-0.3204847276210785,0.9401730298995972
160,foot_l,1.3962265253067017,-0.09409387409687042,-0.020597469061613083,-0.0006712864269502461,5.626809797831811e-05,-0.04568573832511902,0.9989556670188904
160,foot_r,1.3870062828063965,0.10000088065862656,-0.01684044860303402,0.0005131979123689234,-2.5193635337927844e-06,0.04538441821932793,0.9989694952964783
160,hand_l,-39.82927703857422,-127.66505432128906,99.00115203857422,-0.5594359636306763,0.39087527990341187,0.43981823325157166,0.5837874412536621
160,hand_r,-6.7976975440979,-135.279052734375,59.97056198120117,-0.13105328381061554,-0.6765241622924805,-0.7086792588233948,0.1513732224702835
160,head,0.7045373320579529,-1.6088658571243286,-2.621603012084961,0.0027779792435467243,0.02157464623451233,-0.013318950310349464,0.9996746778488159
160,lowerarm_l,97.0356674194336,-39.49257278442383,27.720800399780273,-0.42287930846214294,-0.25686579942703247,0.8285319805145264,0.26215997338294983
160,lowerarm_r,1.4725133180618286,-59.50847244262695,0.9862922430038452,-0.055515799671411514,-0.38205093145370483,-0.9222550392150879,0.020018678158521652
160,neck,-18.652334213256836,-0.4855908453464508,-0.609123706817627,0.005333318840712309,0.08147615939378738,-0.014817017130553722,0.9965509176254272
160,pelvis,7.974522590637207,-1.0492725372314453,-2.1815717220306396,-0.003084000200033188,-0.029174096882343292,-0.10436265170574188,0.9941064715385437
160,root,0.0,0.0,0.0,-2.1139658201718703e-07,-5.7790373375610216e-08,1.0658141036401503e-14,1.0
160,spine_01,-0.7542411088943481,1.4821962118148804,-2.305501699447632,0.0033051392529159784,0.015574025921523571,-0.2052198052406311,0.9785864353179932
160,spine_02,-9.537178993225098,9.54410171508789,-1.355421543121338,0.02108073979616165,0.061200905591249466,-0.32497403025627136,0.9435052275657654
160,thigh_l,21.460412979125977,-1.525002121925354,-0.004983111284673214,-0.006914886180311441,-0.11803726106882095,-0.028294170275330544,0.9925820231437683
160,thigh_r,19.632789611816406,1.5424467325210571,-1.36130690574646,0.007885797880589962,-0.07929321378469467,0.030432086437940598,0.9963555335998535
160,upperarm_l,-73.29092407226562,-132.53115844726562,72.53038024902344,-0.082434743642807,0.4524904191493988,0.7400578260421753,0.4906846880912781
160,upperarm_r,2.632474899291992,64.77103424072266,4.969233512878418,0.05842282995581627,-0.09484794735908508,0.9937410354614258,0.008343594148755074
161,calf_l,-1.4179483652114868,0.08224491029977798,0.05537033826112747,0.001406929804943502,0.1206296756863594,-0.041686467826366425,0.9918209314346313
161,calf_r,-1.9382877349853516,-0.06325144320726395,0.09015419334173203,-2.0331526684458368e-05,0.14589378237724304,0.043330367654561996,0.9883508682250977
161,clavicle_l,-19.762178421020508,20.2349910736084,1.4038522243499756,0.044060464948415756,0.10644692927598953,-0.32601621747016907,0.9383182525634766
161,clavicle_r,-22.431306838989258,16.80937385559082,1.4032419919967651,0.03072858601808548,0.11102297902107239,-0.32004082202911377,0.9403741359710693
161,foot_l,1.397217035293579,-0.09328760206699371,-0.020690249279141426,-0.0006884097820147872,7.892672147136182e-05,-0.04572309926152229,0.9989539384841919
161,foot_r,1.387962818145752,0.09929409623146057,-0.01703471876680851,0.0005285506485961378,1.3620304343930911e-05,0.04541764408349991,0.9989679455757141
161,hand_l,-42.409366607666016,-126.08580780029297,97.70478820800781,-0.5628998279571533,0.39145779609680176,0.41967520117759705,0.5947918891906738
161,hand_r,-11.780121803283691,-134.82089233398438,60.97730255126953,-0.15062548220157623,-0.6724190711975098,-0.7074465751647949,0.15711119771003723
161,head,0.7044687867164612,-1.5894449949264526,-2.608335018157959,0.002775684930384159,0.021424466744065285,-0.013298888690769672,0.9996781945228577
161,lowerarm_l,96.14112854003906,-40.104759216308594,26.965089797973633,-0.42025259137153625,-0.2534429430961609,0.8307731747627258,0.2626221179962158
161,lowerarm_r,-0.8031517267227173,-59.230224609375,1.1694401502609253,-0.062388185411691666,-0.38100168108940125,-0.922245442867279,0.020218685269355774
161,neck,-18.6563663482666,-0.4676651358604431,-0.6012082099914551,0.005327614955604076,0.08133676648139954,-0.014797032810747623,0.9965627193450928
161,pelvis,7.954586982727051,-1.0449110269546509,-2.171039581298828,-0.0030698918271809816,-0.02918097749352455,-0.10395152121782303,0.9941495656967163
161,root,0.0,0.0,0.0,-2.1139658201718703e-07,-5.7790373375610216e-08,1.0658141036401503e-14,1.0
161,spine_01,-0.7429890632629395,1.4635058641433716,-2.2958874702453613,0.003258857876062393,0.01539233885705471,-0.2047807276248932,0.9786814451217651
161,spine_02,-9.497746467590332,9.474469184875488,-1.3567566871643066,0.020918048918247223,0.06082408130168915,-0.3245197534561157,0.9436895847320557
161,thigh_l,21.41965103149414,-1.5198974609375,-0.0006574438884854317,-0.0068753184750676155,-0.11786846816539764,-0.028308600187301636,0.9926018714904785
161,thigh_r,19.602760314941406,1.5375100374221802,-1.349785327911377,0.00784373190253973,-0.0792974978685379,0.030435940250754356,0.996355414390564
161,upperarm_l,-73.46484375,-132.8172607421875,73.13717651367188,-0.08162419497966766,0.4545101225376129,0.7401528358459473,0.4888066351413727
161,upperarm_r,0.9972996711730957,64.64462280273438,5.1194891929626465,0.06460608541965485,-0.09408436715602875,0.993401825428009,0.011278698220849037
162,calf_l,-1.4117618799209595,0.08296659588813782,0.05538526549935341,0.0014266374055296183,0.12033741921186447,-0.04166759178042412,0.9918572902679443
162,calf_r,-1.9299827814102173,-0.06402945518493652,0.08967013657093048,-4.765366975334473e-05,0.14549438655376434,0.043303847312927246,0.9884109497070312
162,clavicle_l,-19.753719329833984,20.131608963012695,1.3879926204681396,0.043819721788167953,0.10609444975852966,-0.32505470514297485,0.9387030005455017
162,clavicle_r,-22.41738510131836,16.698461532592773,1.387460470199585,0.0304724108427763,0.11066067963838577,-0.3190820813179016,0.9407508969306946
162,foot_l,1.3975468873977661,-0.09322021901607513,-0.021118247881531715,-0.0007071849540807307,8.657158468849957e-05,-0.04573507606983185,0.9989534616470337
162,foot_r,1.388327956199646,0.09915907680988312,-0.017405211925506592,0.0005443363916128874,1.924383468576707e-05,0.04543113335967064,0.9989673495292664
162,hand_l,-45.32075119018555,-124.8209228515625,98.5522232055664,-0.5576169490814209,0.4012755751609802,0.4147816598415375,0.5966551899909973
162,hand_r,-18.353233337402344,-134.13169860839844,62.866817474365234,-0.18052434921264648,-0.6633425354957581,-0.70393306016922,0.1785101443529129
162,head,0.7066681981086731,-1.5663994550704956,-2.5969505310058594,0.0027731088921427727,0.02127450332045555,-0.013256718404591084,0.9996819496154785
162,lowerarm_l,95.54762268066406,-40.0838737487793,26.49954605102539,-0.41808322072029114,-0.25262463092803955,0.8323785066604614,0.261788547039032
162,lowerarm_r,-3.2268788814544678,-59.37264633178711,1.6255580186843872,-0.06966683268547058,-0.38162627816200256,-0.9214721322059631,0.019926998764276505
162,neck,-18.656381607055664,-0.44665300846099854,-0.5954742431640625,0.005321393720805645,0.0811920091509819,-0.014754503034055233,0.9965750575065613
162,pelvis,7.934622287750244,-1.03928804397583,-2.161914110183716,-0.0030525100883096457,-0.029184825718402863,-0.10340500622987747,0.9942064881324768
162,root,0.0,0.0,0.0,-2.1139658201718703e-07,-5.7790373375610216e-08,1.0658141036401503e-14,1.0
162,spine_01,-0.73162841796875,1.4426628351211548,-2.2878408432006836,0.00320776947773993,0.01520890835672617,-0.20402784645557404,0.9788417220115662
162,spine_02,-9.466309547424316,9.390294075012207,-1.3600945472717285,0.020719271153211594,0.06044923514127731,-0.32354798913002014,0.9440515637397766
162,thigh_l,21.382415771484375,-1.5159257650375366,0.0022870954126119614,-0.00683946069329977,-0.11770085245370865,-0.028322089463472366,0.992621660232544
162,thigh_r,19.579586029052734,1.533653736114502,-1.3381493091583252,0.007803999353200197,-0.0793583020567894,0.030436310917139053,0.9963508248329163
162,upperarm_l,-73.78369903564453,-133.1183319091797,73.907958984375,-0.0802377238869667,0.45712870359420776,0.7400639057159424,0.48672446608543396
162,upperarm_r,-0.6445214152336121,64.40721893310547,5.239333152770996,0.07091087102890015,-0.09278406947851181,0.9930460453033447,0.01491006463766098
163,calf_l,-1.406746506690979,0.08335106819868088,0.05532526224851608,0.001446529757231474,0.12009473145008087,-0.041651688516139984,0.9918872714042664
163,calf_r,-1.922244906425476,-0.06453010439872742,0.08919599652290344,-7.743350579403341e-05,0.14511682093143463,0.043276671320199966,0.9884676337242126
163,clavicle_l,-19.765213012695312,20.003738403320312,1.3703668117523193,0.0435190424323082,0.10576064139604568,-0.32361090183258057,0.9392533302307129
163,clavicle_r,-22.418153762817383,16.56252098083496,1.369827389717102,0.030162667855620384,0.11030702292919159,-0.3176414370536804,0.9412898421287537
163,foot_l,1.3977752923965454,-0.09291157871484756,-0.020932553336024284,-0.0006996011361479759,8.665365021442994e-05,-0.04574252665042877,0.9989530444145203
163,foot_r,1.3885693550109863,0.09890054166316986,-0.017307305708527565,0.0005401542293839157,1.9445211364654824e-05,0.045438047498464584,0.9989670515060425
163,hand_l,-48.03449630737305,-123.57599639892578,99.4344482421875,-0.5527082681655884,0.410678505897522,0.41008511185646057,0.5980695486068726
163,hand_r,-22.451860427856445,-133.52032470703125,63.959354400634766,-0.19631433486938477,-0.659579336643219,-0.702582061290741,0.18109160661697388
163,head,0.7107280492782593,-1.5403765439987183,-2.587246894836426,0.0027694019954651594,0.021125348284840584,-0.013194565661251545,0.9996859431266785
163,lowerarm_l,94.89094543457031,-39.94877243041992,25.941335678100586,-0.4154243469238281,-0.2520390450954437,0.834166407585144,0.2608938217163086
163,lowerarm_r,-4.982215881347656,-58.89624786376953,1.701401948928833,-0.0748155266046524,-0.3800482153892517,-0.9217195510864258,0.019979750737547874
163,neck,-18.6529541015625,-0.42253509163856506,-0.5915045738220215,0.005315663293004036,0.08104322105646133,-0.014692847616970539,0.9965881109237671
163,pelvis,7.914856910705566,-1.0325878858566284,-2.1541178226470947,-0.003032547188922763,-0.029187262058258057,-0.1027323305606842,0.9942761659622192
163,root,0.0,0.0,0.0,-2.1139658201718703e-07,-5.7790373375610216e-08,1.0658141036401503e-14,1.0
163,spine_01,-0.7201846837997437,1.4197865724563599,-2.2812485694885254,0.0031519029289484024,0.01502381730824709,-0.20298084616661072,0.9790623188018799
163,spine_02,-9.442390441894531,9.2927827835083,-1.3652563095092773,0.020487191155552864,0.06007708981633186,-0.32209235429763794,0.9445779919624329
163,thigh_l,21.349172592163086,-1.5127756595611572,0.004133977927267551,-0.006805532146245241,-0.1175384372472763,-0.028335563838481903,0.9926406741142273
163,thigh_r,19.56311798095703,1.5305169820785522,-1.3263355493545532,0.007764399517327547,-0.07947379350662231,0.030432306230068207,0.9963421821594238
163,upperarm_l,-74.04755401611328,-133.436279296875,74.6651382446289,-0.07860840111970901,0.4596852958202362,0.7402936816215515,0.48422670364379883
163,upperarm_r,-1.9082903861999512,64.42101287841797,5.399511814117432,0.07552153617143631,-0.09239788353443146,0.9927063584327698,0.01712280884385109
164,calf_l,-1.402878761291504,0.08399078249931335,0.055700771510601044,0.0014711922267451882,0.11991117894649506,-0.0416385680437088,0.9919099807739258
164,calf_r,-1.9150313138961792,-0.06536632776260376,0.08914791792631149,-0.0001136408100137487,0.14477165043354034,0.043252311646938324,0.9885193109512329
164,clavicle_l,-19.793188095092773,19.854543685913086,1.3512324094772339,0.043169885873794556,0.10543996840715408,-0.32171696424484253,0.9399558305740356
164,clavicle_r,-22.43265724182129,16.401363372802734,1.350593090057373,0.02979717031121254,0.10996043682098389,-0.31574931740760803,0.9419783353805542
164,foot_l,1.3979580402374268,-0.0927683636546135,-0.020936258137226105,-0.0007027506362646818,8.960720879258588e-05,-0.04574896767735481,0.9989527463912964
164,foot_r,1.3888922929763794,0.09870798885822296,-0.017368383705615997,0.0005447932635433972,2.178711656597443e-05,0.04544813558459282,0.9989665746688843
164,hand_l,-50.53901672363281,-122.37226867675781,100.3495101928711,-0.5482603311538696,0.41962289810180664,0.40558475255966187,0.5990228056907654
164,hand_r,-28.030628204345703,-132.7006378173828,66.0723648071289,-0.22216717898845673,-0.650299072265625,-0.6986139416694641,0.1992272585630417
164,head,0.7179551124572754,-1.511328935623169,-2.578580379486084,0.00276578008197248,0.02097276598215103,-0.013113121502101421,0.9996902346611023
164,lowerarm_l,94.16795349121094,-39.7073974609375,25.292984008789062,-0.41228625178337097,-0.25166377425193787,0.8361278176307678,0.2599532902240753
164,lowerarm_r,-6.849104881286621,-58.89268493652344,2.0570530891418457,-0.08026683330535889,-0.38032156229019165,-0.921156644821167,0.019579757004976273
164,neck,-18.647262573242188,-0.3968117833137512,-0.5887269973754883,0.0053068287670612335,0.08089356869459152,-0.014610798098146915,0.9966015219688416
164,pelvis,7.8956828117370605,-1.0246658325195312,-2.1477103233337402,-0.0030087868217378855,-0.029190532863140106,-0.1019420474767685,0.9943574070930481
164,root,0.0,0.0,0.0,-2.1139658201718703e-07,-5.7790373375610216e-08,1.0658141036401503e-14,1.0
164,spine_01,-0.7086329460144043,1.3951154947280884,-2.2759854793548584,0.0030919716227799654,0.014836879447102547,-0.20165948569774628,0.9793384671211243
164,spine_02,-9.42561149597168,9.183732986450195,-1.3716459274291992,0.020226990804076195,0.059709567576646805,-0.32018327713012695,0.945255696773529
164,thigh_l,21.322389602661133,-1.509939432144165,0.0054972246289253235,-0.00676968926563859,-0.11739760637283325,-0.028347555547952652,0.9926572442054749
164,thigh_r,19.5552921295166,1.52776300907135,-1.313999891281128,0.007722098380327225,-0.07965413480997086,0.030425945296883583,0.9963282942771912
164,upperarm_l,-74.25816345214844,-133.76963806152344,75.40737915039062,-0.07674174755811691,0.4621742367744446,0.7408289313316345,0.48132967948913574
164,upperarm_r,-3.1582190990448,64.30520629882812,5.513040542602539,0.08017010241746902,-0.09143195301294327,0.9923779368400574,0.019976023584604263
165,calf_l,-1.4000226259231567,0.08469118922948837,0.05624804273247719,0.0014986301539465785,0.11977532505989075,-0.04162760451436043,0.9919267892837524
165,calf_r,-1.9083648920059204,-0.06622134149074554,0.08923455327749252,-0.00015371730842161924,0.14444871246814728,0.04322734475135803,0.9885676503181458
165,clavicle_l,-19.837133407592773,19.685163497924805,1.3307039737701416,0.04277355968952179,0.10513439029455185,-0.3194056451320648,0.9407960772514343
165,clavicle_r,-22.46023941040039,16.218387603759766,1.3301293849945068,0.029384393244981766,0.10962440073490143,-0.31343886256217957,0.9428017735481262
165,foot_l,1.3981279134750366,-0.09267851710319519,-0.021029694005846977,-0.0007073094602674246,9.20610546017997e-05,-0.04575479030609131,0.9989525675773621
165,foot_r,1.3890984058380127,0.09857441484928131,-0.017527326941490173,0.0005495594232343137,2.4173765268642455e-05,0.04545542970299721,0.9989662766456604
165,hand_l,-52.280487060546875,-121.0341796875,99.17959594726562,-0.554060161113739,0.418777197599411,0.38589370250701904,0.6072307229042053
165,hand_r,-31.237089157104492,-132.08729553222656,67.15734100341797,-0.23424400389194489,-0.6477140784263611,-0.697126567363739,0.19902463257312775
165,head,0.7272161245346069,-1.4798375368118286,-2.5712966918945312,0.0027614617720246315,0.020819326862692833,-0.013013718649744987,0.9996947646141052
165,lowerarm_l,93.02388763427734,-39.97075271606445,24.217315673828125,-0.40791288018226624,-0.24889574944972992,0.8390089869499207,0.2602343261241913
165,lowerarm_r,-8.089370727539062,-58.247100830078125,1.9989877939224243,-0.08370067179203033,-0.37827038764953613,-0.921699583530426,0.01938159577548504
165,neck,-18.6393985748291,-0.3690652549266815,-0.5872964859008789,0.005296977702528238,0.08074262738227844,-0.014512023888528347,0.9966152906417847
165,pelvis,7.876875877380371,-1.0156999826431274,-2.1424472332000732,-0.002982046455144882,-0.02919403649866581,-0.10104317963123322,0.9944491386413574
165,root,0.0,0.0,0.0,-2.1139658201718703e-07,-5.7790373375610216e-08,1.0658141036401503e-14,1.0
165,spine_01,-0.6971627473831177,1.3688067197799683,-2.2719383239746094,0.0030280915088951588,0.014649002812802792,-0.2000834196805954,0.97966468334198
165,spine_02,-9.415329933166504,9.064045906066895,-1.3793349266052246,0.01994069665670395,0.05934661254286766,-0.31785470247268677,0.9460701942443848
165,thigh_l,21.300182342529297,-1.5074410438537598,0.006200163625180721,-0.006732845213264227,-0.11726841330528259,-0.028359217569231987,0.9926724433898926
165,thigh_r,19.554000854492188,1.52537202835083,-1.301376223564148,0.007677953690290451,-0.07988650351762772,0.030415870249271393,0.9963102340698242
165,upperarm_l,-74.26004791259766,-134.11709594726562,75.98200225830078,-0.07501146197319031,0.4640471935272217,0.7419795989990234,0.4780164659023285
165,upperarm_r,-4.027697563171387,64.42207336425781,5.6474504470825195,0.08316536247730255,-0.0913434773683548,0.9921062588691711,0.02156689763069153
166,calf_l,-1.3978703022003174,0.08404248207807541,0.056119032204151154,0.0015187865355983377,0.1196553185582161,-0.04161825403571129,0.9919417500495911
166,calf_r,-1.901951789855957,-0.06596580147743225,0.08886123448610306,-0.00018886195903178304,0.14412248134613037,0.043202754110097885,0.9886163473129272
166,clavicle_l,-19.89728546142578,19.49410057067871,1.3084733486175537,0.04232240840792656,0.10484496504068375,-0.31670644879341125,0.941760778427124
166,clavicle_r,-22.49570655822754,16.01737403869629,1.3077188730239868,0.028938697651028633,0.10928773880004883,-0.31074464321136475,0.943746030330658
166,foot_l,1.3974491357803345,-0.09321670234203339,-0.020913636311888695,-0.0006909541552886367,7.090152212185785e-05,-0.045727282762527466,0.9989538192749023
166,foot_r,1.3885607719421387,0.09897709637880325,-0.017383771017193794,0.0005376351764425635,8.98870530363638e-06,0.045434724539518356,0.998967170715332
166,hand_l,-54.34559631347656,-119.99894714355469,100.14313507080078,-0.5509864687919617,0.4267160892486572,0.3817453980445862,0.6071226596832275
166,hand_r,-35.85407257080078,-131.2873077392578,69.39374542236328,-0.25635918974876404,-0.6390663385391235,-0.6927040219306946,0.21455848217010498
166,head,0.7349826097488403,-1.4459134340286255,-2.565598487854004,0.0027571648824959993,0.02067459560930729,-0.012898802757263184,0.9996992945671082
166,lowerarm_l,92.15483856201172,-39.56483459472656,23.401094436645508,-0.40386953949928284,-0.2487982213497162,0.8412940502166748,0.25925514101982117
166,lowerarm_r,-9.418988227844238,-58.1275520324707,2.231717824935913,-0.0873773917555809,-0.37825262546539307,-0.9213783740997314,0.01876310259103775
166,neck,-18.627933502197266,-0.33847111463546753,-0.5877971649169922,0.0052896528504788876,0.08058467507362366,-0.01439724676311016,0.9966297745704651
166,pelvis,7.857176780700684,-1.0059995651245117,-2.1377384662628174,-0.002954357536509633,-0.029192199930548668,-0.100040964782238,0.9945507049560547
166,root,0.0,0.0,0.0,-2.1139658201718703e-07,-5.7790373375610216e-08,1.0658141036401503e-14,1.0
166,spine_01,-0.6862140893936157,1.3415889739990234,-2.268695831298828,0.0029629117343574762,0.01446282584220171,-0.19827331602573395,0.9800356030464172
166,spine_02,-9.410430908203125,8.934244155883789,-1.3884782791137695,0.019629819318652153,0.058986060321331024,-0.3151378929615021,0.9470076560974121
166,thigh_l,21.276878356933594,-1.506351351737976,0.005416804924607277,-0.006703405641019344,-0.11711905151605606,-0.028371132910251617,0.9926899671554565
166,thigh_r,19.554471969604492,1.5242267847061157,-1.2887483835220337,0.007639523595571518,-0.08014337718486786,0.030403204262256622,0.996290385723114
166,upperarm_l,-74.38175964355469,-134.4768829345703,76.700927734375,-0.07268374413251877,0.4664265215396881,0.7430418133735657,0.4743967354297638
166,upperarm_r,-4.871942043304443,64.39291381835938,5.72291898727417,0.08615190535783768,-0.09063640981912613,0.9918659329414368,0.023766903206706047
167,calf_l,-1.3967338800430298,0.08559762686491013,0.05744614079594612,0.0015561868203803897,0.11961289495229721,-0.04161180555820465,0.9919469952583313
167,calf_r,-1.896039366722107,-0.06769426167011261,0.08972065895795822,-0.00024155470600817353,0.14384636282920837,0.04317934438586235,0.9886576533317566
167,clavicle_l,-19.967355728149414,19.2918643951416,1.2864059209823608,0.04185470938682556,0.10456598550081253,-0.3136557340621948,0.9428331255912781
167,clavicle_r,-22.54653549194336,15.79481315612793,1.285867691040039,0.028439419344067574,0.10897339135408401,-0.30769020318984985,0.9447977542877197
167,foot_l,1.397897720336914,-0.09307815134525299,-0.021422337740659714,-0.0007155250059440732,8.375234028790146e-05,-0.04574509710073471,0.9989529252052307
167,foot_r,1.3891173601150513,0.09872224181890488,-0.017827440053224564,0.0005586256738752127,1.9370623704162426e-05,0.045454591512680054,0.9989662766456604
167,hand_l,-56.16669464111328,-119.070068359375,101.12520599365234,-0.5486710667610168,0.4340164065361023,0.3777458071708679,0.6065459847450256
167,hand_r,-39.98223876953125,-130.54266357421875,71.72711181640625,-0.27673664689064026,-0.6306895017623901,-0.6878740191459656,0.2290787547826767
167,head,0.7492684125900269,-1.4102636575698853,-2.5598764419555664,0.002752149011939764,0.020515136420726776,-0.012767785228788853,0.9997042417526245
167,lowerarm_l,91.20748901367188,-39.08565139770508,22.503517150878906,-0.3993810713291168,-0.2488066554069519,0.8437328934669495,0.2582727372646332
167,lowerarm_r,-10.477673530578613,-57.975948333740234,2.405740976333618,-0.09016066789627075,-0.37816810607910156,-0.9211595058441162,0.01803174801170826
167,neck,-18.617807388305664,-0.30811578035354614,-0.5878329277038574,0.005276134237647057,0.08043603599071503,-0.014266593381762505,0.9966437220573425
167,pelvis,7.839453220367432,-0.9949479103088379,-2.1346688270568848,-0.002920782659202814,-0.029199110344052315,-0.09894911199808121,0.9946597218513489
167,root,0.0,0.0,0.0,-2.1139658201718703e-07,-5.7790373375610216e-08,1.0658141036401503e-14,1.0
167,spine_01,-0.675058901309967,1.312536597251892,-2.2665977478027344,0.0028923291247338057,0.014273582957684994,-0.19624769687652588,0.9804462194442749
167,spine_02,-9.411539077758789,8.797119140625,-1.3977646827697754,0.01930180750787258,0.05863448232412338,-0.3120650351047516,0.948053240776062
167,thigh_l,21.265111923217773,-1.50398588180542,0.005552731454372406,-0.006661389488726854,-0.11702543497085571,-0.028381623327732086,0.99270099401474
167,thigh_r,19.566749572753906,1.5219695568084717,-1.275054693222046,0.007588311564177275,-0.08048009127378464,0.030388465151190758,0.9962639808654785
167,upperarm_l,-74.45470428466797,-134.8490447998047,77.40336608886719,-0.07014920562505722,0.46872982382774353,0.7443593144416809,0.47042614221572876
167,upperarm_r,-5.509541988372803,64.39117431640625,5.769486904144287,0.08829690515995026,-0.0900183767080307,0.9916867017745972,0.025649355724453926
168,calf_l,-1.396133303642273,0.08646778762340546,0.05844417214393616,0.0015904231695458293,0.11958665400743484,-0.04160595312714577,0.9919504523277283
168,calf_r,-1.890258550643921,-0.06882984936237335,0.09028986096382141,-0.0002924047003034502,0.14356841146945953,0.043156061321496964,0.9886989593505859
168,clavicle_l,-20.049943923950195,19.072490692138672,1.2633839845657349,0.041345689445734024,0.1043011024594307,-0.3102819621562958,0.9440006017684937
168,clavicle_r,-22.604076385498047,15.557040214538574,1.2628384828567505,0.027911949902772903,0.10866159945726395,-0.3043155372142792,0.945941686630249
168,foot_l,1.3980793952941895,-0.09279772639274597,-0.02120267227292061,-0.0007086104014888406,8.561694994568825e-05,-0.04575134441256523,0.9989526271820068
168,foot_r,1.3894011974334717,0.09844710677862167,-0.017777398228645325,0.0005561891593970358,2.0936868168064393e-05,0.045463476330041885,0.998965859413147
168,hand_l,-57.13644027709961,-118.16388702392578,100.01663970947266,-0.55707848072052,0.4312637448310852,0.3583536446094513,0.6125829219818115
168,hand_r,-41.94725799560547,-130.154296875,72.78636932373047,-0.28407642245292664,-0.630580723285675,-0.6858799457550049,0.22635632753372192
168,head,0.7621243596076965,-1.3726112842559814,-2.5552749633789062,0.002747741062194109,0.020363155752420425,-0.01262398436665535,0.9997091889381409
168,lowerarm_l,89.85517883300781,-39.20114517211914,21.235309600830078,-0.393884539604187,-0.24619194865226746,0.8469955921173096,0.2585400342941284
168,lowerarm_r,-10.985530853271484,-57.162330627441406,2.147556781768799,-0.09115010499954224,-0.37565138936042786,-0.9221048355102539,0.01733165793120861
168,neck,-18.60540771484375,-0.2760527729988098,-0.5892038345336914,0.005263232160359621,0.08028346300125122,-0.014123069122433662,0.996658205986023
168,pelvis,7.821177005767822,-0.9831823110580444,-2.131986618041992,-0.0028857665602117777,-0.029203103855252266,-0.09777172654867172,0.9947761297225952
168,root,0.0,0.0,0.0,-2.1139658201718703e-07,-5.7790373375610216e-08,1.0658141036401503e-14,1.0
168,spine_01,-0.6645385026931763,1.2830374240875244,-2.265077829360962,0.0028217320796102285,0.014086644165217876,-0.19402635097503662,0.9808911085128784
168,spine_02,-9.417067527770996,8.652303695678711,-1.4079093933105469,0.018955638632178307,0.05828708037734032,-0.30866870284080505,0.9491928219795227
168,thigh_l,21.25332260131836,-1.5023012161254883,0.004745065234601498,-0.00662234565243125,-0.11692088097333908,-0.028391817584633827,0.9927132725715637
168,thigh_r,19.58094024658203,1.5204342603683472,-1.2612050771713257,0.0075396024622023106,-0.08084025233983994,0.030371561646461487,0.996235728263855
168,upperarm_l,-74.34215545654297,-135.22622680664062,77.94017791748047,-0.06786195933818817,0.47043466567993164,0.746117889881134,0.46625542640686035
168,upperarm_r,-5.783708572387695,64.59867095947266,5.822290420532227,0.08891743421554565,-0.09021665155887604,0.991590678691864,0.026506144553422928
169,calf_l,-1.3961080312728882,0.08756627142429352,0.05967584252357483,0.001627615769393742,0.1195899173617363,-0.041602201759815216,0.9919501543045044
169,calf_r,-1.8846912384033203,-0.07013312727212906,0.09109850227832794,-0.00034678069641813636,0.14330169558525085,0.043132416903972626,0.9887386560440063
169,clavicle_l,-20.141942977905273,18.840526580810547,1.2400774955749512,0.040810879319906235,0.10404768586158752,-0.3066183626651764,0.945248007774353
169,clavicle_r,-22.66961669921875,15.303943634033203,1.2395879030227661,0.027352195233106613,0.10835850238800049,-0.30065062642097473,0.9471639394760132
169,foot_l,1.3982915878295898,-0.09257294982671738,-0.021118126809597015,-0.0007082709344103932,8.965943561634049e-05,-0.04575945809483528,0.9989522695541382
169,foot_r,1.3897037506103516,0.0981847494840622,-0.01776914857327938,0.0005584737518802285,2.4494476747349836e-05,0.045473888516426086,0.9989654421806335
169,hand_l,-58.44477462768555,-117.53556823730469,101.018798828125,-0.5567196011543274,0.43710753321647644,0.35460710525512695,0.6109454035758972
169,hand_r,-45.22334289550781,-129.61428833007812,75.22103118896484,-0.30159133672714233,-0.623448371887207,-0.6803308725357056,0.23980136215686798
169,head,0.7767438888549805,-1.3338979482650757,-2.551102638244629,0.0027421896811574697,0.020208992063999176,-0.012467877008020878,0.9997143745422363
169,lowerarm_l,88.74231719970703,-38.63014602661133,20.195003509521484,-0.3885798752307892,-0.24624355137348175,0.8497197031974792,0.2575776278972626
169,lowerarm_r,-11.550046920776367,-56.96002960205078,2.20448899269104,-0.09229490906000137,-0.3754572868347168,-0.9220890998840332,0.016285819932818413
169,neck,-18.59295654296875,-0.2432422637939453,-0.5908727645874023,0.005248882342129946,0.08013393729925156,-0.013967392034828663,0.9966724514961243
169,pelvis,7.802987098693848,-0.9706701040267944,-2.1299898624420166,-0.0028485218062996864,-0.02920774556696415,-0.09651844948530197,0.9948984980583191
169,root,0.0,0.0,0.0,-2.1139658201718703e-07,-5.7790373375610216e-08,1.0658141036401503e-14,1.0
169,spine_01,-0.654505729675293,1.2526838779449463,-2.264171838760376,0.0027489415369927883,0.013900545425713062,-0.1916298121213913,0.9813650250434875
169,spine_02,-9.427000999450684,8.501611709594727,-1.4183282852172852,0.01859610341489315,0.05794695392251015,-0.30498090386390686,0.9504120349884033
169,thigh_l,21.244489669799805,-1.5007517337799072,0.0036366982385516167,-0.006582139991223812,-0.11682447791099548,-0.028402334079146385,0.9927245378494263
169,thigh_r,19.599422454833984,1.5190218687057495,-1.24688720703125,0.007488965056836605,-0.08123663812875748,0.03035275638103485,0.9962044358253479
169,upperarm_l,-74.32994079589844,-135.62075805664062,78.6159896850586,-0.06495925039052963,0.4726075232028961,0.747856855392456,0.4616628587245941
169,upperarm_r,-6.020793437957764,64.63568878173828,5.803833961486816,0.08947157859802246,-0.08973841369152069,0.9915459156036377,0.02790309302508831
170,calf_l,-1.3960107564926147,0.08324985206127167,0.05735903978347778,0.0016279900446534157,0.11951041966676712,-0.04159742593765259,0.991959810256958
170,calf_r,-1.8788096904754639,-0.06687074899673462,0.08907215297222137,-0.00036924975574947894,0.1429523229598999,0.043106675148010254,0.9887903332710266
170,clavicle_l,-20.249526977539062,18.586441040039062,1.2147607803344727,0.040210213512182236,0.10381720960140228,-0.3026932179927826,0.9465632438659668
170,clavicle_r,-22.73436164855957,15.048880577087402,1.2143018245697021,0.02680881693959236,0.10805022716522217,-0.2967306673526764,0.948449969291687
170,foot_l,1.3950111865997314,-0.09577081352472305,-0.022135857492685318,-0.0006806189776398242,-8.448125299764797e-06,-0.04562900960445404,0.9989582300186157
170,foot_r,1.3869112730026245,0.10072069615125656,-0.01832054927945137,0.0005338334012776613,-4.673937655752525e-05,0.04536846652626991,0.9989702105522156
170,hand_l,-59.47068786621094,-117.07718658447266,102.02537536621094,-0.5574336647987366,0.4420907199382782,0.3509364724159241,0.6088244915008545
170,hand_r,-48.06633758544922,-129.21031188964844,77.76343536376953,-0.31786608695983887,-0.6167666912078857,-0.6741872429847717,0.2530447542667389
170,head,0.7834181189537048,-1.2937394380569458,-2.549123764038086,0.0027371023315936327,0.020079750567674637,-0.012301922775804996,0.999718964099884
170,lowerarm_l,87.54051208496094,-38.02832794189453,19.08713722229004,-0.3828772008419037,-0.2462615966796875,0.8525824546813965,0.25663885474205017
170,lowerarm_r,-11.866103172302246,-56.75913619995117,2.2124998569488525,-0.09262145310640335,-0.3752923607826233,-0.9221437573432922,0.015093357302248478
170,neck,-18.575382232666016,-0.20697805285453796,-0.5955100059509277,0.00524228997528553,0.07996916770935059,-0.013802377507090569,0.9966880083084106
170,pelvis,7.780031681060791,-0.9587833881378174,-2.1267473697662354,-0.002818265464156866,-0.029190678149461746,-0.09519170969724655,0.9950269460678101
170,root,0.0,0.0,0.0,-2.1139658201718703e-07,-5.7790373375610216e-08,1.0658141036401503e-14,1.0
170,spine_01,-0.6464395523071289,1.223188877105713,-2.2630691528320312,0.0026804006192833185,0.013723736628890038,-0.18907804787158966,0.981862485408783
170,spine_02,-9.439135551452637,8.344267845153809,-1.4304637908935547,0.018221447244286537,0.05760657414793968,-0.3010352551937103,0.9516971707344055
170,thigh_l,21.216772079467773,-1.503257155418396,-0.0016892794519662857,-0.006571238394826651,-0.1166096031665802,-0.028415754437446594,0.9927495121955872
170,thigh_r,19.60434341430664,1.5210843086242676,-1.2340776920318604,0.007464754395186901,-0.08156826347112656,0.03033294901251793,0.9961780905723572
170,upperarm_l,-74.27072143554688,-136.02711486816406,79.27635955810547,-0.06190180033445358,0.47470200061798096,0.7497923374176025,0.4567687213420868
170,upperarm_r,-6.057448863983154,64.67910766601562,5.749066352844238,0.08923260867595673,-0.08929558098316193,0.9915742874145508,0.029057273641228676
171,calf_l,-1.3970742225646973,0.0892302617430687,0.06195197254419327,0.001701206318102777,0.11963776499032974,-0.04159596562385559,0.9919443726539612
171,calf_r,-1.873568058013916,-0.07240915298461914,0.09257225692272186,-0.000458122871350497,0.14276260137557983,0.04308532923460007,0.9888186454772949
171,clavicle_l,-20.35170555114746,18.342487335205078,1.1932780742645264,0.03966791555285454,0.10357982665300369,-0.2985505163669586,0.947926938533783
171,clavicle_r,-22.818035125732422,14.764215469360352,1.192807912826538,0.02617155760526657,0.10777635127305984,-0.2925783097743988,0.9497880339622498
171,foot_l,1.3982789516448975,-0.09262354671955109,-0.0212466511875391,-0.0007090654107742012,8.495318616041914e-05,-0.04575793072581291,0.998952329158783
171,foot_r,1.3900104761123657,0.0980495736002922,-0.01797829009592533,0.0005633614491671324,2.1951193048153073e-05,0.045481983572244644,0.9989650249481201
171,hand_l,-60.20072555541992,-116.80706787109375,103.03136444091797,-0.5593212246894836,0.44613590836524963,0.3473163843154907,0.6062127351760864
171,hand_r,-48.93536376953125,-129.2693634033203,78.91370391845703,-0.3217853009700775,-0.6192988157272339,-0.6710256338119507,0.25029557943344116
171,head,0.8046292066574097,-1.252877950668335,-2.5443673133850098,0.0027320433873683214,0.019911212846636772,-0.012125740759074688,0.9997245073318481
171,lowerarm_l,86.25008392333984,-37.41168212890625,17.919435501098633,-0.3768092095851898,-0.24619817733764648,0.8555734157562256,0.2557253837585449
171,lowerarm_r,-11.700885772705078,-55.89189529418945,1.799286127090454,-0.09137769788503647,-0.37265193462371826,-0.9233576059341431,0.013839983381330967
171,neck,-18.5662841796875,-0.1752970814704895,-0.5957961082458496,0.005219185259193182,0.07983576506376266,-0.013625957071781158,0.9967012405395508
171,pelvis,7.7656755447387695,-0.9437636733055115,-2.1268367767333984,-0.0027689202688634396,-0.029214968904852867,-0.09381529688835144,0.99515700340271
171,root,0.0,0.0,0.0,-2.1139658201718703e-07,-5.7790373375610216e-08,1.0658141036401503e-14,1.0
171,spine_01,-0.6369130611419678,1.1909430027008057,-2.2632479667663574,0.0026019003707915545,0.013536341488361359,-0.1863897442817688,0.9823791980743408
171,spine_02,-9.457290649414062,8.185898780822754,-1.439988613128662,0.01784566417336464,0.057286471128463745,-0.29686248302459717,0.9530333876609802
171,thigh_l,21.22869873046875,-1.4983981847763062,0.00011848751455545425,-0.006503407843410969,-0.1166210025548935,-0.028423035517334938,0.9927483797073364
171,thigh_r,19.64177703857422,1.5167735815048218,-1.2171499729156494,0.00738676218315959,-0.0820917934179306,0.03031172603368759,0.9961364269256592
171,upperarm_l,-74.1644515991211,-136.44488525390625,79.91948699951172,-0.058721937239170074,0.476713627576828,0.7518991231918335,0.4516010880470276
171,upperarm_r,-5.761660575866699,64.90522003173828,5.69839334487915,0.08763028681278229,-0.08958137035369873,0.9916821718215942,0.029369736090302467
172,calf_l,-1.3979675769805908,0.09104198217391968,0.0637436956167221,0.0017460841918364167,0.11969584226608276,-0.04159444198012352,0.9919373989105225
172,calf_r,-1.8680298328399658,-0.07443159073591232,0.09387335926294327,-0.0005224152700975537,0.14250516891479492,0.04306124150753021,0.9888567924499512
172,clavicle_l,-20.464466094970703,18.082807540893555,1.170750379562378,0.03908069059252739,0.10336016863584518,-0.29421186447143555,0.9493308067321777
172,clavicle_r,-22.9005184173584,14.47756576538086,1.170181393623352,0.025545397773385048,0.10749959200620651,-0.2882365882396698,0.9511629939079285
172,foot_l,1.3988885879516602,-0.09214849770069122,-0.02131464332342148,-0.0007182579138316214,9.845293243415654e-05,-0.04578011855483055,0.9989513158798218
172,foot_r,1.390679955482483,0.09755603969097137,-0.018116287887096405,0.0005743980873376131,3.248232678743079e-05,0.04550545662641525,0.9989640116691589
172,hand_l,-60.61766815185547,-116.74410247802734,104.03395080566406,-0.5624846816062927,0.44915470480918884,0.3437281548976898,0.6030937433242798
172,hand_r,-51.017452239990234,-129.19834899902344,81.66191864013672,-0.33621329069137573,-0.6138157248497009,-0.6636190414428711,0.26419827342033386
172,head,0.8204281330108643,-1.2115570306777954,-2.5408029556274414,0.002726340899243951,0.019759651273489,-0.011941902339458466,0.9997297525405884
172,lowerarm_l,84.86844635009766,-36.79796600341797,16.69744873046875,-0.3703957796096802,-0.24599593877792358,0.8586892485618591,0.25484463572502136
172,lowerarm_r,-11.561007499694824,-55.72108459472656,1.7298277616500854,-0.09020636230707169,-0.3726222813129425,-0.9235060811042786,0.01232917234301567
172,neck,-18.55471420288086,-0.14128518104553223,-0.5977272987365723,0.005201911553740501,0.07969511300325394,-0.013442635536193848,0.9967150688171387
172,pelvis,7.747391700744629,-0.9293660521507263,-2.125859260559082,-0.0027257301844656467,-0.02922239527106285,-0.09238428622484207,0.9952908158302307
172,root,0.0,0.0,0.0,-2.1139658201718703e-07,-5.7790373375610216e-08,1.0658141036401503e-14,1.0
172,spine_01,-0.6292740106582642,1.1596481800079346,-2.2631406784057617,0.002527424832805991,0.01335738506168127,-0.18358536064624786,0.9829097986221313
172,spine_02,-9.477446556091309,8.02347183227539,-1.4502167701721191,0.017461176961660385,0.056970156729221344,-0.2924964725971222,0.9544084668159485
172,thigh_l,21.225427627563477,-1.4966247081756592,-0.0013763783499598503,-0.006457759533077478,-0.11653850227594376,-0.02843368984758854,0.9927580952644348
172,thigh_r,19.668298721313477,1.5151182413101196,-1.2013587951660156,0.0073291342705488205,-0.08256389200687408,0.030289478600025177,0.996098518371582
172,upperarm_l,-74.01210021972656,-136.87425231933594,80.54756164550781,-0.05543982610106468,0.47864678502082825,0.7541534900665283,0.4461796283721924
172,upperarm_r,-5.419063568115234,64.94572448730469,5.574321746826172,0.0859142318367958,-0.0891643837094307,0.9918469190597534,0.030135497450828552
173,calf_l,-1.3985176086425781,0.08910473436117172,0.06329400837421417,0.0017644057516008615,0.11968555301427841,-0.041591182351112366,0.9919387698173523
173,calf_r,-1.8619047403335571,-0.07317490875720978,0.09325558692216873,-0.0005630881059914827,0.14217762649059296,0.04303533211350441,0.988905131816864
173,clavicle_l,-20.58769989013672,17.809017181396484,1.1474865674972534,0.038451310247182846,0.10316193848848343,-0.28970998525619507,0.9507614374160767
173,clavicle_r,-22.98189353942871,14.192180633544922,1.1469212770462036,0.024938270449638367,0.10722463577985764,-0.2837349474430084,0.9525625705718994
173,foot_l,1.3972127437591553,-0.09348341077566147,-0.021110495552420616,-0.00068335683317855,5.1084560254821554e-05,-0.0457138791680336,0.9989543557167053
173,foot_r,1.3892748355865479,0.0986160933971405,-0.017912551760673523,0.0005466204020194709,-1.6990388758131303e-06,0.045452624559402466,0.9989663362503052
173,hand_l,-60.70313262939453,-116.90435791015625,105.03067779541016,-0.5670110583305359,0.4510522484779358,0.3401591181755066,0.5994516611099243
173,hand_r,-52.702266693115234,-129.3140869140625,84.59318542480469,-0.349982351064682,-0.6086217761039734,-0.6552538275718689,0.27880871295928955
173,head,0.8281521797180176,-1.169660210609436,-2.5388717651367188,0.002721018623560667,0.019632194191217422,-0.011751892045140266,0.9997345209121704
173,lowerarm_l,83.39586639404297,-36.20589828491211,15.428946495056152,-0.3636695444583893,-0.24559803307056427,0.861922562122345,0.25399914383888245
173,lowerarm_r,-11.188004493713379,-55.5964241027832,1.6372929811477661,-0.08827809244394302,-0.3727599084377289,-0.9236572980880737,0.01068949606269598
173,neck,-18.5394287109375,-0.10520964860916138,-0.6018161773681641,0.0051904418505728245,0.07954242080450058,-0.013253342360258102,0.9967299699783325
173,pelvis,7.725754261016846,-0.9151101112365723,-2.123647928237915,-0.0026855820324271917,-0.02921576052904129,-0.09090504050254822,0.9954273104667664
173,root,0.0,0.0,0.0,-2.1139658201718703e-07,-5.7790373375610216e-08,1.0658141036401503e-14,1.0
173,spine_01,-0.623619019985199,1.1291844844818115,-2.262544631958008,0.002456317190080881,0.013187142089009285,-0.18068493902683258,0.9834495782852173
173,spine_02,-9.498985290527344,7.857820510864258,-1.4612913131713867,0.017070166766643524,0.05665720999240875,-0.2879694402217865,0.9558097124099731
173,thigh_l,21.207813262939453,-1.4975570440292358,-0.005468237213790417,-0.006433135364204645,-0.11636852473020554,-0.028445733711123466,0.992777943611145
173,thigh_r,19.683732986450195,1.5158571004867554,-1.1863234043121338,0.0072905439883470535,-0.08298216015100479,0.030267221853137016,0.9960646033287048
173,upperarm_l,-73.814453125,-137.31500244140625,81.16108703613281,-0.05208596587181091,0.48050352931022644,0.7565279603004456,0.4405325651168823
173,upperarm_r,-4.887505054473877,64.9742202758789,5.416567802429199,0.08346235752105713,-0.08873292803764343,0.9920781254768372,0.030684463679790497
174,calf_l,-1.399610996246338,0.09292936325073242,0.06639647483825684,0.0018240417120978236,0.11977991461753845,-0.041589852422475815,0.9919272661209106
174,calf_r,-1.8560998439788818,-0.07695828378200531,0.09557991474866867,-0.0006418690318241715,0.1419297456741333,0.04301077499985695,0.9889416694641113
174,clavicle_l,-20.70681381225586,17.541126251220703,1.1269278526306152,0.03785732388496399,0.10296078026294708,-0.28508445620536804,0.952204167842865
174,clavicle_r,-23.0727596282959,13.89053726196289,1.126412272453308,0.024280931800603867,0.10697118192911148,-0.27910441160202026,0.9539750218391418
174,foot_l,1.398918628692627,-0.09230759739875793,-0.021574897691607475,-0.0007284246967174113,9.735657658893615e-05,-0.04577994719147682,0.9989513158798218
174,foot_r,1.3909615278244019,0.09747934341430664,-0.01844649575650692,0.0005864939303137362,3.386211028555408e-05,0.045514702796936035,0.9989635348320007
174,hand_l,-60.43809127807617,-117.30119323730469,106.02488708496094,-0.5729577541351318,0.45174428820610046,0.3366272449493408,0.5952551364898682
174,hand_r,-52.59105682373047,-129.94134521484375,86.10492706298828,-0.35211125016212463,-0.6130350232124329,-0.6499223709106445,0.2789384722709656
174,head,0.8450932502746582,-1.1280120611190796,-2.534663677215576,0.0027151459362357855,0.01947953924536705,-0.011556629091501236,0.9997397661209106
174,lowerarm_l,81.83786010742188,-35.653106689453125,14.12447738647461,-0.356679230928421,-0.24495764076709747,0.8652580976486206,0.2531883418560028
174,lowerarm_r,-10.401069641113281,-54.814876556396484,1.155328392982483,-0.08501127362251282,-0.37043336033821106,-0.9249173998832703,0.008947055786848068
174,neck,-18.53116798400879,-0.0718599185347557,-0.602567195892334,0.005170466843992472,0.07941436767578125,-0.013058633543550968,0.9967427849769592
174,pelvis,7.708190441131592,-0.8995575904846191,-2.1229922771453857,-0.0026374778244644403,-0.02923084795475006,-0.0893981084227562,0.9955634474754333
174,root,0.0,0.0,0.0,-2.1139658201718703e-07,-5.7790373375610216e-08,1.0658141036401503e-14,1.0
174,spine_01,-0.6180140972137451,1.0979207754135132,-2.262294292449951,0.0023819718044251204,0.013014337979257107,-0.17770853638648987,0.9839942455291748
174,spine_02,-9.52456283569336,7.693116188049316,-1.4702081680297852,0.016683053225278854,0.056362077593803406,-0.28331491351127625,0.9572239518165588
174,thigh_l,21.21063995361328,-1.4942102432250977,-0.005811825394630432,-0.006375015247613192,-0.11631666123867035,-0.02845616638660431,0.9927840232849121
174,thigh_r,19.715953826904297,1.5128213167190552,-1.1689547300338745,0.007220713421702385,-0.08350218832492828,0.03024417534470558,0.9960224628448486
174,upperarm_l,-73.5722885131836,-137.76620483398438,81.75847625732422,-0.0486975833773613,0.48228004574775696,0.7589932680130005,0.43469956517219543
174,upperarm_r,-4.063133716583252,65.15860748291016,5.27131986618042,0.07983580231666565,-0.08893027901649475,0.9923629760742188,0.03055114857852459
175,calf_l,-1.4000813961029053,0.09254300594329834,0.0668187141418457,0.0018534050323069096,0.119786836206913,-0.041586391627788544,0.9919265508651733
175,calf_r,-1.849562168121338,-0.07708649337291718,0.09568643569946289,-0.0006936378194950521,0.14159880578517914,0.04298374429345131,0.9889902472496033
175,clavicle_l,-20.834169387817383,17.26295280456543,1.1062068939208984,0.037230800837278366,0.10278118401765823,-0.28036221861839294,0.9536492824554443
175,clavicle_r,-23.160470962524414,13.593740463256836,1.1056374311447144,0.023650677874684334,0.10671861469745636,-0.274380087852478,0.955388605594635
175,foot_l,1.3982234001159668,-0.09272822737693787,-0.02131117880344391,-0.0007051925640553236,7.615226786583662e-05,-0.045752476900815964,0.9989525675773621
175,foot_r,1.3904776573181152,0.09777124226093292,-0.01826648600399494,0.0005701598129235208,1.8818702301359735e-05,0.0454958938062191,0.9989643692970276
175,hand_l,-59.79796600341797,-117.9458999633789,107.01972198486328,-0.5803758502006531,0.4511253833770752,0.33315324783325195,0.5904732942581177
175,hand_r,-53.581886291503906,-130.44305419921875,89.4880599975586,-0.36547186970710754,-0.608180046081543,-0.639309823513031,0.29636168479919434
175,head,0.8537001609802246,-1.0861607789993286,-2.531588077545166,0.0027101512532681227,0.019351119175553322,-0.011357574723660946,0.9997445940971375
175,lowerarm_l,80.19813537597656,-35.159698486328125,12.793243408203125,-0.34946733713150024,-0.24401748180389404,0.868685781955719,0.2524144649505615
175,lowerarm_r,-9.595752716064453,-54.83351516723633,1.0570462942123413,-0.08169376850128174,-0.3710731565952301,-0.9249761700630188,0.007068195380270481
175,neck,-18.519968032836914,-0.03720782697200775,-0.6049633026123047,0.005155414808541536,0.07927601784467697,-0.012860238552093506,0.9967564344406128
175,pelvis,7.686751365661621,-0.8843832015991211,-2.120774984359741,-0.002593406941741705,-0.029230240732431412,-0.08786003291606903,0.9957005381584167
175,root,0.0,0.0,0.0,-2.1139658201718703e-07,-5.7790373375610216e-08,1.0658141036401503e-14,1.0
175,spine_01,-0.6147730946540833,1.0678424835205078,-2.261251211166382,0.002311817603185773,0.012851755134761333,-0.1746753454208374,0.9845395088195801
175,spine_02,-9.551013946533203,7.527294635772705,-1.4794349670410156,0.01629463955760002,0.05607212707400322,-0.27856579422950745,0.958640456199646
175,thigh_l,21.196401596069336,-1.4938175678253174,-0.008977903053164482,-0.006340480875223875,-0.11616438627243042,-0.028468480333685875,0.9928017854690552
175,thigh_r,19.734455108642578,1.5123558044433594,-1.1525517702102661,0.0071722581051290035,-0.08395196497440338,0.030222000554203987,0.9959855675697327
175,upperarm_l,-73.28729248046875,-138.22714233398438,82.34082794189453,-0.04530653357505798,0.483980655670166,0.7615193128585815,0.4287171959877014
175,upperarm_r,-3.178279161453247,65.14720916748047,5.057202339172363,0.07602621614933014,-0.0884181410074234,0.9927024841308594,0.03072507679462433
176,calf_l,-1.4004976749420166,0.09453119337558746,0.06868501752614975,0.0018995556747540832,0.119822658598423,-0.041583117097616196,0.9919222593307495
176,calf_r,-1.8427867889404297,-0.07925241440534592,0.0969281867146492,-0.0007603305275551975,0.1412842720746994,0.04295653849840164,0.9890363812446594
176,clavicle_l,-20.96073341369629,16.9874210357666,1.0875108242034912,0.03662017360329628,0.10260873287916183,-0.2755810022354126,0.9550840258598328
176,clavicle_r,-23.25214385986328,13.291552543640137,1.0869513750076294,0.0230049230158329,0.10648199170827866,-0.2695945203304291,0.9567921161651611
176,foot_l,1.3988878726959229,-0.09220698475837708,-0.021394437178969383,-0.0007182740955613554,9.294118353864178e-05,-0.04577811434864998,0.9989513754844666
176,foot_r,1.3912845849990845,0.09721803665161133,-0.018465878441929817,0.0005844183615408838,3.200498758815229e-05,0.04552324488759041,0.9989631175994873
176,hand_l,-58.758384704589844,-118.84430694580078,108.02581024169922,-0.5892708897590637,0.4491112232208252,0.3297975957393646,0.5850577354431152
176,hand_r,-52.890289306640625,-131.4535369873047,91.51691436767578,-0.3678629696369171,-0.6126978397369385,-0.631567120552063,0.3006680905818939
176,head,0.8644163608551025,-1.0448979139328003,-2.5273561477661133,0.0027047849725931883,0.019217200577259064,-0.011156896129250526,0.9997494220733643
176,lowerarm_l,78.48583221435547,-34.74330139160156,11.4472074508667,-0.34209293127059937,-0.24273593723773956,0.8721870183944702,0.2516773045063019
176,lowerarm_r,-8.414839744567871,-54.22574234008789,0.6060726642608643,-0.077177494764328,-0.3693443536758423,-0.9260682463645935,0.005097299814224243
176,neck,-18.512535095214844,-0.004034675657749176,-0.6056547164916992,0.005137136206030846,0.0791502296924591,-0.012659662403166294,0.9967690706253052
176,pelvis,7.666488170623779,-0.8686504364013672,-2.1187126636505127,-0.0025460871402174234,-0.029238423332571983,-0.08630649000406265,0.9958362579345703
176,root,0.0,0.0,0.0,-2.1139658201718703e-07,-5.7790373375610216e-08,1.0658141036401503e-14,1.0
176,spine_01,-0.6127333045005798,1.0379631519317627,-2.259927988052368,0.002241772599518299,0.012692525051534176,-0.1716063916683197,0.9850813150405884
176,spine_02,-9.580029487609863,7.363058090209961,-1.4872074127197266,0.015911223366856575,0.05579658970236778,-0.2737565040588379,0.9600474238395691
176,thigh_l,21.188522338867188,-1.491542935371399,-0.010601221583783627,-0.006291945930570364,-0.11605041474103928,-0.02848093770444393,0.9928150773048401
176,thigh_r,19.757904052734375,1.5101230144500732,-1.1349636316299438,0.007110314443707466,-0.08443515002727509,0.030199820175766945,0.9959458708763123
176,upperarm_l,-72.96150207519531,-138.696044921875,82.9066390991211,-0.04195193201303482,0.4856032729148865,0.7640748023986816,0.4226336181163788
176,upperarm_r,-2.029484510421753,65.2682876586914,4.86296272277832,0.07116856426000595,-0.08844547718763351,0.9930734634399414,0.030291453003883362
177,calf_l,-1.4003467559814453,0.09506981074810028,0.0696500763297081,0.0019348590867593884,0.11981438845396042,-0.041578397154808044,0.9919233918190002
177,calf_r,-1.8354443311691284,-0.08021973073482513,0.09739282727241516,-0.000817981141153723,0.14092615246772766,0.04292792081832886,0.989088773727417
177,clavicle_l,-21.088991165161133,16.710290908813477,1.069984793663025,0.03600669652223587,0.10244806110858917,-0.27077043056488037,0.9564995169639587
177,clavicle_r,-23.34341049194336,12.992220878601074,1.0695446729660034,0.022371863946318626,0.10625529289245605,-0.26478111743927,0.9581755995750427
177,foot_l,1.398711085319519,-0.0925028920173645,-0.0216317530721426,-0.0007229992770589888,8.696697477716953e-05,-0.04576990753412247,0.99895179271698
177,foot_r,1.3912620544433594,0.09735499322414398,-0.01870257407426834,0.0005904862191528082,2.8574168027262203e-05,0.04552169516682625,0.9989631772041321
177,hand_l,-57.290245056152344,-119.99845886230469,109.0579605102539,-0.5996238589286804,0.44561532139778137,0.32664597034454346,0.5789478421211243
177,hand_r,-51.958763122558594,-132.63427734375,93.9434814453125,-0.37114113569259644,-0.6165958046913147,-0.6221640706062317,0.3081815242767334
177,head,0.8718501925468445,-1.0043641328811646,-2.522909641265869,0.0026992601342499256,0.019092733040452003,-0.010954936034977436,0.9997540712356567
177,lowerarm_l,76.71115112304688,-34.421897888183594,10.09834098815918,-0.33461645245552063,-0.24107056856155396,0.8757442831993103,0.25097575783729553
177,lowerarm_r,-7.045029640197754,-53.76061248779297,0.2071905881166458,-0.07207468152046204,-0.36810919642448425,-0.9269797801971436,0.0030545725021511316
177,neck,-18.505952835083008,0.02899467945098877,-0.6060361862182617,0.005120662972331047,0.0790264755487442,-0.01245802454650402,0.9967815279960632
177,pelvis,7.644389629364014,-0.8530913591384888,-2.1157026290893555,-0.0025004141498357058,-0.02924150973558426,-0.0847407877445221,0.9959707260131836
177,root,0.0,0.0,0.0,-2.1139658201718703e-07,-5.7790373375610216e-08,1.0658141036401503e-14,1.0
177,spine_01,-0.6127781867980957,1.0089935064315796,-2.2577643394470215,0.0021743711549788713,0.012541173957288265,-0.16852092742919922,0.9856159090995789
177,spine_02,-9.610490798950195,7.200649261474609,-1.4940977096557617,0.015533708967268467,0.055532194674015045,-0.2689191997051239,0.9614351391792297
177,thigh_l,21.173248291015625,-1.490059733390808,-0.012951856479048729,-0.006250664591789246,-0.11589598655700684,-0.028494179248809814,0.9928328990936279
177,thigh_r,19.774816513061523,1.5085976123809814,-1.1174042224884033,0.0070551251992583275,-0.08488677442073822,0.030178692191839218,0.9959084987640381
177,upperarm_l,-72.59732818603516,-139.17140197753906,83.45557403564453,-0.0386725589632988,0.48714932799339294,0.7666279077529907,0.41649922728538513
177,upperarm_r,-0.7301151752471924,65.34268951416016,4.649028301239014,0.06574162095785141,-0.08833595365285873,0.9934749603271484,0.02970344014465809
178,calf_l,-1.399694800376892,0.0959123745560646,0.07063944637775421,0.001971584977582097,0.11978229135274887,-0.041572559624910355,0.991927444934845
178,calf_r,-1.8275372982025146,-0.08135437220335007,0.09782756865024567,-0.0008761879289522767,0.14054137468338013,0.04289744421839714,0.9891446828842163
178,clavicle_l,-21.218482971191406,16.43617820739746,1.054532766342163,0.035403039306402206,0.1023036539554596,-0.2659670114517212,0.9578843116760254
178,clavicle_r,-23.43490219116211,12.695439338684082,1.054027795791626,0.02174702286720276,0.10604099929332733,-0.2599742114543915,0.9595289826393127
178,foot_l,1.3988295793533325,-0.09225106239318848,-0.021356089040637016,-0.0007124950061552227,8.527394675184041e-05,-0.045773472636938095,0.9989516139030457
178,foot_r,1.3915144205093384,0.09706558287143707,-0.018552584573626518,0.0005844995612278581,2.770154969766736e-05,0.04552947357296944,0.9989628195762634
178,hand_l,-56.04606246948242,-121.20213317871094,112.24038696289062,-0.60145503282547,0.45135971903800964,0.3384931981563568,0.5656400322914124
178,hand_r,-50.91335678100586,-133.93496704101562,97.02253723144531,-0.37678009271621704,-0.6187918186187744,-0.6103127002716064,0.32039347290992737
178,head,0.8770927786827087,-0.9646109342575073,-2.5177836418151855,0.0026941990945488214,0.018974652513861656,-0.010753130540251732,0.9997585415840149
178,lowerarm_l,75.04926300048828,-33.4843864440918,8.897933006286621,-0.32701417803764343,-0.24170060455799103,0.8789381384849548,0.24921946227550507
178,lowerarm_r,-5.502774715423584,-53.5178108215332,-0.0965651124715805,-0.06644095480442047,-0.367668092250824,-0.9275801181793213,0.0009618280455470085
178,neck,-18.501338958740234,0.061257556080818176,-0.6054878234863281,0.005104661453515291,0.07890850305557251,-0.012256884947419167,0.9967934489250183
178,pelvis,7.62160062789917,-0.8374456167221069,-2.111905813217163,-0.0024542214814573526,-0.029245292767882347,-0.0831744521856308,0.9961027503013611
178,root,0.0,0.0,0.0,-2.1139658201718703e-07,-5.7790373375610216e-08,1.0658141036401503e-14,1.0
178,spine_01,-0.614813506603241,0.9808361530303955,-2.254796028137207,0.0021089757792651653,0.012396898120641708,-0.16544026136398315,0.9861396551132202
178,spine_02,-9.642782211303711,7.041236877441406,-1.4997243881225586,0.015164450742304325,0.055281832814216614,-0.26408883929252625,0.9627933502197266
178,thigh_l,21.15484619140625,-1.488104224205017,-0.015097646974027157,-0.006207290571182966,-0.11572718620300293,-0.028508827090263367,0.9928524494171143
178,thigh_r,19.788354873657227,1.5066176652908325,-1.0994291305541992,0.0069980681873857975,-0.08532334864139557,0.030158475041389465,0.9958721995353699
178,upperarm_l,-72.29315948486328,-139.69493103027344,84.17607116699219,-0.0348089374601841,0.4892086982727051,0.769166111946106,0.4096910357475281
178,upperarm_r,0.7086858153343201,65.36962127685547,4.42208194732666,0.059795722365379333,-0.08808564394712448,0.9938940405845642,0.028982535004615784
179,calf_l,-1.3985105752944946,0.09788034856319427,0.0722615048289299,0.002015593694522977,0.11974171549081802,-0.04156511276960373,0.9919325709342957
179,calf_r,-1.8190644979476929,-0.08354312926530838,0.09879730641841888,-0.0009413257939741015,0.14014586806297302,0.04286627098917961,0.989202082157135
179,clavicle_l,-21.34523582458496,16.168216705322266,1.041371464729309,0.03482058271765709,0.10216637700796127,-0.2612054646015167,0.9592295289039612
179,clavicle_r,-23.52720069885254,12.400903701782227,1.040863275527954,0.02112622559070587,0.10584145784378052,-0.25520795583724976,0.9608435034751892
179,foot_l,1.3996858596801758,-0.09150658547878265,-0.021287182345986366,-0.0007204193971119821,0.00010306235344614834,-0.04580482468008995,0.998950183391571
179,foot_r,1.3924490213394165,0.09632346034049988,-0.018597064539790154,0.000594659592024982,4.2528710764599964e-05,0.045561783015728,0.9989614486694336
179,hand_l,-53.71765899658203,-122.67203521728516,113.40437316894531,-0.6152456402778625,0.4448554515838623,0.3348204493522644,0.5580965876579285
179,hand_r,-49.810096740722656,-135.19277954101562,100.97100830078125,-0.3857090175151825,-0.618571400642395,-0.595409631729126,0.3377653956413269
179,head,0.8823997974395752,-0.9259781837463379,-2.511274814605713,0.00268934341147542,0.018856385722756386,-0.010554998181760311,0.9997628927230835
179,lowerarm_l,73.26093292236328,-32.911033630371094,7.57069206237793,-0.31912970542907715,-0.24057979881763458,0.8824780583381653,0.2480127066373825
179,lowerarm_r,-3.8421459197998047,-53.96506118774414,-0.09791143238544464,0.06044347211718559,0.370153546333313,0.9270014762878418,0.001095089945010841
179,neck,-18.50035858154297,0.09178388863801956,-0.6031632423400879,0.005086687859147787,0.07880178093910217,-0.012058609165251255,0.996804416179657
179,pelvis,7.598828315734863,-0.8216788172721863,-2.1075665950775146,-0.002406953601166606,-0.02925356850028038,-0.08161591738462448,0.9962315559387207
179,root,0.0,0.0,0.0,-2.1139658201718703e-07,-5.7790373375610216e-08,1.0658141036401503e-14,1.0
179,spine_01,-0.6187563538551331,0.9535496234893799,-2.250927686691284,0.002045746659860015,0.012258949689567089,-0.16238346695899963,0.9866495728492737
179,spine_02,-9.677176475524902,6.886124610900879,-1.5034079551696777,0.014806578867137432,0.05504801869392395,-0.2593004107475281,0.9641129374504089
179,thigh_l,21.13707733154297,-1.4849456548690796,-0.016178399324417114,-0.006156221032142639,-0.11556769907474518,-0.02852403186261654,0.9928709268569946
179,thigh_r,19.80158042907715,1.5034829378128052,-1.0806204080581665,0.006933627650141716,-0.08576136082410812,0.030139461159706116,0.9958356022834778
179,upperarm_l,-71.57857513427734,-140.17347717285156,84.37590789794922,-0.031989291310310364,0.4895610511302948,0.772635817527771,0.4029150605201721
179,upperarm_r,2.301527500152588,65.83052062988281,4.35101842880249,0.05340604856610298,-0.08938547223806381,0.9941607713699341,0.0283298771828413
180,calf_l,-1.3963720798492432,0.09810908138751984,0.07272255420684814,0.0020462279208004475,0.11963151395320892,-0.04155517742037773,0.9919463396072388
180,calf_r,-1.80973219871521,-0.0841689482331276,0.09870247542858124,-0.0009937022114172578,0.13968685269355774,0.04283236339688301,0.98926842212677
180,clavicle_l,-21.473325729370117,15.90272331237793,1.0299094915390015,0.03424079716205597,0.10204651951789856,-0.2565155327320099,0.9605278968811035
180,clavicle_r,-23.617115020751953,12.116443634033203,1.0294132232666016,0.020535007119178772,0.10565304756164551,-0.250515878200531,0.9621109962463379
180,foot_l,1.399334192276001,-0.0919298529624939,-0.0216023288667202,-0.00072515505598858,9.348568710265681e-05,-0.04579189419746399,0.9989507794380188
180,foot_r,1.3922929763793945,0.0965517908334732,-0.01889897882938385,0.0006001726142130792,3.590570486267097e-05,0.04555540159344673,0.9989616274833679
180,hand_l,-51.586307525634766,-123.92414855957031,116.70256805419922,-0.6208637952804565,0.4474460184574127,0.3448188006877899,0.543525755405426
180,hand_r,-47.544925689697266,-136.60885620117188,104.15576934814453,-0.38723278045654297,-0.625108003616333,-0.5821803212165833,0.3469249904155731
180,head,0.8821285963058472,-0.8888080716133118,-2.504408359527588,0.0026842206716537476,0.018753880634903908,-0.010358377359807491,0.9997668862342834
180,lowerarm_l,71.81111907958984,-30.9896297454834,6.4751667976379395,-0.3109879791736603,-0.24404945969581604,0.8853092789649963,0.24485480785369873
180,lowerarm_r,-2.00836443901062,-54.551063537597656,-0.05381554365158081,0.053908586502075195,0.37365710735321045,0.9259936213493347,0.0031713461503386497
180,neck,-18.500072479248047,0.12196116149425507,-0.6005167961120605,0.005071830470114946,0.0786958709359169,-0.01186300814151764,0.9968152046203613
180,pelvis,7.573710918426514,-0.806303858757019,-2.1016061305999756,-0.0023619206622242928,-0.029255475848913193,-0.08007097989320755,0.9963569641113281
180,root,0.0,0.0,0.0,-2.1139658201718703e-07,-5.7790373375610216e-08,1.0658141036401503e-14,1.0
180,spine_01,-0.6254656314849854,0.9276547431945801,-2.245759963989258,0.0019863599445670843,0.012131606228649616,-0.15937118232250214,0.9871422052383423
180,spine_02,-9.712820053100586,6.735347747802734,-1.5059232711791992,0.014459917321801186,0.054827865213155746,-0.2545855939388275,0.9653864502906799
180,thigh_l,21.108257293701172,-1.4826806783676147,-0.018068473786115646,-0.006114272866398096,-0.11535057425498962,-0.028540894389152527,0.9928959608078003
180,thigh_r,19.804283142089844,1.5010920763015747,-1.062043309211731,0.006877809297293425,-0.08614238351583481,0.03012213669717312,0.995803713798523
180,upperarm_l,-70.52073669433594,-140.66943359375,84.25482177734375,-0.02908608689904213,0.4888129234313965,0.7774219512939453,0.39475446939468384
180,upperarm_r,4.088586807250977,67.03544616699219,4.550500392913818,0.04643102362751961,-0.09334852546453476,0.9941678643226624,0.027577362954616547
181,calf_l,-1.3933104276657104,0.09865301847457886,0.07325054705142975,0.0020779441110789776,0.11948371678590775,-0.041543226689100266,0.99196457862854
181,calf_r,-1.7995930910110474,-0.08497247844934464,0.09861879795789719,-0.0010459166951477528,0.13919349014759064,0.04279668256640434,0.9893394708633423
181,clavicle_l,-21.59943199157715,15.645536422729492,1.0211153030395508,0.033683035522699356,0.10193967819213867,-0.25193601846694946,0.961770236492157
181,clavicle_r,-23.706449508666992,11.839639663696289,1.020589828491211,0.019961213693022728,0.10547997802495956,-0.24593225121498108,0.9633238911628723
181,foot_l,1.3993216753005981,-0.09199194610118866,-0.021701175719499588,-0.0007265990716405213,9.097219299292192e-05,-0.045789994299411774,0.9989508390426636
181,foot_r,1.3924299478530884,0.09654711186885834,-0.019038744270801544,0.0006042885361239314,3.480933446553536e-05,0.04555925354361534,0.9989614486694336
181,hand_l,-48.43613815307617,-125.47730255126953,118.0220718383789,-0.6376473903656006,0.4377345144748688,0.3403554856777191,0.5347451567649841
181,hand_r,-44.50186538696289,-138.16368103027344,106.97144317626953,-0.3844001293182373,-0.6355734467506409,-0.5694973468780518,0.35207369923591614
181,head,0.8792582750320435,-0.8530874848365784,-2.4963855743408203,0.002679606666788459,0.018658636137843132,-0.010167498141527176,0.9997707009315491
181,lowerarm_l,70.14842224121094,-29.863235473632812,5.244297504425049,-0.3028595447540283,-0.24448026716709137,0.8885798454284668,0.24275782704353333
181,lowerarm_r,-0.006505101919174194,-54.98344421386719,-0.06816908717155457,0.04686518386006355,0.37665802240371704,0.9251506924629211,0.005350345280021429
181,neck,-18.502561569213867,0.15030932426452637,-0.5962729454040527,0.005056015215814114,0.07859792560338974,-0.011672601103782654,0.9968253374099731
181,pelvis,7.547823905944824,-0.7910540103912354,-2.094477415084839,-0.002316894242540002,-0.02925892546772957,-0.07854892313480377,0.9964781403541565
181,root,0.0,0.0,0.0,-2.1139658201718703e-07,-5.7790373375610216e-08,1.0658141036401503e-14,1.0
181,spine_01,-0.6347129344940186,0.9029969573020935,-2.239346504211426,0.001930132624693215,0.012013240717351437,-0.15642330050468445,0.987615168094635
181,spine_02,-9.75037670135498,6.590380668640137,-1.506495475769043,0.014127762988209724,0.05462523549795151,-0.24998100101947784,0.9666054248809814
181,thigh_l,21.075334548950195,-1.4797300100326538,-0.01938517764210701,-0.006069392431527376,-0.11511791497468948,-0.0285592433065176,0.9929226636886597
181,thigh_r,19.802059173583984,1.4980192184448242,-1.0430048704147339,0.006819283124059439,-0.086497001349926,0.03010677732527256,0.9957737922668457
181,upperarm_l,-69.31102752685547,-141.09368896484375,83.8526382446289,-0.027013346552848816,0.487179160118103,0.7822990417480469,0.38721442222595215
181,upperarm_r,6.004391670227051,68.41020202636719,4.843029499053955,0.03897016867995262,-0.09795472025871277,0.9940723180770874,0.02657919004559517
182,calf_l,-1.389636516571045,0.09940307587385178,0.0738358348608017,0.0021107427310198545,0.1193096786737442,-0.0415300652384758,0.9919859170913696
182,calf_r,-1.7887545824050903,-0.08603330701589584,0.098577119410038,-0.0011001820676028728,0.1386689841747284,0.0427587628364563,0.9894146919250488
182,clavicle_l,-21.72751808166504,15.389138221740723,1.014232873916626,0.03313056752085686,0.10184632986783981,-0.24732857942581177,0.9629944562911987
182,clavicle_r,-23.79759407043457,11.563215255737305,1.013643741607666,0.01939060539007187,0.1053200364112854,-0.24132154881954193,0.9645183682441711
182,foot_l,1.3994637727737427,-0.09194833785295486,-0.021832624450325966,-0.0007312538218684494,9.224015957443044e-05,-0.04579438269138336,0.9989506602287292
182,foot_r,1.3926801681518555,0.09641268104314804,-0.019197501242160797,0.0006106330547481775,3.64800107490737e-05,0.045567046850919724,0.9989612102508545
182,hand_l,-44.89093017578125,-127.07218170166016,119.47273254394531,-0.6551347374916077,0.4266318380832672,0.33614498376846313,0.5251573920249939
182,hand_r,-42.093894958496094,-139.39576721191406,111.62047576904297,-0.39201879501342773,-0.6374330520629883,-0.5506507158279419,0.3698435425758362
182,head,0.8749819993972778,-0.8179434537887573,-2.487337589263916,0.0026750946417450905,0.018567264080047607,-0.009976448491215706,0.9997742772102356
182,lowerarm_l,68.4848403930664,-28.77275848388672,4.048922538757324,-0.29477638006210327,-0.24475538730621338,0.8918230533599854,0.24052730202674866
182,lowerarm_r,2.089111804962158,-56.206382751464844,0.3348320722579956,0.03952540457248688,0.3827236294746399,0.9229865670204163,0.007508306764066219
182,neck,-18.507333755493164,0.17823688685894012,-0.5908608436584473,0.00504078296944499,0.07850652933120728,-0.011481747031211853,0.9968347549438477
182,pelvis,7.521013259887695,-0.775611400604248,-2.0864903926849365,-0.0022711600176990032,-0.029263265430927277,-0.07701347768306732,0.996597945690155
182,root,0.0,0.0,0.0,-2.1139658201718703e-07,-5.7790373375610216e-08,1.0658141036401503e-14,1.0
182,spine_01,-0.6463019251823425,0.8788519501686096,-2.231985330581665,0.0018750784220173955,0.011901811696588993,-0.15345686674118042,0.9880818724632263
182,spine_02,-9.790884017944336,6.447302341461182,-1.505589485168457,0.013801212422549725,0.054437313228845596,-0.24534949660301208,0.9678066968917847
182,thigh_l,21.039094924926758,-1.4763076305389404,-0.020368698984384537,-0.006022143177688122,-0.11486988514661789,-0.028578966856002808,0.9929510951042175
182,thigh_r,19.796560287475586,1.4944586753845215,-1.0233395099639893,0.006758319679647684,-0.08684052526950836,0.030092205852270126,0.9957447052001953
182,upperarm_l,-68.0256576538086,-141.49876403808594,83.36280822753906,-0.025158565491437912,0.48525968194007874,0.7872531414031982,0.3796350955963135
182,upperarm_r,7.993222713470459,69.80402374267578,5.184477806091309,0.031189925968647003,-0.10264740139245987,0.9939038157463074,0.02541639283299446
183,calf_l,-1.3858304023742676,0.1001540943980217,0.07437670230865479,0.0021437963005155325,0.11912554502487183,-0.04151593893766403,0.9920085668563843
183,calf_r,-1.7774617671966553,-0.08708251267671585,0.09844040125608444,-0.0011549604823812842,0.1381203979253769,0.042719654738903046,0.9894931316375732
183,clavicle_l,-21.86091423034668,15.125605583190918,1.00865638256073,0.032567039132118225,0.10176535695791245,-0.24254153668880463,0.9642390012741089
183,clavicle_r,-23.89385986328125,11.277632713317871,1.0081182718276978,0.01880217343568802,0.10517311841249466,-0.23653021454811096,0.9657321572303772
183,foot_l,1.3997153043746948,-0.0916142463684082,-0.021574636921286583,-0.000722529599443078,9.211339056491852e-05,-0.04580261558294296,0.9989502429962158
183,foot_r,1.3930578231811523,0.0960344672203064,-0.019070196896791458,0.0006067696958780289,3.7606227124342695e-05,0.045579347759485245,0.998960554599762
183,hand_l,-41.68639373779297,-128.3184356689453,123.10619354248047,-0.6634913682937622,0.42645376920700073,0.3460967540740967,0.5080684423446655
183,hand_r,-39.27703094482422,-140.53750610351562,116.51656341552734,-0.399685800075531,-0.6393972039222717,-0.5302549004554749,0.38762399554252625
183,head,0.8702960014343262,-0.7822396159172058,-2.4776577949523926,0.0026706622447818518,0.01847713440656662,-0.0097768260166049,0.9997779130935669
183,lowerarm_l,66.92982482910156,-26.958763122558594,3.0127997398376465,-0.28645843267440796,-0.24767214059829712,0.8946623802185059,0.237021803855896
183,lowerarm_r,4.364898681640625,-57.49925231933594,0.8235596418380737,0.03160695359110832,0.3891453742980957,0.9205834865570068,0.009641853161156178
183,neck,-18.5140323638916,0.20606182515621185,-0.5845427513122559,0.005023995414376259,0.07842107862234116,-0.011282839812338352,0.9968438148498535
183,pelvis,7.493107795715332,-0.7597682476043701,-2.078115940093994,-0.002224661409854889,-0.029267312958836555,-0.07542300969362259,0.9967195391654968
183,root,0.0,0.0,0.0,-2.1139658201718703e-07,-5.7790373375610216e-08,1.0658141036401503e-14,1.0
183,spine_01,-0.6598038673400879,0.8546314239501953,-2.224069833755493,0.0018201371422037482,0.01179481204599142,-0.15037940442562103,0.9885563254356384
183,spine_02,-9.8352689743042,6.3016133308410645,-1.50376558303833,0.013469849713146687,0.05426088720560074,-0.24053765833377838,0.9690284729003906
183,thigh_l,21.00069236755371,-1.4726611375808716,-0.021469546481966972,-0.005973391234874725,-0.11460784077644348,-0.028599249199032784,0.9929811358451843
183,thigh_r,19.789766311645508,1.4907455444335938,-1.0030107498168945,0.006695772986859083,-0.08718989789485931,0.030077863484621048,0.9957150816917419
183,upperarm_l,-66.73471069335938,-141.96412658691406,83.01716613769531,-0.022788235917687416,0.48376980423927307,0.7922878861427307,0.3711164593696594
183,upperarm_r,10.075177192687988,71.30311584472656,5.609130859375,0.022927328944206238,-0.10772418975830078,0.9936315417289734,0.023799575865268707
184,calf_l,-1.3816092014312744,0.09989486634731293,0.07433104515075684,0.0021697001066058874,0.11891051381826401,-0.04150066152215004,0.9920350313186646
184,calf_r,-1.7654858827590942,-0.08728175610303879,0.0977836549282074,-0.0012041520094498992,0.13752973079681396,0.042678918689489365,0.9895769953727722
184,clavicle_l,-22.000438690185547,14.851853370666504,1.0035959482192993,0.03198027238249779,0.10169783234596252,-0.23758816719055176,0.9654982686042786
184,clavicle_r,-23.991806030273438,10.987044334411621,1.003045916557312,0.0182108785957098,0.10503190755844116,-0.2315729856491089,0.9669594764709473
184,foot_l,1.3992193937301636,-0.09207583218812943,-0.021672654896974564,-0.0007172983605414629,7.751723751425743e-05,-0.04578253999352455,0.9989511966705322
184,foot_r,1.392800211906433,0.09630592167377472,-0.019194647669792175,0.0006045677582733333,2.6627560146152973e-05,0.045567743480205536,0.9989611506462097
184,hand_l,-37.47111511230469,-129.81271362304688,124.8191146850586,-0.6818392872810364,0.41331884264945984,0.3425236940383911,0.4969310164451599
184,hand_r,-34.9000129699707,-141.9593505859375,119.38397979736328,-0.39253687858581543,-0.6538134217262268,-0.5158751606941223,0.3902765214443207
184,head,0.8620675802230835,-0.7460880875587463,-2.468132972717285,0.002665967680513859,0.01839687116444111,-0.009570659138262272,0.9997814297676086
184,lowerarm_l,65.27666473388672,-25.942684173583984,1.8939058780670166,-0.278466135263443,-0.24766609072685242,0.8978820443153381,0.23436297476291656
184,lowerarm_r,6.806369781494141,-57.89145278930664,0.9082809090614319,0.023171884939074516,0.39221569895744324,0.9195048213005066,0.01186604518443346
184,neck,-18.520545959472656,0.23475521802902222,-0.5784392356872559,0.0050087799318134785,0.07833404093980789,-0.011077149771153927,0.9968530535697937
184,pelvis,7.463568687438965,-0.7433907389640808,-2.0689308643341064,-0.0021768060978502035,-0.029267990961670876,-0.07378095388412476,0.996842622756958
184,root,0.0,0.0,0.0,-2.1139658201718703e-07,-5.7790373375610216e-08,1.0658141036401503e-14,1.0
184,spine_01,-0.6753050088882446,0.8305131196975708,-2.215629816055298,0.0017659502336755395,0.011693339794874191,-0.1471991091966629,0.9890362024307251
184,spine_02,-9.882372856140137,6.153044700622559,-1.5015840530395508,0.013133152388036251,0.05409214645624161,-0.23555852472782135,0.9702647924423218
184,thigh_l,20.956451416015625,-1.4695996046066284,-0.02320106141269207,-0.005929640959948301,-0.11431021243333817,-0.02862054854631424,0.9930150508880615
184,thigh_r,19.778444290161133,1.4873965978622437,-0.9823499321937561,0.006636478938162327,-0.08752566576004028,0.030063772574067116,0.995686411857605
184,upperarm_l,-65.28775024414062,-142.35968017578125,82.41584777832031,-0.02138381078839302,0.48148563504219055,0.7973037958145142,0.3633469343185425
184,upperarm_r,12.224610328674316,73.00467681884766,6.1649651527404785,0.014279104769229889,-0.11352549493312836,0.9931939244270325,0.02177116647362709
185,calf_l,-1.3774183988571167,0.10199227929115295,0.07564251124858856,0.002212578896433115,0.11872830241918564,-0.04148600995540619,0.9920573234558105
185,calf_r,-1.7532877922058105,-0.08956490457057953,0.09829169511795044,-0.0012693916214630008,0.13695478439331055,0.042638301849365234,0.9896584153175354
185,clavicle_l,-22.14116668701172,14.575990676879883,1.0002837181091309,0.03140013664960861,0.10163570195436478,-0.23248276114463806,0.9667657613754272
185,clavicle_r,-24.09453582763672,10.684049606323242,0.9997159242630005,0.017588643357157707,0.10490220040082932,-0.2264636754989624,0.9681944251060486
185,foot_l,1.4001654386520386,-0.09146777540445328,-0.022040823474526405,-0.0007420680485665798,9.819948900258169e-05,-0.04581756517291069,0.9989495277404785
185,foot_r,1.393827199935913,0.09565388411283493,-0.019613124430179596,0.0006287881988100708,4.5176442654337734e-05,0.04560517519712448,0.9989593625068665
185,hand_l,-33.680118560791016,-130.80337524414062,128.70379638671875,-0.6908187866210938,0.4120611548423767,0.35269299149513245,0.4781033396720886
185,hand_r,-31.45309066772461,-142.75970458984375,124.71575927734375,-0.4006776213645935,-0.65560382604599,-0.49277377128601074,0.40843021869659424
185,head,0.8568924069404602,-0.7095845341682434,-2.457273006439209,0.0026610889472067356,0.018307778984308243,-0.009359270334243774,0.9997850656509399
185,lowerarm_l,63.727996826171875,-24.23099708557129,0.9402503967285156,-0.2702813148498535,-0.2502419948577881,0.9006767272949219,0.23045261204242706
185,lowerarm_r,9.375925064086914,-59.280704498291016,1.577518105506897,0.01430764701217413,0.3991919755935669,0.9166498780250549,0.01393129676580429
185,neck,-18.530895233154297,0.26290464401245117,-0.5705118179321289,0.004990700166672468,0.07825936377048492,-0.010866365395486355,0.9968613386154175
185,pelvis,7.434990882873535,-0.7262733578681946,-2.060055732727051,-0.0021254741586744785,-0.029277481138706207,-0.07209573686122894,0.9969657063484192
185,root,0.0,0.0,0.0,-2.1139658201718703e-07,-5.7790373375610216e-08,1.0658141036401503e-14,1.0
185,spine_01,-0.6919412016868591,0.8060489892959595,-2.206951379776001,0.001710707088932395,0.011593232862651348,-0.1439255326986313,0.9895191788673401
185,spine_02,-9.932984352111816,6.002687931060791,-1.4980196952819824,0.012793529778718948,0.05393562093377113,-0.23042671382427216,0.971509575843811
185,thigh_l,20.91869354248047,-1.4646378755569458,-0.023572705686092377,-0.005871281959116459,-0.11404918134212494,-0.0286420751363039,0.9930447936058044
185,thigh_r,19.77291488647461,1.4823826551437378,-0.9602991938591003,0.006563592702150345,-0.08790507912635803,0.030049309134483337,0.9956539273262024
185,upperarm_l,-63.843780517578125,-142.82037353515625,81.98235321044922,-0.019491787999868393,0.47971272468566895,0.8023134469985962,0.35466739535331726
185,upperarm_r,14.411438941955566,74.70777130126953,6.782168388366699,0.005295494571328163,-0.11932770162820816,0.992654025554657,0.019257621839642525
186,calf_l,-1.3727926015853882,0.10172638297080994,0.07552783936262131,0.002238233806565404,0.11849218606948853,-0.04147002846002579,0.9920861124992371
186,calf_r,-1.7403665781021118,-0.08969362080097198,0.09747864305973053,-0.0013189823366701603,0.13631771504878998,0.04259438440203667,0.9897481799125671
186,clavicle_l,-22.288219451904297,14.288464546203613,0.9970418214797974,0.03078971616923809,0.1015888899564743,-0.22723610699176788,0.9680370092391968
186,clavicle_r,-24.197174072265625,10.380220413208008,0.9965489506721497,0.016976457089185715,0.104777492582798,-0.22121231257915497,0.9694321155548096
186,foot_l,1.3997135162353516,-0.09181716293096542,-0.02197914384305477,-0.0007315822294913232,8.481906843371689e-05,-0.04579994082450867,0.9989504814147949
186,foot_r,1.3935853242874146,0.09585167467594147,-0.019606512039899826,0.000622267893049866,3.451101292739622e-05,0.045593827962875366,0.9989598989486694
186,hand_l,-28.923362731933594,-132.00790405273438,130.6822967529297,-0.7091279029846191,0.39745861291885376,0.3499625325202942,0.46550047397613525
186,hand_r,-27.152448654174805,-143.5403289794922,129.1034698486328,-0.4014994204044342,-0.6633447408676147,-0.4722561836242676,0.419220894575119
186,head,0.845472514629364,-0.6725064516067505,-2.4471282958984375,0.0026566172018647194,0.018236225470900536,-0.00914172176271677,0.9997884035110474
186,lowerarm_l,62.15019226074219,-23.333049774169922,-0.07273312658071518,-0.2626439034938812,-0.2499130666255951,0.9038066267967224,0.2273659110069275
186,lowerarm_r,12.068232536315918,-60.21009826660156,2.086554527282715,0.005057638511061668,0.4045017957687378,0.9143834114074707,0.01599114201962948
186,neck,-18.539392471313477,0.29188188910484314,-0.5636096000671387,0.004974395502358675,0.07817736268043518,-0.010649718344211578,0.9968702793121338
186,pelvis,7.4037699699401855,-0.7089939117431641,-2.05003023147583,-0.002074978081509471,-0.029278000816702843,-0.07036574184894562,0.9970894455909729
186,root,0.0,0.0,0.0,-2.1139658201718703e-07,-5.7790373375610216e-08,1.0658141036401503e-14,1.0
186,spine_01,-0.7106168270111084,0.7819567918777466,-2.19762921333313,0.0016571508022025228,0.01149996928870678,-0.14056576788425446,0.9900031685829163
186,spine_02,-9.985149383544922,5.849827289581299,-1.4945626258850098,0.012449725531041622,0.05378434434533119,-0.22515375912189484,0.9727579951286316
186,thigh_l,20.87029266357422,-1.4613137245178223,-0.02547239512205124,-0.005826326087117195,-0.11372470110654831,-0.02866523712873459,0.9930816292762756
186,thigh_r,19.75844383239746,1.478833556175232,-0.9385801553726196,0.006502880714833736,-0.08824396133422852,0.030034886673092842,0.995624840259552
186,upperarm_l,-62.256221771240234,-143.19529724121094,81.29096984863281,-0.018641019240021706,0.4771423637866974,0.8072482347488403,0.346897691488266
186,upperarm_r,16.610015869140625,76.55223846435547,7.52275276184082,-0.003923492971807718,-0.1256244033575058,0.9919360876083374,0.016309229657053947
187,calf_l,-1.367989420890808,0.1014789417386055,0.07536593079566956,0.00226375600323081,0.11824826151132584,-0.041453808546066284,0.99211585521698
187,calf_r,-1.727150797843933,-0.08986645936965942,0.09669088572263718,-0.0013690022751688957,0.13566388189792633,0.04254981875419617,0.9898399710655212
187,clavicle_l,-22.437664031982422,13.996176719665527,0.9948967099189758,0.03017396666109562,0.10155118256807327,-0.22186245024204254,0.9693059325218201
187,clavicle_r,-24.30207061767578,10.069945335388184,0.9944361448287964,0.016352612525224686,0.10466213524341583,-0.21583372354507446,0.9706669449806213
187,foot_l,1.3993746042251587,-0.09194784611463547,-0.021695688366889954,-0.0007122468668967485,6.99394877301529e-05,-0.045785315334796906,0.9989510774612427
187,foot_r,1.393404245376587,0.09586929529905319,-0.019390173256397247,0.0006084917695261538,2.383814353379421e-05,0.04558592289686203,0.9989602565765381
187,hand_l,-24.692276000976562,-132.57119750976562,134.7992401123047,-0.7179800271987915,0.3957054913043976,0.36036908626556396,0.44503477215766907
187,hand_r,-21.674612045288086,-144.4792938232422,131.64784240722656,-0.3886222243309021,-0.681595504283905,-0.45783060789108276,0.4180808365345001
187,head,0.8341181874275208,-0.6351835131645203,-2.4364829063415527,0.002651840914040804,0.018164189532399178,-0.008920133113861084,0.9997917413711548
187,lowerarm_l,60.67405319213867,-21.76406478881836,-0.918907105922699,-0.2548506557941437,-0.2521131932735443,0.906496524810791,0.22305643558502197
187,lowerarm_r,14.822181701660156,-60.3109130859375,2.219352960586548,-0.004365724045783281,0.40667176246643066,0.9133854508399963,0.018062764778733253
187,neck,-18.549898147583008,0.3211153745651245,-0.5559563636779785,0.00495806522667408,0.07810128480195999,-0.010428407229483128,0.9968785643577576
187,pelvis,7.371850967407227,-0.6914600133895874,-2.0397603511810303,-0.0020240319427102804,-0.02927873469889164,-0.06859884411096573,0.9972126483917236
187,root,0.0,0.0,0.0,-2.1139658201718703e-07,-5.7790373375610216e-08,1.0658141036401503e-14,1.0
187,spine_01,-0.7306464910507202,0.757810652256012,-2.188020944595337,0.0016034516738727689,0.011410145089030266,-0.13712956011295319,0.9904861450195312
187,spine_02,-10.039380073547363,5.695175647735596,-1.4903903007507324,0.01210305280983448,0.05364127457141876,-0.21975362300872803,0.9740043878555298
187,thigh_l,20.820444107055664,-1.4578804969787598,-0.0274603720754385,-0.005780995823442936,-0.11339081078767776,-0.028689229860901833,0.9931193590164185
187,thigh_r,19.743045806884766,1.4750803709030151,-0.916438102722168,0.006441009230911732,-0.08858676999807358,0.030020395293831825,0.9955951571464539
187,upperarm_l,-60.678314208984375,-143.64161682128906,80.7899398803711,-0.017329825088381767,0.4751621186733246,0.8121020793914795,0.3382467031478882
187,upperarm_r,18.773338317871094,78.5220947265625,8.3863525390625,-0.013184292241930962,-0.1323564350605011,0.9910279512405396,0.013098113238811493
188,calf_l,-1.3632161617279053,0.10300604999065399,0.07632405310869217,0.002301721600815654,0.11803088337182999,-0.04143702611327171,0.992142379283905
188,calf_r,-1.7136495113372803,-0.09170614928007126,0.09681512415409088,-0.001431540586054325,0.13502182066440582,0.04250536486506462,0.9899294972419739
188,clavicle_l,-22.58714485168457,13.701717376708984,0.9940074682235718,0.029562221840023994,0.10151781141757965,-0.21637482941150665,0.9705679416656494
188,clavicle_r,-24.40789031982422,9.750204086303711,0.9933834075927734,0.015706852078437805,0.1045505553483963,-0.21034105122089386,0.9718946218490601
188,foot_l,1.3998942375183105,-0.09186519682407379,-0.022398846223950386,-0.0007450609118677676,8.370776049559936e-05,-0.0458049513399601,0.9989502429962158
188,foot_r,1.3941096067428589,0.09564457088708878,-0.020110832527279854,0.0006395519594661891,3.586844468372874e-05,0.045609891414642334,0.9989591240882874
188,hand_l,-19.554569244384766,-133.32943725585938,137.00999450683594,-0.7355579137802124,0.3802206218242645,0.3584710955619812,0.43114423751831055
188,hand_r,-16.94754981994629,-144.7376251220703,136.14578247070312,-0.38864171504974365,-0.6894726753234863,-0.43608784675598145,0.4282669723033905
188,head,0.8242226839065552,-0.5975176692008972,-2.4249672889709473,0.002647267421707511,0.018087612465023994,-0.008693205192685127,0.999795138835907
188,lowerarm_l,59.23244857788086,-21.012834548950195,-1.8092241287231445,-0.24779117107391357,-0.2514471709728241,0.9094870686531067,0.2195613533258438
188,lowerarm_r,17.694177627563477,-61.150753021240234,2.849213123321533,-0.014193710871040821,0.4118199050426483,0.9109364748001099,0.01994101144373417
188,neck,-18.56288719177246,0.3496653437614441,-0.5471587181091309,0.004938905127346516,0.07803279906511307,-0.010202161967754364,0.9968863725662231
188,pelvis,7.340690612792969,-0.673241138458252,-2.029705047607422,-0.0019698028918355703,-0.029286105185747147,-0.06680016964673996,0.9973346590995789
188,root,0.0,0.0,0.0,-2.1139658201718703e-07,-5.7790373375610216e-08,1.0658141036401503e-14,1.0
188,spine_01,-0.7514898777008057,0.7335031628608704,-2.1781861782073975,0.0015493538230657578,0.011321651749312878,-0.13362331688404083,0.9909664392471313
188,spine_02,-10.095563888549805,5.539226531982422,-1.485300064086914,0.011754854582250118,0.05350694805383682,-0.2142380177974701,0.9752440452575684
188,thigh_l,20.775922775268555,-1.4529374837875366,-0.028260495513677597,-0.005724584683775902,-0.11308709532022476,-0.028712496161460876,0.9931536316871643
188,thigh_r,19.73219871520996,1.4700239896774292,-0.8931558728218079,0.006368760019540787,-0.08896301686763763,0.030006306245923042,0.9955624938011169
188,upperarm_l,-58.96609878540039,-143.98663330078125,80.02584075927734,-0.01711643859744072,0.47236666083335876,0.8168562650680542,0.33063971996307373
188,upperarm_r,20.914804458618164,80.54145812988281,9.345123291015625,-0.02265785075724125,-0.13924361765384674,0.9899556040763855,0.009260552935302258
189,calf_l,-1.3576996326446533,0.09824938327074051,0.07320579886436462,0.0022949674166738987,0.11768776178359985,-0.04141843691468239,0.9921839237213135
189,calf_r,-1.699404239654541,-0.08778232336044312,0.09342394769191742,-0.001451745512895286,0.13425953686237335,0.042457837611436844,0.9900351762771606
189,clavicle_l,-22.74278450012207,13.388851165771484,0.9914647936820984,0.028894662857055664,0.10149732232093811,-0.2107834368944168,0.9718198180198669
189,clavicle_r,-24.508377075195312,9.439238548278809,0.9909155964851379,0.015102610923349857,0.10443495959043503,-0.20474855601787567,0.9731101393699646
189,foot_l,1.3969002962112427,-0.09419228881597519,-0.022044066339731216,-0.0006740375538356602,-1.17746112664463e-05,-0.045684464275836945,0.9989557266235352
189,foot_r,1.3914291858673096,0.09765897691249847,-0.01968790590763092,0.0005798909696750343,-4.072097362950444e-05,0.045507632195949554,0.9989638328552246
189,hand_l,-15.053874015808105,-133.33580017089844,141.30862426757812,-0.7437177896499634,0.3785267174243927,0.36894872784614563,0.40924105048179626
189,hand_r,-12.214611053466797,-144.60626220703125,140.99208068847656,-0.3908344507217407,-0.6955203413963318,-0.4125802516937256,0.4396333396434784
189,head,0.8041478395462036,-0.559662401676178,-2.4152278900146484,0.0026422857772558928,0.01803959347307682,-0.00846258457750082,0.9997979998588562
189,lowerarm_l,57.89086151123047,-19.609474182128906,-2.534463882446289,-0.24060586094856262,-0.2532709836959839,0.912025511264801,0.21487700939178467
189,lowerarm_r,20.652420043945312,-62.044803619384766,3.614912271499634,-0.024309486150741577,0.4173069894313812,0.9081816673278809,0.021684663370251656
189,neck,-18.571352005004883,0.3801247179508209,-0.5409598350524902,0.0049252924509346485,0.07794761657714844,-0.009972487576305866,0.996895432472229
189,pelvis,7.303749084472656,-0.6557864546775818,-2.017456293106079,-0.0019219890236854553,-0.029268775135278702,-0.06496813148260117,0.9974561929702759
189,root,0.0,0.0,0.0,-2.1139658201718703e-07,-5.7790373375610216e-08,1.0658141036401503e-14,1.0
189,spine_01,-0.7750986218452454,0.7103214263916016,-2.167487144470215,0.0014994918601587415,0.011244996450841427,-0.13005711138248444,0.9914416670799255
189,spine_02,-10.151118278503418,5.380793571472168,-1.4812827110290527,0.011402255855500698,0.05337183550000191,-0.2086215317249298,0.9764724969863892
189,thigh_l,20.70648193359375,-1.4525401592254639,-0.033390987664461136,-0.005703776143491268,-0.1126372292637825,-0.028738824650645256,0.9932041168212891
189,thigh_r,19.699987411499023,1.4690122604370117,-0.8722666501998901,0.006329801399260759,-0.08922553062438965,0.029992762953042984,0.995539665222168
189,upperarm_l,-57.267982482910156,-144.40948486328125,79.47130584716797,-0.01646854542195797,0.47022897005081177,0.8214703798294067,0.32218000292778015
189,upperarm_r,22.99745750427246,82.65412902832031,10.420638084411621,-0.032206300646066666,-0.1464383602142334,0.9886833429336548,0.004891269840300083
190,calf_l,-1.353083610534668,0.10482487082481384,0.07739150524139404,0.0023670634254813194,0.11755037307739258,-0.041403140872716904,0.9922006726264954
190,calf_r,-1.685613989830017,-0.09413956105709076,0.09630075842142105,-0.0015463693998754025,0.1336701363325119,0.042413875460624695,0.9901166558265686
190,clavicle_l,-22.888429641723633,13.095283508300781,0.99354088306427,0.028307607397437096,0.101466104388237,-0.2051086127758026,0.9730538725852966
190,clavicle_r,-24.61968231201172,9.099991798400879,0.99324631690979,0.014405381865799427,0.10434563457965851,-0.19906271994113922,0.9743092656135559
190,foot_l,1.400628685951233,-0.09110821783542633,-0.02203652262687683,-0.0007412206032313406,9.518636215943843e-05,-0.045831289142370224,0.9989489316940308
190,foot_r,1.3951443433761597,0.09477068483829498,-0.020011644810438156,0.0006433357484638691,4.7652676585130394e-05,0.04564576596021652,0.9989575147628784
190,hand_l,-9.715502738952637,-133.54376220703125,143.68536376953125,-0.7600895762443542,0.36270105838775635,0.3677075207233429,0.3943389058113098
190,hand_r,59.07572555541992,-112.84154510498047,204.3388671875,-0.7538557052612305,0.19959062337875366,0.18251001834869385,0.5987948775291443
190,head,0.7990900278091431,-0.5217734575271606,-2.401864528656006,0.0026373176369816065,0.017948616296052933,-0.008229173719882965,0.999801516532898
190,lowerarm_l,56.63639450073242,-19.01937484741211,-3.2965376377105713,-0.23429441452026367,-0.2522735297679901,0.9148427248001099,0.21101437509059906
190,lowerarm_r,51.2586784362793,-63.19441223144531,9.749805450439453,0.11715715378522873,-0.43490463495254517,-0.892706036567688,0.014428253285586834
190,neck,-18.59087562561035,0.4074525237083435,-0.5292415618896484,0.004901412408798933,0.07789978384971619,-0.009739186614751816,0.9969016909599304
190,pelvis,7.275886058807373,-0.6362082958221436,-2.0084500312805176,-0.00186057947576046,-0.02929680608212948,-0.06311970204114914,0.9975741505622864
190,root,0.0,0.0,0.0,-2.1139658201718703e-07,-5.7790373375610216e-08,1.0658141036401503e-14,1.0
190,spine_01,-0.7966193556785583,0.6853774785995483,-2.1576523780822754,0.001443064073100686,0.011155719868838787,-0.12643930315971375,0.9919105768203735
190,spine_02,-10.210601806640625,5.223448753356934,-1.4739394187927246,0.011053918860852718,0.053255338221788406,-0.2029174268245697,0.9776841998100281
190,thigh_l,20.677968978881836,-1.4437536001205444,-0.030862027779221535,-0.005619642324745655,-0.11242508888244629,-0.0287611186504364,0.9932280778884888
190,thigh_r,19.70291519165039,1.4603562355041504,-0.8462187051773071,0.006230231840163469,-0.08969222009181976,0.029977818951010704,0.9954988360404968
190,upperarm_l,-55.44409942626953,-144.7154998779297,78.64755249023438,-0.01694660633802414,0.4672488868236542,0.8259842395782471,0.314867228269577
190,upperarm_r,30.070802688598633,90.16897583007812,14.930447578430176,0.08668007701635361,0.16826064884662628,-0.9786495566368103,0.0801251232624054
191,calf_l,-1.3477592468261719,0.10515743494033813,0.07750627398490906,0.0023949574679136276,0.11729215830564499,-0.04138598591089249,0.9922318458557129
191,calf_r,-1.6711652278900146,-0.09484370797872543,0.09572350233793259,-0.0015998235903680325,0.13296732306480408,0.04236682876944542,0.9902132153511047
191,clavicle_l,-23.039596557617188,12.785945892333984,0.9941889047622681,0.027671582996845245,0.10144948214292526,-0.19935716688632965,0.9742685556411743
191,clavicle_r,-24.722843170166016,8.770272254943848,0.9937359094619751,0.013751069083809853,0.10424462705850601,-0.19330786168575287,0.9754875898361206
191,foot_l,1.400559425354004,-0.09128556400537491,-0.022310815751552582,-0.0007466207025572658,9.184496593661606e-05,-0.04582773149013519,0.9989491105079651
191,foot_r,1.395261287689209,0.09480039775371552,-0.02026212029159069,0.0006506000063382089,4.622811684384942e-05,0.04564833641052246,0.9989573955535889
191,hand_l,-5.12969446182251,-132.92054748535156,148.0862579345703,-0.7671635150909424,0.36154913902282715,0.37797811627388,0.3713153600692749
191,hand_r,82.47117614746094,-109.83158111572266,190.6327667236328,-0.7110195159912109,0.3902030885219574,0.3035047650337219,0.5000776052474976
191,head,0.7844753265380859,-0.48359715938568115,-2.390110492706299,0.0026326612569391727,0.017884360626339912,-0.007992835715413094,0.999804675579071
191,lowerarm_l,55.482662200927734,-17.785327911376953,-3.8966000080108643,-0.2278844714164734,-0.25375664234161377,0.9171924591064453,0.20599597692489624
191,lowerarm_r,54.64997100830078,-53.3306884765625,5.162662982940674,0.12838764488697052,-0.4005703032016754,-0.9070141315460205,0.01963440515100956
191,neck,-18.605836868286133,0.43658846616744995,-0.5200743675231934,0.00488304765895009,0.07783520221710205,-0.009503550827503204,0.9969090819358826
191,pelvis,7.242491722106934,-0.6173892021179199,-1.9974172115325928,-0.0018052859231829643,-0.02930055931210518,-0.06124657019972801,0.9976909160614014
191,root,0.0,0.0,0.0,-2.1139658201718703e-07,-5.7790373375610216e-08,1.0658141036401503e-14,1.0
191,spine_01,-0.8206008672714233,0.6616200804710388,-2.147030830383301,0.001391092431731522,0.01107766479253769,-0.1227780431509018,0.9923713803291321
191,spine_02,-10.268768310546875,5.064105033874512,-1.4678239822387695,0.01070223469287157,0.05313687026500702,-0.19713813066482544,0.9788761734962463
191,thigh_l,20.625534057617188,-1.439497470855713,-0.03261324018239975,-0.005570661276578903,-0.11207293719053268,-0.02878633327782154,0.9932673573493958
191,thigh_r,19.685253143310547,1.455803632736206,-0.8226447701454163,0.006163966841995716,-0.09004754573106766,0.02996341697871685,0.9954676032066345
191,upperarm_l,-53.636802673339844,-145.10470581054688,78.04660034179688,-0.017015846446156502,0.4649761915206909,0.8303155303001404,0.3067306876182556
191,upperarm_r,30.868698120117188,93.88006591796875,17.10917091369629,0.09495089203119278,0.1807125210762024,-0.9749228954315186,0.08861517906188965
192,calf_l,-1.3422354459762573,0.10423873364925385,0.0767756924033165,0.002412476111203432,0.11700340360403061,-0.041367702186107635,0.9922666549682617
192,calf_r,-1.6563901901245117,-0.09442861378192902,0.09435727447271347,-0.0016437475569546223,0.13223008811473846,0.042318377643823624,0.9903139472007751
192,clavicle_l,-23.191265106201172,12.47042179107666,0.9949235916137695,0.02702094428241253,0.10143901407718658,-0.19354435801506042,0.9754591584205627
192,clavicle_r,-24.824058532714844,8.441155433654785,0.9944838285446167,0.01310528814792633,0.10414727032184601,-0.1874903440475464,0.9766417145729065
192,foot_l,1.399802803993225,-0.09187662601470947,-0.02230849303305149,-0.0007304541068151593,6.585231312783435e-05,-0.04579731449484825,0.9989505410194397
192,foot_r,1.3947113752365112,0.09521090239286423,-0.020291678607463837,0.0006389837944880128,2.5874267521430738e-05,0.045626334846019745,0.9989584684371948
192,hand_l,0.22201798856258392,-132.53829956054688,150.53646850585938,-0.7820318341255188,0.3458484411239624,0.37713971734046936,0.3557819426059723
192,hand_r,89.28240203857422,-105.46330261230469,188.96278381347656,-0.709701657295227,0.41765350103378296,0.32733088731765747,0.46340450644493103
192,head,0.7666740417480469,-0.44546574354171753,-2.378714084625244,0.00262757227756083,0.017828701063990593,-0.0077535356394946575,0.999807596206665
192,lowerarm_l,54.44939041137695,-17.356992721557617,-4.534186840057373,-0.22242146730422974,-0.25244688987731934,0.9198200702667236,0.2018175572156906
192,lowerarm_r,57.05536651611328,-50.71836853027344,4.7743940353393555,0.13697324693202972,-0.39432886242866516,-0.9084852933883667,0.0199386328458786
192,neck,-18.620426177978516,0.4660671651363373,-0.5113840103149414,0.004865738097578287,0.07776833325624466,-0.009264861233532429,0.9969165325164795
192,pelvis,7.207465171813965,-0.5985480546951294,-1.9857823848724365,-0.0017506356816738844,-0.02929803915321827,-0.05935637280344963,0.9978052973747253
192,root,0.0,0.0,0.0,-2.1139658201718703e-07,-5.7790373375610216e-08,1.0658141036401503e-14,1.0
192,spine_01,-0.8456201553344727,0.6381354928016663,-2.1360814571380615,0.0013400219613686204,0.011003944091498852,-0.11908160150051117,0.9928227066993713
192,spine_02,-10.326617240905762,4.9039130210876465,-1.461648941040039,0.010349839925765991,0.0530213788151741,-0.191297709941864,0.9800443053245544
192,thigh_l,20.56703758239746,-1.43603515625,-0.035233307629823685,-0.005529612768441439,-0.11168494075536728,-0.028812265023589134,0.9933105111122131
192,thigh_r,19.662092208862305,1.4519411325454712,-0.7994945049285889,0.006104981992393732,-0.09037552773952484,0.029949689283967018,0.9954386353492737
192,upperarm_l,-51.71070098876953,-145.36337280273438,77.17340850830078,-0.018205735832452774,0.46183422207832336,0.8345659971237183,0.2997954487800598
192,upperarm_r,31.39126968383789,97.16817474365234,19.133827209472656,0.10135990381240845,0.1919655203819275,-0.9715918302536011,0.09425884485244751
193,calf_l,-1.3369362354278564,0.10651914775371552,0.07795633375644684,0.0024524822365492582,0.11677153408527374,-0.04135075956583023,0.9922946691513062
193,calf_r,-1.6416698694229126,-0.09689773619174957,0.09467101097106934,-0.001708473777398467,0.1315387487411499,0.04227161407470703,0.9904078841209412
193,clavicle_l,-23.338560104370117,12.159577369689941,0.9972301125526428,0.026394285261631012,0.10142680257558823,-0.18768446147441864,0.9766219854354858
193,clavicle_r,-24.926380157470703,8.102827072143555,0.996890127658844,0.012432034127414227,0.10405834764242172,-0.1816253513097763,0.9777676463127136
193,foot_l,1.4010568857192993,-0.09099098294973373,-0.022633250802755356,-0.0007550130249001086,9.103948104893789e-05,-0.04584242403507233,0.9989484548568726
193,foot_r,1.3960621356964111,0.09430456161499023,-0.02068788930773735,0.0006646286929026246,4.806290235137567e-05,0.04567356035113335,0.9989562034606934
193,hand_l,5.537389278411865,-131.87005615234375,152.99803161621094,-0.7959187030792236,0.3301923871040344,0.3765709400177002,0.3401186466217041
193,hand_r,93.17828369140625,-100.03697967529297,191.18280029296875,-0.7238935232162476,0.40787437558174133,0.3313399851322174,0.44702404737472534
193,head,0.7537487745285034,-0.40718597173690796,-2.366018295288086,0.002623088425025344,0.017758872359991074,-0.007513858377933502,0.9998106360435486
193,lowerarm_l,53.543453216552734,-16.998157501220703,-5.108975887298584,-0.21742060780525208,-0.25101974606513977,0.9223400354385376,0.1975000649690628
193,lowerarm_r,59.727413177490234,-49.64862823486328,5.387768268585205,0.14646436274051666,-0.39445316791534424,-0.9069480895996094,0.020001588389277458
193,neck,-18.639362335205078,0.4945737421512604,-0.5007505416870117,0.004845360293984413,0.07771563529968262,-0.009025639854371548,0.9969229698181152
193,pelvis,7.174864292144775,-0.5792694687843323,-1.9750475883483887,-0.0016932351281866431,-0.02930847369134426,-0.05745713412761688,0.9979162812232971
193,root,0.0,0.0,0.0,-2.1139658201718703e-07,-5.7790373375610216e-08,1.0658141036401503e-14,1.0
193,spine_01,-0.870402455329895,0.6144688129425049,-2.125316858291626,0.0012881108559668064,0.010928465984761715,-0.11535929143428802,0.9932628870010376
193,spine_02,-10.385109901428223,4.744085788726807,-1.4544010162353516,0.009999810717999935,0.052913401275873184,-0.18540982902050018,0.981184720993042
193,thigh_l,20.5199031829834,-1.4301642179489136,-0.03583217039704323,-0.0054702553898096085,-0.11136283725500107,-0.028837168589234352,0.9933463335037231
193,thigh_r,19.648578643798828,1.445892095565796,-0.7749159932136536,0.006028782110661268,-0.09076081961393356,0.029935264959931374,0.9954044818878174
193,upperarm_l,-49.73504638671875,-145.5906982421875,76.27098846435547,-0.019753750413656235,0.4585868716239929,0.8386972546577454,0.2930781841278076
193,upperarm_r,31.72258186340332,100.5440444946289,21.306020736694336,0.10782650858163834,0.20359568297863007,-0.9678314328193665,0.10111650824546814
194,calf_l,-1.33128821849823,0.10579300671815872,0.07741914689540863,0.00247003510594368,0.11648271977901459,-0.04133287072181702,0.9923292398452759
194,calf_r,-1.6265649795532227,-0.09659245610237122,0.09342816472053528,-0.0017520168330520391,0.13079175353050232,0.042223405092954636,0.9905088543891907
194,clavicle_l,-23.486120223999023,11.840415000915527,0.9988502860069275,0.02574354037642479,0.10141992568969727,-0.18179018795490265,0.9777544140815735
194,clavicle_r,-25.022924423217773,7.76979923248291,0.9984885454177856,0.011782577261328697,0.10396391153335571,-0.17572695016860962,0.978863000869751
194,foot_l,1.400411605834961,-0.09145622700452805,-0.022493917495012283,-0.0007397084846161306,7.306463521672413e-05,-0.04581773653626442,0.9989495277404785
194,foot_r,1.395641803741455,0.09461089223623276,-0.020622381940484047,0.0006537559675052762,3.3563839679118246e-05,0.04565610736608505,0.998957097530365
194,hand_l,9.903060913085938,-130.3312530517578,157.36224365234375,-0.8009722828865051,0.3304392397403717,0.38624832034111023,0.3163314759731293
194,hand_r,95.40032196044922,-93.99555206298828,195.36932373046875,-0.7454331517219543,0.3776104152202606,0.32629457116127014,0.44189566373825073
194,head,0.7346730828285217,-0.3690459728240967,-2.3544788360595703,0.0026182602159678936,0.017706111073493958,-0.007272121496498585,0.9998133778572083
194,lowerarm_l,52.724395751953125,-16.0028076171875,-5.535500526428223,-0.21230800449848175,-0.2520544230937958,0.9243923425674438,0.192074716091156
194,lowerarm_r,62.520103454589844,-49.26219177246094,6.512078762054443,0.15642395615577698,-0.39754340052604675,-0.9039294719696045,0.02005949802696705
194,neck,-18.655725479125977,0.5238252878189087,-0.4916667938232422,0.004827702883630991,0.07765323668718338,-0.008784517645835876,0.9969301223754883
194,pelvis,7.139725208282471,-0.5602133870124817,-1.9633114337921143,-0.0016378487925976515,-0.029307525604963303,-0.055548444390296936,0.9980244636535645
194,root,0.0,0.0,0.0,-2.1139658201718703e-07,-5.7790373375610216e-08,1.0658141036401503e-14,1.0
194,spine_01,-0.8963459134101868,0.5914534330368042,-2.114194631576538,0.0012385286390781403,0.010859007015824318,-0.11161882430315018,0.9936910271644592
194,spine_02,-10.44215202331543,4.583642959594727,-1.4476776123046875,0.009649411775171757,0.05280526354908943,-0.17948782444000244,0.9822945594787598
194,thigh_l,20.46150016784668,-1.426491379737854,-0.038273051381111145,-0.005429196637123823,-0.1109747514128685,-0.02886296808719635,0.9933891892433167
194,thigh_r,19.624927520751953,1.4419220685958862,-0.7514969706535339,0.005970207042992115,-0.09109044075012207,0.02992166206240654,0.9953750967979431
194,upperarm_l,-47.78419876098633,-145.912109375,75.61590576171875,-0.020891990512609482,0.456136554479599,0.8425944447517395,0.28554826974868774
194,upperarm_r,31.812047958374023,103.986083984375,23.615032196044922,0.11409606039524078,0.2155834138393402,-0.9636668562889099,0.10886751860380173
195,calf_l,-1.3256958723068237,0.10611298680305481,0.07744743674993515,0.00249399128369987,0.11621101945638657,-0.0413154773414135,0.9923617839813232
195,calf_r,-1.6114901304244995,-0.09728387743234634,0.09276098757982254,-0.0018019011477008462,0.1300574690103531,0.04217536374926567,0.9906074404716492
195,clavicle_l,-23.63032341003418,11.52234172821045,1.0012301206588745,0.02510141395032406,0.10141320526599884,-0.17587564885616302,0.9788529276847839
195,clavicle_r,-25.11734962463379,7.43337345123291,1.0007927417755127,0.011124310083687305,0.10387139767408371,-0.16980859637260437,0.9799244999885559
195,foot_l,1.4004806280136108,-0.09138087928295135,-0.02243722416460514,-0.0007367432117462158,7.055862079141662e-05,-0.04581905156373978,0.9989495277404785
195,foot_r,1.3958377838134766,0.09443480521440506,-0.02063606120646,0.0006543773342855275,3.306412327219732e-05,0.04566308483481407,0.9989567995071411
195,hand_l,14.976200103759766,-129.1331329345703,159.7412109375,-0.8131500482559204,0.3154923915863037,0.3857764005661011,0.3007126748561859
195,hand_r,98.33670043945312,-88.25566864013672,197.83309936523438,-0.7601851224899292,0.36134880781173706,0.3278152644634247,0.4290487766265869
195,head,0.716806173324585,-0.33100712299346924,-2.342402935028076,0.0026135232765227556,0.017649579793214798,-0.007030292879790068,0.9998161196708679
195,lowerarm_l,52.05782699584961,-15.783649444580078,-6.0012383460998535,-0.20818771421909332,-0.2503734230995178,0.9267178177833557,0.18752378225326538
195,lowerarm_r,65.08741760253906,-48.05302810668945,7.20383882522583,0.16572102904319763,-0.39736685156822205,-0.9023364782333374,0.020617837086319923
195,neck,-18.674148559570312,0.5526625514030457,-0.48183202743530273,0.004809053149074316,0.07759716361761093,-0.008543649688363075,0.9969366788864136
195,pelvis,7.105323791503906,-0.5409892797470093,-1.9518792629241943,-0.0015814598882570863,-0.029310602694749832,-0.05363783985376358,0.9981289505958557
195,root,0.0,0.0,0.0,-2.1139658201718703e-07,-5.7790373375610216e-08,1.0658141036401503e-14,1.0
195,spine_01,-0.9223209619522095,0.568469762802124,-2.103114128112793,0.0011887371074408293,0.010790054686367512,-0.10786942392587662,0.9941058158874512
195,spine_02,-10.49856948852539,4.423654079437256,-1.4404535293579102,0.009301298297941685,0.05270085856318474,-0.17354576289653778,0.983370840549469
195,thigh_l,20.406517028808594,-1.4220508337020874,-0.04008875787258148,-0.005383112467825413,-0.11060647666454315,-0.028888389468193054,0.9934297800064087
195,thigh_r,19.603870391845703,1.4370954036712646,-0.7277055382728577,0.005905976984649897,-0.09143536537885666,0.02990799956023693,0.9953442811965942
195,upperarm_l,-45.720924377441406,-146.0806427001953,74.67739868164062,-0.023110128939151764,0.4527433514595032,0.8464689254760742,0.2792486846446991
195,upperarm_r,31.698938369750977,107.27367401123047,25.916275024414062,0.11976011842489243,0.22718706727027893,-0.9594261050224304,0.11638373881578445
196,calf_l,-1.320389747619629,0.10860926657915115,0.07872381061315536,0.0025327587500214577,0.11598043888807297,-0.04129834473133087,0.9923893213272095
196,calf_r,-1.5965439081192017,-0.09998057782649994,0.09319666028022766,-0.0018654202576726675,0.12935853004455566,0.04212874919176102,0.9907007813453674
196,clavicle_l,-23.769460678100586,11.208366394042969,1.004507303237915,0.02447780780494213,0.1014031395316124,-0.16995415091514587,0.9799153208732605
196,clavicle_r,-25.210386276245117,7.09208869934082,1.0041077136993408,0.010450824163854122,0.10378305613994598,-0.1638825684785843,0.9809497594833374
196,foot_l,1.4018582105636597,-0.09036408364772797,-0.022736873477697372,-0.0007651837076991796,0.00010132478200830519,-0.04587062448263168,0.9989470839500427
196,foot_r,1.3973846435546875,0.09336229413747787,-0.02104625664651394,0.0006833795923739672,6.0242480685701594e-05,0.045717619359493256,0.998954176902771
196,hand_l,19.89934539794922,-127.70960235595703,162.04977416992188,-0.8243073225021362,0.3008630573749542,0.38547319173812866,0.28532323241233826
196,hand_r,100.83174896240234,-82.47317504882812,200.30226135253906,-0.7746808528900146,0.342857301235199,0.3285238742828369,0.4176010191440582
196,head,0.702549159526825,-0.2932305335998535,-2.329528331756592,0.002608651528134942,0.017582539469003677,-0.006788353435695171,0.9998189806938171
196,lowerarm_l,51.51264572143555,-15.620246887207031,-6.415159225463867,-0.20449811220169067,-0.2485985904932022,0.9289435744285583,0.18287459015846252
196,lowerarm_r,67.57415771484375,-46.7407112121582,7.896930694580078,0.17483168840408325,-0.3968717157840729,-0.900814414024353,0.021450895816087723
196,neck,-18.69570541381836,0.5807327032089233,-0.4707813262939453,0.004788634367287159,0.07755126804113388,-0.008301923051476479,0.9969422817230225
196,pelvis,7.07253360748291,-0.5216397643089294,-1.9411325454711914,-0.0015239890199154615,-0.029321586713194847,-0.051730167120695114,0.998229444026947
196,root,0.0,0.0,0.0,-2.1139658201718703e-07,-5.7790373375610216e-08,1.0658141036401503e-14,1.0
196,spine_01,-0.9479999542236328,0.5455496311187744,-2.092224359512329,0.0011388608254492283,0.010720383375883102,-0.10411892086267471,0.9945064187049866
196,spine_02,-10.554566383361816,4.264622688293457,-1.4325737953186035,0.008956538513302803,0.05260151997208595,-0.16759686172008514,0.9844105839729309
196,thigh_l,20.35947036743164,-1.415993094444275,-0.04060347378253937,-0.005325217731297016,-0.110284224152565,-0.028913134709000587,0.9934651851654053
196,thigh_r,19.58956527709961,1.430787444114685,-0.703095018863678,0.005830685142427683,-0.09181810170412064,0.029894357547163963,0.9953099489212036
196,upperarm_l,-43.61580276489258,-146.21339416503906,73.71870422363281,-0.02563956007361412,0.44925636053085327,0.8502350449562073,0.2731514871120453
196,upperarm_r,31.368595123291016,110.48238372802734,28.252256393432617,0.12497691065073013,0.23867300152778625,-0.9549921154975891,0.12412133067846298
197,calf_l,-1.314530372619629,0.10713928937911987,0.07767882198095322,0.0025419355370104313,0.11567412316799164,-0.04128040745854378,0.992425799369812
197,calf_r,-1.5811387300491333,-0.09897338598966599,0.09155729413032532,-0.001900745672173798,0.12858951091766357,0.04208040237426758,0.9908028841018677
197,clavicle_l,-23.908180236816406,10.885647773742676,1.006545066833496,0.02382524311542511,0.10139776766300201,-0.16403938829898834,0.9809393286705017
197,clavicle_r,-25.296443939208984,6.761287212371826,1.0061619281768799,0.009815056808292866,0.10368850827217102,-0.1579645276069641,0.9819367527961731
197,foot_l,1.4007514715194702,-0.09135399013757706,-0.02287246845662594,-0.0007528605055995286,7.314669346669689e-05,-0.04582826420664787,0.9989490509033203
197,foot_r,1.396507978439331,0.0941808819770813,-0.02116759493947029,0.000674676732160151,3.73974435206037e-05,0.04568394646048546,0.9989557266235352
197,hand_l,23.728500366210938,-125.44512939453125,166.14149475097656,-0.8271223902702332,0.30310747027397156,0.39423733949661255,0.2618616819381714
197,hand_r,102.9068374633789,-76.72309112548828,202.71925354003906,-0.7886072993278503,0.3225839138031006,0.3287055194377899,0.4074198305606842
197,head,0.6792377829551697,-0.25558415055274963,-2.3184895515441895,0.002604008186608553,0.017540939152240753,-0.0065469443798065186,0.9998213648796082
197,lowerarm_l,51.034210205078125,-14.810532569885254,-6.694460868835449,-0.20065250992774963,-0.24931231141090393,0.9306991696357727,0.177146777510643
197,lowerarm_r,69.96415710449219,-45.31239700317383,8.572341918945312,0.1837041825056076,-0.39598461985588074,-0.8994109034538269,0.02256106585264206
197,neck,-18.71257972717285,0.6096364855766296,-0.46221017837524414,0.004771670792251825,0.07748866826295853,-0.008061163127422333,0.9969492554664612
197,pelvis,7.036821365356445,-0.5026328563690186,-1.9291102886199951,-0.0014689798699691892,-0.029318122193217278,-0.049825284630060196,0.9983265399932861
197,root,0.0,0.0,0.0,-2.1139658201718703e-07,-5.7790373375610216e-08,1.0658141036401503e-14,1.0
197,spine_01,-0.974655270576477,0.5234208703041077,-2.0809531211853027,0.0010916818864643574,0.010657200589776039,-0.1003764271736145,0.994891881942749
197,spine_02,-10.60771656036377,4.105689525604248,-1.4257192611694336,0.008612927980720997,0.05249837040901184,-0.16165506839752197,0.9854122996330261
197,thigh_l,20.29781723022461,-1.4128581285476685,-0.04351085424423218,-0.005291424226015806,-0.10987716168165207,-0.028938908129930496,0.9935097098350525
197,thigh_r,19.561643600463867,1.4271750450134277,-0.6802409887313843,0.005778410006314516,-0.09212225675582886,0.029881209135055542,0.9952825903892517
197,upperarm_l,-41.542606353759766,-146.4500732421875,73.02519989013672,-0.02774122916162014,0.44663429260253906,0.8537383079528809,0.2662315368652344
197,upperarm_r,30.82799530029297,113.59386444091797,30.60572052001953,0.12972471117973328,0.2499867081642151,-0.9503953456878662,0.13201089203357697
198,calf_l,-1.3086580038070679,0.10421576350927353,0.07563328742980957,0.0025397990830242634,0.11534179747104645,-0.041262187063694,0.9924652576446533
198,calf_r,-1.5657551288604736,-0.09663594514131546,0.08900095522403717,-0.0019250822952017188,0.12779803574085236,0.04203182831406593,0.9909073114395142
198,clavicle_l,-24.0438289642334,10.561408042907715,1.0085071325302124,0.02316843718290329,0.10139337182044983,-0.15814577043056488,0.9819229245185852
198,clavicle_r,-25.37763786315918,6.434842109680176,1.007997989654541,0.00919401366263628,0.10359131544828415,-0.1520678699016571,0.9828834533691406
198,foot_l,1.3989629745483398,-0.09269942343235016,-0.02253408543765545,-0.0007081411895342171,1.515753501735162e-05,-0.04575622081756592,0.9989524483680725
198,foot_r,1.3949267864227295,0.09530235826969147,-0.020888950675725937,0.0006363909924402833,-1.1656138667603955e-05,0.04562265798449516,0.9989585280418396
198,hand_l,28.235605239868164,-123.67253112792969,168.2089385986328,-0.8365469574928284,0.2895766794681549,0.393959641456604,0.24724552035331726
198,hand_r,105.97307586669922,-71.35499572753906,203.36868286132812,-0.796668291091919,0.31900739669799805,0.3347242772579193,0.3892475366592407
198,head,0.6548005938529968,-0.21801479160785675,-2.3076653480529785,0.0026001124642789364,0.017502401024103165,-0.006306563038378954,0.9998235702514648
198,lowerarm_l,50.703125,-14.752242088317871,-7.021469593048096,-0.19773660600185394,-0.247344970703125,0.9327502846717834,0.17232991755008698
198,lowerarm_r,72.12844848632812,-43.04669952392578,8.766103744506836,0.1918768733739853,-0.39167940616607666,-0.8995424509048462,0.024370037019252777
198,neck,-18.7296142578125,0.6382507085800171,-0.45391321182250977,0.004754690919071436,0.07742617279291153,-0.007822037674486637,0.9969561696052551
198,pelvis,6.999768257141113,-0.48395708203315735,-1.9167602062225342,-0.0014158051926642656,-0.029307685792446136,-0.04792969301342964,0.9984196424484253
198,root,0.0,0.0,0.0,-2.1139658201718703e-07,-5.7790373375610216e-08,1.0658141036401503e-14,1.0
198,spine_01,-1.0017175674438477,0.5018031001091003,-2.069556713104248,0.001045948825776577,0.010597599670290947,-0.09665050357580185,0.9952614307403564
198,spine_02,-10.658985137939453,3.9477922916412354,-1.4190912246704102,0.008272492326796055,0.05239563435316086,-0.15573446452617645,0.9863737225532532
198,thigh_l,20.230884552001953,-1.410752773284912,-0.047443922609090805,-0.005266559310257435,-0.10943993180990219,-0.028965549543499947,0.9935574531555176
198,thigh_r,19.528623580932617,1.4245649576187134,-0.6583849191665649,0.005735280457884073,-0.09239520132541656,0.029869133606553078,0.9952577948570251
198,upperarm_l,-39.36723327636719,-146.51751708984375,72.04985809326172,-0.03081882931292057,0.44302883744239807,0.8572757840156555,0.26048779487609863
198,upperarm_r,30.160633087158203,116.46561431884766,32.863433837890625,0.13394615054130554,0.26057735085487366,-0.9458805322647095,0.13952751457691193
199,calf_l,-1.3035181760787964,0.10885608196258545,0.07820697128772736,0.002590490272268653,0.11515443027019501,-0.04124663025140762,0.9924874901771545
199,calf_r,-1.551016092300415,-0.1013244241476059,0.09066839516162872,-0.0019993160385638475,0.1271405667066574,0.041986946016550064,0.9909936785697937
199,clavicle_l,-24.169815063476562,10.255192756652832,1.0131055116653442,0.022575698792934418,0.10137882828712463,-0.15228642523288727,0.9828639626502991
199,clavicle_r,-25.46086311340332,6.092938423156738,1.0127286911010742,0.008516638539731503,0.103505440056324,-0.1462036669254303,0.9837878942489624
199,foot_l,1.4017077684402466,-0.09054704755544662,-0.02284061908721924,-0.0007593946647830307,8.673603588249534e-05,-0.045860908925533295,0.9989475607872009
199,foot_r,1.3977199792861938,0.0931730717420578,-0.021286537870764732,0.0006867272313684225,5.197115388000384e-05,0.04572584852576256,0.9989538192749023
199,hand_l,32.5274772644043,-121.78327941894531,170.12908935546875,-0.844976544380188,0.2765541672706604,0.3938842713832855,0.23321154713630676
199,hand_r,107.33267974853516,-65.8300552368164,205.59646606445312,-0.8092582821846008,0.2964470386505127,0.3341967761516571,0.38148754835128784
199,head,0.6425067782402039,-0.1814001202583313,-2.2942185401916504,0.002594825578853488,0.01742934249341488,-0.006067611742764711,0.9998263716697693
199,lowerarm_l,50.470333099365234,-14.731986999511719,-7.308664798736572,-0.19516748189926147,-0.2453112155199051,0.9347172975540161,0.16743844747543335
199,lowerarm_r,74.30205535888672,-41.380680084228516,9.370299339294434,0.20019212365150452,-0.3899185061454773,-0.8984468579292297,0.026075324043631554
199,neck,-18.754858016967773,0.6650991439819336,-0.4418015480041504,0.004733346402645111,0.07739174365997314,-0.0075834970921278,0.9969606995582581
199,pelvis,6.969369888305664,-0.4645634889602661,-1.9069552421569824,-0.001357033266685903,-0.02932809107005596,-0.046053577214479446,0.9985074400901794
199,root,0.0,0.0,0.0,-2.1139658201718703e-07,-5.7790373375610216e-08,1.0658141036401503e-14,1.0
199,spine_01,-1.0264219045639038,0.4796295762062073,-2.0591318607330322,0.0009976866422221065,0.01052835863083601,-0.09294911473989487,0.9956147074699402
199,spine_02,-10.71058464050293,3.792497158050537,-1.4104485511779785,0.007939066737890244,0.052302196621894836,-0.1498487889766693,0.9872927665710449
199,thigh_l,20.19259262084961,-1.403200387954712,-0.04650328680872917,-0.005200296640396118,-0.10916909575462341,-0.02898818999528885,0.9935868382453918
199,thigh_r,19.52064323425293,1.4168325662612915,-0.633281946182251,0.005652113817632198,-0.09280641376972198,0.02985522523522377,0.995220422744751
199,upperarm_l,-37.1599006652832,-146.5485382080078,71.06776428222656,-0.03412927687168121,0.43935590982437134,0.860717236995697,0.2548872232437134
199,upperarm_r,29.24601173400879,119.33106231689453,35.19236755371094,0.1377694308757782,0.27135974168777466,-0.9410675764083862,0.14756439626216888
200,calf_l,-1.2979241609573364,0.10827693343162537,0.07769947499036789,0.002602811437100172,0.11487264931201935,-0.04122975096106529,0.9925208687782288
200,calf_r,-1.5359196662902832,-0.10109110921621323,0.08950522541999817,-0.002036301651969552,0.12639909982681274,0.04194031283259392,0.9910904169082642
200,clavicle_l,-24.29461669921875,9.939664840698242,1.0158361196517944,0.02194857783615589,0.10136733949184418,-0.1464756429195404,0.9837620854377747
200,clavicle_r,-25.534778594970703,5.766659259796143,1.0153883695602417,0.00789127591997385,0.10340762883424759,-0.14039017260074615,0.9846497774124146
200,foot_l,1.401229739189148,-0.09090273827314377,-0.022741379216313362,-0.0007503129309043288,7.495914906030521e-05,-0.045843515545129776,0.9989483952522278
200,foot_r,1.3974542617797852,0.09341982752084732,-0.02130843698978424,0.0006819057161919773,4.249900302966125e-05,0.045714955776929855,0.9989542961120605
200,hand_l,36.75818634033203,-119.73613739013672,171.9587860107422,-0.8526533246040344,0.26371175050735474,0.39415881037712097,0.2192658632993698
200,hand_r,108.46383666992188,-60.33971405029297,207.68170166015625,-0.8209700584411621,0.2728380262851715,0.3339279890060425,0.3742457330226898
200,head,0.6203655004501343,-0.14486479759216309,-2.282989025115967,0.0025905531365424395,0.01738419570028782,-0.005831388756632805,0.999828577041626
200,lowerarm_l,50.330074310302734,-14.747214317321777,-7.5631208419799805,-0.1929146945476532,-0.2431669980287552,0.9366154670715332,0.16249702870845795
200,lowerarm_r,76.39537811279297,-39.53888702392578,9.92550277709961,0.20833143591880798,-0.3876131474971771,-0.8975300788879395,0.02817520499229431
200,neck,-18.774484634399414,0.6928873062133789,-0.4326939582824707,0.004716343712061644,0.07733771950006485,-0.007347863633185625,0.9969667196273804
200,pelvis,6.93501091003418,-0.44584694504737854,-1.895582675933838,-0.00130237836856395,-0.0293279979377985,-0.04419267177581787,0.9985916018486023
200,root,0.0,0.0,0.0,-2.1139658201718703e-07,-5.7790373375610216e-08,1.0658141036401503e-14,1.0
200,spine_01,-1.0522509813308716,0.45852261781692505,-2.0482778549194336,0.0009529534145258367,0.010467423126101494,-0.08928223699331284,0.9959509372711182
200,spine_02,-10.758278846740723,3.6381311416625977,-1.403343677520752,0.007608396466821432,0.05220215395092964,-0.14401160180568695,0.9881689548492432
200,thigh_l,20.135669708251953,-1.3995000123977661,-0.04879003390669823,-0.005165095441043377,-0.10879047960042953,-0.02901286818087101,0.9936277866363525
200,thigh_r,19.495346069335938,1.4127106666564941,-0.6108123660087585,0.0055991546250879765,-0.09311489760875702,0.029842210933566093,0.9951923489570618
200,upperarm_l,-34.89787292480469,-146.51895141601562,70.03202819824219,-0.03769955039024353,0.43544164299964905,0.8641546964645386,0.24941140413284302
200,upperarm_r,28.105064392089844,122.14588165283203,37.563507080078125,0.14111189544200897,0.282204806804657,-0.9360374212265015,0.1558268666267395
201,calf_l,-1.2922450304031372,0.10678509622812271,0.0764118954539299,0.0026070699095726013,0.11457298696041107,-0.041212692856788635,0.9925562143325806
201,calf_r,-1.520879864692688,-0.10005407780408859,0.08772832900285721,-0.0020657829008996487,0.12564517557621002,0.0418940931558609,0.9911881685256958
201,clavicle_l,-24.413970947265625,9.624692916870117,1.0179764032363892,0.021321412175893784,0.10135055333375931,-0.1407272070646286,0.9846164584159851
201,clavicle_r,-25.603464126586914,5.446230411529541,1.017642855644226,0.007281879428774118,0.10330671817064285,-0.13463924825191498,0.9854679107666016
201,foot_l,1.4001622200012207,-0.09206745028495789,-0.02335486002266407,-0.0007496543694287539,4.147076833760366e-05,-0.04580025002360344,0.9989503622055054
201,foot_r,1.3965847492218018,0.09438356012105942,-0.02182556688785553,0.0006830203928984702,1.4231750355975237e-05,0.04567982628941536,0.9989559054374695
201,hand_l,40.084922790527344,-116.76764678955078,175.60813903808594,-0.8531176447868347,0.2680113911628723,0.40237799286842346,0.19609221816062927
201,hand_r,110.93038177490234,-54.87886047363281,208.0226593017578,-0.8280240297317505,0.2667195200920105,0.33944976329803467,0.3577859699726105
201,head,0.5962215662002563,-0.10863663256168365,-2.272331714630127,0.0025869247037917376,0.01734483614563942,-0.005597394425421953,0.9998306632041931
201,lowerarm_l,50.23936462402344,-14.1033353805542,-7.704505443572998,-0.1904640793800354,-0.24347521364688873,0.9380499720573425,0.15654242038726807
201,lowerarm_r,78.34521484375,-36.75934982299805,10.00426959991455,0.21606594324111938,-0.3817516267299652,-0.8981091380119324,0.031327538192272186
201,neck,-18.79317283630371,0.7199665307998657,-0.424349308013916,0.004698627628386021,0.0772804468870163,-0.007114766165614128,0.9969729781150818
201,pelvis,6.899951457977295,-0.42750978469848633,-1.8840909004211426,-0.0012494244147092104,-0.02932267263531685,-0.042354751378297806,0.9986714720726013
201,root,0.0,0.0,0.0,-2.1139658201718703e-07,-5.7790373375610216e-08,1.0658141036401503e-14,1.0
201,spine_01,-1.0779545307159424,0.43781906366348267,-2.037423849105835,0.0009089711820706725,0.010408763773739338,-0.08565746992826462,0.9962698817253113
201,spine_02,-10.803378105163574,3.485825300216675,-1.3965606689453125,0.007283046375960112,0.052100978791713715,-0.1382378488779068,0.9890008568763733
201,thigh_l,20.075321197509766,-1.3964169025421143,-0.05178141966462135,-0.0051363022066652775,-0.10839259624481201,-0.02903769165277481,0.9936707019805908
201,thigh_r,19.466157913208008,1.4092392921447754,-0.5892664194107056,0.005553116090595722,-0.09339557588100433,0.029830383136868477,0.9951666593551636
201,upperarm_l,-32.635860443115234,-146.5592041015625,69.18525695800781,-0.040917329490184784,0.43213510513305664,0.8674510717391968,0.24313317239284515
201,upperarm_r,26.781278610229492,124.84407043457031,39.92277526855469,0.143975168466568,0.2928553521633148,-0.9308980703353882,0.16412104666233063
202,calf_l,-1.286974310874939,0.10773084312677383,0.07672817260026932,0.002628323622047901,0.11432956904172897,-0.041196953505277634,0.9925849437713623
202,calf_r,-1.5062817335128784,-0.10127420723438263,0.0874001756310463,-0.002110723638907075,0.12494881451129913,0.04184957593679428,0.9912780523300171
202,clavicle_l,-24.52824592590332,9.320555686950684,1.0214731693267822,0.02072736620903015,0.10133478790521622,-0.13505594432353973,0.9854245781898499
202,clavicle_r,-25.67010498046875,5.123749732971191,1.0210052728652954,0.006659220904111862,0.10320991277694702,-0.12896358966827393,0.9862412214279175
202,foot_l,1.4008699655532837,-0.09120456129312515,-0.02278922125697136,-0.0007376507855951786,5.604455145657994e-05,-0.04582570493221283,0.9989492297172546
202,foot_r,1.3974204063415527,0.09348683804273605,-0.021408231928944588,0.0006755008362233639,2.841757122951094e-05,0.04570954665541649,0.9989545345306396
202,hand_l,44.39179992675781,-114.26805114746094,177.38809204101562,-0.8599940538406372,0.2552125155925751,0.4030299484729767,0.18122808635234833
202,hand_r,111.79696655273438,-49.09988021850586,209.897705078125,-0.8387771844863892,0.24098922312259674,0.3398430645465851,0.3505478799343109
202,head,0.5778249502182007,-0.07341057062149048,-2.2606968879699707,0.002582297893241048,0.017289290204644203,-0.005367022939026356,0.999832808971405
202,lowerarm_l,50.29471969604492,-14.207174301147461,-7.9006524085998535,-0.18889716267585754,-0.24099230766296387,0.9398137331008911,0.15162727236747742
202,lowerarm_r,80.35028839111328,-34.46157455444336,10.472084999084473,0.2241484671831131,-0.37822261452674866,-0.8975029587745667,0.03454846143722534
202,neck,-18.815723419189453,0.7464519739151001,-0.414431095123291,0.0046808249317109585,0.0772365853190422,-0.006884561851620674,0.9969780445098877
202,pelvis,6.867787837982178,-0.4091622233390808,-1.8737316131591797,-0.001195277669467032,-0.029329122975468636,-0.04054528474807739,0.9987464547157288
202,root,0.0,0.0,0.0,-2.1139658201718703e-07,-5.7790373375610216e-08,1.0658141036401503e-14,1.0
202,spine_01,-1.102252721786499,0.4173792004585266,-2.027195692062378,0.0008654865087009966,0.010346485301852226,-0.08208376914262772,0.9965713620185852
202,spine_02,-10.846795082092285,3.3361330032348633,-1.3892531394958496,0.006963934749364853,0.0520021878182888,-0.13254079222679138,0.9897879958152771
202,thigh_l,20.025978088378906,-1.3917299509048462,-0.05312061309814453,-0.005094987340271473,-0.10805941373109818,-0.029060635715723038,0.9937065839767456
202,thigh_r,19.446414947509766,1.4041662216186523,-0.5668889880180359,0.005494569428265095,-0.0937233492732048,0.029817838221788406,0.9951364994049072
202,upperarm_l,-30.248502731323242,-146.36080932617188,67.97380065917969,-0.04507089778780937,0.4274722635746002,0.8709700107574463,0.23800715804100037
202,upperarm_r,25.082651138305664,127.6558837890625,42.477264404296875,0.1463163197040558,0.3043491542339325,-0.9251686334609985,0.1732805371284485
203,calf_l,-1.2821650505065918,0.11074142158031464,0.07824429869651794,0.0026634398382157087,0.11413127928972244,-0.041182760149240494,0.9926081895828247
203,calf_r,-1.4922748804092407,-0.10446204990148544,0.08817189186811447,-0.002168500330299139,0.12430156022310257,0.0418071523308754,0.9913609623908997
203,clavicle_l,-24.633872985839844,9.025346755981445,1.0252026319503784,0.020160511136054993,0.10130680352449417,-0.12947358191013336,0.9861881732940674
203,clavicle_r,-25.732093811035156,4.801353454589844,1.0248303413391113,0.006030158139765263,0.10310952365398407,-0.12337978929281235,0.9869698882102966
203,foot_l,1.402633786201477,-0.08994173258543015,-0.023212430998682976,-0.0007773890974931419,9.65961953625083e-05,-0.04589243233203888,0.9989461302757263
203,foot_r,1.399282693862915,0.0921558365225792,-0.02194041572511196,0.0007157276850193739,6.572451820829883e-05,0.04577822983264923,0.9989513754844666
203,hand_l,48.69976806640625,-111.54142761230469,179.1494598388672,-0.8663554787635803,0.24242694675922394,0.40385860204696655,0.1659988909959793
203,hand_r,113.96218872070312,-43.33076477050781,210.07965087890625,-0.8454548716545105,0.23307235538959503,0.34526193141937256,0.3341819643974304
203,head,0.563078761100769,-0.038917176425457,-2.24839448928833,0.002577658509835601,0.017223788425326347,-0.005140631925314665,0.9998352527618408
203,lowerarm_l,50.45037078857422,-14.36053466796875,-8.063773155212402,-0.1876932829618454,-0.23832781612873077,0.9415015578269958,0.14678551256656647
203,lowerarm_r,82.18234252929688,-31.252521514892578,10.485292434692383,0.23177088797092438,-0.37120360136032104,-0.8983202576637268,0.0388704389333725
203,neck,-18.84058952331543,0.7720439434051514,-0.4035830497741699,0.004662101622670889,0.07720111310482025,-0.006658998318016529,0.9969824552536011
203,pelvis,6.837454319000244,-0.3910668194293976,-1.8642246723175049,-0.0011415011249482632,-0.02934180200099945,-0.03876931592822075,0.9988166689872742
203,root,0.0,0.0,0.0,-2.1139658201718703e-07,-5.7790373375610216e-08,1.0658141036401503e-14,1.0
203,spine_01,-1.1254774332046509,0.3972678780555725,-2.017265558242798,0.0008224034099839628,0.010282520204782486,-0.0785692036151886,0.9968553185462952
203,spine_02,-10.888120651245117,3.189532518386841,-1.381528377532959,0.0066524469293653965,0.05190465599298477,-0.12693451344966888,0.9905298352241516
203,thigh_l,19.985271453857422,-1.3856494426727295,-0.053191184997558594,-0.005043432582169771,-0.1077774316072464,-0.029082344844937325,0.9937368035316467
203,thigh_r,19.433753967285156,1.3977725505828857,-0.5440782308578491,0.005426476709544659,-0.09408402442932129,0.029804857447743416,0.9951032400131226
203,upperarm_l,-27.815568923950195,-146.07235717773438,66.68855285644531,-0.04947702959179878,0.422457218170166,0.8744995594024658,0.2330932319164276
203,upperarm_r,23.23371696472168,130.27784729003906,44.96513748168945,0.14819462597370148,0.31538906693458557,-0.9194033741950989,0.18238846957683563
204,calf_l,-1.2762542963027954,0.10371614247560501,0.07358060777187347,0.0026254274416714907,0.11374540627002716,-0.041165176779031754,0.9926532506942749
204,calf_r,-1.47736394405365,-0.09811244904994965,0.0832739770412445,-0.0021552718244493008,0.12348563224077225,0.041761476546525955,0.9914649128913879
204,clavicle_l,-24.741409301757812,8.712625503540039,1.0254536867141724,0.019524680450558662,0.10128998756408691,-0.12399670481681824,0.9869062900543213
204,clavicle_r,-25.78336524963379,4.509930610656738,1.0247917175292969,0.00550006004050374,0.10299660265445709,-0.11790056526660919,0.9876543283462524
204,foot_l,1.3985010385513306,-0.0929802879691124,-0.022405441850423813,-0.0006765789003111422,-2.275341648783069e-05,-0.04573040083050728,0.9989535808563232
204,foot_r,1.3954699039459229,0.0949505940079689,-0.02110951766371727,0.0006240851944312453,-4.025893213110976e-05,0.04563022032380104,0.9989582896232605
204,hand_l,52.96971130371094,-108.59869384765625,180.88462829589844,-0.8722139000892639,0.22970794141292572,0.404758095741272,0.15049293637275696
204,hand_r,114.43619537353516,-37.38779830932617,211.79330444335938,-0.8550127744674683,0.20533837378025055,0.3460429012775421,0.3271755576133728
204,head,0.5306094884872437,-0.004722177982330322,-2.240312099456787,0.002574044745415449,0.017209017649292946,-0.0049178809858858585,0.9998365044593811
204,lowerarm_l,50.70148849487305,-14.570377349853516,-8.193790435791016,-0.18684817850589752,-0.23545999825000763,0.9431152939796448,0.1420561969280243
204,lowerarm_r,84.03662872314453,-28.53468894958496,10.871907234191895,0.23965950310230255,-0.3665032982826233,-0.8979823589324951,0.043201327323913574
204,neck,-18.854326248168945,0.7985848784446716,-0.3985285758972168,0.0046485792845487595,0.07712762802839279,-0.006436954718083143,0.9969896078109741
204,pelvis,6.799721717834473,-0.3741602599620819,-1.851809024810791,-0.001094641163945198,-0.02931581437587738,-0.037024084478616714,0.9988837242126465
204,root,0.0,0.0,0.0,-2.1139658201718703e-07,-5.7790373375610216e-08,1.0658141036401503e-14,1.0
204,spine_01,-1.1506119966506958,0.37854117155075073,-2.0066678524017334,0.0007837174343876541,0.01023230142891407,-0.07512366026639938,0.9971214532852173
204,spine_02,-10.923395156860352,3.0446977615356445,-1.3767480850219727,0.006344948895275593,0.05179370567202568,-0.12143249809741974,0.9912272691726685
204,thigh_l,19.907886505126953,-1.3869132995605469,-0.05961386486887932,-0.005050756968557835,-0.10728321969509125,-0.029107393696904182,0.9937894940376282
204,thigh_r,19.386722564697266,1.3983792066574097,-0.5266373753547668,0.005416012369096279,-0.09423979371786118,0.029795123264193535,0.9950888752937317
204,upperarm_l,-25.34861946105957,-145.69375610351562,65.34164428710938,-0.054107580333948135,0.41711732745170593,0.8780178427696228,0.22840803861618042
204,upperarm_r,21.00754737854004,132.9523162841797,47.62543869018555,0.14948023855686188,0.32714173197746277,-0.9130590558052063,0.1922423392534256
205,calf_l,-1.271986722946167,0.11044041067361832,0.07752726972103119,0.0026844029780477285,0.11363209784030914,-0.041153036057949066,0.9926666021347046
205,calf_r,-1.464199185371399,-0.10478375852108002,0.08636417239904404,-0.0022349837236106396,0.1229352355003357,0.04172271862626076,0.9915347695350647
205,clavicle_l,-24.83220863342285,8.435659408569336,1.0295740365982056,0.019007878378033638,0.10124565660953522,-0.11863639950752258,0.9875795841217041
205,clavicle_r,-25.836498260498047,4.192828178405762,1.0291982889175415,0.004871715325862169,0.10289198160171509,-0.11253798007965088,0.9882939457893372
205,foot_l,1.4024080038070679,-0.09015335142612457,-0.02327181212604046,-0.0007732915692031384,8.791453728917986e-05,-0.04588278383016586,0.9989465475082397
205,foot_r,1.39938223361969,0.09215664863586426,-0.022097967565059662,0.0007169807213358581,6.054837649571709e-05,0.045779481530189514,0.9989513158798218
205,hand_l,57.173336029052734,-105.44570922851562,182.5967254638672,-0.8775840401649475,0.21711771190166473,0.4056518077850342,0.13473302125930786
205,hand_r,116.18883514404297,-31.425025939941406,211.85887145996094,-0.8611517548561096,0.19576969742774963,0.35114288330078125,0.31111180782318115
205,head,0.5201995372772217,0.028083566576242447,-2.227771282196045,0.002569285687059164,0.017132211476564407,-0.004700945224612951,0.9998388886451721
205,lowerarm_l,51.048362731933594,-14.835882186889648,-8.28889274597168,-0.18637177348136902,-0.2324003279209137,0.9446462392807007,0.13747428357601166
205,lowerarm_r,85.6889877319336,-24.943002700805664,10.832406997680664,0.24704229831695557,-0.3584161400794983,-0.8989658355712891,0.04866707697510719
205,neck,-18.881427764892578,0.8224446177482605,-0.38688182830810547,0.00462898937985301,0.07710117846727371,-0.006220188457518816,0.9969931244850159
205,pelvis,6.774041652679443,-0.35641810297966003,-1.8440485000610352,-0.001040376373566687,-0.029344279319047928,-0.03532598167657852,0.9989444613456726
205,root,0.0,0.0,0.0,-2.1139658201718703e-07,-5.7790373375610216e-08,1.0658141036401503e-14,1.0
205,spine_01,-1.1709444522857666,0.3592551350593567,-1.9978225231170654,0.0007422893540933728,0.01016300916671753,-0.07175461202859879,0.9973703622817993
205,spine_02,-10.95964527130127,2.9048120975494385,-1.3687610626220703,0.006049143150448799,0.05169575288891792,-0.11604981124401093,0.9918787479400635
205,thigh_l,19.8841609954834,-1.3783230781555176,-0.05705368146300316,-0.004981583915650845,-0.10710153728723526,-0.029126057401299477,0.9938089847564697
205,thigh_r,19.3881893157959,1.389655590057373,-0.5028568506240845,0.005331750027835369,-0.0946623757481575,0.029781343415379524,0.9950495958328247
205,upperarm_l,-22.859926223754883,-145.2255096435547,63.9437141418457,-0.0589374341070652,0.41148024797439575,0.8815015554428101,0.22397637367248535
205,upperarm_r,18.67854118347168,135.37518310546875,50.15974807739258,0.15035098791122437,0.3381917476654053,-0.906768798828125,0.20196852087974548
206,calf_l,-1.267266035079956,0.11063916981220245,0.07734648138284683,0.002696000039577484,0.11340313404798508,-0.04113918915390968,0.992693305015564
206,calf_r,-1.4508087635040283,-0.10527806729078293,0.08566714823246002,-0.0022683453280478716,0.12228579074144363,0.04168260097503662,0.9916167855262756
206,clavicle_l,-24.92181968688965,8.152571678161621,1.031517505645752,0.01845950074493885,0.10120700299739838,-0.11340943723917007,0.9882078170776367
206,clavicle_r,-25.881481170654297,3.8977391719818115,1.0311590433120728,0.004308338742703199,0.10277910530567169,-0.10730970650911331,0.9888896346092224
206,foot_l,1.402522087097168,-0.09009221196174622,-0.023350613191723824,-0.000775738968513906,8.73999233590439e-05,-0.04588611423969269,0.9989463686943054
206,foot_r,1.399643898010254,0.09199462085962296,-0.022240811958909035,0.0007220209809020162,6.098097946960479e-05,0.04578767344355583,0.9989509582519531
206,hand_l,60.228092193603516,-101.36665344238281,186.05845642089844,-0.8766375780105591,0.22274070978164673,0.4121585488319397,0.1096290573477745
206,hand_r,116.18359375,-25.46004867553711,213.45147705078125,-0.8692753314971924,0.1662561595439911,0.3521135151386261,0.30452489852905273
206,head,0.500505805015564,0.0604250468313694,-2.217710018157959,0.0025657580699771643,0.017082512378692627,-0.004488980397582054,0.9998407363891602
206,lowerarm_l,51.4610595703125,-14.444417953491211,-8.272075653076172,-0.1858304888010025,-0.2318672090768814,0.945656955242157,0.1320512741804123
206,lowerarm_r,87.33737182617188,-21.87069320678711,11.152305603027344,0.2546195685863495,-0.35268571972846985,-0.898810625076294,0.054049357771873474
206,neck,-18.90261459350586,0.8465360999107361,-0.37865638732910156,0.004612731281667948,0.07705505937337875,-0.006008722819387913,0.9969980716705322
206,pelvis,6.743618011474609,-0.3397330641746521,-1.834648847579956,-0.000991636305116117,-0.029346143826842308,-0.03366957604885101,0.9990016222000122
206,root,0.0,0.0,0.0,-2.1139658201718703e-07,-5.7790373375610216e-08,1.0658141036401503e-14,1.0
206,spine_01,-1.1920560598373413,0.3410152792930603,-1.9886374473571777,0.000703713099937886,0.010102355852723122,-0.0684710443019867,0.9976017475128174
206,spine_02,-10.990911483764648,2.768028974533081,-1.3627290725708008,0.005760348867624998,0.05158871412277222,-0.1108006089925766,0.9924861192703247
206,thigh_l,19.837467193603516,-1.374563217163086,-0.05872233211994171,-0.004951033275574446,-0.10678790509700775,-0.0291461031883955,0.9938422441482544
206,thigh_r,19.36758041381836,1.3855189085006714,-0.48297402262687683,0.005285362713038921,-0.09494833648204803,0.029769903048872948,0.9950229525566101
206,upperarm_l,-20.444887161254883,-144.848388671875,62.792659759521484,-0.06337206065654755,0.40666720271110535,0.8846727609634399,0.2189975529909134
206,upperarm_r,15.989825248718262,137.7937774658203,52.83887481689453,0.15059246122837067,0.3498191833496094,-0.899931013584137,0.21230311691761017
207,calf_l,-1.2624200582504272,0.10883761942386627,0.07606686651706696,0.002692083828151226,0.11314600706100464,-0.04112560674548149,0.9927232265472412
207,calf_r,-1.437531590461731,-0.10386089235544205,0.08398675918579102,-0.002286086790263653,0.12162160128355026,0.04164322465658188,0.9916999936103821
207,clavicle_l,-25.00530242919922,7.871611595153809,1.0321184396743774,0.017908310517668724,0.10116125643253326,-0.10832865536212921,0.9887925982475281
207,clavicle_r,-25.919702529907227,3.616685390472412,1.031839370727539,0.00378126697614789,0.10265909880399704,-0.10222786664962769,0.9894424080848694
207,foot_l,1.4013526439666748,-0.09117862582206726,-0.023507967591285706,-0.000765225209761411,5.9579862863756716e-05,-0.04584149643778801,0.9989484548568726
207,foot_r,1.3986531496047974,0.09292254596948624,-0.022380731999874115,0.0007137422799132764,3.709168959176168e-05,0.04574974626302719,0.9989526867866516
207,hand_l,64.17408752441406,-97.85189056396484,187.69703674316406,-0.8813178539276123,0.21072667837142944,0.4124593436717987,0.09354476630687714
207,hand_r,117.45482635498047,-19.436037063598633,213.43312072753906,-0.8747084140777588,0.1553010642528534,0.3567618727684021,0.28894248604774475
207,head,0.47674477100372314,0.0918043777346611,-2.209043502807617,0.0025622041430324316,0.017045168206095695,-0.004283138085156679,0.9998422861099243
207,lowerarm_l,51.983558654785156,-14.82715892791748,-8.300280570983887,-0.18606945872306824,-0.2284240573644638,0.947023332118988,0.12785717844963074
207,lowerarm_r,88.75326538085938,-17.969377517700195,11.076955795288086,0.26163771748542786,-0.34368979930877686,-0.8998631238937378,0.06057612970471382
207,neck,-18.920364379882812,0.8701782822608948,-0.3721952438354492,0.004597742110490799,0.07699824869632721,-0.005803689826279879,0.9970037341117859
207,pelvis,6.712663173675537,-0.32361719012260437,-1.8249809741973877,-0.0009449725621379912,-0.029341168701648712,-0.03206142783164978,0.9990547299385071
207,root,0.0,0.0,0.0,-2.1139658201718703e-07,-5.7790373375610216e-08,1.0658141036401503e-14,1.0
207,spine_01,-1.2125420570373535,0.3235929310321808,-1.9796788692474365,0.000667289481498301,0.010044057853519917,-0.06528190523386002,0.9978160858154297
207,spine_02,-11.018074035644531,2.6349000930786133,-1.357722282409668,0.005479424726217985,0.05147594213485718,-0.10569841414690018,0.9930498600006104
207,thigh_l,19.785442352294922,-1.3724498748779297,-0.061475835740566254,-0.00493386946618557,-0.1064445823431015,-0.029166728258132935,0.9938785433769226
207,thigh_r,19.341211318969727,1.3829182386398315,-0.4646400511264801,0.005252327769994736,-0.09518949687480927,0.02975912019610405,0.9950004816055298
207,upperarm_l,-17.95077133178711,-144.2147674560547,61.33030700683594,-0.06851760298013687,0.40055355429649353,0.8880214691162109,0.21512798964977264
207,upperarm_r,13.259464263916016,139.91635131835938,55.334007263183594,0.1504906415939331,0.3605228364467621,-0.8932532668113708,0.2224285900592804
208,calf_l,-1.2583205699920654,0.1108015924692154,0.07689781486988068,0.002714471658691764,0.11297047138214111,-0.041113872081041336,0.9927436709403992
208,calf_r,-1.4252715110778809,-0.10596036165952682,0.08427388966083527,-0.002328011440113187,0.12104754149913788,0.04160632565617561,0.9917716383934021
208,clavicle_l,-25.081270217895508,7.608819961547852,1.033941626548767,0.017408132553100586,0.10110971331596375,-0.10340887308120728,0.9893333315849304
208,clavicle_r,-25.954696655273438,3.335238218307495,1.033564567565918,0.0032393671572208405,0.10253875702619553,-0.09730644524097443,0.9899529218673706
208,foot_l,1.4026740789413452,-0.08999363332986832,-0.02338198758661747,-0.0007762355380691588,8.634083496872336e-05,-0.045890163630247116,0.9989461898803711
208,foot_r,1.4000459909439087,0.09173534065485,-0.022348454222083092,0.0007275186362676322,6.25174434389919e-05,0.04580083116889,0.9989503622055054
208,hand_l,67.9617919921875,-94.18423461914062,189.30279541015625,-0.8855556845664978,0.1990051120519638,0.41254401206970215,0.0774313285946846
208,hand_r,116.93147277832031,-13.602010726928711,214.93429565429688,-0.8811762928962708,0.12434957921504974,0.3577958941459656,0.28292691707611084
208,head,0.461394727230072,0.12182477116584778,-2.1989941596984863,0.0025580364745110273,0.016985014081001282,-0.0040844096802175045,0.9998441338539124
208,lowerarm_l,52.58113098144531,-15.265986442565918,-8.293157577514648,-0.18663157522678375,-0.2247973382472992,0.9483058452606201,0.12389867752790451
208,lowerarm_r,90.14825439453125,-14.63313102722168,11.347436904907227,0.26878806948661804,-0.3371366262435913,-0.8997873663902283,0.06689222157001495
208,neck,-18.94266128540039,0.8926308751106262,-0.3637552261352539,0.004582100082188845,0.07695851475000381,-0.005605123937129974,0.9970080256462097
208,pelvis,6.685441017150879,-0.3078307807445526,-1.8169939517974854,-0.0008983375737443566,-0.02934964932501316,-0.03050863742828369,0.9991031289100647
208,root,0.0,0.0,0.0,-2.1139658201718703e-07,-5.7790373375610216e-08,1.0658141036401503e-14,1.0
208,spine_01,-1.230743169784546,0.30655142664909363,-1.971513032913208,0.0006312599289231002,0.009980023838579655,-0.06219599395990372,0.9980139136314392
208,spine_02,-11.042980194091797,2.506645679473877,-1.352071762084961,0.005209614057093859,0.05136435106396675,-0.10075734555721283,0.9935706257820129
208,thigh_l,19.74921226501465,-1.3677747249603271,-0.06199183315038681,-0.004896959755569696,-0.10619445890188217,-0.029184741899371147,0.9939049482345581
208,thigh_r,19.32851791381836,1.3779042959213257,-0.4453197121620178,0.005200635641813278,-0.09549596160650253,0.02974722348153591,0.9949716925621033
208,upperarm_l,-15.466099739074707,-143.49880981445312,59.84751510620117,-0.07376894354820251,0.3942233920097351,0.8912914395332336,0.2115315943956375
208,upperarm_r,10.205093383789062,141.98785400390625,57.94495391845703,0.14975491166114807,0.3716745674610138,-0.8860803246498108,0.2330089509487152
209,calf_l,-1.253925085067749,0.10888785868883133,0.07553738355636597,0.00270801386795938,0.11273301392793655,-0.041101451963186264,0.9927712082862854
209,calf_r,-1.4129630327224731,-0.10438988357782364,0.08252952247858047,-0.002341456478461623,0.12042827904224396,0.04157022386789322,0.9918485283851624
209,clavicle_l,-25.152324676513672,7.345773220062256,1.033708095550537,0.016893869265913963,0.10105378180742264,-0.09866378456354141,0.9898325204849243
209,clavicle_r,-25.982358932495117,3.073364019393921,1.0332298278808594,0.0027501550503075123,0.10240994393825531,-0.092559814453125,0.9904228448867798
209,foot_l,1.4015356302261353,-0.09086082875728607,-0.02318183146417141,-0.0007515258039347827,5.675313514075242e-05,-0.04584594443440437,0.9989482760429382
209,foot_r,1.399070143699646,0.09245409071445465,-0.0221787728369236,0.0007059437339194119,3.652487066574395e-05,0.04576312378048897,0.9989520907402039
209,hand_l,71.5687484741211,-90.3874282836914,190.87353515625,-0.8893724083900452,0.18762342631816864,0.41237062215805054,0.061356447637081146
209,hand_r,117.69197845458984,-7.65757417678833,214.8610076904297,-0.8857651948928833,0.11232519149780273,0.3619113266468048,0.26799869537353516
209,head,0.43887758255004883,0.15115560591220856,-2.1911025047302246,0.002555123995989561,0.01694641076028347,-0.003892389126121998,0.999845564365387
209,lowerarm_l,53.24363708496094,-15.760076522827148,-8.25113582611084,-0.18749001622200012,-0.22099334001541138,0.9495062828063965,0.12019674479961395
209,lowerarm_r,91.28536987304688,-10.526135444641113,11.257184982299805,0.275336891412735,-0.3274831175804138,-0.900787889957428,0.07433570921421051
209,neck,-18.959463119506836,0.9146159291267395,-0.3581523895263672,0.004568128380924463,0.076901376247406,-0.005414100363850594,0.9970135688781738
209,pelvis,6.656324863433838,-0.2928384840488434,-1.808243989944458,-0.0008549801423214376,-0.02934381738305092,-0.029011525213718414,0.9991480112075806
209,root,0.0,0.0,0.0,-2.1139658201718703e-07,-5.7790373375610216e-08,1.0658141036401503e-14,1.0
209,spine_01,-1.2485839128494263,0.29043009877204895,-1.9634664058685303,0.0005975759704597294,0.009920425713062286,-0.05922073498368263,0.998195469379425
209,spine_02,-11.06312084197998,2.3827078342437744,-1.347970962524414,0.0049490854144096375,0.05124480649828911,-0.09599168598651886,0.9940498471260071
209,thigh_l,19.700929641723633,-1.3660722970962524,-0.06473120301961899,-0.004884172696620226,-0.10587594658136368,-0.029203342273831367,0.9939384460449219
209,thigh_r,19.303592681884766,1.375740885734558,-0.42855507135391235,0.005172984674572945,-0.0957183688879013,0.0297371968626976,0.9949507117271423
209,upperarm_l,-13.000080108642578,-142.70489501953125,58.35438537597656,-0.07909327000379562,0.38770705461502075,0.8944709897041321,0.20820465683937073
209,upperarm_r,7.178966045379639,143.73760986328125,60.31562805175781,0.14877456426620483,0.38171014189720154,-0.8791832327842712,0.2433113157749176
210,calf_l,-1.25040864944458,0.11112067103385925,0.07653240859508514,0.0027307344134896994,0.11258799582719803,-0.041091445833444595,0.9927880167961121
210,calf_r,-1.4018237590789795,-0.10679714381694794,0.08304936438798904,-0.0023825818207114935,0.11991317570209503,0.04153697192668915,0.9919122457504272
210,clavicle_l,-25.213714599609375,7.102375507354736,1.0342344045639038,0.016433820128440857,0.10098428279161453,-0.09410581737756729,0.9902909994125366
210,clavicle_r,-26.00697898864746,2.8118770122528076,1.0338711738586426,0.0022461465559899807,0.10228095203638077,-0.08800183236598969,0.9908528327941895
210,foot_l,1.4028936624526978,-0.08984135836362839,-0.023501887917518616,-0.0007804246270097792,8.74447068781592e-05,-0.04589783027768135,0.9989458322525024
210,foot_r,1.4005308151245117,0.0914028137922287,-0.022563351318240166,0.0007360426243394613,6.548591773025692e-05,0.04581679776310921,0.9989495873451233
210,hand_l,74.97679901123047,-86.48690032958984,192.4070587158203,-0.8927933573722839,0.17661789059638977,0.4119057059288025,0.04538802430033684
210,hand_r,116.65471649169922,-2.108931064605713,216.29544067382812,-0.8904073238372803,0.08034320175647736,0.36292049288749695,0.2626946270465851
210,head,0.42526721954345703,0.17888782918453217,-2.18203067779541,0.002551306737586856,0.01688390225172043,-0.0037084065843373537,0.9998473525047302
210,lowerarm_l,53.96227264404297,-16.305744171142578,-8.174581527709961,-0.1886211484670639,-0.21702952682971954,0.950623631477356,0.11676902323961258
210,lowerarm_r,92.39585876464844,-7.044079780578613,11.497147560119629,0.281960666179657,-0.32039594650268555,-0.9006767868995667,0.08140020072460175
210,neck,-18.980697631835938,0.9352748990058899,-0.3506183624267578,0.004553481005132198,0.0768614113330841,-0.005229991395026445,0.9970176815986633
210,pelvis,6.631448745727539,-0.27829739451408386,-1.8013060092926025,-0.0008121023420244455,-0.029353119432926178,-0.02757887728512287,0.999188244342804
210,root,0.0,0.0,0.0,-2.1139658201718703e-07,-5.7790373375610216e-08,1.0658141036401503e-14,1.0
210,spine_01,-1.263842225074768,0.2748472988605499,-1.9562900066375732,0.000564816000405699,0.009854436852037907,-0.05636676028370857,0.998361349105835
210,spine_02,-11.080906867980957,2.2640891075134277,-1.3432860374450684,0.004700089804828167,0.05112610012292862,-0.09141512960195541,0.9944884777069092
210,thigh_l,19.670454025268555,-1.3615729808807373,-0.06498342752456665,-0.0048492420464754105,-0.10566247999668121,-0.029219355434179306,0.9939608573913574
210,thigh_r,19.294450759887695,1.3709126710891724,-0.4106120765209198,0.0051244087517261505,-0.09601622074842453,0.029725514352321625,0.9949226379394531
210,upperarm_l,-10.562026977539062,-141.83790588378906,56.85974884033203,-0.08445971459150314,0.3810337781906128,0.8975496292114258,0.20514561235904694
210,upperarm_r,3.8809754848480225,145.4043731689453,62.77602767944336,0.14718537032604218,0.3920833170413971,-0.8718629479408264,0.2538940906524658
211,calf_l,-1.2468284368515015,0.11119923740625381,0.07634665817022324,0.0027371663600206375,0.11241485178470612,-0.041081201285123825,0.9928080439567566
211,calf_r,-1.3909486532211304,-0.10707560181617737,0.08245669305324554,-0.0024064264725893736,0.1193872019648552,0.04150494560599327,0.9919769763946533
211,clavicle_l,-25.26980972290039,6.864573955535889,1.0333831310272217,0.015977008268237114,0.10091067105531693,-0.08975083380937576,0.9907101392745972
211,clavicle_r,-26.025104522705078,2.5675058364868164,1.032983422279358,0.0017837280174717307,0.10214436054229736,-0.08364689350128174,0.9912449717521667
211,foot_l,1.4029717445373535,-0.08979625999927521,-0.023520266637206078,-0.0007814259151928127,8.752675057621673e-05,-0.045899804681539536,0.9989457726478577
211,foot_r,1.4007213115692139,0.09126593172550201,-0.022657569497823715,0.0007386086508631706,6.653757009189576e-05,0.04582294449210167,0.9989493489265442
211,hand_l,77.04891204833984,-81.71559143066406,195.61012268066406,-0.8906962871551514,0.18467462062835693,0.414906769990921,0.02019551955163479
211,hand_r,116.91606903076172,3.6149985790252686,216.1913604736328,-0.8940563201904297,0.06762926280498505,0.3664659559726715,0.2485804408788681
211,head,0.4077147841453552,0.2054995894432068,-2.1744489669799805,0.002547931857407093,0.01683415099978447,-0.003532563569024205,0.9998489022254944
211,lowerarm_l,54.7447395324707,-16.1437931060791,-7.999053478240967,-0.18971040844917297,-0.2158372700214386,0.9511826038360596,0.1125873327255249
211,lowerarm_r,93.23069763183594,-2.8582229614257812,11.411189079284668,0.2879504859447479,-0.31040096282958984,-0.9015082716941833,0.0895465686917305
211,neck,-18.99815559387207,0.955103874206543,-0.3450632095336914,0.0045397537760436535,0.07681047916412354,-0.005054582376033068,0.9970226287841797
211,pelvis,6.606119155883789,-0.26451942324638367,-1.794213056564331,-0.0007719032000750303,-0.029354242607951164,-0.026211822405457497,0.9992251396179199
211,root,0.0,0.0,0.0,-2.1139658201718703e-07,-5.7790373375610216e-08,1.0658141036401503e-14,1.0
211,spine_01,-1.2780205011367798,0.26011034846305847,-1.9495069980621338,0.0005339476047083735,0.009790043346583843,-0.05364111810922623,0.9985121488571167
211,spine_02,-11.094155311584473,2.1506354808807373,-1.3397932052612305,0.004462135024368763,0.05100029706954956,-0.08704207092523575,0.9948883056640625
211,thigh_l,19.63465118408203,-1.3588157892227173,-0.06638295203447342,-0.004828510340303183,-0.10541998594999313,-0.029234860092401505,0.9939862489700317
211,thigh_r,19.279186248779297,1.3677756786346436,-0.3945138454437256,0.005090371239930391,-0.09626293182373047,0.0297151580452919,0.9948992729187012
211,upperarm_l,-8.263361930847168,-141.10467529296875,55.64830780029297,-0.08935331553220749,0.3753831088542938,0.9002313613891602,0.2017102986574173
211,upperarm_r,0.6841473579406738,146.74456787109375,64.94725799560547,0.1454690843820572,0.40119045972824097,-0.8649359345436096,0.26414164900779724
212,calf_l,-1.2432750463485718,0.11019375920295715,0.07553121447563171,0.0027351549360901117,0.11223243921995163,-0.04107126221060753,0.9928290843963623
212,calf_r,-1.380335807800293,-0.10631551593542099,0.08134672045707703,-0.002421686192974448,0.11886168271303177,0.04147389903664589,0.9920413494110107
212,clavicle_l,-25.320863723754883,6.629199028015137,1.0314879417419434,0.015522211790084839,0.1008283868432045,-0.0854867696762085,0.9911028146743774
212,clavicle_r,-26.038780212402344,2.3306820392608643,1.0311609506607056,0.0013395078713074327,0.10200121998786926,-0.07938329130411148,0.9916109442710876
212,foot_l,1.402392864227295,-0.09030313044786453,-0.023541562259197235,-0.0007720540161244571,7.272914081113413e-05,-0.045876555144786835,0.9989468455314636
212,foot_r,1.4002565145492554,0.09170505404472351,-0.02265886403620243,0.0007322925375774503,5.3999945521354675e-05,0.0458047017455101,0.998950183391571
212,hand_l,79.90276336669922,-77.64054870605469,197.1672821044922,-0.89322429895401,0.17602548003196716,0.41370245814323425,0.003990794997662306
212,hand_r,116.69569396972656,9.125789642333984,216.31832885742188,-0.8972888588905334,0.051614630967378616,0.36923015117645264,0.2363848090171814
212,head,0.38914456963539124,0.23170648515224457,-2.1675944328308105,0.0025453511625528336,0.01678716205060482,-0.0033595573622733355,0.9998502135276794
212,lowerarm_l,55.28048324584961,-16.625154495239258,-7.953192234039307,-0.1905723661184311,-0.21224169433116913,0.9519861340522766,0.11116679757833481
212,lowerarm_r,93.74083709716797,1.1341631412506104,11.276628494262695,0.29315876960754395,-0.3013126850128174,-0.9018667936325073,0.09952372312545776
212,neck,-19.014204025268555,0.9745811820030212,-0.3404378890991211,0.004526839591562748,0.07675481587648392,-0.004882241133600473,0.9970278143882751
212,pelvis,6.580709457397461,-0.25108951330184937,-1.7872214317321777,-0.0007328024366870522,-0.0293520987033844,-0.0248780008405447,0.9992592334747314
212,root,0.0,0.0,0.0,-2.1139658201718703e-07,-5.7790373375610216e-08,1.0658141036401503e-14,1.0
212,spine_01,-1.2913588285446167,0.24579989910125732,-1.9430041313171387,0.0005040769465267658,0.009725076146423817,-0.050975386053323746,0.998652458190918
212,spine_02,-11.104270935058594,2.039881944656372,-1.3370513916015625,0.004230509977787733,0.05086847394704819,-0.08276092261075974,0.9952613711357117
212,thigh_l,19.597108840942383,-1.3569915294647217,-0.06836007535457611,-0.004815352149307728,-0.1051684319972992,-0.029249543324112892,0.9940125346183777
212,thigh_r,19.261770248413086,1.3655537366867065,-0.37934282422065735,0.005063945427536964,-0.09648929536342621,0.029705122113227844,0.9948778748512268
212,upperarm_l,-6.381640434265137,-139.9871826171875,54.04058837890625,-0.09321963042020798,0.36826270818710327,0.9031620025634766,0.1999777853488922
212,upperarm_r,-3.0147440433502197,147.6952362060547,66.75083923339844,0.14188747107982635,0.40929847955703735,-0.8582714200019836,0.27515968680381775
213,calf_l,-1.240297555923462,0.11161470413208008,0.07613897323608398,0.002750337589532137,0.11210273951292038,-0.04106265306472778,0.9928440451622009
213,calf_r,-1.3701595067977905,-0.10792962461709976,0.08151321858167648,-0.002454072469845414,0.11838436871767044,0.041443753987550735,0.9920995831489563
213,clavicle_l,-25.369516372680664,6.399082183837891,1.030335545539856,0.015087456442415714,0.10074334591627121,-0.08120357990264893,0.9914782643318176
213,clavicle_r,-26.050806045532227,2.0869760513305664,1.0299084186553955,0.000873118347954005,0.10185479372739792,-0.07509976625442505,0.9919601082801819
213,foot_l,1.403313398361206,-0.08951013535261154,-0.023541895672678947,-0.0007845325162634254,9.215102181769907e-05,-0.0459117628633976,0.9989452362060547
213,foot_r,1.4013077020645142,0.09085042774677277,-0.022763900458812714,0.0007458001491613686,7.24968922440894e-05,0.04584275186061859,0.9989483952522278
213,hand_l,82.5195541381836,-73.5632095336914,198.6636962890625,0.8954847455024719,-0.16774973273277283,-0.4121025800704956,0.011782188899815083
213,hand_r,116.26203918457031,14.449755668640137,216.43380737304688,-0.9000738263130188,0.03560832142829895,0.37166234850883484,0.22464704513549805
213,head,0.3752768039703369,0.25757288932800293,-2.159905433654785,0.002541684079915285,0.01672506332397461,-0.0031870286911726,0.9998519420623779
213,lowerarm_l,55.83885192871094,-17.13494873046875,-7.883830547332764,-0.19155094027519226,-0.20857638120651245,0.9527499079704285,0.10987161099910736
213,lowerarm_r,94.13668060302734,5.112466335296631,11.17142105102539,0.2982311546802521,-0.29214245080947876,-0.9020552635192871,0.10957816988229752
213,neck,-19.0334415435791,0.993924617767334,-0.3345608711242676,0.004513364750891924,0.0767083540558815,-0.004710170440375805,0.9970322251319885
213,pelvis,6.556969165802002,-0.2375974804162979,-1.7812073230743408,-0.0006932069663889706,-0.029358161613345146,-0.02354520559310913,0.9992914795875549
213,root,0.0,0.0,0.0,-2.1139658201718703e-07,-5.7790373375610216e-08,1.0658141036401503e-14,1.0
213,spine_01,-1.303699254989624,0.2314767837524414,-1.9369423389434814,0.0004740720323752612,0.009655404835939407,-0.048301756381988525,0.9987860321998596
213,spine_02,-11.11339282989502,1.9290406703948975,-1.3339638710021973,0.003998791798949242,0.05073460936546326,-0.07845939695835114,0.9956175088882446
213,thigh_l,19.569292068481445,-1.3534876108169556,-0.06896042823791504,-0.004788894206285477,-0.10497348755598068,-0.02926325611770153,0.9940328598022461
213,thigh_r,19.253358840942383,1.3616851568222046,-0.36309874057769775,0.005024568643420935,-0.09676751494407654,0.029693512246012688,0.9948513507843018
213,upperarm_l,-4.516366958618164,-138.83958435058594,52.471290588378906,-0.0970839187502861,0.3611568212509155,0.9059786200523376,0.19835126399993896
213,upperarm_r,-6.651788711547852,148.4368133544922,68.40864562988281,0.13832548260688782,0.4167204201221466,-0.8517025113105774,0.28602978587150574
214,calf_l,-1.2368704080581665,0.10946539789438248,0.07469509541988373,0.0027392341289669275,0.11191070824861526,-0.04105326160788536,0.9928660988807678
214,calf_r,-1.359609603881836,-0.1060601994395256,0.07980570942163467,-0.002460417803376913,0.11784852296113968,0.04141319543123245,0.9921646118164062
214,clavicle_l,-25.415176391601562,6.159573554992676,1.0271427631378174,0.014622117392718792,0.10064975917339325,-0.07691162824630737,0.9918369054794312
214,clavicle_r,-26.05843162536621,1.8524150848388672,1.0269004106521606,0.00043858258868567646,0.10170014202594757,-0.07080861181020737,0.9922918081283569
214,foot_l,1.401944637298584,-0.09068741649389267,-0.02360669896006584,-0.0007673939689993858,6.078069418435916e-05,-0.045860230922698975,0.9989475607872009
214,foot_r,1.4001237154006958,0.09190724045038223,-0.022812949493527412,0.000731259526219219,4.4289077777648345e-05,0.045797333121299744,0.9989505410194397
214,hand_l,84.89750671386719,-69.51380920410156,200.0977020263672,0.8974992632865906,-0.15986409783363342,-0.41012975573539734,0.02705804444849491
214,hand_r,114.1340103149414,18.996562957763672,218.03570556640625,-0.9010981917381287,4.742302553495392e-05,0.3721241056919098,0.22258862853050232
214,head,0.35386309027671814,0.2838858962059021,-2.1540403366088867,0.0025394647382199764,0.016683127731084824,-0.0030137437861412764,0.9998530745506287
214,lowerarm_l,56.41257858276367,-17.66691017150879,-7.7924580574035645,-0.19262109696865082,-0.2048691362142563,0.9534737467765808,0.10869033634662628
214,lowerarm_r,94.58562469482422,8.376726150512695,11.374512672424316,0.30351659655570984,-0.28568556904792786,-0.9011991024017334,0.11875034123659134
214,neck,-19.048181533813477,1.0132935047149658,-0.3311753273010254,0.004500238690525293,0.07664499431848526,-0.004537257831543684,0.9970380067825317
214,pelvis,6.530604362487793,-0.22422456741333008,-1.7743051052093506,-0.0006544211064465344,-0.029351187869906425,-0.022214636206626892,0.9993221163749695
214,root,0.0,0.0,0.0,-2.1139658201718703e-07,-5.7790373375610216e-08,1.0658141036401503e-14,1.0
214,spine_01,-1.3165416717529297,0.21736612915992737,-1.9307971000671387,0.00044463257654570043,0.00958892423659563,-0.045626893639564514,0.9989124536514282
214,spine_02,-11.119636535644531,1.818181037902832,-1.3321161270141602,0.0037672307807952166,0.050592537969350815,-0.07415098696947098,0.995955765247345
214,thigh_l,19.529502868652344,-1.352615475654602,-0.07158492505550385,-0.004783837590366602,-0.10470939427614212,-0.029277868568897247,0.9940603375434875
214,thigh_r,19.233482360839844,1.3604553937911987,-0.3486490547657013,0.005006547085940838,-0.0969793051481247,0.02968326397240162,0.9948310852050781
214,upperarm_l,-2.674079418182373,-137.67127990722656,50.950740814208984,-0.10092290490865707,0.35411134362220764,0.9086714386940002,0.19681449234485626
214,upperarm_r,-10.38676929473877,149.0825653076172,70.12647247314453,0.13451798260211945,0.424290269613266,-0.8448408842086792,0.2968612313270569
215,calf_l,-1.233985424041748,0.11047320067882538,0.07509323954582214,0.002750616753473878,0.11178518831729889,-0.041045524179935455,0.9928805828094482
215,calf_r,-1.3496043682098389,-0.10729491710662842,0.07981690764427185,-0.002489060629159212,0.11737670004367828,0.041383977979421616,0.9922217130661011
215,clavicle_l,-25.458330154418945,5.927900791168213,1.0249696969985962,0.014183448627591133,0.10055484622716904,-0.07262532413005829,0.9921759963035583
215,clavicle_r,-26.065000534057617,1.6110146045684814,1.024749517440796,-2.0269264496164396e-05,0.10154521465301514,-0.06652189046144485,0.9926043748855591
215,foot_l,1.4026873111724854,-0.09006156772375107,-0.0235197301954031,-0.0007741851732134819,7.597359945066273e-05,-0.04588695988059044,0.9989464282989502
215,foot_r,1.4009425640106201,0.09122495353221893,-0.02279498800635338,0.0007398868328891695,5.920594776398502e-05,0.04582667350769043,0.9989491701126099
215,hand_l,87.0319595336914,-65.53001403808594,201.46591186523438,0.8992880582809448,-0.15240399539470673,-0.4078132212162018,0.04174228757619858
215,hand_r,113.34954833984375,23.821903228759766,218.13983154296875,-0.9026957154273987,-0.015616344287991524,0.3741757273674011,0.21187110245227814
215,head,0.33834391832351685,0.30954933166503906,-2.147090435028076,0.002535842824727297,0.01662335731089115,-0.0028407725039869547,0.9998546838760376
215,lowerarm_l,56.99551773071289,-18.212610244750977,-7.680606842041016,-0.19376249611377716,-0.20115706324577332,0.9541553854942322,0.10760877281427383
215,lowerarm_r,94.77189636230469,12.225198745727539,11.322362899780273,0.30824968218803406,-0.2766198217868805,-0.9010533690452576,0.12871085107326508
215,neck,-19.06667137145996,1.0325050354003906,-0.3262758255004883,0.004487094469368458,0.07659345865249634,-0.004364643711596727,0.9970427751541138
215,pelvis,6.506734371185303,-0.21086712181568146,-1.768571138381958,-0.0006153538706712425,-0.029355859383940697,-0.020892035216093063,0.9993504881858826
215,root,0.0,0.0,0.0,-2.1139658201718703e-07,-5.7790373375610216e-08,1.0658141036401503e-14,1.0
215,spine_01,-1.328098177909851,0.20334617793560028,-1.925128698348999,0.0004153755435254425,0.009517015889286995,-0.042958080768585205,0.9990314841270447
215,spine_02,-11.12512493133545,1.7080671787261963,-1.3297319412231445,0.003537542186677456,0.05045028403401375,-0.06984630227088928,0.9962749481201172
215,thigh_l,19.502483367919922,-1.3495783805847168,-0.07234308868646622,-0.004761435091495514,-0.10451952368021011,-0.02929091826081276,0.9940800070762634
215,thigh_r,19.225318908691406,1.357022762298584,-0.3327575623989105,0.004971093498170376,-0.09725674241781235,0.02967122755944729,0.9948045611381531
215,upperarm_l,-0.8622041940689087,-136.49252319335938,49.48814010620117,-0.10471484065055847,0.34717342257499695,0.9112312197685242,0.1953539401292801
215,upperarm_r,-13.818041801452637,149.43948364257812,71.47125244140625,0.13109517097473145,0.43030399084091187,-0.8386039137840271,0.3072393834590912
216,calf_l,-1.2310166358947754,0.10986137390136719,0.07448746263980865,0.0027498621493577957,0.11163373291492462,-0.04103726148605347,0.9928979277610779
216,calf_r,-1.339611530303955,-0.1068936437368393,0.07892242074012756,-0.002505068201571703,0.11688276380300522,0.04135427623987198,0.9922811985015869
216,clavicle_l,-25.49810791015625,5.693833351135254,1.0217907428741455,0.013735966756939888,0.10045313090085983,-0.06835465878248215,0.9924959540367126
216,clavicle_r,-26.067405700683594,1.3747860193252563,1.02157461643219,-0.00046306996955536306,0.10138237476348877,-0.06225276365876198,0.9928978085517883
216,foot_l,1.402297854423523,-0.09048695117235184,-0.02374069206416607,-0.0007741783047094941,6.539750029332936e-05,-0.04587142542004585,0.9989470839500427
216,foot_r,1.4006226062774658,0.09154758602380753,-0.022984186187386513,0.0007415522704832256,5.036771472077817e-05,0.04581499099731445,0.9989497065544128
216,hand_l,88.92505645751953,-61.643272399902344,202.768798828125,0.9008709788322449,-0.14540071785449982,-0.4051906168460846,0.05577351525425911
216,hand_r,112.41946411132812,28.381803512573242,218.24517822265625,-0.9039034843444824,-0.030930334702134132,0.375911682844162,0.20172318816184998
216,head,0.3198474645614624,0.33534184098243713,-2.140986919403076,0.002533309394493699,0.016571372747421265,-0.0026683704927563667,0.9998559355735779
216,lowerarm_l,57.581539154052734,-18.762100219726562,-7.550306797027588,-0.19495122134685516,-0.19748321175575256,0.9547926783561707,0.1066088080406189
216,lowerarm_r,94.85770416259766,15.950793266296387,11.303089141845703,0.31276965141296387,-0.26776596903800964,-0.9007173776626587,0.13850897550582886
216,neck,-19.0833740234375,1.0515334606170654,-0.32247304916381836,0.004474062938243151,0.07653506845235825,-0.0041931308805942535,0.9970481395721436
216,pelvis,6.481744289398193,-0.19765430688858032,-1.7625927925109863,-0.0005769344861619174,-0.0293542742729187,-0.019579533487558365,0.9993771314620972
216,root,0.0,0.0,0.0,-2.1139658201718703e-07,-5.7790373375610216e-08,1.0658141036401503e-14,1.0
216,spine_01,-1.3396492004394531,0.18967780470848083,-1.9195556640625,0.00038719477015547454,0.00944636669009924,-0.04030308499932289,0.9991428256034851
216,spine_02,-11.128524780273438,1.598726749420166,-1.3279914855957031,0.0033095956314355135,0.05030350759625435,-0.06555924564599991,0.9965744614601135
216,thigh_l,19.47032928466797,-1.3478082418441772,-0.07410214841365814,-0.004749402869492769,-0.10430046170949936,-0.029304109513759613,0.9941027164459229
216,thigh_r,19.212078094482422,1.3548763990402222,-0.3178739845752716,0.004946331027895212,-0.0975027084350586,0.029659977182745934,0.994780957698822
216,upperarm_l,0.9112828373908997,-135.31503295898438,48.0933723449707,-0.10843458026647568,0.34039562940597534,0.9136490821838379,0.19395391643047333
216,upperarm_r,-17.10069465637207,149.63034057617188,72.64546203613281,0.1278136670589447,0.43558982014656067,-0.8326190710067749,0.3172867000102997
217,calf_l,-1.2284870147705078,0.1111547201871872,0.07501279562711716,0.0027625563088804483,0.11152570694684982,-0.04103003069758415,0.9929103255271912
217,calf_r,-1.3300011157989502,-0.1083429679274559,0.0790482610464096,-0.002533858409151435,0.11643315851688385,0.04132675379514694,0.9923351407051086
217,clavicle_l,-25.53618621826172,5.466971397399902,1.0194766521453857,0.01331067830324173,0.10035336762666702,-0.06411462277173996,0.9927948117256165
217,clavicle_r,-26.0678768157959,1.1357402801513672,1.0189143419265747,-0.0009184179943986237,0.10121804475784302,-0.05801262706518173,0.9931710958480835
217,foot_l,1.4031472206115723,-0.08979669958353043,-0.023774385452270508,-0.000786915305070579,8.22760266601108e-05,-0.045902613550424576,0.9989457130432129
217,foot_r,1.401584506034851,0.09080192446708679,-0.023138128221035004,0.0007564775878563523,6.781300908187404e-05,0.045849911868572235,0.9989480376243591
217,hand_l,90.5810775756836,-57.89145278930664,204.00128173828125,0.9022740125656128,-0.1388603150844574,-0.40230709314346313,0.0690544918179512
217,hand_r,111.3702163696289,32.65682601928711,218.35531616210938,-0.9047553539276123,-0.045786052942276,0.3773452639579773,0.19217680394649506
217,head,0.3060542047023773,0.36053887009620667,-2.134060859680176,0.0025300413835793734,0.016505660489201546,-0.0024979060981422663,0.999857485294342
217,lowerarm_l,58.164817810058594,-19.30632209777832,-7.404014587402344,-0.1961669921875,-0.1938890665769577,0.9553841352462769,0.1056736633181572
217,lowerarm_r,94.85496520996094,19.52003288269043,11.316115379333496,0.3170630931854248,-0.25922003388404846,-0.9001965522766113,0.14806145429611206
217,neck,-19.10296058654785,1.0702195167541504,-0.3175020217895508,0.004460965283215046,0.0764862671494484,-0.004022493492811918,0.9970526099205017
217,pelvis,6.45844030380249,-0.18451975286006927,-1.757490634918213,-0.0005384137039072812,-0.029359793290495872,-0.01828143559396267,0.9994015693664551
217,root,0.0,0.0,0.0,-2.1139658201718703e-07,-5.7790373375610216e-08,1.0658141036401503e-14,1.0
217,spine_01,-1.3501871824264526,0.17607641220092773,-1.9144296646118164,0.0003588241816032678,0.00937223806977272,-0.03766907379031181,0.9992462396621704
217,spine_02,-11.130934715270996,1.4908370971679688,-1.3259172439575195,0.0030851687770336866,0.0501566082239151,-0.061301421374082565,0.9968535304069519
217,thigh_l,19.44641876220703,-1.344768762588501,-0.07474641501903534,-0.004727426916360855,-0.10412966459989548,-0.029316004365682602,0.9941203594207764
217,thigh_r,19.206472396850586,1.3514337539672852,-0.3022482097148895,0.004911403637379408,-0.09778939187526703,0.029647964984178543,0.9947533011436462
217,upperarm_l,2.637341022491455,-134.1514434814453,46.77566146850586,-0.11205857992172241,0.3338333070278168,0.9159160852432251,0.1926032155752182
217,upperarm_r,-20.210832595825195,149.67481994628906,73.64749908447266,0.12471185624599457,0.440155565738678,-0.8269307017326355,0.3269490599632263
218,calf_l,-1.2254513502120972,0.1079712063074112,0.0729883536696434,0.002742309821769595,0.11133816838264465,-0.04102155938744545,0.9929317831993103
218,calf_r,-1.319993019104004,-0.10545536875724792,0.07678982615470886,-0.002530485624447465,0.11591050773859024,0.041297558695077896,0.9923975467681885
218,clavicle_l,-25.571012496948242,5.231259346008301,1.0148894786834717,0.012852268293499947,0.10024665296077728,-0.05991489067673683,0.9930738210678101
218,clavicle_r,-26.064878463745117,0.9103547930717468,1.0144325494766235,-0.0013311445945873857,0.10105008631944656,-0.053813230246305466,0.9934239983558655
218,foot_l,1.4012162685394287,-0.09126158058643341,-0.02350023202598095,-0.000748935155570507,3.601870412239805e-05,-0.04582943394780159,0.9989490509033203
218,foot_r,1.3998280763626099,0.09216710180044174,-0.022878894582390785,0.000721307354979217,2.4442262656521052e-05,0.045782554894685745,0.9989511966705322
218,hand_l,90.77572631835938,-53.397274017333984,206.72789001464844,0.8989919424057007,-0.15197353065013885,-0.40059611201286316,0.0907764658331871
218,hand_r,110.23125457763672,36.62770462036133,218.47305297851562,-0.9052901268005371,-0.060059770941734314,0.3784911334514618,0.18326781690120697
218,head,0.28334522247314453,0.385545551776886,-2.1294474601745605,0.002527254167944193,0.016465259715914726,-0.002328264992684126,0.999858558177948
218,lowerarm_l,58.810890197753906,-19.0195255279541,-7.205484867095947,-0.19723469018936157,-0.19358918070793152,0.9554397463798523,0.10371402651071548
218,lowerarm_r,94.77706909179688,22.902172088623047,11.359249114990234,0.3211149573326111,-0.2510702908039093,-0.8995057344436646,0.15728485584259033
218,neck,-19.116666793823242,1.088935375213623,-0.3155946731567383,0.00444904575124383,0.07641729712486267,-0.0038536940701305866,0.9970585703849792
218,pelvis,6.4320549964904785,-0.17164172232151031,-1.7511963844299316,-0.0005011361208744347,-0.029348818585276604,-0.016999080777168274,0.9994246363639832
218,root,0.0,0.0,0.0,-2.1139658201718703e-07,-5.7790373375610216e-08,1.0658141036401503e-14,1.0
218,spine_01,-1.3614388704299927,0.16297855973243713,-1.909106969833374,0.000331966788507998,0.009303651750087738,-0.03506356477737427,0.9993417263031006
218,spine_02,-11.130417823791504,1.3840693235397339,-1.3253450393676758,0.0028628497384488583,0.05000296235084534,-0.05708511918783188,0.9971122145652771
218,thigh_l,19.407133102416992,-1.345015525817871,-0.07794038206338882,-0.0047319866716861725,-0.10387035459280014,-0.029329247772693634,0.9941470623016357
218,thigh_r,19.185758590698242,1.3512829542160034,-0.28910088539123535,0.0049033998511731625,-0.09798529744148254,0.029636945575475693,0.9947344660758972
218,upperarm_l,4.176506519317627,-133.24473571777344,45.79566192626953,-0.11511398106813431,0.32873961329460144,0.9177513122558594,0.1908182054758072
218,upperarm_r,-23.12664222717285,149.59413146972656,74.47925567626953,0.12182307243347168,0.4440181255340576,-0.8215820789337158,0.3361695110797882
219,calf_l,-1.2231926918029785,0.11005867272615433,0.0739903673529625,0.0027597108855843544,0.11125675588846207,-0.04101609066128731,0.9929410815238953
219,calf_r,-1.3108887672424316,-0.10768061131238937,0.07745423167943954,-0.0025637526996433735,0.11549486219882965,0.04127086326479912,0.9924471378326416
219,clavicle_l,-25.60175895690918,5.011000633239746,1.0119960308074951,0.012442683801054955,0.10013625025749207,-0.05576865375041962,0.9933316707611084
219,clavicle_r,-26.060760498046875,0.676350474357605,1.0115940570831299,-0.0017785490490496159,0.10088292509317398,-0.04966888576745987,0.9936562180519104
219,foot_l,1.4025862216949463,-0.09020864963531494,-0.023672858253121376,-0.0007729170611128211,6.715770723531023e-05,-0.045880816876888275,0.9989466667175293
219,foot_r,1.4012625217437744,0.09106071293354034,-0.02307695336639881,0.0007465802482329309,5.478311868500896e-05,0.04583524540066719,0.9989487528800964
219,hand_l,91.96491241455078,-50.00796890258789,207.79638671875,0.9002162218093872,-0.146458700299263,-0.3971062898635864,0.10230943560600281
219,hand_r,109.03091430664062,40.278358459472656,218.60267639160156,-0.9055517911911011,-0.07364850491285324,0.3793611228466034,0.17503434419631958
219,head,0.27011409401893616,0.410011351108551,-2.122950553894043,0.0025244092103093863,0.016398359090089798,-0.002161308890208602,0.9998601078987122
219,lowerarm_l,59.381229400634766,-19.512571334838867,-7.040860652923584,-0.19845809042453766,-0.19033780694007874,0.9559346437454224,0.10283409059047699
219,lowerarm_r,94.64208221435547,26.067062377929688,11.43143367767334,0.32492339611053467,-0.24341019988059998,-0.898659348487854,0.16609539091587067
219,neck,-19.136337280273438,1.106853723526001,-0.3109455108642578,0.004436015151441097,0.07636933028697968,-0.0036870248150080442,0.9970629215240479
219,pelvis,6.410024166107178,-0.15886060893535614,-1.7467081546783447,-0.0004635894438251853,-0.029357219114899635,-0.01573827862739563,0.9994449615478516
219,root,0.0,0.0,0.0,-2.1139658201718703e-07,-5.7790373375610216e-08,1.0658141036401503e-14,1.0
219,spine_01,-1.370972990989685,0.14993444085121155,-1.904463768005371,0.0003047325008083135,0.009228755719959736,-0.03249433636665344,0.9994292855262756
219,spine_02,-11.130067825317383,1.2796400785446167,-1.3235688209533691,0.002646075561642647,0.04985413700342178,-0.052923109382390976,0.9973498582839966
219,thigh_l,19.388338088989258,-1.3415285348892212,-0.07801789045333862,-0.004706855863332748,-0.1037302017211914,-0.029339946806430817,0.9941615462303162
219,thigh_r,19.184188842773438,1.3474271297454834,-0.27348989248275757,0.0048658582381904125,-0.09828608483076096,0.029624324291944504,0.994705319404602
219,upperarm_l,5.773370742797852,-132.16049194335938,44.662044525146484,-0.11847110837697983,0.3228195607662201,0.9196860790252686,0.18955110013484955
219,upperarm_r,-25.82953643798828,149.40989685058594,75.14424133300781,0.11918104439973831,0.44720014929771423,-0.8166100978851318,0.3449000418186188
220,calf_l,-1.220961332321167,0.11082755029201508,0.07421490550041199,0.002767333295196295,0.11115673929452896,-0.041009750217199326,0.9929526448249817
220,calf_r,-1.3018290996551514,-0.1086282804608345,0.0773792639374733,-0.002586942631751299,0.1150667816400528,0.04124511033296585,0.9924978613853455
220,clavicle_l,-25.629993438720703,4.79148530960083,1.0084470510482788,0.012030288577079773,0.10002436488866806,-0.05168885365128517,0.9935686588287354
220,clavicle_r,-26.05402374267578,0.44936975836753845,1.0080868005752563,-0.002208086894825101,0.10071422159671783,-0.04559020325541496,0.9938678741455078
220,foot_l,1.4030952453613281,-0.08981011062860489,-0.02377137914299965,-0.0007824904751032591,7.775618723826483e-05,-0.04590046405792236,0.9989457130432129
220,foot_r,1.4018844366073608,0.09060825407505035,-0.023231584578752518,0.0007581351674161851,6.606774695683271e-05,0.045857932418584824,0.9989477396011353
220,hand_l,92.9507827758789,-46.851322174072266,208.78834533691406,0.9013203382492065,-0.14141559600830078,-0.39355167746543884,0.11287347972393036
220,hand_r,107.7992935180664,43.59503173828125,218.7469482421875,-0.9055906534194946,-0.0864325761795044,0.3799682557582855,0.1675085723400116
220,head,0.2550095319747925,0.433804988861084,-2.1170973777770996,0.0025211938191205263,0.016337499022483826,-0.0019966133404523134,0.9998613595962524
220,lowerarm_l,59.935794830322266,-19.965438842773438,-6.869544982910156,-0.1996499001979828,-0.18732315301895142,0.9563767910003662,0.10194851458072662
220,lowerarm_r,94.46727752685547,28.988901138305664,11.529568672180176,0.328482061624527,-0.23632003366947174,-0.8976815938949585,0.17441381514072418
220,neck,-19.154468536376953,1.1244453191757202,-0.3071784973144531,0.004423545673489571,0.0763169378042221,-0.0035230128560215235,0.9970676898956299
220,pelvis,6.3874192237854,-0.14634671807289124,-1.7420947551727295,-0.0004269661440048367,-0.02936079166829586,-0.014501325786113739,0.9994636178016663
220,root,0.0,0.0,0.0,-2.1139658201718703e-07,-5.7790373375610216e-08,1.0658141036401503e-14,1.0
220,spine_01,-1.3802947998046875,0.137337327003479,-1.8999338150024414,0.00027865017182193696,0.00915537029504776,-0.029968056827783585,0.9995089173316956
220,spine_02,-11.127959251403809,1.1772699356079102,-1.3223886489868164,0.0024336259812116623,0.049703434109687805,-0.0488273985683918,0.997566819190979
220,thigh_l,19.365846633911133,-1.3391098976135254,-0.0788905918598175,-0.004690381698310375,-0.10356949269771576,-0.02935030311346054,0.994178056716919
220,thigh_r,19.178722381591797,1.3445963859558105,-0.2588745653629303,0.004836990498006344,-0.09855883568525314,0.029612300917506218,0.994678795337677
220,upperarm_l,7.2928147315979,-131.13671875,43.634883880615234,-0.12165761739015579,0.3173099756240845,0.9214425086975098,0.18830165266990662
220,upperarm_r,-28.303855895996094,149.14405822753906,75.64938354492188,0.11681143194437027,0.44973209500312805,-0.8120485544204712,0.3530910313129425
221,calf_l,-1.2187148332595825,0.11104482412338257,0.07412326335906982,0.0027705880347639322,0.1110517755150795,-0.04100363329052925,0.9929645657539368
221,calf_r,-1.2929893732070923,-0.10905247181653976,0.07701120525598526,-0.0026057467330247164,0.11464095115661621,0.04121927171945572,0.9925480484962463
221,clavicle_l,-25.656047821044922,4.5758256912231445,1.0047051906585693,0.011624597012996674,0.09991316497325897,-0.0476880744099617,0.9937847256660461
221,clavicle_r,-26.04488182067871,0.22837410867214203,1.0042920112609863,-0.002624410903081298,0.10054463893175125,-0.04159048572182655,0.9940593838691711
221,foot_l,1.403324842453003,-0.08961695432662964,-0.023758212104439735,-0.000783170631621033,8.039650128921494e-05,-0.045907363295555115,0.998945415019989
221,foot_r,1.4021880626678467,0.09034918248653412,-0.02325884997844696,0.0007606011931784451,6.989394023548812e-05,0.04586890712380409,0.9989472031593323
221,hand_l,93.7322769165039,-44.02443313598633,209.718994140625,0.9024204611778259,-0.13642634451389313,-0.3899882733821869,0.12220639735460281
221,hand_r,106.59851837158203,46.56666564941406,218.8783416748047,-0.9056562781333923,-0.09722638875246048,0.3803403675556183,0.1602347195148468
221,head,0.23909509181976318,0.45709604024887085,-2.1117329597473145,0.002518357476219535,0.016280144453048706,-0.0018357139779254794,0.9998626708984375
221,lowerarm_l,60.52177047729492,-20.099023818969727,-6.679408073425293,-0.20085112750530243,-0.185810387134552,0.9565507173538208,0.10071807354688644
221,lowerarm_r,94.3672866821289,31.26833152770996,11.710485458374023,0.3317502439022064,-0.23107938468456268,-0.896458089351654,0.1814030408859253
221,neck,-19.17195701599121,1.1414051055908203,-0.30388832092285156,0.004410902503877878,0.07626359909772873,-0.003361871000379324,0.9970722794532776
221,pelvis,6.364845275878906,-0.13411909341812134,-1.7375409603118896,-0.0003912417741958052,-0.02936207689344883,-0.01329144835472107,0.9994804263114929
221,root,0.0,0.0,0.0,-2.1139658201718703e-07,-5.7790373375610216e-08,1.0658141036401503e-14,1.0
221,spine_01,-1.3893436193466187,0.1251765936613083,-1.895582675933838,0.00025363059830851853,0.009083489887416363,-0.027492666617035866,0.9995807409286499
221,spine_02,-11.124565124511719,1.077350378036499,-1.3214588165283203,0.0022264202125370502,0.049552980810403824,-0.04481104388833046,0.9977632761001587
221,thigh_l,19.34250831604004,-1.3371379375457764,-0.08002500981092453,-0.00467766635119915,-0.10340459644794464,-0.029360827058553696,0.9941949248313904
221,thigh_r,19.171899795532227,1.3422448635101318,-0.2448965162038803,0.004812291357666254,-0.09881724417209625,0.029600750654935837,0.9946536421775818
221,upperarm_l,8.589378356933594,-130.3922119140625,42.92670822143555,-0.12441916763782501,0.31327080726623535,0.9226980209350586,0.18710915744304657
221,upperarm_r,-30.390846252441406,148.831298828125,75.95246887207031,0.11489873379468918,0.4514245390892029,-0.8082408308982849,0.3602234423160553
222,calf_l,-1.2164053916931152,0.10980145633220673,0.07328116148710251,0.002762820105999708,0.11092525720596313,-0.04099754989147186,0.9929789304733276
222,calf_r,-1.2841838598251343,-0.10802054405212402,0.07589757442474365,-0.0026129877660423517,0.11420054733753204,0.041194211691617966,0.9925997853279114
222,clavicle_l,-25.678905487060547,4.3609843254089355,1.000148057937622,0.011214293539524078,0.09979881346225739,-0.043778080493211746,0.9939808249473572
222,clavicle_r,-26.033491134643555,0.01703260838985443,0.9997857809066772,-0.0030160972382873297,0.10037505626678467,-0.03768114745616913,0.9942313432693481
222,foot_l,1.4025641679763794,-0.09025318920612335,-0.023731600493192673,-0.0007731065852567554,6.348070019157603e-05,-0.04587901383638382,0.9989467263221741
222,foot_r,1.4015599489212036,0.09089652448892593,-0.02326595038175583,0.0007523034000769258,5.385083568398841e-05,0.04584483429789543,0.9989483952522278
222,hand_l,94.3876953125,-41.55037307739258,210.5607452392578,0.9034629464149475,-0.1312614381313324,-0.386713445186615,0.1302991509437561
222,hand_r,104.16333770751953,48.28376770019531,220.39242553710938,-0.9018232822418213,-0.125154048204422,0.380540668964386,0.16198861598968506
222,head,0.2204935997724533,0.47984328866004944,-2.10726261138916,0.002515906933695078,0.016231853514909744,-0.001677880180068314,0.9998638033866882
222,lowerarm_l,61.16908264160156,-19.81439208984375,-6.465750694274902,-0.20211951434612274,-0.18624050915241241,0.956372857093811,0.09906145185232162
222,lowerarm_r,94.66619873046875,32.18437957763672,12.210533142089844,0.33529844880104065,-0.23063310980796814,-0.8943420648574829,0.18583768606185913
222,neck,-19.18688201904297,1.1579779386520386,-0.30177831649780273,0.004398914985358715,0.0762031301856041,-0.0032046823762357235,0.997077465057373
222,pelvis,6.3417649269104,-0.12230130285024643,-1.7327427864074707,-0.0003570608387235552,-0.02935819886624813,-0.012112005613744259,0.9994956254959106
222,root,0.0,0.0,0.0,-2.1139658201718703e-07,-5.7790373375610216e-08,1.0658141036401503e-14,1.0
222,spine_01,-1.3982688188552856,0.11348475515842438,-1.8913209438323975,0.00022970905411057174,0.009014199487864971,-0.025075571611523628,0.9996449947357178
222,spine_02,-11.1195068359375,0.9801416397094727,-1.321113109588623,0.002024957910180092,0.049401599913835526,-0.04088600352406502,0.9979397654533386
222,thigh_l,19.314977645874023,-1.3363393545150757,-0.08193322271108627,-0.00467442674562335,-0.10321633517742157,-0.029371310025453568,0.9942142367362976
222,thigh_r,19.160383224487305,1.3410358428955078,-0.23202167451381683,0.004797281697392464,-0.09904120862483978,0.029589487239718437,0.9946317672729492
222,upperarm_l,9.620585441589355,-129.99392700195312,42.58452606201172,-0.12671037018299103,0.31098562479019165,0.9233730435371399,0.18605008721351624
222,upperarm_r,-32.26801681518555,148.5675506591797,76.2925033569336,0.11309798806905746,0.453165203332901,-0.8047877550125122,0.36628788709640503
223,calf_l,-1.2145198583602905,0.11035024374723434,0.07342270016670227,0.002767630387097597,0.11083947867155075,-0.040992457419633865,0.9929887056350708
223,calf_r,-1.2759425640106201,-0.10871873050928116,0.07574477046728134,-0.002632143208757043,0.11380817741155624,0.0411701574921608,0.9926459789276123
223,clavicle_l,-25.69989013671875,4.157103538513184,0.9963562488555908,0.010832817293703556,0.099687859416008,-0.03997131809592247,0.9941565990447998
223,clavicle_r,-26.020912170410156,-0.19291743636131287,0.9959215521812439,-0.003412452759221196,0.10020823776721954,-0.03387589380145073,0.9943838715553284
223,foot_l,1.4029467105865479,-0.08995123207569122,-0.023792076855897903,-0.0007801892352290452,7.211013871710747e-05,-0.04589390382170677,0.9989460110664368
223,foot_r,1.4020506143569946,0.09054632484912872,-0.02338755503296852,0.0007612180197611451,6.286807911237702e-05,0.04586244747042656,0.9989475011825562
223,hand_l,95.02536010742188,-39.2926025390625,211.25941467285156,0.9042260646820068,-0.12646494805812836,-0.3839879035949707,0.13760514557361603
223,hand_r,103.22782135009766,50.64042282104492,220.40745544433594,-0.9014979600906372,-0.13296282291412354,0.3813142478466034,0.15563414990901947
223,head,0.20580142736434937,0.5016984343528748,-2.1022439002990723,0.0025131499860435724,0.01617439091205597,-0.0015248885611072183,0.9998648762702942
223,lowerarm_l,61.80538558959961,-19.540325164794922,-6.252686500549316,-0.20339128375053406,-0.1866546869277954,0.9561810493469238,0.09751927852630615
223,lowerarm_r,94.71650695800781,33.69760513305664,12.484317779541016,0.33830690383911133,-0.22757437825202942,-0.8928579092025757,0.19121499359607697
223,neck,-19.204025268554688,1.174051284790039,-0.2987980842590332,0.004387564025819302,0.07615242153406143,-0.00305174314416945,0.9970819354057312
223,pelvis,6.320652961730957,-0.11076494306325912,-1.7287492752075195,-0.0003234445466659963,-0.029360849410295486,-0.010967021808028221,0.9995086789131165
223,root,0.0,0.0,0.0,-2.1139658201718703e-07,-5.7790373375610216e-08,1.0658141036401503e-14,1.0
223,spine_01,-1.4062786102294922,0.10216240584850311,-1.8874704837799072,0.00020643930474761873,0.00894384365528822,-0.02272413671016693,0.9997017979621887
223,spine_02,-11.113993644714355,0.886035144329071,-1.3204455375671387,0.0018300320953130722,0.0492539256811142,-0.03706468269228935,0.9980966448783875
223,thigh_l,19.295217514038086,-1.3343383073806763,-0.08280684798955917,-0.0046616969630122185,-0.10307392477989197,-0.02938050962984562,0.9942287802696228
223,thigh_r,19.155818939208984,1.3386456966400146,-0.21866299211978912,0.004773081745952368,-0.09929687529802322,0.029577748849987984,0.9946067333221436
223,upperarm_l,10.614364624023438,-129.5974578857422,42.252315521240234,-0.12893645465373993,0.30874356627464294,0.924010157585144,0.18508927524089813
223,upperarm_r,-33.81112289428711,148.1864471435547,76.27838897705078,0.11189882457256317,0.45357802510261536,-0.8020318150520325,0.3721432685852051
224,calf_l,-1.212345838546753,0.10862448066473007,0.07224597781896591,0.0027556531131267548,0.1107150986790657,-0.04098675400018692,0.9930029511451721
224,calf_r,-1.2676786184310913,-0.10720682144165039,0.07434680312871933,-0.0026344601064920425,0.11338825523853302,0.041147004812955856,0.9926949739456177
224,clavicle_l,-25.718793869018555,3.9546594619750977,0.991815447807312,0.010446476750075817,0.09957826882600784,-0.03628155216574669,0.9943131804466248
224,clavicle_r,-26.006471633911133,-0.3903552293777466,0.99122154712677,-0.003776479046791792,0.10004300624132156,-0.03018580563366413,0.994517982006073
224,foot_l,1.4019695520401,-0.09072227776050568,-0.02365630492568016,-0.0007603259291499853,4.723618985735811e-05,-0.0458555668592453,0.9989477396011353
224,foot_r,1.4011257886886597,0.09123682975769043,-0.023263396695256233,0.0007429495453834534,4.020188862341456e-05,0.045827969908714294,0.9989490509033203
224,hand_l,95.65619659423828,-37.23951721191406,211.8258056640625,0.9047453999519348,-0.12199569493532181,-0.3817923367023468,0.1441788375377655
224,hand_r,102.42483520507812,52.74671936035156,220.37448120117188,-0.9009270668029785,-0.14019198715686798,0.38231128454208374,0.1500493437051773
224,head,0.18728263676166534,0.5229513049125671,-2.098357677459717,0.002510993042960763,0.016130119562149048,-0.0013766823103651404,0.9998658299446106
224,lowerarm_l,62.42518997192383,-19.27863883972168,-6.0422563552856445,-0.20464912056922913,-0.18704533576965332,0.9559813141822815,0.0960860326886177
224,lowerarm_r,94.76305389404297,35.15718078613281,12.753179550170898,0.34122535586357117,-0.22456930577754974,-0.8913710117340088,0.19644761085510254
224,neck,-19.2179012298584,1.1895660161972046,-0.2972602844238281,0.004376666620373726,0.07609310746192932,-0.0029039180371910334,0.9970870018005371
224,pelvis,6.298493385314941,-0.09955718368291855,-1.724308729171753,-0.00029072287725284696,-0.029355032369494438,-0.009859255515038967,0.9995204210281372
224,root,0.0,0.0,0.0,-2.1139658201718703e-07,-5.7790373375610216e-08,1.0658141036401503e-14,1.0
224,spine_01,-1.4143528938293457,0.09138995409011841,-1.8836140632629395,0.00018451656796969473,0.008877592161297798,-0.02044614776968956,0.9997515082359314
224,spine_02,-11.107022285461426,0.795086681842804,-1.320493221282959,0.001641569659113884,0.049106664955616,-0.03335971012711525,0.9982349276542664
224,thigh_l,19.26827621459961,-1.3340927362442017,-0.0849667489528656,-0.004663095343858004,-0.10289105027914047,-0.02939007617533207,0.9942474365234375
224,thigh_r,19.143688201904297,1.3379863500595093,-0.20695172250270844,0.00476317061111331,-0.09949982166290283,0.029567468911409378,0.9945868253707886
224,upperarm_l,11.568669319152832,-129.20497131347656,41.931373596191406,-0.13108637928962708,0.30655452609062195,0.9246112704277039,0.18421387672424316
224,upperarm_r,-35.22016906738281,147.7758331298828,76.16886901855469,0.11090332269668579,0.4536203145980835,-0.7995028495788574,0.37778860330581665
225,calf_l,-1.2108851671218872,0.1107347160577774,0.07328027486801147,0.0027712893206626177,0.11067020893096924,-0.040982961654663086,0.9930079579353333
225,calf_r,-1.2602912187576294,-0.10946439206600189,0.07514643669128418,-0.0026634016539901495,0.11305638402700424,0.041125763207674026,0.9927335381507874
225,clavicle_l,-25.733461380004883,3.767832040786743,0.9882835745811462,0.01010332815349102,0.09946472197771072,-0.032717712223529816,0.9944517612457275
225,clavicle_r,-25.991138458251953,-0.5893548727035522,0.987794041633606,-0.0041571930050849915,0.0998813733458519,-0.02662443369626999,0.9946343898773193
225,foot_l,1.4033105373382568,-0.08968855440616608,-0.023872509598731995,-0.0007863204809837043,7.82782954047434e-05,-0.04590658098459244,0.9989454746246338
225,foot_r,1.4025617837905884,0.09011605381965637,-0.023503640666604042,0.0007700899732299149,7.105748227331787e-05,0.04588163271546364,0.9989466071128845
225,hand_l,96.28784942626953,-35.37602233886719,212.27206420898438,0.9050490260124207,-0.11782841384410858,-0.3801003694534302,0.1500881314277649
225,hand_r,101.75198364257812,54.625205993652344,220.29977416992188,-0.9001501202583313,-0.14685899019241333,0.38352006673812866,0.14517150819301605
225,head,0.1763179898262024,0.5430324673652649,-2.093207836151123,0.002508118050172925,0.01606706716120243,-0.0012331079924479127,0.9998670220375061
225,lowerarm_l,63.025081634521484,-19.02841567993164,-5.836145401000977,-0.20588178932666779,-0.18741534650325775,0.9557769298553467,0.09475588798522949
225,lowerarm_r,94.80426025390625,36.56032943725586,13.015192985534668,0.34403911232948303,-0.22162917256355286,-0.8898930549621582,0.2015141099691391
225,neck,-19.235868453979492,1.2041569948196411,-0.2937912940979004,0.004365463275462389,0.07605081051588058,-0.002760568168014288,0.9970905780792236
225,pelvis,6.279982089996338,-0.08870362490415573,-1.7212331295013428,-0.0002587979251984507,-0.02936328761279583,-0.008792536333203316,0.9995301365852356
225,root,0.0,0.0,0.0,-2.1139658201718703e-07,-5.7790373375610216e-08,1.0658141036401503e-14,1.0
225,spine_01,-1.421036720275879,0.08098603785037994,-1.8803119659423828,0.0001631117338547483,0.008808530867099762,-0.018248289823532104,0.9997946619987488
225,spine_02,-11.100337982177734,0.7080344557762146,-1.3196945190429688,0.0014616885455325246,0.048966195434331894,-0.02978336624801159,0.9983552098274231
225,thigh_l,19.256555557250977,-1.3310960531234741,-0.0848526582121849,-0.004642590880393982,-0.10279723256826401,-0.029397521167993546,0.9942570328712463
225,thigh_r,19.14584732055664,1.334594964981079,-0.19364596903324127,0.0047317869029939175,-0.09977506101131439,0.029555760324001312,0.9945597052574158
225,upperarm_l,12.481735229492188,-128.8181915283203,41.621952056884766,-0.13315166532993317,0.30442529916763306,0.9251782298088074,0.1834152638912201
225,upperarm_r,-36.500099182128906,147.34561157226562,75.97925567626953,0.11009861528873444,0.4533475935459137,-0.7971875071525574,0.3832053542137146
226,calf_l,-1.2093478441238403,0.11121237277984619,0.07335907220840454,0.0027747356798499823,0.11060040444135666,-0.04097879305481911,0.9930160045623779
226,calf_r,-1.2530652284622192,-0.11010405421257019,0.07501181960105896,-0.0026798343751579523,0.11271186918020248,0.04110511764883995,0.9927735924720764
226,clavicle_l,-25.746641159057617,3.585561752319336,0.9843629598617554,0.009763921611011028,0.09935518354177475,-0.029294993728399277,0.9945728778839111
226,clavicle_r,-25.97486114501953,-0.7770869731903076,0.983985960483551,-0.004511824809014797,0.09972424060106277,-0.023203298449516296,0.9947342872619629
226,foot_l,1.403666615486145,-0.08940603584051132,-0.023965435102581978,-0.0007925358950160444,8.473733760183677e-05,-0.04591977223753929,0.9989448189735413
226,foot_r,1.4030145406723022,0.0897991731762886,-0.023637915030121803,0.0007779593579471111,7.799387094564736e-05,0.04589768871665001,0.9989458322525024
226,hand_l,96.9232406616211,-33.69427490234375,212.60809326171875,0.9051692485809326,-0.1139339730143547,-0.37887904047966003,0.1553659588098526
226,hand_r,101.20591735839844,56.2957763671875,220.18801879882812,-0.8992053270339966,-0.1529686003923416,0.3849235475063324,0.14094072580337524
226,head,0.16328021883964539,0.5624852180480957,-2.0888924598693848,0.002506220480427146,0.016012979671359062,-0.0010951408185064793,0.9998681545257568
226,lowerarm_l,63.60039520263672,-18.79192352294922,-5.6362175941467285,-0.20707474648952484,-0.18775618076324463,0.955573558807373,0.09352469444274902
226,lowerarm_r,94.838134765625,37.90507507324219,13.268142700195312,0.346731573343277,-0.2187606692314148,-0.8884385228157043,0.20639276504516602
226,neck,-19.25163459777832,1.218155026435852,-0.2913236618041992,0.004355047829449177,0.07600439339876175,-0.0026229710783809423,0.9970946311950684
226,pelvis,6.261000156402588,-0.07839187979698181,-1.7179489135742188,-0.00022872508270666003,-0.029365241527557373,-0.007770341355353594,0.9995385408401489
226,root,0.0,0.0,0.0,-2.1139658201718703e-07,-5.7790373375610216e-08,1.0658141036401503e-14,1.0
226,spine_01,-1.4276881217956543,0.07115543633699417,-1.8771231174468994,0.00014300300972536206,0.008743678219616413,-0.016138484701514244,0.9998315572738647
226,spine_02,-11.092686653137207,0.6247707605361938,-1.3193845748901367,0.0012896467233076692,0.04882834106683731,-0.02634795755147934,0.9984588027000427
226,thigh_l,19.240110397338867,-1.329397201538086,-0.08566763997077942,-0.004632444120943546,-0.10267728567123413,-0.029405254870653152,0.9942692518234253
226,thigh_r,19.14274787902832,1.3325474262237549,-0.18176457285881042,0.004711461719125509,-0.10000931471586227,0.02954491414129734,0.9945366382598877
226,upperarm_l,13.35176944732666,-128.43934631347656,41.32511520385742,-0.13512374460697174,0.30236512422561646,0.9257125854492188,0.1826830506324768
226,upperarm_r,-37.655921936035156,146.90472412109375,75.72428894042969,0.10946937650442123,0.45281174778938293,-0.7950744032859802,0.3883744180202484
227,calf_l,-1.2077428102493286,0.11113213747739792,0.07316288352012634,0.002773852553218603,0.11052342504262924,-0.04097466543316841,0.9930246472358704
227,calf_r,-1.2459992170333862,-0.11014619469642639,0.07460235804319382,-0.0026910603046417236,0.11237135529518127,0.041084930300712585,0.9928129315376282
227,clavicle_l,-25.758378982543945,3.4092931747436523,0.98026043176651,0.009432142600417137,0.09925014525651932,-0.02602509781718254,0.9946774244308472
227,clavicle_r,-25.957727432250977,-0.9532635807991028,0.9798438549041748,-0.004840410780161619,0.09957177191972733,-0.019934486597776413,0.994818925857544
227,foot_l,1.403687596321106,-0.08938974142074585,-0.02393101528286934,-0.0007916673202998936,8.440917736152187e-05,-0.04591972753405571,0.9989448189735413
227,foot_r,1.4031323194503784,0.08973709493875504,-0.023595182225108147,0.0007783634355291724,7.830713002476841e-05,0.045900482684373856,0.9989457130432129
227,hand_l,97.56293487548828,-32.18498611450195,212.84437561035156,0.9051326513290405,-0.1102943867444992,-0.3780924677848816,0.160051167011261
227,hand_r,100.78047180175781,57.776695251464844,220.04428100585938,-0.8981291055679321,-0.15853053331375122,0.3864983320236206,0.13729976117610931
227,head,0.14865882694721222,0.5808818936347961,-2.085268497467041,0.002504139207303524,0.01596697047352791,-0.0009633137960918248,0.9998689293861389
227,lowerarm_l,64.1479721069336,-18.569326400756836,-5.443845272064209,-0.20821870863437653,-0.1880684643983841,0.9553740620613098,0.09238860756158829
227,lowerarm_r,94.863037109375,39.18856430053711,13.510045051574707,0.3492874503135681,-0.21597343683242798,-0.8870207667350769,0.21106386184692383
227,neck,-19.265552520751953,1.2314794063568115,-0.2895832061767578,0.004345250781625509,0.07595555484294891,-0.002491552848368883,0.9970986247062683
227,pelvis,6.24250602722168,-0.06856886297464371,-1.714622974395752,-0.00020013762696180493,-0.029365213587880135,-0.00679540541023016,0.9995456337928772
227,root,0.0,0.0,0.0,-2.1139658201718703e-07,-5.7790373375610216e-08,1.0658141036401503e-14,1.0
227,spine_01,-1.434028148651123,0.06193123012781143,-1.8740832805633545,0.00012434479140210897,0.008682047948241234,-0.014124304056167603,0.999862551689148
227,spine_02,-11.08430290222168,0.5455604791641235,-1.319432258605957,0.0011259824968874454,0.048694122582674026,-0.023066002875566483,0.9985467791557312
227,thigh_l,19.22248077392578,-1.3281911611557007,-0.08671288192272186,-0.004626403097063303,-0.10255160927772522,-0.02941269986331463,0.9942820072174072
227,thigh_r,19.137630462646484,1.3310202360153198,-0.17072546482086182,0.004695807117968798,-0.10022006928920746,0.029534945264458656,0.9945157766342163
227,upperarm_l,14.176268577575684,-128.07040405273438,41.04164123535156,-0.13699360191822052,0.30038270354270935,0.9262154698371887,0.1820112019777298
227,upperarm_r,-38.69282913208008,146.46141052246094,75.41824340820312,0.10899975895881653,0.4520628750324249,-0.7931531667709351,0.3932764232158661
228,calf_l,-1.205967664718628,0.1086394339799881,0.07160227000713348,0.0027554528787732124,0.11040844023227692,-0.040970347821712494,0.9930377006530762
228,calf_r,-1.2390947341918945,-0.10782782733440399,0.07285422086715698,-0.0026844108942896128,0.11200755834579468,0.04106533154845238,0.99285489320755
228,clavicle_l,-25.768545150756836,3.2378463745117188,0.975615918636322,0.009102968499064445,0.09914924204349518,-0.0229214895516634,0.994766891002655
228,clavicle_r,-25.93989372253418,-1.115452766418457,0.9750919342041016,-0.005135613493621349,0.09942444413900375,-0.016830911859869957,0.9948896169662476
228,foot_l,1.4022399187088013,-0.09047619253396988,-0.023624658584594727,-0.0007605283171869814,5.077150126453489e-05,-0.045864835381507874,0.9989473819732666
228,foot_r,1.4017637968063354,0.09075894206762314,-0.0233444944024086,0.0007492749718949199,4.581810571835376e-05,0.04584880545735359,0.9989481568336487
228,hand_l,98.20579528808594,-30.837444305419922,212.99179077148438,0.9049626588821411,-0.10689899325370789,-0.3777002990245819,0.16418811678886414
228,hand_r,100.46755981445312,59.08233642578125,219.87448120117188,-0.8969556093215942,-0.1635582447052002,0.3882125914096832,0.13420261442661285
228,head,0.13077445328235626,0.5983402132987976,-2.0827531814575195,0.0025023887865245342,0.015934092923998833,-0.0008383744279854,0.9998695850372314
228,lowerarm_l,64.66551208496094,-18.361080169677734,-5.260217189788818,-0.20930629968643188,-0.18835130333900452,0.9551811218261719,0.09134464710950851
228,lowerarm_r,94.87909698486328,40.406890869140625,13.739673614501953,0.3516966700553894,-0.21328192949295044,-0.8856508731842041,0.21550597250461578
228,neck,-19.276124954223633,1.244017243385315,-0.2892613410949707,0.004335884936153889,0.07589955627918243,-0.0023669926449656487,0.9971032738685608
228,pelvis,6.223257541656494,-0.05925854668021202,-1.7109096050262451,-0.00017308577662333846,-0.029356902465224266,-0.005871191155165434,0.9995517730712891
228,root,0.0,0.0,0.0,-2.1139658201718703e-07,-5.7790373375610216e-08,1.0658141036401503e-14,1.0
228,spine_01,-1.440447211265564,0.05331618711352348,-1.8710434436798096,0.00010703271254897118,0.008625773712992668,-0.012213097885251045,0.9998882412910461
228,spine_02,-11.074972152709961,0.47063684463500977,-1.3200640678405762,0.0009711077436804771,0.048562970012426376,-0.01995064504444599,0.9986203908920288
228,thigh_l,19.197669982910156,-1.328891634941101,-0.08910165727138519,-0.004635126329958439,-0.10238587111234665,-0.02942071110010147,0.9942988753318787
228,thigh_r,19.124755859375,1.3313068151474,-0.1616005301475525,0.004694801289588213,-0.100373774766922,0.029526010155677795,0.9945005178451538
228,upperarm_l,14.953594207763672,-127.71366882324219,40.77242660522461,-0.13875609636306763,0.2984866201877594,0.926686704158783,0.18139538168907166
228,upperarm_r,-39.61591339111328,146.0226593017578,75.07350158691406,0.10867448896169662,0.45114433765411377,-0.7914153933525085,0.3978951871395111
229,calf_l,-1.2049953937530518,0.11081712692975998,0.07268702983856201,0.0027706967666745186,0.1103886216878891,-0.04096812754869461,0.9930399656295776
229,calf_r,-1.2332549095153809,-0.11016842722892761,0.0737810730934143,-0.0027109200600534678,0.11175168305635452,0.041048645973205566,0.9928843379020691
229,clavicle_l,-25.775545120239258,3.0867340564727783,0.9725034236907959,0.008828755468130112,0.09904852509498596,-0.019993524998426437,0.9948425889015198
229,clavicle_r,-25.922393798828125,-1.2786383628845215,0.9720945954322815,-0.005449499003589153,0.09928501397371292,-0.013905519619584084,0.9949469566345215
229,foot_l,1.4036436080932617,-0.08945655822753906,-0.023956993594765663,-0.0007897706818766892,8.101558341877535e-05,-0.04591712728142738,0.9989449381828308
229,foot_r,1.4032225608825684,0.08968634158372879,-0.023650409653782845,0.0007791411480866373,7.671104685869068e-05,0.04590298980474472,0.9989455938339233
229,hand_l,98.84733581542969,-29.641918182373047,213.06187438964844,0.904682993888855,-0.10374397784471512,-0.3776553273200989,0.16781660914421082
229,hand_r,100.25601196289062,60.22926712036133,219.6837615966797,-0.8957167267799377,-0.1680743247270584,0.39003363251686096,0.13159164786338806
229,head,0.1230243593454361,0.614321231842041,-2.0785093307495117,0.002499713096767664,0.015876848250627518,-0.0007207072922028601,0.9998705983161926
229,lowerarm_l,65.15083312988281,-18.166128158569336,-5.086576461791992,-0.21033066511154175,-0.1886102557182312,0.95499587059021,0.09038875997066498
229,lowerarm_r,94.88680267333984,41.555747985839844,13.955873489379883,0.3539506196975708,-0.2107023298740387,-0.8843390941619873,0.2196996808052063
229,neck,-19.29216766357422,1.2557823657989502,-0.28628110885620117,0.004327263217419386,0.0758671835064888,-0.0022495666053146124,0.9971060156822205
229,pelvis,6.208402156829834,-0.0504574328660965,-1.708841323852539,-0.00014730611292179674,-0.02936498448252678,-0.0050017512403428555,0.9995562434196472
229,root,0.0,0.0,0.0,-2.1139658201718703e-07,-5.7790373375610216e-08,1.0658141036401503e-14,1.0
229,spine_01,-1.44523024559021,0.045142415910959244,-1.868671178817749,9.032976231537759e-05,0.008566656149923801,-0.010411841794848442,0.9999091029167175
229,spine_02,-11.06697940826416,0.4004189670085907,-1.319575309753418,0.0008260932518169284,0.04844321310520172,-0.017012743279337883,0.9986807107925415
229,thigh_l,19.191181182861328,-1.3261997699737549,-0.0887489914894104,-0.004616878926753998,-0.10232740640640259,-0.029425909742712975,0.9943047165870667
229,thigh_r,19.12915802001953,1.3283295631408691,-0.15052829682826996,0.004668016918003559,-0.10061366111040115,0.029515888541936874,0.9944767355918884
229,upperarm_l,15.681659698486328,-127.37142181396484,40.518104553222656,-0.14040535688400269,0.2966859042644501,0.9271265864372253,0.1808316856622696
229,upperarm_r,-40.431304931640625,145.59469604492188,74.70193481445312,0.10847756266593933,0.45009973645210266,-0.7898507118225098,0.4022175371646881
230,calf_l,-1.2036548852920532,0.10996318608522415,0.0720912367105484,0.0027638855390250683,0.11031480133533478,-0.040964629501104355,0.9930483102798462
230,calf_r,-1.227391004562378,-0.10939198732376099,0.07299681007862091,-0.0027137661818414927,0.11145833879709244,0.041031889617443085,0.9929179549217224
230,clavicle_l,-25.782012939453125,2.9382550716400146,0.9684799909591675,0.008547527715563774,0.09895540028810501,-0.01725703291594982,0.9949055314064026
230,clavicle_r,-25.904565811157227,-1.4237557649612427,0.9680913090705872,-0.005717953201383352,0.09915189445018768,-0.011169548146426678,0.9949932098388672
230,foot_l,1.4031490087509155,-0.08982955664396286,-0.023867201060056686,-0.0007806523353792727,7.011873094597831e-05,-0.04589846730232239,0.9989458322525024
230,foot_r,1.4027982950210571,0.09004396945238113,-0.023655956611037254,0.0007720793364569545,6.635869067395106e-05,0.045886848121881485,0.9989463686943054
230,hand_l,99.4829330444336,-28.592119216918945,213.06399536132812,0.9043174982070923,-0.1008182242512703,-0.37791311740875244,0.170959934592247
230,hand_r,100.13761901855469,61.227882385253906,219.4767303466797,-0.8944451808929443,-0.17207694053649902,0.391926109790802,0.12942667305469513
230,head,0.1093696802854538,0.6296325922012329,-2.07594633102417,0.0024984905030578375,0.015841083601117134,-0.0006110293907113373,0.9998712539672852
230,lowerarm_l,65.6013412475586,-17.986186981201172,-4.9240336418151855,-0.2112846076488495,-0.18884050846099854,0.9548215866088867,0.08951976895332336
230,lowerarm_r,94.88578796386719,42.63152313232422,14.157049179077148,0.3560372591018677,-0.20824678242206573,-0.8830978274345398,0.223626971244812
230,neck,-19.303056716918945,1.2665385007858276,-0.28551816940307617,0.004318650346249342,0.07582233101129532,-0.0021398167591542006,0.9971097111701965
230,pelvis,6.192406177520752,-0.04231372848153114,-1.7060458660125732,-0.00012369846808724105,-0.029362188652157784,-0.0041902135126292706,0.9995600581169128
230,root,0.0,0.0,0.0,-2.1139658201718703e-07,-5.7790373375610216e-08,1.0658141036401503e-14,1.0
230,spine_01,-1.4503214359283447,0.037676263600587845,-1.8662452697753906,7.532673771493137e-05,0.00851472932845354,-0.008728492073714733,0.9999256730079651
230,spine_02,-11.057878494262695,0.3350520133972168,-1.320040225982666,0.0006912408280186355,0.04832630231976509,-0.014265869744122028,0.9987295866012573
230,thigh_l,19.1745662689209,-1.3258507251739502,-0.09006825089454651,-0.004617303144186735,-0.10221174359321594,-0.029432345181703568,0.9943164587020874
230,thigh_r,19.122865676879883,1.3276630640029907,-0.14180171489715576,0.004660242237150669,-0.10077764093875885,0.029507365077733994,0.99446040391922
230,upperarm_l,16.3583927154541,-127.04586029052734,40.27973175048828,-0.14193511009216309,0.2949894070625305,0.9275352954864502,0.18031643331050873
230,upperarm_r,-41.144657135009766,145.18348693847656,74.31546783447266,0.10839056223630905,0.44896984100341797,-0.7884525656700134,0.4062267243862152
231,calf_l,-1.2022448778152466,0.10722897946834564,0.07040368020534515,0.002743329619988799,0.11021266132593155,-0.040960539132356644,0.9930598735809326
231,calf_r,-1.2217494249343872,-0.10679842531681061,0.07118454575538635,-0.00270264339633286,0.11115234345197678,0.041015952825546265,0.9929529428482056
231,clavicle_l,-25.787046432495117,2.797264337539673,0.9641233086585999,0.008275112137198448,0.09886741638183594,-0.014722391963005066,0.9949573278427124
231,clavicle_r,-25.886472702026367,-1.5534931421279907,0.9635617136955261,-0.005951022729277611,0.09902496635913849,-0.00863504596054554,0.9950298070907593
231,foot_l,1.4013761281967163,-0.09145645797252655,-0.024131620302796364,-0.000765691976994276,3.0290624636108987e-05,-0.045831527560949326,0.9989489316940308
231,foot_r,1.4010899066925049,0.09158729016780853,-0.023905592039227486,0.000758009497076273,2.788804704323411e-05,0.04582277685403824,0.9989493489265442
231,hand_l,100.10514068603516,-27.679241180419922,213.00990295410156,0.9038881659507751,-0.09812560677528381,-0.378420352935791,0.17365387082099915
231,hand_r,100.09927368164062,62.088619232177734,219.26023864746094,-0.8931685090065002,-0.17559535801410675,0.3938489258289337,0.12766902148723602
231,head,0.09348355233669281,0.6436830163002014,-2.0743250846862793,0.0024972083047032356,0.01581685058772564,-0.000508169352542609,0.9998716711997986
231,lowerarm_l,66.01541900634766,-17.821123123168945,-4.773471355438232,-0.21216298639774323,-0.18904471397399902,0.9546598196029663,0.08873371034860611
231,lowerarm_r,94.87728118896484,43.62915802001953,14.342291831970215,0.35794925689697266,-0.2059338539838791,-0.8819370865821838,0.22726774215698242
231,neck,-19.311004638671875,1.2765014171600342,-0.2858161926269531,0.004310958553105593,0.07577314227819443,-0.002037534024566412,0.9971137046813965
231,pelvis,6.176104545593262,-0.03474491089582443,-1.7029285430908203,-0.00010166010906687006,-0.029352370649576187,-0.0034395393449813128,0.9995632171630859
231,root,0.0,0.0,0.0,-2.1139658201718703e-07,-5.7790373375610216e-08,1.0658141036401503e-14,1.0
231,spine_01,-1.4554458856582642,0.030820045620203018,-1.8638670444488525,6.15398894296959e-05,0.008468798361718655,-0.007169781252741814,0.9999385476112366
231,spine_02,-11.048583984375,0.27474358677864075,-1.3208985328674316,0.0005668328958563507,0.04821576550602913,-0.011721320450305939,0.9987680315971375
231,thigh_l,19.152563095092773,-1.3269448280334473,-0.09242091327905655,-0.004629090428352356,-0.10206671059131622,-0.029438313096761703,0.9943311214447021
231,thigh_r,19.110307693481445,1.3284815549850464,-0.1348295658826828,0.0046644993126392365,-0.10089051723480225,0.029500355944037437,0.9944491982460022
231,upperarm_l,16.98188018798828,-126.73954010009766,40.05848693847656,-0.14334049820899963,0.2934073507785797,0.9279120564460754,0.1798466593027115
231,upperarm_r,-41.76192855834961,144.79388427734375,73.92430114746094,0.10839563608169556,0.4477917551994324,-0.7872148752212524,0.4099096655845642
232,calf_l,-1.2017065286636353,0.11010511964559555,0.07191796600818634,0.002763306023553014,0.11022129654884338,-0.04095956310629845,0.9930589199066162
232,calf_r,-1.2173267602920532,-0.10977455228567123,0.07256229966878891,-0.002731344662606716,0.11097434163093567,0.0410035215318203,0.9929733872413635
232,clavicle_l,-25.790729522705078,2.6803860664367676,0.9618709683418274,0.008067268878221512,0.09878592193126678,-0.012401842512190342,0.9949987530708313
232,clavicle_r,-25.87069320678711,-1.6847193241119385,0.9614618420600891,-0.006207379046827555,0.09891267120838165,-0.006316213868558407,0.9950567483901978
232,foot_l,1.4032838344573975,-0.0897429883480072,-0.023998919874429703,-0.0007861698977649212,7.329605432460085e-05,-0.04590454325079918,0.9989455342292786
232,foot_r,1.4031144380569458,0.08984717726707458,-0.02378012053668499,0.0007793751428835094,7.082631782395765e-05,0.04589788615703583,0.9989458322525024
232,hand_l,100.705322265625,-26.894861221313477,212.9110870361328,0.9034146666526794,-0.09567837417125702,-0.3791240453720093,0.17593416571617126
232,hand_r,100.12734985351562,62.82521438598633,219.03860473632812,-0.8919185400009155,-0.1786428987979889,0.3957608938217163,0.126259908080101
232,head,0.08899308741092682,0.6561830639839172,-2.0706772804260254,0.0024952187668532133,0.01576581969857216,-0.00041548936860635877,0.999872624874115
232,lowerarm_l,66.39192962646484,-17.669918060302734,-4.63571834564209,-0.2129632979631424,-0.18922924995422363,0.9545101523399353,0.08803033828735352
232,lowerarm_r,94.86347198486328,44.54379653930664,14.511201858520508,0.35968437790870667,-0.2037830650806427,-0.8808639645576477,0.2306041270494461
232,neck,-19.32509422302246,1.2856279611587524,-0.28301477432250977,0.0043041398748755455,0.0757511705160141,-0.0019446603255346417,0.9971156120300293
232,pelvis,6.165285110473633,-0.02779919095337391,-1.7017662525177002,-8.1329453678336e-05,-0.02936316654086113,-0.002754151588305831,0.9995651245117188
232,root,0.0,0.0,0.0,-2.1139658201718703e-07,-5.7790373375610216e-08,1.0658141036401503e-14,1.0
232,spine_01,-1.4586822986602783,0.024597343057394028,-1.8622398376464844,4.9083442718256265e-05,0.008419780060648918,-0.00574445491656661,0.9999480843544006
232,spine_02,-11.041145324707031,0.21984288096427917,-1.3204336166381836,0.000453668151749298,0.04811898246407509,-0.009393185377120972,0.9987973570823669
232,thigh_l,19.15199089050293,-1.32405424118042,-0.09150218963623047,-0.004608857445418835,-0.10204681754112244,-0.029441935941576958,0.9943331480026245
232,thigh_r,19.118335723876953,1.3252962827682495,-0.12545576691627502,0.0046370550990104675,-0.10110606253147125,0.029491735622286797,0.9944276809692383
232,upperarm_l,17.54962921142578,-126.45475769042969,39.854915618896484,-0.1446174532175064,0.2919483482837677,0.9282558560371399,0.17942427098751068
232,upperarm_r,-42.289546966552734,144.4304656982422,73.53810119628906,0.10847673565149307,0.4466019570827484,-0.7861288189888,0.41325652599334717
233,calf_l,-1.2006558179855347,0.10873884707689285,0.07105076313018799,0.0027525878977030516,0.11015453189611435,-0.04095696657896042,0.9930664300918579
233,calf_r,-1.212809443473816,-0.10846830159425735,0.07153907418251038,-0.0027280000504106283,0.11073862016201019,0.04099053144454956,0.9930001497268677
233,clavicle_l,-25.793127059936523,2.565613269805908,0.9583327174186707,0.0078478017821908,0.09870985150337219,-0.01030852273106575,0.9950319528579712
233,clavicle_r,-25.85531234741211,-1.7932374477386475,0.9580572247505188,-0.006405322812497616,0.09880872815847397,-0.004224104341119528,0.9950768947601318
233,foot_l,1.402552604675293,-0.09022457897663116,-0.0236518494784832,-0.0007634715875610709,5.474686622619629e-05,-0.04587573558092117,0.9989468455314636
233,foot_r,1.4023594856262207,0.09028559923171997,-0.023471418768167496,0.0007573802140541375,5.268734457786195e-05,0.045869823545217514,0.9989472031593323
233,hand_l,101.27561950683594,-26.23184585571289,212.77833557128906,0.9029194116592407,-0.09347131848335266,-0.3799700438976288,0.17782685160636902
233,hand_r,100.20953369140625,63.44379806518555,218.81871032714844,-0.8907213807106018,-0.18123820424079895,0.39761829376220703,0.12517143785953522
233,head,0.07716827094554901,0.6676974892616272,-2.06906795501709,0.0024942089803516865,0.015741677954792976,-0.00033109489595517516,0.9998730421066284
233,lowerarm_l,66.72867584228516,-17.534530639648438,-4.511667251586914,-0.21367882192134857,-0.18938876688480377,0.9543758034706116,0.08740812540054321
233,lowerarm_r,94.84466552734375,45.370582580566406,14.66229248046875,0.36123141646385193,-0.20181089639663696,-0.8798903822898865,0.23361746966838837
233,neck,-19.33280372619629,1.2937496900558472,-0.28287172317504883,0.004297741688787937,0.07571395486593246,-0.0018608669051900506,0.9971185922622681
233,pelvis,6.152537822723389,-0.02155778929591179,-1.699519157409668,-6.31189250270836e-05,-0.029358377680182457,-0.002136204857379198,0.9995666742324829
233,root,0.0,0.0,0.0,-2.1139658201718703e-07,-5.7790373375610216e-08,1.0658141036401503e-14,1.0
233,spine_01,-1.4625273942947388,0.019037820398807526,-1.8604397773742676,3.79620905732736e-05,0.008380276151001453,-0.004458598326891661,0.9999549388885498
233,spine_02,-11.032970428466797,0.17037782073020935,-1.3210296630859375,0.00035154458601027727,0.04802703857421875,-0.007292638998478651,0.9988194704055786
233,thigh_l,19.137229919433594,-1.3243714570999146,-0.09294071048498154,-0.004613999743014574,-0.10194668918848038,-0.029446950182318687,0.9943432807922363
233,thigh_r,19.111095428466797,1.3253495693206787,-0.11927026510238647,0.00463584391400218,-0.10121685266494751,0.029485447332262993,0.9944165349006653
233,upperarm_l,18.05962562561035,-126.19429016113281,39.670841217041016,-0.14576007425785065,0.29062384366989136,0.9285657405853271,0.17904604971408844
233,upperarm_r,-42.733543395996094,144.09747314453125,73.1668701171875,0.10861274600028992,0.4454360902309418,-0.7851906418800354,0.41625189781188965
234,calf_l,-1.2001326084136963,0.11003334075212479,0.07167365401983261,0.002761249430477619,0.1101449653506279,-0.04095570743083954,0.9930675029754639
234,calf_r,-1.2091931104660034,-0.10986507683992386,0.07206998020410538,-0.002743544289842248,0.11058014631271362,0.04098032787442207,0.9930182099342346
234,clavicle_l,-25.79573631286621,2.4705183506011963,0.9562626481056213,0.007675617467612028,0.09864537417888641,-0.008454984985291958,0.9950571656227112
234,clavicle_r,-25.840892791748047,-1.8953310251235962,0.9558022022247314,-0.00660126656293869,0.09871488064527512,-0.0023711184039711952,0.9950911402702332
234,foot_l,1.4033374786376953,-0.08971548825502396,-0.024008827283978462,-0.000785748939961195,7.285600440809503e-05,-0.04590529203414917,0.9989454746246338
234,foot_r,1.4031991958618164,0.08972617983818054,-0.023836320266127586,0.0007806704961694777,7.15199566911906e-05,0.04590107500553131,0.9989457130432129
234,hand_l,101.80485534667969,-25.68458366394043,212.62347412109375,0.9024251699447632,-0.09152060747146606,-0.3808993995189667,0.17935623228549957
234,hand_r,100.33061218261719,63.9536018371582,218.60711669921875,-0.8896031379699707,-0.18340983986854553,0.39937618374824524,0.12436159700155258
234,head,0.07181279361248016,0.6775582432746887,-2.0665526390075684,0.002492469036951661,0.015705546364188194,-0.0002567916817497462,0.9998736381530762
234,lowerarm_l,67.02510833740234,-17.414438247680664,-4.401941299438477,-0.21430931985378265,-0.18952825665473938,0.9542562365531921,0.08686559647321701
234,lowerarm_r,94.82376861572266,46.104000091552734,14.795523643493652,0.3625895380973816,-0.20003962516784668,-0.8790224194526672,0.23628924787044525
234,neck,-19.342782974243164,1.301085352897644,-0.28127431869506836,0.004292698111385107,0.07569161802530289,-0.0017865122063085437,0.9971204400062561
234,pelvis,6.143118381500244,-0.016094543039798737,-1.6983747482299805,-4.731526132673025e-05,-0.02936318702995777,-0.0015898867277428508,0.9995676279067993
234,root,0.0,0.0,0.0,-2.1139658201718703e-07,-5.7790373375610216e-08,1.0658141036401503e-14,1.0
234,spine_01,-1.4652293920516968,0.014075606130063534,-1.8591105937957764,2.7835112632601522e-05,0.008341881446540356,-0.0033203240018337965,0.9999597072601318
234,spine_02,-11.026145935058594,0.12684302031993866,-1.320970058441162,0.0002618993748910725,0.04794737324118614,-0.005431900732219219,0.9988350868225098
234,thigh_l,19.133647918701172,-1.3228380680084229,-0.09279774874448776,-0.00460397731512785,-0.1019129678606987,-0.029450049623847008,0.9943467378616333
234,thigh_r,19.114261627197266,1.3235793113708496,-0.11239331215620041,0.004620187915861607,-0.10137016326189041,0.029478536918759346,0.9944012761116028
234,upperarm_l,18.509855270385742,-125.96044921875,39.50691223144531,-0.14676594734191895,0.2894424498081207,0.9288403987884521,0.17871317267417908
234,upperarm_r,-43.1000862121582,143.79864501953125,72.81912231445312,0.10878812521696091,0.4443264901638031,-0.7843934893608093,0.4188868999481201
235,calf_l,-1.199503779411316,0.11025601625442505,0.07177190482616425,0.002762055955827236,0.11012021452188492,-0.04095438867807388,0.9930703043937683
235,calf_r,-1.2059245109558105,-0.1101776733994484,0.07209072262048721,-0.002750498242676258,0.11042622476816177,0.0409710519015789,0.9930356740951538
235,clavicle_l,-25.79705810546875,2.3859639167785645,0.9539043307304382,0.0075187887996435165,0.0985870435833931,-0.0068522109650075436,0.9950764775276184
235,clavicle_r,-25.828292846679688,-1.9809173345565796,0.9534441232681274,-0.00676166033372283,0.0986340194940567,-0.0007686656317673624,0.9951005578041077
235,foot_l,1.4035329818725586,-0.08957912027835846,-0.024005871266126633,-0.0007893395377323031,7.804710912751034e-05,-0.04591229930520058,0.9989451766014099
235,foot_r,1.4034327268600464,0.08956997096538544,-0.023819919675588608,0.0007846193038858473,7.692736835451797e-05,0.04590988904237747,0.9989452958106995
235,hand_l,102.28389739990234,-25.24268913269043,212.45849609375,0.901949942111969,-0.08983273059129715,-0.38185474276542664,0.18056392669677734
235,hand_r,100.4762191772461,64.36341094970703,218.4095458984375,-0.8885906338691711,-0.18517623841762543,0.4009903073310852,0.12378717958927155
235,head,0.06479546427726746,0.6861906051635742,-2.065002918243408,0.002491380786523223,0.015680938959121704,-0.00019195640925318003,0.9998739361763
235,lowerarm_l,67.27935028076172,-17.310401916503906,-4.307429313659668,-0.2148493230342865,-0.18964740633964539,0.9541531801223755,0.08640240877866745
235,lowerarm_r,94.80188751220703,46.739356994628906,14.909834861755371,0.3637523651123047,-0.19848638772964478,-0.8782689571380615,0.23860226571559906
235,neck,-19.350000381469727,1.3072452545166016,-0.28067827224731445,0.004287885967642069,0.07566730678081512,-0.0017219287110492587,0.9971224665641785
235,pelvis,6.134398937225342,-0.011344403959810734,-1.697075366973877,-3.350285260239616e-05,-0.029364462941884995,-0.0011181621812283993,0.9995681643486023
235,root,0.0,0.0,0.0,-2.1139658201718703e-07,-5.7790373375610216e-08,1.0658141036401503e-14,1.0
235,spine_01,-1.4677741527557373,0.00987696647644043,-1.8578946590423584,1.9447232261882164e-05,0.008309876546263695,-0.0023366964887827635,0.9999627470970154
235,spine_02,-11.019776344299316,0.08920815587043762,-1.3212203979492188,0.00018421502318233252,0.047877270728349686,-0.0038236607797443867,0.9988459944725037
235,thigh_l,19.12741470336914,-1.3221126794815063,-0.0930928885936737,-0.004600349348038435,-0.10186560451984406,-0.029452994465827942,0.9943514466285706
235,thigh_r,19.113752365112305,1.3226922750473022,-0.10685929656028748,0.004611838608980179,-0.10148364305496216,0.029473360627889633,0.9943898320198059
235,upperarm_l,18.897777557373047,-125.75607299804688,39.36474609375,-0.14762938022613525,0.2884160876274109,0.9290780425071716,0.17842569947242737
235,upperarm_r,-43.395423889160156,143.53732299804688,72.50340270996094,0.10898306220769882,0.44330525398254395,-0.7837322950363159,0.42114943265914917
236,calf_l,-1.1990481615066528,0.11022728681564331,0.0716453418135643,0.0027612652629613876,0.11009614914655685,-0.04095323383808136,0.993073046207428
236,calf_r,-1.2032438516616821,-0.11018123477697372,0.07186317443847656,-0.002754232846200466,0.11029477417469025,0.04096351936459541,0.9930506348609924
236,clavicle_l,-25.797725677490234,2.315110683441162,0.951936662197113,0.007386927958577871,0.09853728860616684,-0.0055137206800282,0.9950907826423645
236,clavicle_r,-25.81724739074707,-2.052625894546509,0.9515247344970703,-0.006896585691720247,0.09856513887643814,0.0005692797130905092,0.99510657787323
236,foot_l,1.4035295248031616,-0.08957134187221527,-0.024027233943343163,-0.0007887883111834526,7.660015398869291e-05,-0.04591231048107147,0.9989451766014099
236,foot_r,1.4034744501113892,0.08953588455915451,-0.023869547992944717,0.0007845616200938821,7.5420735811349e-05,0.045910757035017014,0.9989452362060547
236,hand_l,102.70088958740234,-24.900348663330078,212.29579162597656,0.901516318321228,-0.08842448145151138,-0.38277459144592285,0.18147477507591248
236,hand_r,100.63086700439453,64.681396484375,218.23284912109375,-0.8877094388008118,-0.18656259775161743,0.4024139642715454,0.12340716272592545
236,head,0.05950815975666046,0.6934229135513306,-2.0635485649108887,0.0024906033650040627,0.015658577904105186,-0.00013857672456651926,0.9998742938041687
236,lowerarm_l,67.49031829833984,-17.22335433959961,-4.228641986846924,-0.21529695391654968,-0.18974559009075165,0.9540672898292542,0.08601991087198257
236,lowerarm_r,94.78118896484375,47.27084732055664,15.004810333251953,0.3647157847881317,-0.19717292487621307,-0.8776373863220215,0.24053674936294556
236,neck,-19.356273651123047,1.3123531341552734,-0.27996301651000977,0.00428380724042654,0.07564771920442581,-0.0016681695124134421,0.9971240162849426
236,pelvis,6.126852512359619,-0.0073304553516209126,-1.696014404296875,-2.1685835235984996e-05,-0.029364272952079773,-0.0007247320609167218,0.999568521976471
236,root,0.0,0.0,0.0,-2.1139658201718703e-07,-5.7790373375610216e-08,1.0658141036401503e-14,1.0
236,spine_01,-1.4698539972305298,0.006389050278812647,-1.8568754196166992,1.2512015928223263e-05,0.008282912895083427,-0.0015153943095356226,0.9999645352363586
236,spine_02,-11.014272689819336,0.057892560958862305,-1.3214111328125,0.00011969987826887518,0.04781818017363548,-0.0024800996761769056,0.9988530874252319
236,thigh_l,19.12144660949707,-1.3217213153839111,-0.09355824440717697,-0.004598898813128471,-0.10182181745767593,-0.02945549786090851,0.9943558573722839
236,thigh_r,19.112606048583984,1.3221309185028076,-0.10249137133359909,0.004606384318321943,-0.10157433152198792,0.029468830674886703,0.9943807125091553
236,upperarm_l,19.22091293334961,-125.58349609375,39.24543762207031,-0.14834609627723694,0.28755369782447815,0.929277241230011,0.17818577587604523
236,upperarm_r,-43.625389099121094,143.31686401367188,72.22794342041016,0.10917976498603821,0.4424038529396057,-0.7832025289535522,0.4230276942253113
237,calf_l,-1.1982345581054688,0.10728002339601517,0.06998719274997711,0.002738987561315298,0.11002293974161148,-0.04095124080777168,0.9930813908576965
237,calf_r,-1.2006384134292603,-0.10727980732917786,0.07015950977802277,-0.0027358608786016703,0.11013609915971756,0.0409565344452858,0.993068516254425
237,clavicle_l,-25.798505783081055,2.252756357192993,0.9494587779045105,0.007261314429342747,0.0984988734126091,-0.004452222026884556,0.995100736618042
237,clavicle_r,-25.808319091796875,-2.102680206298828,0.9489145874977112,-0.006980226840823889,0.0985102504491806,0.0016326108016073704,0.9951102137565613
237,foot_l,1.4016039371490479,-0.09118765592575073,-0.024025466293096542,-0.000765949604101479,3.798771649599075e-05,-0.04584158584475517,0.9989484548568726
237,foot_r,1.4015949964523315,0.09115158766508102,-0.02389747090637684,0.0007626540609635413,3.716631908901036e-05,0.045841168612241745,0.9989484548568726
237,hand_l,103.04570007324219,-24.64856719970703,212.1471405029297,0.9011438488960266,-0.08730302006006241,-0.3835996389389038,0.18212440609931946
237,hand_r,100.77991485595703,64.91442108154297,218.08316040039062,-0.8869825005531311,-0.187593013048172,0.40360409021377563,0.12318535149097443
237,head,0.04831291735172272,0.6993012428283691,-2.0639538764953613,0.002490389859303832,0.015660757198929787,-9.599448821973056e-05,0.9998742938041687
237,lowerarm_l,67.65650939941406,-17.15406608581543,-4.166356563568115,-0.2156486064195633,-0.18982282280921936,0.9539996385574341,0.08571837842464447
237,lowerarm_r,94.76290130615234,47.69358825683594,15.079553604125977,0.36547401547431946,-0.1961175799369812,-0.8771352767944336,0.24207526445388794
237,neck,-19.35688591003418,1.316279411315918,-0.2815127372741699,0.004280154127627611,0.07561717182397842,-0.00162597862072289,0.9971265196800232
237,pelvis,6.1188225746154785,-0.004157908260822296,-1.6943097114562988,-1.237090054928558e-05,-0.029354050755500793,-0.0004127108259126544,0.9995689988136292
237,root,0.0,0.0,0.0,-2.1139658201718703e-07,-5.7790373375610216e-08,1.0658141036401503e-14,1.0
237,spine_01,-1.4722040891647339,0.0036425243597477674,-1.8557488918304443,7.032999747025315e-06,0.008265103213489056,-0.0008636558195576072,0.999965488910675
237,spine_02,-11.00895881652832,0.033072322607040405,-1.322329044342041,6.849479541415349e-05,0.04776815325021744,-0.0014136580284684896,0.9988574981689453
237,thigh_l,19.10641860961914,-1.3235547542572021,-0.09549947082996368,-0.004615249112248421,-0.10172772407531738,-0.029458574950695038,0.9943653345108032
237,thigh_r,19.10140609741211,1.3238672018051147,-0.10058031976222992,0.004619676154106855,-0.10158685594797134,0.029466481879353523,0.9943795204162598
237,upperarm_l,19.47688865661621,-125.44532012939453,39.15042495727539,-0.14891144633293152,0.28686612844467163,0.9294360280036926,0.17799407243728638
237,upperarm_r,-43.79573440551758,143.14019775390625,72.00047302246094,0.10936010628938675,0.4416520595550537,-0.782799243927002,0.424510657787323
238,calf_l,-1.1983031034469604,0.1098611056804657,0.07138562202453613,0.0027576182037591934,0.11005755513906479,-0.04095165431499481,0.9930773973464966
238,calf_r,-1.1994322538375854,-0.10988523811101913,0.07148028910160065,-0.0027574021369218826,0.11010778695344925,0.04095238447189331,0.9930717945098877
238,clavicle_l,-25.798681259155273,2.2171902656555176,0.9490168690681458,0.007203585002571344,0.0984698086977005,-0.0036772156599909067,0.9951071739196777
238,clavicle_r,-25.801908493041992,-2.149044990539551,0.9485392570495605,-0.007075188681483269,0.09847065806388855,0.002404718194156885,0.9951119422912598
238,foot_l,1.4033652544021606,-0.08972042798995972,-0.02397754415869713,-0.0007857528398744762,7.253528747241944e-05,-0.045905306935310364,0.9989455342292786
238,foot_r,1.4033254384994507,0.0896979570388794,-0.023890528827905655,0.0007828778470866382,7.161692337831482e-05,0.04590459167957306,0.9989455342292786
238,hand_l,103.3060531616211,-24.479270935058594,212.02586364746094,0.9008527398109436,-0.08648914098739624,-0.384266197681427,0.18254733085632324
238,hand_r,100.90577697753906,65.07090759277344,217.96841430664062,-0.8864346146583557,-0.18830029666423798,0.40450990200042725,0.1230788603425026
238,head,0.050558894872665405,0.7034087181091309,-2.0619750022888184,0.002489883918315172,0.01563262939453125,-6.517758447444066e-05,0.9998747110366821
238,lowerarm_l,67.77738189697266,-17.10256004333496,-4.1210432052612305,-0.21590453386306763,-0.1898823082447052,0.9539495706558228,0.08549989759922028
238,lowerarm_r,94.74943542480469,48.00166320800781,15.13404369354248,0.3660254180431366,-0.19534249603748322,-0.8767679333686829,0.24319683015346527
238,neck,-19.364093780517578,1.3194530010223389,-0.2795577049255371,0.00427861325442791,0.07561793178319931,-0.0015951606910675764,0.9971264004707336
238,pelvis,6.1163554191589355,-0.001839589443989098,-1.6944289207458496,-5.530752332560951e-06,-0.029363185167312622,-0.00018580624600872397,0.9995688796043396
238,root,0.0,0.0,0.0,-2.1139658201718703e-07,-5.7790373375610216e-08,1.0658141036401503e-14,1.0
238,spine_01,-1.472805380821228,0.0016193805495277047,-1.8554925918579102,2.9641937544511165e-06,0.00824657641351223,-0.00038929819129407406,0.9999659061431885
238,spine_02,-11.006272315979004,0.015088760294020176,-1.3219475746154785,3.155328522552736e-05,0.04773584008216858,-0.0006370580522343516,0.9988598227500916
238,thigh_l,19.112279891967773,-1.3214393854141235,-0.0943257212638855,-0.004598963540047407,-0.1017560213804245,-0.02945922501385212,0.994362473487854
238,thigh_r,19.109886169433594,1.321620225906372,-0.09660590440034866,0.004600928630679846,-0.10169180482625961,0.029462728649377823,0.9943689703941345
238,upperarm_l,19.663026809692383,-125.34391784667969,39.08073043823242,-0.14932221174240112,0.28636303544044495,0.9295518398284912,0.17785514891147614
238,upperarm_r,-43.91154479980469,143.01040649414062,71.8284912109375,0.10950978845357895,0.44107919931411743,-0.7825168371200562,0.4255868196487427
239,calf_l,-1.1980103254318237,0.10899212211370468,0.0708475261926651,0.0027509923093020916,0.11003276705741882,-0.04095081612467766,0.993080198764801
239,calf_r,-1.1983556747436523,-0.10907445102930069,0.07095781713724136,-0.002752772532403469,0.11004582047462463,0.040949754416942596,0.993078887462616
239,clavicle_l,-25.79893684387207,2.1897730827331543,0.9479981660842896,0.0071488735266029835,0.09845253080129623,-0.0032034486066550016,0.9951109290122986
239,clavicle_r,-25.797998428344727,-2.172224283218384,0.947544276714325,-0.0071154870092868805,0.09844665229320526,0.002879032865166664,0.9951127767562866
239,foot_l,1.4028136730194092,-0.09013433009386063,-0.02393353171646595,-0.0007765497430227697,6.0847865825053304e-05,-0.04588557779788971,0.9989464282989502
239,foot_r,1.4028290510177612,0.09007775038480759,-0.023811504244804382,0.0007733643287792802,6.002645386615768e-05,0.04588594660162926,0.9989464282989502
239,hand_l,103.47103118896484,-24.384353637695312,211.9436798095703,0.9006640911102295,-0.08598878234624863,-0.3847125172615051,0.18277418613433838
239,hand_r,100.99358367919922,65.15913391113281,217.894287109375,-0.8860889077186584,-0.18870481848716736,0.4050889015197754,0.12304476648569107
239,head,0.04668720066547394,0.7058724761009216,-2.061927318572998,0.002489300910383463,0.015630345791578293,-4.5410171878756955e-05,0.9998747706413269
239,lowerarm_l,67.8508071899414,-17.071134567260742,-4.093404293060303,-0.21605928242206573,-0.18991772830486298,0.9539194107055664,0.08536624908447266
239,lowerarm_r,94.7408676147461,48.19058609008789,15.167230606079102,0.3663610816001892,-0.19486349821090698,-0.8765431046485901,0.24388526380062103
239,neck,-19.36492347717285,1.3211103677749634,-0.27996301651000977,0.004276719875633717,0.07560618221759796,-0.001575625385157764,0.99712735414505
239,pelvis,6.113063335418701,-0.0005138929700478911,-1.6937851905822754,-1.8822912579707918e-06,-0.029360026121139526,-4.6988046960905194e-05,0.9995689988136292
239,root,0.0,0.0,0.0,-2.1139658201718703e-07,-5.7790373375610216e-08,1.0658141036401503e-14,1.0
239,spine_01,-1.4737242460250854,0.0003752137999981642,-1.8550693988800049,3.881145005379949e-07,0.008238038048148155,-9.853037045104429e-05,0.9999660849571228
239,spine_02,-11.003941535949707,0.004016610328108072,-1.3222575187683105,8.638557119411416e-06,0.0477137565612793,-0.00016144932305905968,0.9988610744476318
239,thigh_l,19.10704231262207,-1.3218762874603271,-0.09494933485984802,-0.004603227600455284,-0.10172248631715775,-0.029460230842232704,0.9943658709526062
239,thigh_r,19.106462478637695,1.322033405303955,-0.09552382677793503,0.00460389768704772,-0.10170633345842361,0.02946173958480358,0.9943674206733704
239,upperarm_l,19.776884078979492,-125.28165435791016,39.0382194519043,-0.1495722383260727,0.2860550284385681,0.9296230673789978,0.17776842415332794
239,upperarm_r,-43.978206634521484,142.93031311035156,71.71995544433594,0.10960959643125534,0.440714955329895,-0.7823507785797119,0.42624330520629883
240,calf_l,-1.1976066827774048,0.10576196759939194,0.0689118430018425,0.002727827988564968,0.10996890813112259,-0.040949076414108276,0.9930874109268188
240,calf_r,-1.1976436376571655,-0.10579056292772293,0.06897440552711487,-0.0027296843472868204,0.1099681407213211,0.04094770923256874,0.9930875301361084
240,clavicle_l,-25.799985885620117,2.172459363937378,0.9467628598213196,0.007103108335286379,0.09844955056905746,-0.0030400415416806936,0.9951120615005493
240,clavicle_r,-25.796377182006836,-2.172821044921875,0.9460750222206116,-0.007104577496647835,0.09843716025352478,0.0030393158085644245,0.9951132535934448
240,foot_l,1.4007596969604492,-0.09197099506855011,-0.024113114923238754,-0.0007511675357818604,7.378386726486497e-06,-0.045805662870407104,0.9989501237869263
240,foot_r,1.400760531425476,0.0919429361820221,-0.024020662531256676,0.0007487430120818317,6.788190603401745e-06,0.04580593481659889,0.998950183391571
240,hand_l,103.51679229736328,-24.33618927001953,211.92486572265625,0.9006109237670898,-0.08582334965467453,-0.3848070502281189,0.1829148530960083
240,hand_r,101.00562286376953,65.17391967773438,217.8844757080078,-0.8860116600990295,-0.1888345330953598,0.4051925539970398,0.1230604276061058
240,head,0.04053674638271332,0.706925630569458,-2.06296443939209,0.0024898136034607887,0.015643324702978134,-3.8890397263458e-05,0.9998745322227478
240,lowerarm_l,67.87606811523438,-17.071760177612305,-4.083951950073242,-0.21610961854457855,-0.1898825764656067,0.9539244174957275,0.08526114374399185
240,lowerarm_r,94.73674011230469,48.24118423461914,15.175722122192383,0.36644020676612854,-0.19471986591815948,-0.876503050327301,0.24402502179145813
240,neck,-19.36223602294922,1.3226115703582764,-0.2816200256347656,0.004279038403183222,0.07559191435575485,-0.0015691261505708098,0.9971285462379456
240,pelvis,6.109453201293945,3.538410601322539e-05,-1.6926586627960205,-6.858300594103639e-08,-0.029346944764256477,1.3539678889173956e-07,0.999569296836853
240,root,0.0,0.0,0.0,-2.1139658201718703e-07,-5.7790373375610216e-08,1.0658141036401503e-14,1.0
240,spine_01,-1.4748737812042236,-5.74578689338523e-06,-1.8545806407928467,-2.441597644065041e-07,0.008239121176302433,-1.3386494401856908e-07,0.9999660849571228
240,spine_02,-11.002320289611816,4.255030216882005e-05,-1.323103904724121,1.149634520913878e-08,0.04770326986908913,1.3117062280798564e-07,0.99886155128479
240,thigh_l,19.094438552856445,-1.3242473602294922,-0.09696096926927567,-0.004622010979801416,-0.10164884477853775,-0.02946186438202858,0.9943732619285583
240,thigh_r,19.094322204589844,1.3243613243103027,-0.09697803854942322,0.004622054286301136,-0.10164811462163925,0.029462430626153946,0.9943733215332031
240,upperarm_l,19.827228546142578,-125.26986694335938,39.035030364990234,-0.14968523383140564,0.2859906256198883,0.9296408295631409,0.17768463492393494
240,upperarm_r,-43.98514175415039,142.91673278808594,71.69562530517578,0.10966771841049194,0.4406264126300812,-0.7823199033737183,0.4263765513896942
241,calf_l,-1.1976066827774048,0.10576196759939194,0.0689118430018425,0.002727827988564968,0.10996890813112259,-0.040949076414108276,0.9930874109268188
241,calf_r,-1.1976436376571655,-0.10579056292772293,0.06897440552711487,-0.0027296843472868204,0.1099681407213211,0.04094770923256874,0.9930875301361084
241,clavicle_l,-25.799985885620117,2.172459363937378,0.9467628598213196,0.007103108335286379,0.09844955056905746,-0.0030400415416806936,0.9951120615005493
241,clavicle_r,-25.796377182006836,-2.172821044921875,0.9460750222206116,-0.007104577496647835,0.09843716025352478,0.0030393158085644245,0.9951132535934448
241,foot_l,1.4007596969604492,-0.09197099506855011,-0.024113114923238754,-0.0007511675357818604,7.378386726486497e-06,-0.045805662870407104,0.9989501237869263
241,foot_r,1.400760531425476,0.0919429361820221,-0.024020662531256676,0.0007487430120818317,6.788190603401745e-06,0.04580593481659889,0.998950183391571
241,hand_l,103.51679229736328,-24.33618927001953,211.92486572265625,0.9006109237670898,-0.08582334965467453,-0.3848070502281189,0.1829148530960083
241,hand_r,101.00562286376953,65.17391967773438,217.8844757080078,-0.8860116600990295,-0.1888345330953598,0.4051925539970398,0.1230604276061058
241,head,0.04053674638271332,0.706925630569458,-2.06296443939209,0.0024898136034607887,0.015643324702978134,-3.8890397263458e-05,0.9998745322227478
241,lowerarm_l,67.87606811523438,-17.071760177612305,-4.083951950073242,-0.21610961854457855,-0.1898825764656067,0.9539244174957275,0.08526114374399185
241,lowerarm_r,94.73674011230469,48.24118423461914,15.175722122192383,0.36644020676612854,-0.19471986591815948,-0.876503050327301,0.24402502179145813
241,neck,-19.36223602294922,1.3226115703582764,-0.2816200256347656,0.004279038403183222,0.07559191435575485,-0.0015691261505708098,0.9971285462379456
241,pelvis,6.109453201293945,3.538410601322539e-05,-1.6926586627960205,-6.858300594103639e-08,-0.029346944764256477,1.3539678889173956e-07,0.999569296836853
241,root,0.0,0.0,0.0,-2.1139658201718703e-07,-5.7790373375610216e-08,1.0658141036401503e-14,1.0
241,spine_01,-1.4748737812042236,-5.74578689338523e-06,-1.8545806407928467,-2.441597644065041e-07,0.008239121176302433,-1.3386494401856908e-07,0.9999660849571228
241,spine_02,-11.002320289611816,4.255030216882005e-05,-1.323103904724121,1.149634520913878e-08,0.04770326986908913,1.3117062280798564e-07,0.99886155128479
241,thigh_l,19.094438552856445,-1.3242473602294922,-0.09696096926927567,-0.004622010979801416,-0.10164884477853775,-0.02946186438202858,0.9943732619285583
241,thigh_r,19.094322204589844,1.3243613243103027,-0.09697803854942322,0.004622054286301136,-0.10164811462163925,0.029462430626153946,0.9943733215332031
241,upperarm_l,19.827228546142578,-125.26986694335938,39.035030364990234,-0.14968523383140564,0.2859906256198883,0.9296408295631409,0.17768463492393494
241,upperarm_r,-43.98514175415039,142.91673278808594,71.69562530517578,0.10966771841049194,0.4406264126300812,-0.7823199033737183,0.4263765513896942
242,calf_l,-1.1976066827774048,0.10576196759939194,0.0689118430018425,0.002727827988564968,0.10996890813112259,-0.040949076414108276,0.9930874109268188
242,calf_r,-1.1976436376571655,-0.10579056292772293,0.06897440552711487,-0.0027296843472868204,0.1099681407213211,0.04094770923256874,0.9930875301361084
242,clavicle_l,-25.799985885620117,2.172459363937378,0.9467628598213196,0.007103108335286379,0.09844955056905746,-0.0030400415416806936,0.9951120615005493
242,clavicle_r,-25.796377182006836,-2.172821044921875,0.9460750222206116,-0.007104577496647835,0.09843716025352478,0.0030393158085644245,0.9951132535934448
242,foot_l,1.4007596969604492,-0.09197099506855011,-0.024113114923238754,-0.0007511675357818604,7.378386726486497e-06,-0.045805662870407104,0.9989501237869263
242,foot_r,1.400760531425476,0.0919429361820221,-0.024020662531256676,0.0007487430120818317,6.788190603401745e-06,0.04580593481659889,0.998950183391571
242,hand_l,103.51679229736328,-24.33618927001953,211.92486572265625,0.9006109237670898,-0.08582334965467453,-0.3848070502281189,0.1829148530960083
242,hand_r,101.00562286376953,65.17391967773438,217.8844757080078,-0.8860116600990295,-0.1888345330953598,0.4051925539970398,0.1230604276061058
242,head,0.04053674638271332,0.706925630569458,-2.06296443939209,0.0024898136034607887,0.015643324702978134,-3.8890397263458e-05,0.9998745322227478
242,lowerarm_l,67.87606811523438,-17.071760177612305,-4.083951950073242,-0.21610961854457855,-0.1898825764656067,0.9539244174957275,0.08526114374399185
242,lowerarm_r,94.73674011230469,48.24118423461914,15.175722122192383,0.36644020676612854,-0.19471986591815948,-0.876503050327301,0.24402502179145813
242,neck,-19.36223602294922,1.3226115703582764,-0.2816200256347656,0.004279038403183222,0.07559191435575485,-0.0015691261505708098,0.9971285462379456
242,pelvis,6.109453201293945,3.538410601322539e-05,-1.6926586627960205,-6.858300594103639e-08,-0.029346944764256477,1.3539678889173956e-07,0.999569296836853
242,root,0.0,0.0,0.0,-2.1139658201718703e-07,-5.7790373375610216e-08,1.0658141036401503e-14,1.0
242,spine_01,-1.4748737812042236,-5.74578689338523e-06,-1.8545806407928467,-2.441597644065041e-07,0.008239121176302433,-1.3386494401856908e-07,0.9999660849571228
242,spine_02,-11.002320289611816,4.255030216882005e-05,-1.323103904724121,1.149634520913878e-08,0.04770326986908913,1.3117062280798564e-07,0.99886155128479
242,thigh_l,19.094438552856445,-1.3242473602294922,-0.09696096926927567,-0.004622010979801416,-0.10164884477853775,-0.02946186438202858,0.9943732619285583
242,thigh_r,19.094322204589844,1.3243613243103027,-0.09697803854942322,0.004622054286301136,-0.10164811462163925,0.029462430626153946,0.9943733215332031
242,upperarm_l,19.827228546142578,-125.26986694335938,39.035030364990234,-0.14968523383140564,0.2859906256198883,0.9296408295631409,0.17768463492393494
242,upperarm_r,-43.98514175415039,142.91673278808594,71.69562530517578,0.10966771841049194,0.4406264126300812,-0.7823199033737183,0.4263765513896942
243,calf_l,-1.1976066827774048,0.10576196759939194,0.0689118430018425,0.002727827988564968,0.10996890813112259,-0.040949076414108276,0.9930874109268188
243,calf_r,-1.1976436376571655,-0.10579056292772293,0.06897440552711487,-0.0027296843472868204,0.1099681407213211,0.04094770923256874,0.9930875301361084
243,clavicle_l,-25.799985885620117,2.172459363937378,0.9467628598213196,0.007103108335286379,0.09844955056905746,-0.0030400415416806936,0.9951120615005493
243,clavicle_r,-25.796377182006836,-2.172821044921875,0.9460750222206116,-0.007104577496647835,0.09843716025352478,0.0030393158085644245,0.9951132535934448
243,foot_l,1.4007596969604492,-0.09197099506855011,-0.024113114923238754,-0.0007511675357818604,7.378386726486497e-06,-0.045805662870407104,0.9989501237869263
243,foot_r,1.400760531425476,0.0919429361820221,-0.024020662531256676,0.0007487430120818317,6.788190603401745e-06,0.04580593481659889,0.998950183391571
243,hand_l,103.51679229736328,-24.33618927001953,211.92486572265625,0.9006109237670898,-0.08582334965467453,-0.3848070502281189,0.1829148530960083
243,hand_r,101.00562286376953,65.17391967773438,217.8844757080078,-0.8860116600990295,-0.1888345330953598,0.4051925539970398,0.1230604276061058
243,head,0.04053674638271332,0.706925630569458,-2.06296443939209,0.0024898136034607887,0.015643324702978134,-3.8890397263458e-05,0.9998745322227478
243,lowerarm_l,67.87606811523438,-17.071760177612305,-4.083951950073242,-0.21610961854457855,-0.1898825764656067,0.9539244174957275,0.08526114374399185
243,lowerarm_r,94.73674011230469,48.24118423461914,15.175722122192383,0.36644020676612854,-0.19471986591815948,-0.876503050327301,0.24402502179145813
243,neck,-19.36223602294922,1.3226115703582764,-0.2816200256347656,0.004279038403183222,0.07559191435575485,-0.0015691261505708098,0.9971285462379456
243,pelvis,6.109453201293945,3.538410601322539e-05,-1.6926586627960205,-6.858300594103639e-08,-0.029346944764256477,1.3539678889173956e-07,0.999569296836853
243,root,0.0,0.0,0.0,-2.1139658201718703e-07,-5.7790373375610216e-08,1.0658141036401503e-14,1.0
243,spine_01,-1.4748737812042236,-5.74578689338523e-06,-1.8545806407928467,-2.441597644065041e-07,0.008239121176302433,-1.3386494401856908e-07,0.9999660849571228
243,spine_02,-11.002320289611816,4.255030216882005e-05,-1.323103904724121,1.149634520913878e-08,0.04770326986908913,1.3117062280798564e-07,0.99886155128479
243,thigh_l,19.094438552856445,-1.3242473602294922,-0.09696096926927567,-0.004622010979801416,-0.10164884477853775,-0.02946186438202858,0.9943732619285583
243,thigh_r,19.094322204589844,1.3243613243103027,-0.09697803854942322,0.004622054286301136,-0.10164811462163925,0.029462430626153946,0.9943733215332031
243,upperarm_l,19.827228546142578,-125.26986694335938,39.035030364990234,-0.14968523383140564,0.2859906256198883,0.9296408295631409,0.17768463492393494
243,upperarm_r,-43.98514175415039,142.91673278808594,71.69562530517578,0.10966771841049194,0.4406264126300812,-0.7823199033737183,0.4263765513896942
244,calf_l,-1.1976066827774048,0.10576196759939194,0.0689118430018425,0.002727827988564968,0.10996890813112259,-0.040949076414108276,0.9930874109268188
244,calf_r,-1.1976436376571655,-0.10579056292772293,0.06897440552711487,-0.0027296843472868204,0.1099681407213211,0.04094770923256874,0.9930875301361084
244,clavicle_l,-25.799985885620117,2.172459363937378,0.9467628598213196,0.007103108335286379,0.09844955056905746,-0.0030400415416806936,0.9951120615005493
244,clavicle_r,-25.796377182006836,-2.172821044921875,0.9460750222206116,-0.007104577496647835,0.09843716025352478,0.0030393158085644245,0.9951132535934448
244,foot_l,1.4007596969604492,-0.09197099506855011,-0.024113114923238754,-0.0007511675357818604,7.378386726486497e-06,-0.045805662870407104,0.9989501237869263
244,foot_r,1.400760531425476,0.0919429361820221,-0.024020662531256676,0.0007487430120818317,6.788190603401745e-06,0.04580593481659889,0.998950183391571
244,hand_l,103.51679229736328,-24.33618927001953,211.92486572265625,0.9006109237670898,-0.08582334965467453,-0.3848070502281189,0.1829148530960083
244,hand_r,101.00562286376953,65.17391967773438,217.8844757080078,-0.8860116600990295,-0.1888345330953598,0.4051925539970398,0.1230604276061058
244,head,0.04053674638271332,0.706925630569458,-2.06296443939209,0.0024898136034607887,0.015643324702978134,-3.8890397263458e-05,0.9998745322227478
244,lowerarm_l,67.87606811523438,-17.071760177612305,-4.083951950073242,-0.21610961854457855,-0.1898825764656067,0.9539244174957275,0.08526114374399185
244,lowerarm_r,94.73674011230469,48.24118423461914,15.175722122192383,0.36644020676612854,-0.19471986591815948,-0.876503050327301,0.24402502179145813
244,neck,-19.36223602294922,1.3226115703582764,-0.2816200256347656,0.004279038403183222,0.07559191435575485,-0.0015691261505708098,0.9971285462379456
244,pelvis,6.109453201293945,3.538410601322539e-05,-1.6926586627960205,-6.858300594103639e-08,-0.029346944764256477,1.3539678889173956e-07,0.999569296836853
244,root,0.0,0.0,0.0,-2.1139658201718703e-07,-5.7790373375610216e-08,1.0658141036401503e-14,1.0
244,spine_01,-1.4748737812042236,-5.74578689338523e-06,-1.8545806407928467,-2.441597644065041e-07,0.008239121176302433,-1.3386494401856908e-07,0.9999660849571228
244,spine_02,-11.002320289611816,4.255030216882005e-05,-1.323103904724121,1.149634520913878e-08,0.04770326986908913,1.3117062280798564e-07,0.99886155128479
244,thigh_l,19.094438552856445,-1.3242473602294922,-0.09696096926927567,-0.004622010979801416,-0.10164884477853775,-0.02946186438202858,0.9943732619285583
244,thigh_r,19.094322204589844,1.3243613243103027,-0.09697803854942322,0.004622054286301136,-0.10164811462163925,0.029462430626153946,0.9943733215332031
244,upperarm_l,19.827228546142578,-125.26986694335938,39.035030364990234,-0.14968523383140564,0.2859906256198883,0.9296408295631409,0.17768463492393494
244,upperarm_r,-43.98514175415039,142.91673278808594,71.69562530517578,0.10966771841049194,0.4406264126300812,-0.7823199033737183,0.4263765513896942
245,calf_l,-1.1976066827774048,0.10576196759939194,0.0689118430018425,0.002727827988564968,0.10996890813112259,-0.040949076414108276,0.9930874109268188
245,calf_r,-1.1976436376571655,-0.10579056292772293,0.06897440552711487,-0.0027296843472868204,0.1099681407213211,0.04094770923256874,0.9930875301361084
245,clavicle_l,-25.799985885620117,2.172459363937378,0.9467628598213196,0.007103108335286379,0.09844955056905746,-0.0030400415416806936,0.9951120615005493
245,clavicle_r,-25.796377182006836,-2.172821044921875,0.9460750222206116,-0.007104577496647835,0.09843716025352478,0.0030393158085644245,0.9951132535934448
245,foot_l,1.4007596969604492,-0.09197099506855011,-0.024113114923238754,-0.0007511675357818604,7.378386726486497e-06,-0.045805662870407104,0.9989501237869263
245,foot_r,1.400760531425476,0.0919429361820221,-0.024020662531256676,0.0007487430120818317,6.788190603401745e-06,0.04580593481659889,0.998950183391571
245,hand_l,103.51679229736328,-24.33618927001953,211.92486572265625,0.9006109237670898,-0.08582334965467453,-0.3848070502281189,0.1829148530960083
245,hand_r,101.00562286376953,65.17391967773438,217.8844757080078,-0.8860116600990295,-0.1888345330953598,0.4051925539970398,0.1230604276061058
245,head,0.04053674638271332,0.706925630569458,-2.06296443939209,0.0024898136034607887,0.015643324702978134,-3.8890397263458e-05,0.9998745322227478
245,lowerarm_l,67.87606811523438,-17.071760177612305,-4.083951950073242,-0.21610961854457855,-0.1898825764656067,0.9539244174957275,0.08526114374399185
245,lowerarm_r,94.73674011230469,48.24118423461914,15.175722122192383,0.36644020676612854,-0.19471986591815948,-0.876503050327301,0.24402502179145813
245,neck,-19.36223602294922,1.3226115703582764,-0.2816200256347656,0.004279038403183222,0.07559191435575485,-0.0015691261505708098,0.9971285462379456
245,pelvis,6.109453201293945,3.538410601322539e-05,-1.6926586627960205,-6.858300594103639e-08,-0.029346944764256477,1.3539678889173956e-07,0.999569296836853
245,root,0.0,0.0,0.0,-2.1139658201718703e-07,-5.7790373375610216e-08,1.0658141036401503e-14,1.0
245,spine_01,-1.4748737812042236,-5.74578689338523e-06,-1.8545806407928467,-2.441597644065041e-07,0.008239121176302433,-1.3386494401856908e-07,0.9999660849571228
245,spine_02,-11.002320289611816,4.255030216882005e-05,-1.323103904724121,1.149634520913878e-08,0.04770326986908913,1.3117062280798564e-07,0.99886155128479
245,thigh_l,19.094438552856445,-1.3242473602294922,-0.09696096926927567,-0.004622010979801416,-0.10164884477853775,-0.02946186438202858,0.9943732619285583
245,thigh_r,19.094322204589844,1.3243613243103027,-0.09697803854942322,0.004622054286301136,-0.10164811462163925,0.029462430626153946,0.9943733215332031
245,upperarm_l,19.827228546142578,-125.26986694335938,39.035030364990234,-0.14968523383140564,0.2859906256198883,0.9296408295631409,0.17768463492393494
245,upperarm_r,-43.98514175415039,142.91673278808594,71.69562530517578,0.10966771841049194,0.4406264126300812,-0.7823199033737183,0.4263765513896942
246,calf_l,-1.1976066827774048,0.10576196759939194,0.0689118430018425,0.002727827988564968,0.10996890813112259,-0.040949076414108276,0.9930874109268188
246,calf_r,-1.1976436376571655,-0.10579056292772293,0.06897440552711487,-0.0027296843472868204,0.1099681407213211,0.04094770923256874,0.9930875301361084
246,clavicle_l,-25.799985885620117,2.172459363937378,0.9467628598213196,0.007103108335286379,0.09844955056905746,-0.0030400415416806936,0.9951120615005493
246,clavicle_r,-25.796377182006836,-2.172821044921875,0.9460750222206116,-0.007104577496647835,0.09843716025352478,0.0030393158085644245,0.9951132535934448
246,foot_l,1.4007596969604492,-0.09197099506855011,-0.024113114923238754,-0.0007511675357818604,7.378386726486497e-06,-0.045805662870407104,0.9989501237869263
246,foot_r,1.400760531425476,0.0919429361820221,-0.024020662531256676,0.0007487430120818317,6.788190603401745e-06,0.04580593481659889,0.998950183391571
246,hand_l,103.51679229736328,-24.33618927001953,211.92486572265625,0.9006109237670898,-0.08582334965467453,-0.3848070502281189,0.1829148530960083
246,hand_r,101.00562286376953,65.17391967773438,217.8844757080078,-0.8860116600990295,-0.1888345330953598,0.4051925539970398,0.1230604276061058
246,head,0.04053674638271332,0.706925630569458,-2.06296443939209,0.0024898136034607887,0.015643324702978134,-3.8890397263458e-05,0.9998745322227478
246,lowerarm_l,67.87606811523438,-17.071760177612305,-4.083951950073242,-0.21610961854457855,-0.1898825764656067,0.9539244174957275,0.08526114374399185
246,lowerarm_r,94.73674011230469,48.24118423461914,15.175722122192383,0.36644020676612854,-0.19471986591815948,-0.876503050327301,0.24402502179145813
246,neck,-19.36223602294922,1.3226115703582764,-0.2816200256347656,0.004279038403183222,0.07559191435575485,-0.0015691261505708098,0.9971285462379456
246,pelvis,6.109453201293945,3.538410601322539e-05,-1.6926586627960205,-6.858300594103639e-08,-0.029346944764256477,1.3539678889173956e-07,0.999569296836853
246,root,0.0,0.0,0.0,-2.1139658201718703e-07,-5.7790373375610216e-08,1.0658141036401503e-14,1.0
246,spine_01,-1.4748737812042236,-5.74578689338523e-06,-1.8545806407928467,-2.441597644065041e-07,0.008239121176302433,-1.3386494401856908e-07,0.9999660849571228
246,spine_02,-11.002320289611816,4.255030216882005e-05,-1.323103904724121,1.149634520913878e-08,0.04770326986908913,1.3117062280798564e-07,0.99886155128479
246,thigh_l,19.094438552856445,-1.3242473602294922,-0.09696096926927567,-0.004622010979801416,-0.10164884477853775,-0.02946186438202858,0.9943732619285583
246,thigh_r,19.094322204589844,1.3243613243103027,-0.09697803854942322,0.004622054286301136,-0.10164811462163925,0.029462430626153946,0.9943733215332031
246,upperarm_l,19.827228546142578,-125.26986694335938,39.035030364990234,-0.14968523383140564,0.2859906256198883,0.9296408295631409,0.17768463492393494
246,upperarm_r,-43.98514175415039,142.91673278808594,71.69562530517578,0.10966771841049194,0.4406264126300812,-0.7823199033737183,0.4263765513896942
247,calf_l,-1.1976066827774048,0.10576196759939194,0.0689118430018425,0.002727827988564968,0.10996890813112259,-0.040949076414108276,0.9930874109268188
247,calf_r,-1.1976436376571655,-0.10579056292772293,0.06897440552711487,-0.0027296843472868204,0.1099681407213211,0.04094770923256874,0.9930875301361084
247,clavicle_l,-25.799985885620117,2.172459363937378,0.9467628598213196,0.007103108335286379,0.09844955056905746,-0.0030400415416806936,0.9951120615005493
247,clavicle_r,-25.796377182006836,-2.172821044921875,0.9460750222206116,-0.007104577496647835,0.09843716025352478,0.0030393158085644245,0.9951132535934448
247,foot_l,1.4007596969604492,-0.09197099506855011,-0.024113114923238754,-0.0007511675357818604,7.378386726486497e-06,-0.045805662870407104,0.9989501237869263
247,foot_r,1.400760531425476,0.0919429361820221,-0.024020662531256676,0.0007487430120818317,6.788190603401745e-06,0.04580593481659889,0.998950183391571
247,hand_l,103.51679229736328,-24.33618927001953,211.92486572265625,0.9006109237670898,-0.08582334965467453,-0.3848070502281189,0.1829148530960083
247,hand_r,101.00562286376953,65.17391967773438,217.8844757080078,-0.8860116600990295,-0.1888345330953598,0.4051925539970398,0.1230604276061058
247,head,0.04053674638271332,0.706925630569458,-2.06296443939209,0.0024898136034607887,0.015643324702978134,-3.8890397263458e-05,0.9998745322227478
247,lowerarm_l,67.87606811523438,-17.071760177612305,-4.083951950073242,-0.21610961854457855,-0.1898825764656067,0.9539244174957275,0.08526114374399185
247,lowerarm_r,94.73674011230469,48.24118423461914,15.175722122192383,0.36644020676612854,-0.19471986591815948,-0.876503050327301,0.24402502179145813
247,neck,-19.36223602294922,1.3226115703582764,-0.2816200256347656,0.004279038403183222,0.07559191435575485,-0.0015691261505708098,0.9971285462379456
247,pelvis,6.109453201293945,3.538410601322539e-05,-1.6926586627960205,-6.858300594103639e-08,-0.029346944764256477,1.3539678889173956e-07,0.999569296836853
247,root,0.0,0.0,0.0,-2.1139658201718703e-07,-5.7790373375610216e-08,1.0658141036401503e-14,1.0
247,spine_01,-1.4748737812042236,-5.74578689338523e-06,-1.8545806407928467,-2.441597644065041e-07,0.008239121176302433,-1.3386494401856908e-07,0.9999660849571228
247,spine_02,-11.002320289611816,4.255030216882005e-05,-1.323103904724121,1.149634520913878e-08,0.04770326986908913,1.3117062280798564e-07,0.99886155128479
247,thigh_l,19.094438552856445,-1.3242473602294922,-0.09696096926927567,-0.004622010979801416,-0.10164884477853775,-0.02946186438202858,0.9943732619285583
247,thigh_r,19.094322204589844,1.3243613243103027,-0.09697803854942322,0.004622054286301136,-0.10164811462163925,0.029462430626153946,0.9943733215332031
247,upperarm_l,19.827228546142578,-125.26986694335938,39.035030364990234,-0.14968523383140564,0.2859906256198883,0.9296408295631409,0.17768463492393494
247,upperarm_r,-43.98514175415039,142.91673278808594,71.69562530517578,0.10966771841049194,0.4406264126300812,-0.7823199033737183,0.4263765513896942
248,calf_l,-1.1976066827774048,0.10576196759939194,0.0689118430018425,0.002727827988564968,0.10996890813112259,-0.040949076414108276,0.9930874109268188
248,calf_r,-1.1976436376571655,-0.10579056292772293,0.06897440552711487,-0.0027296843472868204,0.1099681407213211,0.04094770923256874,0.9930875301361084
248,clavicle_l,-25.799985885620117,2.172459363937378,0.9467628598213196,0.007103108335286379,0.09844955056905746,-0.0030400415416806936,0.9951120615005493
248,clavicle_r,-25.796377182006836,-2.172821044921875,0.9460750222206116,-0.007104577496647835,0.09843716025352478,0.0030393158085644245,0.9951132535934448
248,foot_l,1.4007596969604492,-0.09197099506855011,-0.024113114923238754,-0.0007511675357818604,7.378386726486497e-06,-0.045805662870407104,0.9989501237869263
248,foot_r,1.400760531425476,0.0919429361820221,-0.024020662531256676,0.0007487430120818317,6.788190603401745e-06,0.04580593481659889,0.998950183391571
248,hand_l,103.51679229736328,-24.33618927001953,211.92486572265625,0.9006109237670898,-0.08582334965467453,-0.3848070502281189,0.1829148530960083
248,hand_r,101.00562286376953,65.17391967773438,217.8844757080078,-0.8860116600990295,-0.1888345330953598,0.4051925539970398,0.1230604276061058
248,head,0.04053674638271332,0.706925630569458,-2.06296443939209,0.0024898136034607887,0.015643324702978134,-3.8890397263458e-05,0.9998745322227478
248,lowerarm_l,67.87606811523438,-17.071760177612305,-4.083951950073242,-0.21610961854457855,-0.1898825764656067,0.9539244174957275,0.08526114374399185
248,lowerarm_r,94.73674011230469,48.24118423461914,15.175722122192383,0.36644020676612854,-0.19471986591815948,-0.876503050327301,0.24402502179145813
248,neck,-19.36223602294922,1.3226115703582764,-0.2816200256347656,0.004279038403183222,0.07559191435575485,-0.0015691261505708098,0.9971285462379456
248,pelvis,6.109453201293945,3.538410601322539e-05,-1.6926586627960205,-6.858300594103639e-08,-0.029346944764256477,1.3539678889173956e-07,0.999569296836853
248,root,0.0,0.0,0.0,-2.1139658201718703e-07,-5.7790373375610216e-08,1.0658141036401503e-14,1.0
248,spine_01,-1.4748737812042236,-5.74578689338523e-06,-1.8545806407928467,-2.441597644065041e-07,0.008239121176302433,-1.3386494401856908e-07,0.9999660849571228
248,spine_02,-11.002320289611816,4.255030216882005e-05,-1.323103904724121,1.149634520913878e-08,0.04770326986908913,1.3117062280798564e-07,0.99886155128479
248,thigh_l,19.094438552856445,-1.3242473602294922,-0.09696096926927567,-0.004622010979801416,-0.10164884477853775,-0.02946186438202858,0.9943732619285583
248,thigh_r,19.094322204589844,1.3243613243103027,-0.09697803854942322,0.004622054286301136,-0.10164811462163925,0.029462430626153946,0.9943733215332031
248,upperarm_l,19.827228546142578,-125.26986694335938,39.035030364990234,-0.14968523383140564,0.2859906256198883,0.9296408295631409,0.17768463492393494
248,upperarm_r,-43.98514175415039,142.91673278808594,71.69562530517578,0.10966771841049194,0.4406264126300812,-0.7823199033737183,0.4263765513896942
249,calf_l,-1.1976066827774048,0.10576196759939194,0.0689118430018425,0.002727827988564968,0.10996890813112259,-0.040949076414108276,0.9930874109268188
249,calf_r,-1.1976436376571655,-0.10579056292772293,0.06897440552711487,-0.0027296843472868204,0.1099681407213211,0.04094770923256874,0.9930875301361084
249,clavicle_l,-25.799985885620117,2.172459363937378,0.9467628598213196,0.007103108335286379,0.09844955056905746,-0.0030400415416806936,0.9951120615005493
249,clavicle_r,-25.796377182006836,-2.172821044921875,0.9460750222206116,-0.007104577496647835,0.09843716025352478,0.0030393158085644245,0.9951132535934448
249,foot_l,1.4007596969604492,-0.09197099506855011,-0.024113114923238754,-0.0007511675357818604,7.378386726486497e-06,-0.045805662870407104,0.9989501237869263
249,foot_r,1.400760531425476,0.0919429361820221,-0.024020662531256676,0.0007487430120818317,6.788190603401745e-06,0.04580593481659889,0.998950183391571
249,hand_l,103.51679229736328,-24.33618927001953,211.92486572265625,0.9006109237670898,-0.08582334965467453,-0.3848070502281189,0.1829148530960083
249,hand_r,101.00562286376953,65.17391967773438,217.8844757080078,-0.8860116600990295,-0.1888345330953598,0.4051925539970398,0.1230604276061058
249,head,0.04053674638271332,0.706925630569458,-2.06296443939209,0.0024898136034607887,0.015643324702978134,-3.8890397263458e-05,0.9998745322227478
249,lowerarm_l,67.87606811523438,-17.071760177612305,-4.083951950073242,-0.21610961854457855,-0.1898825764656067,0.9539244174957275,0.08526114374399185
249,lowerarm_r,94.73674011230469,48.24118423461914,15.175722122192383,0.36644020676612854,-0.19471986591815948,-0.876503050327301,0.24402502179145813
249,neck,-19.36223602294922,1.3226115703582764,-0.2816200256347656,0.004279038403183222,0.07559191435575485,-0.0015691261505708098,0.9971285462379456
249,pelvis,6.109453201293945,3.538410601322539e-05,-1.6926586627960205,-6.858300594103639e-08,-0.029346944764256477,1.3539678889173956e-07,0.999569296836853
249,root,0.0,0.0,0.0,-2.1139658201718703e-07,-5.7790373375610216e-08,1.0658141036401503e-14,1.0
249,spine_01,-1.4748737812042236,-5.74578689338523e-06,-1.8545806407928467,-2.441597644065041e-07,0.008239121176302433,-1.3386494401856908e-07,0.9999660849571228
249,spine_02,-11.002320289611816,4.255030216882005e-05,-1.323103904724121,1.149634520913878e-08,0.04770326986908913,1.3117062280798564e-07,0.99886155128479
249,thigh_l,19.094438552856445,-1.3242473602294922,-0.09696096926927567,-0.004622010979801416,-0.10164884477853775,-0.02946186438202858,0.9943732619285583
249,thigh_r,19.094322204589844,1.3243613243103027,-0.09697803854942322,0.004622054286301136,-0.10164811462163925,0.029462430626153946,0.9943733215332031
249,upperarm_l,19.827228546142578,-125.26986694335938,39.035030364990234,-0.14968523383140564,0.2859906256198883,0.9296408295631409,0.17768463492393494
249,upperarm_r,-43.98514175415039,142.91673278808594,71.69562530517578,0.10966771841049194,0.4406264126300812,-0.7823199033737183,0.4263765513896942
250,calf_l,-1.1976066827774048,0.10576196759939194,0.0689118430018425,0.002727827988564968,0.10996890813112259,-0.040949076414108276,0.9930874109268188
250,calf_r,-1.1976436376571655,-0.10579056292772293,0.06897440552711487,-0.0027296843472868204,0.1099681407213211,0.04094770923256874,0.9930875301361084
250,clavicle_l,-25.799985885620117,2.172459363937378,0.9467628598213196,0.007103108335286379,0.09844955056905746,-0.0030400415416806936,0.9951120615005493
250,clavicle_r,-25.796377182006836,-2.172821044921875,0.9460750222206116,-0.007104577496647835,0.09843716025352478,0.0030393158085644245,0.9951132535934448
250,foot_l,1.4007596969604492,-0.09197099506855011,-0.024113114923238754,-0.0007511675357818604,7.378386726486497e-06,-0.045805662870407104,0.9989501237869263
250,foot_r,1.400760531425476,0.0919429361820221,-0.024020662531256676,0.0007487430120818317,6.788190603401745e-06,0.04580593481659889,0.998950183391571
250,hand_l,103.51679229736328,-24.33618927001953,211.92486572265625,0.9006109237670898,-0.08582334965467453,-0.3848070502281189,0.1829148530960083
250,hand_r,101.00562286376953,65.17391967773438,217.8844757080078,-0.8860116600990295,-0.1888345330953598,0.4051925539970398,0.1230604276061058
250,head,0.04053674638271332,0.706925630569458,-2.06296443939209,0.0024898136034607887,0.015643324702978134,-3.8890397263458e-05,0.9998745322227478
250,lowerarm_l,67.87606811523438,-17.071760177612305,-4.083951950073242,-0.21610961854457855,-0.1898825764656067,0.9539244174957275,0.08526114374399185
250,lowerarm_r,94.73674011230469,48.24118423461914,15.175722122192383,0.36644020676612854,-0.19471986591815948,-0.876503050327301,0.24402502179145813
250,neck,-19.36223602294922,1.3226115703582764,-0.2816200256347656,0.004279038403183222,0.07559191435575485,-0.0015691261505708098,0.9971285462379456
250,pelvis,6.109453201293945,3.538410601322539e-05,-1.6926586627960205,-6.858300594103639e-08,-0.029346944764256477,1.3539678889173956e-07,0.999569296836853
250,root,0.0,0.0,0.0,-2.1139658201718703e-07,-5.7790373375610216e-08,1.0658141036401503e-14,1.0
250,spine_01,-1.4748737812042236,-5.74578689338523e-06,-1.8545806407928467,-2.441597644065041e-07,0.008239121176302433,-1.3386494401856908e-07,0.9999660849571228
250,spine_02,-11.002320289611816,4.255030216882005e-05,-1.323103904724121,1.149634520913878e-08,0.04770326986908913,1.3117062280798564e-07,0.99886155128479
250,thigh_l,19.094438552856445,-1.3242473602294922,-0.09696096926927567,-0.004622010979801416,-0.10164884477853775,-0.02946186438202858,0.9943732619285583
250,thigh_r,19.094322204589844,1.3243613243103027,-0.09697803854942322,0.004622054286301136,-0.10164811462163925,0.029462430626153946,0.9943733215332031
250,upperarm_l,19.827228546142578,-125.26986694335938,39.035030364990234,-0.14968523383140564,0.2859906256198883,0.9296408295631409,0.17768463492393494
250,upperarm_r,-43.98514175415039,142.91673278808594,71.69562530517578,0.10966771841049194,0.4406264126300812,-0.7823199033737183,0.4263765513896942
251,calf_l,-1.1976066827774048,0.10576196759939194,0.0689118430018425,0.002727827988564968,0.10996890813112259,-0.040949076414108276,0.9930874109268188
251,calf_r,-1.1976436376571655,-0.10579056292772293,0.06897440552711487,-0.0027296843472868204,0.1099681407213211,0.04094770923256874,0.9930875301361084
251,clavicle_l,-25.799985885620117,2.172459363937378,0.9467628598213196,0.007103108335286379,0.09844955056905746,-0.0030400415416806936,0.9951120615005493
251,clavicle_r,-25.796377182006836,-2.172821044921875,0.9460750222206116,-0.007104577496647835,0.09843716025352478,0.0030393158085644245,0.9951132535934448
251,foot_l,1.4007596969604492,-0.09197099506855011,-0.024113114923238754,-0.0007511675357818604,7.378386726486497e-06,-0.045805662870407104,0.9989501237869263
251,foot_r,1.400760531425476,0.0919429361820221,-0.024020662531256676,0.0007487430120818317,6.788190603401745e-06,0.04580593481659889,0.998950183391571
251,hand_l,103.51679229736328,-24.33618927001953,211.92486572265625,0.9006109237670898,-0.08582334965467453,-0.3848070502281189,0.1829148530960083
251,hand_r,101.00562286376953,65.17391967773438,217.8844757080078,-0.8860116600990295,-0.1888345330953598,0.4051925539970398,0.1230604276061058
251,head,0.04053674638271332,0.706925630569458,-2.06296443939209,0.0024898136034607887,0.015643324702978134,-3.8890397263458e-05,0.9998745322227478
251,lowerarm_l,67.87606811523438,-17.071760177612305,-4.083951950073242,-0.21610961854457855,-0.1898825764656067,0.9539244174957275,0.08526114374399185
251,lowerarm_r,94.73674011230469,48.24118423461914,15.175722122192383,0.36644020676612854,-0.19471986591815948,-0.876503050327301,0.24402502179145813
251,neck,-19.36223602294922,1.3226115703582764,-0.2816200256347656,0.004279038403183222,0.07559191435575485,-0.0015691261505708098,0.9971285462379456
251,pelvis,6.109453201293945,3.538410601322539e-05,-1.6926586627960205,-6.858300594103639e-08,-0.029346944764256477,1.3539678889173956e-07,0.999569296836853
251,root,0.0,0.0,0.0,-2.1139658201718703e-07,-5.7790373375610216e-08,1.0658141036401503e-14,1.0
251,spine_01,-1.4748737812042236,-5.74578689338523e-06,-1.8545806407928467,-2.441597644065041e-07,0.008239121176302433,-1.3386494401856908e-07,0.9999660849571228
251,spine_02,-11.002320289611816,4.255030216882005e-05,-1.323103904724121,1.149634520913878e-08,0.04770326986908913,1.3117062280798564e-07,0.99886155128479
251,thigh_l,19.094438552856445,-1.3242473602294922,-0.09696096926927567,-0.004622010979801416,-0.10164884477853775,-0.02946186438202858,0.9943732619285583
251,thigh_r,19.094322204589844,1.3243613243103027,-0.09697803854942322,0.004622054286301136,-0.10164811462163925,0.029462430626153946,0.9943733215332031
251,upperarm_l,19.827228546142578,-125.26986694335938,39.035030364990234,-0.14968523383140564,0.2859906256198883,0.9296408295631409,0.17768463492393494
251,upperarm_r,-43.98514175415039,142.91673278808594,71.69562530517578,0.10966771841049194,0.4406264126300812,-0.7823199033737183,0.4263765513896942
252,calf_l,-1.1976066827774048,0.10576196759939194,0.0689118430018425,0.002727827988564968,0.10996890813112259,-0.040949076414108276,0.9930874109268188
252,calf_r,-1.1976436376571655,-0.10579056292772293,0.06897440552711487,-0.0027296843472868204,0.1099681407213211,0.04094770923256874,0.9930875301361084
252,clavicle_l,-25.799985885620117,2.172459363937378,0.9467628598213196,0.007103108335286379,0.09844955056905746,-0.0030400415416806936,0.9951120615005493
252,clavicle_r,-25.796377182006836,-2.172821044921875,0.9460750222206116,-0.007104577496647835,0.09843716025352478,0.0030393158085644245,0.9951132535934448
252,foot_l,1.4007596969604492,-0.09197099506855011,-0.024113114923238754,-0.0007511675357818604,7.378386726486497e-06,-0.045805662870407104,0.9989501237869263
252,foot_r,1.400760531425476,0.0919429361820221,-0.024020662531256676,0.0007487430120818317,6.788190603401745e-06,0.04580593481659889,0.998950183391571
252,hand_l,103.51679229736328,-24.33618927001953,211.92486572265625,0.9006109237670898,-0.08582334965467453,-0.3848070502281189,0.1829148530960083
252,hand_r,101.00562286376953,65.17391967773438,217.8844757080078,-0.8860116600990295,-0.1888345330953598,0.4051925539970398,0.1230604276061058
252,head,0.04053674638271332,0.706925630569458,-2.06296443939209,0.0024898136034607887,0.015643324702978134,-3.8890397263458e-05,0.9998745322227478
252,lowerarm_l,67.87606811523438,-17.071760177612305,-4.083951950073242,-0.21610961854457855,-0.1898825764656067,0.9539244174957275,0.08526114374399185
252,lowerarm_r,94.73674011230469,48.24118423461914,15.175722122192383,0.36644020676612854,-0.19471986591815948,-0.876503050327301,0.24402502179145813
252,neck,-19.36223602294922,1.3226115703582764,-0.2816200256347656,0.004279038403183222,0.07559191435575485,-0.0015691261505708098,0.9971285462379456
252,pelvis,6.109453201293945,3.538410601322539e-05,-1.6926586627960205,-6.858300594103639e-08,-0.029346944764256477,1.3539678889173956e-07,0.999569296836853
252,root,0.0,0.0,0.0,-2.1139658201718703e-07,-5.7790373375610216e-08,1.0658141036401503e-14,1.0
252,spine_01,-1.4748737812042236,-5.74578689338523e-06,-1.8545806407928467,-2.441597644065041e-07,0.008239121176302433,-1.3386494401856908e-07,0.9999660849571228
252,spine_02,-11.002320289611816,4.255030216882005e-05,-1.323103904724121,1.149634520913878e-08,0.04770326986908913,1.3117062280798564e-07,0.99886155128479
252,thigh_l,19.094438552856445,-1.3242473602294922,-0.09696096926927567,-0.004622010979801416,-0.10164884477853775,-0.02946186438202858,0.9943732619285583
252,thigh_r,19.094322204589844,1.3243613243103027,-0.09697803854942322,0.004622054286301136,-0.10164811462163925,0.029462430626153946,0.9943733215332031
252,upperarm_l,19.827228546142578,-125.26986694335938,39.035030364990234,-0.14968523383140564,0.2859906256198883,0.9296408295631409,0.17768463492393494
252,upperarm_r,-43.98514175415039,142.91673278808594,71.69562530517578,0.10966771841049194,0.4406264126300812,-0.7823199033737183,0.4263765513896942
253,calf_l,-1.1976066827774048,0.10576196759939194,0.0689118430018425,0.002727827988564968,0.10996890813112259,-0.040949076414108276,0.9930874109268188
253,calf_r,-1.1976436376571655,-0.10579056292772293,0.06897440552711487,-0.0027296843472868204,0.1099681407213211,0.04094770923256874,0.9930875301361084
253,clavicle_l,-25.799985885620117,2.172459363937378,0.9467628598213196,0.007103108335286379,0.09844955056905746,-0.0030400415416806936,0.9951120615005493
253,clavicle_r,-25.796377182006836,-2.172821044921875,0.9460750222206116,-0.007104577496647835,0.09843716025352478,0.0030393158085644245,0.9951132535934448
253,foot_l,1.4007596969604492,-0.09197099506855011,-0.024113114923238754,-0.0007511675357818604,7.378386726486497e-06,-0.045805662870407104,0.9989501237869263
253,foot_r,1.400760531425476,0.0919429361820221,-0.024020662531256676,0.0007487430120818317,6.788190603401745e-06,0.04580593481659889,0.998950183391571
253,hand_l,103.51679229736328,-24.33618927001953,211.92486572265625,0.9006109237670898,-0.08582334965467453,-0.3848070502281189,0.1829148530960083
253,hand_r,101.00562286376953,65.17391967773438,217.8844757080078,-0.8860116600990295,-0.1888345330953598,0.4051925539970398,0.1230604276061058
253,head,0.04053674638271332,0.706925630569458,-2.06296443939209,0.0024898136034607887,0.015643324702978134,-3.8890397263458e-05,0.9998745322227478
253,lowerarm_l,67.87606811523438,-17.071760177612305,-4.083951950073242,-0.21610961854457855,-0.1898825764656067,0.9539244174957275,0.08526114374399185
253,lowerarm_r,94.73674011230469,48.24118423461914,15.175722122192383,0.36644020676612854,-0.19471986591815948,-0.876503050327301,0.24402502179145813
253,neck,-19.36223602294922,1.3226115703582764,-0.2816200256347656,0.004279038403183222,0.07559191435575485,-0.0015691261505708098,0.9971285462379456
253,pelvis,6.109453201293945,3.538410601322539e-05,-1.6926586627960205,-6.858300594103639e-08,-0.029346944764256477,1.3539678889173956e-07,0.999569296836853
253,root,0.0,0.0,0.0,-2.1139658201718703e-07,-5.7790373375610216e-08,1.0658141036401503e-14,1.0
253,spine_01,-1.4748737812042236,-5.74578689338523e-06,-1.8545806407928467,-2.441597644065041e-07,0.008239121176302433,-1.3386494401856908e-07,0.9999660849571228
253,spine_02,-11.002320289611816,4.255030216882005e-05,-1.323103904724121,1.149634520913878e-08,0.04770326986908913,1.3117062280798564e-07,0.99886155128479
253,thigh_l,19.094438552856445,-1.3242473602294922,-0.09696096926927567,-0.004622010979801416,-0.10164884477853775,-0.02946186438202858,0.9943732619285583
253,thigh_r,19.094322204589844,1.3243613243103027,-0.09697803854942322,0.004622054286301136,-0.10164811462163925,0.029462430626153946,0.9943733215332031
253,upperarm_l,19.827228546142578,-125.26986694335938,39.035030364990234,-0.14968523383140564,0.2859906256198883,0.9296408295631409,0.17768463492393494
253,upperarm_r,-43.98514175415039,142.91673278808594,71.69562530517578,0.10966771841049194,0.4406264126300812,-0.7823199033737183,0.4263765513896942
254,calf_l,-1.1976066827774048,0.10576196759939194,0.0689118430018425,0.002727827988564968,0.10996890813112259,-0.040949076414108276,0.9930874109268188
254,calf_r,-1.1976436376571655,-0.10579056292772293,0.06897440552711487,-0.0027296843472868204,0.1099681407213211,0.04094770923256874,0.9930875301361084
254,clavicle_l,-25.799985885620117,2.172459363937378,0.9467628598213196,0.007103108335286379,0.09844955056905746,-0.0030400415416806936,0.9951120615005493
254,clavicle_r,-25.796377182006836,-2.172821044921875,0.9460750222206116,-0.007104577496647835,0.09843716025352478,0.0030393158085644245,0.9951132535934448
254,foot_l,1.4007596969604492,-0.09197099506855011,-0.024113114923238754,-0.0007511675357818604,7.378386726486497e-06,-0.045805662870407104,0.9989501237869263
254,foot_r,1.400760531425476,0.0919429361820221,-0.024020662531256676,0.0007487430120818317,6.788190603401745e-06,0.04580593481659889,0.998950183391571
254,hand_l,103.51679229736328,-24.33618927001953,211.92486572265625,0.9006109237670898,-0.08582334965467453,-0.3848070502281189,0.1829148530960083
254,hand_r,101.00562286376953,65.17391967773438,217.8844757080078,-0.8860116600990295,-0.1888345330953598,0.4051925539970398,0.1230604276061058
254,head,0.04053674638271332,0.706925630569458,-2.06296443939209,0.0024898136034607887,0.015643324702978134,-3.8890397263458e-05,0.9998745322227478
254,lowerarm_l,67.87606811523438,-17.071760177612305,-4.083951950073242,-0.21610961854457855,-0.1898825764656067,0.9539244174957275,0.08526114374399185
254,lowerarm_r,94.73674011230469,48.24118423461914,15.175722122192383,0.36644020676612854,-0.19471986591815948,-0.876503050327301,0.24402502179145813
254,neck,-19.36223602294922,1.3226115703582764,-0.2816200256347656,0.004279038403183222,0.07559191435575485,-0.0015691261505708098,0.9971285462379456
254,pelvis,6.109453201293945,3.538410601322539e-05,-1.6926586627960205,-6.858300594103639e-08,-0.029346944764256477,1.3539678889173956e-07,0.999569296836853
254,root,0.0,0.0,0.0,-2.1139658201718703e-07,-5.7790373375610216e-08,1.0658141036401503e-14,1.0
254,spine_01,-1.4748737812042236,-5.74578689338523e-06,-1.8545806407928467,-2.441597644065041e-07,0.008239121176302433,-1.3386494401856908e-07,0.9999660849571228
254,spine_02,-11.002320289611816,4.255030216882005e-05,-1.323103904724121,1.149634520913878e-08,0.04770326986908913,1.3117062280798564e-07,0.99886155128479
254,thigh_l,19.094438552856445,-1.3242473602294922,-0.09696096926927567,-0.004622010979801416,-0.10164884477853775,-0.02946186438202858,0.9943732619285583
254,thigh_r,19.094322204589844,1.3243613243103027,-0.09697803854942322,0.004622054286301136,-0.10164811462163925,0.029462430626153946,0.9943733215332031
254,upperarm_l,19.827228546142578,-125.26986694335938,39.035030364990234,-0.14968523383140564,0.2859906256198883,0.9296408295631409,0.17768463492393494
254,upperarm_r,-43.98514175415039,142.91673278808594,71.69562530517578,0.10966771841049194,0.4406264126300812,-0.7823199033737183,0.4263765513896942
255,calf_l,-1.1976066827774048,0.10576196759939194,0.0689118430018425,0.002727827988564968,0.10996890813112259,-0.040949076414108276,0.9930874109268188
255,calf_r,-1.1976436376571655,-0.10579056292772293,0.06897440552711487,-0.0027296843472868204,0.1099681407213211,0.04094770923256874,0.9930875301361084
255,clavicle_l,-25.799985885620117,2.172459363937378,0.9467628598213196,0.007103108335286379,0.09844955056905746,-0.0030400415416806936,0.9951120615005493
255,clavicle_r,-25.796377182006836,-2.172821044921875,0.9460750222206116,-0.007104577496647835,0.09843716025352478,0.0030393158085644245,0.9951132535934448
255,foot_l,1.4007596969604492,-0.09197099506855011,-0.024113114923238754,-0.0007511675357818604,7.378386726486497e-06,-0.045805662870407104,0.9989501237869263
255,foot_r,1.400760531425476,0.0919429361820221,-0.024020662531256676,0.0007487430120818317,6.788190603401745e-06,0.04580593481659889,0.998950183391571
255,hand_l,103.51679229736328,-24.33618927001953,211.92486572265625,0.9006109237670898,-0.08582334965467453,-0.3848070502281189,0.1829148530960083
255,hand_r,101.00562286376953,65.17391967773438,217.8844757080078,-0.8860116600990295,-0.1888345330953598,0.4051925539970398,0.1230604276061058
255,head,0.04053674638271332,0.706925630569458,-2.06296443939209,0.0024898136034607887,0.015643324702978134,-3.8890397263458e-05,0.9998745322227478
255,lowerarm_l,67.87606811523438,-17.071760177612305,-4.083951950073242,-0.21610961854457855,-0.1898825764656067,0.9539244174957275,0.08526114374399185
255,lowerarm_r,94.73674011230469,48.24118423461914,15.175722122192383,0.36644020676612854,-0.19471986591815948,-0.876503050327301,0.24402502179145813
255,neck,-19.36223602294922,1.3226115703582764,-0.2816200256347656,0.004279038403183222,0.07559191435575485,-0.0015691261505708098,0.9971285462379456
255,pelvis,6.109453201293945,3.538410601322539e-05,-1.6926586627960205,-6.858300594103639e-08,-0.029346944764256477,1.3539678889173956e-07,0.999569296836853
255,root,0.0,0.0,0.0,-2.1139658201718703e-07,-5.7790373375610216e-08,1.0658141036401503e-14,1.0
255,spine_01,-1.4748737812042236,-5.74578689338523e-06,-1.8545806407928467,-2.441597644065041e-07,0.008239121176302433,-1.3386494401856908e-07,0.9999660849571228
255,spine_02,-11.002320289611816,4.255030216882005e-05,-1.323103904724121,1.149634520913878e-08,0.04770326986908913,1.3117062280798564e-07,0.99886155128479
255,thigh_l,19.094438552856445,-1.3242473602294922,-0.09696096926927567,-0.004622010979801416,-0.10164884477853775,-0.02946186438202858,0.9943732619285583
255,thigh_r,19.094322204589844,1.3243613243103027,-0.09697803854942322,0.004622054286301136,-0.10164811462163925,0.029462430626153946,0.9943733215332031
255,upperarm_l,19.827228546142578,-125.26986694335938,39.035030364990234,-0.14968523383140564,0.2859906256198883,0.9296408295631409,0.17768463492393494
255,upperarm_r,-43.98514175415039,142.91673278808594,71.69562530517578,0.10966771841049194,0.4406264126300812,-0.7823199033737183,0.4263765513896942
256,calf_l,-1.1976066827774048,0.10576196759939194,0.0689118430018425,0.002727827988564968,0.10996890813112259,-0.040949076414108276,0.9930874109268188
256,calf_r,-1.1976436376571655,-0.10579056292772293,0.06897440552711487,-0.0027296843472868204,0.1099681407213211,0.04094770923256874,0.9930875301361084
256,clavicle_l,-25.799985885620117,2.172459363937378,0.9467628598213196,0.007103108335286379,0.09844955056905746,-0.0030400415416806936,0.9951120615005493
256,clavicle_r,-25.796377182006836,-2.172821044921875,0.9460750222206116,-0.007104577496647835,0.09843716025352478,0.0030393158085644245,0.9951132535934448
256,foot_l,1.4007596969604492,-0.09197099506855011,-0.024113114923238754,-0.0007511675357818604,7.378386726486497e-06,-0.045805662870407104,0.9989501237869263
256,foot_r,1.400760531425476,0.0919429361820221,-0.024020662531256676,0.0007487430120818317,6.788190603401745e-06,0.04580593481659889,0.998950183391571
256,hand_l,103.51679229736328,-24.33618927001953,211.92486572265625,0.9006109237670898,-0.08582334965467453,-0.3848070502281189,0.1829148530960083
256,hand_r,101.00562286376953,65.17391967773438,217.8844757080078,-0.8860116600990295,-0.1888345330953598,0.4051925539970398,0.1230604276061058
256,head,0.04053674638271332,0.706925630569458,-2.06296443939209,0.0024898136034607887,0.015643324702978134,-3.8890397263458e-05,0.9998745322227478
256,lowerarm_l,67.87606811523438,-17.071760177612305,-4.083951950073242,-0.21610961854457855,-0.1898825764656067,0.9539244174957275,0.08526114374399185
256,lowerarm_r,94.73674011230469,48.24118423461914,15.175722122192383,0.36644020676612854,-0.19471986591815948,-0.876503050327301,0.24402502179145813
256,neck,-19.36223602294922,1.3226115703582764,-0.2816200256347656,0.004279038403183222,0.07559191435575485,-0.0015691261505708098,0.9971285462379456
256,pelvis,6.109453201293945,3.538410601322539e-05,-1.6926586627960205,-6.858300594103639e-08,-0.029346944764256477,1.3539678889173956e-07,0.999569296836853
256,root,0.0,0.0,0.0,-2.1139658201718703e-07,-5.7790373375610216e-08,1.0658141036401503e-14,1.0
256,spine_01,-1.4748737812042236,-5.74578689338523e-06,-1.8545806407928467,-2.441597644065041e-07,0.008239121176302433,-1.3386494401856908e-07,0.9999660849571228
256,spine_02,-11.002320289611816,4.255030216882005e-05,-1.323103904724121,1.149634520913878e-08,0.04770326986908913,1.3117062280798564e-07,0.99886155128479
256,thigh_l,19.094438552856445,-1.3242473602294922,-0.09696096926927567,-0.004622010979801416,-0.10164884477853775,-0.02946186438202858,0.9943732619285583
256,thigh_r,19.094322204589844,1.3243613243103027,-0.09697803854942322,0.004622054286301136,-0.10164811462163925,0.029462430626153946,0.9943733215332031
256,upperarm_l,19.827228546142578,-125.26986694335938,39.035030364990234,-0.14968523383140564,0.2859906256198883,0.9296408295631409,0.17768463492393494
256,upperarm_r,-43.98514175415039,142.91673278808594,71.69562530517578,0.10966771841049194,0.4406264126300812,-0.7823199033737183,0.4263765513896942
257,calf_l,-1.1976066827774048,0.10576196759939194,0.0689118430018425,0.002727827988564968,0.10996890813112259,-0.040949076414108276,0.9930874109268188
257,calf_r,-1.1976436376571655,-0.10579056292772293,0.06897440552711487,-0.0027296843472868204,0.1099681407213211,0.04094770923256874,0.9930875301361084
257,clavicle_l,-25.799985885620117,2.172459363937378,0.9467628598213196,0.007103108335286379,0.09844955056905746,-0.0030400415416806936,0.9951120615005493
257,clavicle_r,-25.796377182006836,-2.172821044921875,0.9460750222206116,-0.007104577496647835,0.09843716025352478,0.0030393158085644245,0.9951132535934448
257,foot_l,1.4007596969604492,-0.09197099506855011,-0.024113114923238754,-0.0007511675357818604,7.378386726486497e-06,-0.045805662870407104,0.9989501237869263
257,foot_r,1.400760531425476,0.0919429361820221,-0.024020662531256676,0.0007487430120818317,6.788190603401745e-06,0.04580593481659889,0.998950183391571
257,hand_l,103.51679229736328,-24.33618927001953,211.92486572265625,0.9006109237670898,-0.08582334965467453,-0.3848070502281189,0.1829148530960083
257,hand_r,101.00562286376953,65.17391967773438,217.8844757080078,-0.8860116600990295,-0.1888345330953598,0.4051925539970398,0.1230604276061058
257,head,0.04053674638271332,0.706925630569458,-2.06296443939209,0.0024898136034607887,0.015643324702978134,-3.8890397263458e-05,0.9998745322227478
257,lowerarm_l,67.87606811523438,-17.071760177612305,-4.083951950073242,-0.21610961854457855,-0.1898825764656067,0.9539244174957275,0.08526114374399185
257,lowerarm_r,94.73674011230469,48.24118423461914,15.175722122192383,0.36644020676612854,-0.19471986591815948,-0.876503050327301,0.24402502179145813
257,neck,-19.36223602294922,1.3226115703582764,-0.2816200256347656,0.004279038403183222,0.07559191435575485,-0.0015691261505708098,0.9971285462379456
257,pelvis,6.109453201293945,3.538410601322539e-05,-1.6926586627960205,-6.858300594103639e-08,-0.029346944764256477,1.3539678889173956e-07,0.999569296836853
257,root,0.0,0.0,0.0,-2.1139658201718703e-07,-5.7790373375610216e-08,1.0658141036401503e-14,1.0
257,spine_01,-1.4748737812042236,-5.74578689338523e-06,-1.8545806407928467,-2.441597644065041e-07,0.008239121176302433,-1.3386494401856908e-07,0.9999660849571228
257,spine_02,-11.002320289611816,4.255030216882005e-05,-1.323103904724121,1.149634520913878e-08,0.04770326986908913,1.3117062280798564e-07,0.99886155128479
257,thigh_l,19.094438552856445,-1.3242473602294922,-0.09696096926927567,-0.004622010979801416,-0.10164884477853775,-0.02946186438202858,0.9943732619285583
257,thigh_r,19.094322204589844,1.3243613243103027,-0.09697803854942322,0.004622054286301136,-0.10164811462163925,0.029462430626153946,0.9943733215332031
257,upperarm_l,19.827228546142578,-125.26986694335938,39.035030364990234,-0.14968523383140564,0.2859906256198883,0.9296408295631409,0.17768463492393494
257,upperarm_r,-43.98514175415039,142.91673278808594,71.69562530517578,0.10966771841049194,0.4406264126300812,-0.7823199033737183,0.4263765513896942
258,calf_l,-1.1976066827774048,0.10576196759939194,0.0689118430018425,0.002727827988564968,0.10996890813112259,-0.040949076414108276,0.9930874109268188
258,calf_r,-1.1976436376571655,-0.10579056292772293,0.06897440552711487,-0.0027296843472868204,0.1099681407213211,0.04094770923256874,0.9930875301361084
258,clavicle_l,-25.799985885620117,2.172459363937378,0.9467628598213196,0.007103108335286379,0.09844955056905746,-0.0030400415416806936,0.9951120615005493
258,clavicle_r,-25.796377182006836,-2.172821044921875,0.9460750222206116,-0.007104577496647835,0.09843716025352478,0.0030393158085644245,0.9951132535934448
258,foot_l,1.4007596969604492,-0.09197099506855011,-0.024113114923238754,-0.0007511675357818604,7.378386726486497e-06,-0.045805662870407104,0.9989501237869263
258,foot_r,1.400760531425476,0.0919429361820221,-0.024020662531256676,0.0007487430120818317,6.788190603401745e-06,0.04580593481659889,0.998950183391571
258,hand_l,103.51679229736328,-24.33618927001953,211.92486572265625,0.9006109237670898,-0.08582334965467453,-0.3848070502281189,0.1829148530960083
258,hand_r,101.00562286376953,65.17391967773438,217.8844757080078,-0.8860116600990295,-0.1888345330953598,0.4051925539970398,0.1230604276061058
258,head,0.04053674638271332,0.706925630569458,-2.06296443939209,0.0024898136034607887,0.015643324702978134,-3.8890397263458e-05,0.9998745322227478
258,lowerarm_l,67.87606811523438,-17.071760177612305,-4.083951950073242,-0.21610961854457855,-0.1898825764656067,0.9539244174957275,0.08526114374399185
258,lowerarm_r,94.73674011230469,48.24118423461914,15.175722122192383,0.36644020676612854,-0.19471986591815948,-0.876503050327301,0.24402502179145813
258,neck,-19.36223602294922,1.3226115703582764,-0.2816200256347656,0.004279038403183222,0.07559191435575485,-0.0015691261505708098,0.9971285462379456
258,pelvis,6.109453201293945,3.538410601322539e-05,-1.6926586627960205,-6.858300594103639e-08,-0.029346944764256477,1.3539678889173956e-07,0.999569296836853
258,root,0.0,0.0,0.0,-2.1139658201718703e-07,-5.7790373375610216e-08,1.0658141036401503e-14,1.0
258,spine_01,-1.4748737812042236,-5.74578689338523e-06,-1.8545806407928467,-2.441597644065041e-07,0.008239121176302433,-1.3386494401856908e-07,0.9999660849571228
258,spine_02,-11.002320289611816,4.255030216882005e-05,-1.323103904724121,1.149634520913878e-08,0.04770326986908913,1.3117062280798564e-07,0.99886155128479
258,thigh_l,19.094438552856445,-1.3242473602294922,-0.09696096926927567,-0.004622010979801416,-0.10164884477853775,-0.02946186438202858,0.9943732619285583
258,thigh_r,19.094322204589844,1.3243613243103027,-0.09697803854942322,0.004622054286301136,-0.10164811462163925,0.029462430626153946,0.9943733215332031
258,upperarm_l,19.827228546142578,-125.26986694335938,39.035030364990234,-0.14968523383140564,0.2859906256198883,0.9296408295631409,0.17768463492393494
258,upperarm_r,-43.98514175415039,142.91673278808594,71.69562530517578,0.10966771841049194,0.4406264126300812,-0.7823199033737183,0.4263765513896942
259,calf_l,-1.1976066827774048,0.10576196759939194,0.0689118430018425,0.002727827988564968,0.10996890813112259,-0.040949076414108276,0.9930874109268188
259,calf_r,-1.1976436376571655,-0.10579056292772293,0.06897440552711487,-0.0027296843472868204,0.1099681407213211,0.04094770923256874,0.9930875301361084
259,clavicle_l,-25.799985885620117,2.172459363937378,0.9467628598213196,0.007103108335286379,0.09844955056905746,-0.0030400415416806936,0.9951120615005493
259,clavicle_r,-25.796377182006836,-2.172821044921875,0.9460750222206116,-0.007104577496647835,0.09843716025352478,0.0030393158085644245,0.9951132535934448
259,foot_l,1.4007596969604492,-0.09197099506855011,-0.024113114923238754,-0.0007511675357818604,7.378386726486497e-06,-0.045805662870407104,0.9989501237869263
259,foot_r,1.400760531425476,0.0919429361820221,-0.024020662531256676,0.0007487430120818317,6.788190603401745e-06,0.04580593481659889,0.998950183391571
259,hand_l,103.51679229736328,-24.33618927001953,211.92486572265625,0.9006109237670898,-0.08582334965467453,-0.3848070502281189,0.1829148530960083
259,hand_r,101.00562286376953,65.17391967773438,217.8844757080078,-0.8860116600990295,-0.1888345330953598,0.4051925539970398,0.1230604276061058
259,head,0.04053674638271332,0.706925630569458,-2.06296443939209,0.0024898136034607887,0.015643324702978134,-3.8890397263458e-05,0.9998745322227478
259,lowerarm_l,67.87606811523438,-17.071760177612305,-4.083951950073242,-0.21610961854457855,-0.1898825764656067,0.9539244174957275,0.08526114374399185
259,lowerarm_r,94.73674011230469,48.24118423461914,15.175722122192383,0.36644020676612854,-0.19471986591815948,-0.876503050327301,0.24402502179145813
259,neck,-19.36223602294922,1.3226115703582764,-0.2816200256347656,0.004279038403183222,0.07559191435575485,-0.0015691261505708098,0.9971285462379456
259,pelvis,6.109453201293945,3.538410601322539e-05,-1.6926586627960205,-6.858300594103639e-08,-0.029346944764256477,1.3539678889173956e-07,0.999569296836853
259,root,0.0,0.0,0.0,-2.1139658201718703e-07,-5.7790373375610216e-08,1.0658141036401503e-14,1.0
259,spine_01,-1.4748737812042236,-5.74578689338523e-06,-1.8545806407928467,-2.441597644065041e-07,0.008239121176302433,-1.3386494401856908e-07,0.9999660849571228
259,spine_02,-11.002320289611816,4.255030216882005e-05,-1.323103904724121,1.149634520913878e-08,0.04770326986908913,1.3117062280798564e-07,0.99886155128479
259,thigh_l,19.094438552856445,-1.3242473602294922,-0.09696096926927567,-0.004622010979801416,-0.10164884477853775,-0.02946186438202858,0.9943732619285583
259,thigh_r,19.094322204589844,1.3243613243103027,-0.09697803854942322,0.004622054286301136,-0.10164811462163925,0.029462430626153946,0.9943733215332031
259,upperarm_l,19.827228546142578,-125.26986694335938,39.035030364990234,-0.14968523383140564,0.2859906256198883,0.9296408295631409,0.17768463492393494
259,upperarm_r,-43.98514175415039,142.91673278808594,71.69562530517578,0.10966771841049194,0.4406264126300812,-0.7823199033737183,0.4263765513896942
260,calf_l,-1.1976066827774048,0.10576196759939194,0.0689118430018425,0.002727827988564968,0.10996890813112259,-0.040949076414108276,0.9930874109268188
260,calf_r,-1.1976436376571655,-0.10579056292772293,0.06897440552711487,-0.0027296843472868204,0.1099681407213211,0.04094770923256874,0.9930875301361084
260,clavicle_l,-25.799985885620117,2.172459363937378,0.9467628598213196,0.007103108335286379,0.09844955056905746,-0.0030400415416806936,0.9951120615005493
260,clavicle_r,-25.796377182006836,-2.172821044921875,0.9460750222206116,-0.007104577496647835,0.09843716025352478,0.0030393158085644245,0.9951132535934448
260,foot_l,1.4007596969604492,-0.09197099506855011,-0.024113114923238754,-0.0007511675357818604,7.378386726486497e-06,-0.045805662870407104,0.9989501237869263
260,foot_r,1.400760531425476,0.0919429361820221,-0.024020662531256676,0.0007487430120818317,6.788190603401745e-06,0.04580593481659889,0.998950183391571
260,hand_l,103.51679229736328,-24.33618927001953,211.92486572265625,0.9006109237670898,-0.08582334965467453,-0.3848070502281189,0.1829148530960083
260,hand_r,101.00562286376953,65.17391967773438,217.8844757080078,-0.8860116600990295,-0.1888345330953598,0.4051925539970398,0.1230604276061058
260,head,0.04053674638271332,0.706925630569458,-2.06296443939209,0.0024898136034607887,0.015643324702978134,-3.8890397263458e-05,0.9998745322227478
260,lowerarm_l,67.87606811523438,-17.071760177612305,-4.083951950073242,-0.21610961854457855,-0.1898825764656067,0.9539244174957275,0.08526114374399185
260,lowerarm_r,94.73674011230469,48.24118423461914,15.175722122192383,0.36644020676612854,-0.19471986591815948,-0.876503050327301,0.24402502179145813
260,neck,-19.36223602294922,1.3226115703582764,-0.2816200256347656,0.004279038403183222,0.07559191435575485,-0.0015691261505708098,0.9971285462379456
260,pelvis,6.109453201293945,3.538410601322539e-05,-1.6926586627960205,-6.858300594103639e-08,-0.029346944764256477,1.3539678889173956e-07,0.999569296836853
260,root,0.0,0.0,0.0,-2.1139658201718703e-07,-5.7790373375610216e-08,1.0658141036401503e-14,1.0
260,spine_01,-1.4748737812042236,-5.74578689338523e-06,-1.8545806407928467,-2.441597644065041e-07,0.008239121176302433,-1.3386494401856908e-07,0.9999660849571228
260,spine_02,-11.002320289611816,4.255030216882005e-05,-1.323103904724121,1.149634520913878e-08,0.04770326986908913,1.3117062280798564e-07,0.99886155128479
260,thigh_l,19.094438552856445,-1.3242473602294922,-0.09696096926927567,-0.004622010979801416,-0.10164884477853775,-0.02946186438202858,0.9943732619285583
260,thigh_r,19.094322204589844,1.3243613243103027,-0.09697803854942322,0.004622054286301136,-0.10164811462163925,0.029462430626153946,0.9943733215332031
260,upperarm_l,19.827228546142578,-125.26986694335938,39.035030364990234,-0.14968523383140564,0.2859906256198883,0.9296408295631409,0.17768463492393494
260,upperarm_r,-43.98514175415039,142.91673278808594,71.69562530517578,0.10966771841049194,0.4406264126300812,-0.7823199033737183,0.4263765513896942
261,calf_l,-1.1976066827774048,0.10576196759939194,0.0689118430018425,0.002727827988564968,0.10996890813112259,-0.040949076414108276,0.9930874109268188
261,calf_r,-1.1976436376571655,-0.10579056292772293,0.06897440552711487,-0.0027296843472868204,0.1099681407213211,0.04094770923256874,0.9930875301361084
261,clavicle_l,-25.799985885620117,2.172459363937378,0.9467628598213196,0.007103108335286379,0.09844955056905746,-0.0030400415416806936,0.9951120615005493
261,clavicle_r,-25.796377182006836,-2.172821044921875,0.9460750222206116,-0.007104577496647835,0.09843716025352478,0.0030393158085644245,0.9951132535934448
261,foot_l,1.4007596969604492,-0.09197099506855011,-0.024113114923238754,-0.0007511675357818604,7.378386726486497e-06,-0.045805662870407104,0.9989501237869263
261,foot_r,1.400760531425476,0.0919429361820221,-0.024020662531256676,0.0007487430120818317,6.788190603401745e-06,0.04580593481659889,0.998950183391571
261,hand_l,103.51679229736328,-24.33618927001953,211.92486572265625,0.9006109237670898,-0.08582334965467453,-0.3848070502281189,0.1829148530960083
261,hand_r,101.00562286376953,65.17391967773438,217.8844757080078,-0.8860116600990295,-0.1888345330953598,0.4051925539970398,0.1230604276061058
261,head,0.04053674638271332,0.706925630569458,-2.06296443939209,0.0024898136034607887,0.015643324702978134,-3.8890397263458e-05,0.9998745322227478
261,lowerarm_l,67.87606811523438,-17.071760177612305,-4.083951950073242,-0.21610961854457855,-0.1898825764656067,0.9539244174957275,0.08526114374399185
261,lowerarm_r,94.73674011230469,48.24118423461914,15.175722122192383,0.36644020676612854,-0.19471986591815948,-0.876503050327301,0.24402502179145813
261,neck,-19.36223602294922,1.3226115703582764,-0.2816200256347656,0.004279038403183222,0.07559191435575485,-0.0015691261505708098,0.9971285462379456
261,pelvis,6.109453201293945,3.538410601322539e-05,-1.6926586627960205,-6.858300594103639e-08,-0.029346944764256477,1.3539678889173956e-07,0.999569296836853
261,root,0.0,0.0,0.0,-2.1139658201718703e-07,-5.7790373375610216e-08,1.0658141036401503e-14,1.0
261,spine_01,-1.4748737812042236,-5.74578689338523e-06,-1.8545806407928467,-2.441597644065041e-07,0.008239121176302433,-1.3386494401856908e-07,0.9999660849571228
261,spine_02,-11.002320289611816,4.255030216882005e-05,-1.323103904724121,1.149634520913878e-08,0.04770326986908913,1.3117062280798564e-07,0.99886155128479
261,thigh_l,19.094438552856445,-1.3242473602294922,-0.09696096926927567,-0.004622010979801416,-0.10164884477853775,-0.02946186438202858,0.9943732619285583
261,thigh_r,19.094322204589844,1.3243613243103027,-0.09697803854942322,0.004622054286301136,-0.10164811462163925,0.029462430626153946,0.9943733215332031
261,upperarm_l,19.827228546142578,-125.26986694335938,39.035030364990234,-0.14968523383140564,0.2859906256198883,0.9296408295631409,0.17768463492393494
261,upperarm_r,-43.98514175415039,142.91673278808594,71.69562530517578,0.10966771841049194,0.4406264126300812,-0.7823199033737183,0.4263765513896942
262,calf_l,-1.1976066827774048,0.10576196759939194,0.0689118430018425,0.002727827988564968,0.10996890813112259,-0.040949076414108276,0.9930874109268188
262,calf_r,-1.1976436376571655,-0.10579056292772293,0.06897440552711487,-0.0027296843472868204,0.1099681407213211,0.04094770923256874,0.9930875301361084
262,clavicle_l,-25.799985885620117,2.172459363937378,0.9467628598213196,0.007103108335286379,0.09844955056905746,-0.0030400415416806936,0.9951120615005493
262,clavicle_r,-25.796377182006836,-2.172821044921875,0.9460750222206116,-0.007104577496647835,0.09843716025352478,0.0030393158085644245,0.9951132535934448
262,foot_l,1.4007596969604492,-0.09197099506855011,-0.024113114923238754,-0.0007511675357818604,7.378386726486497e-06,-0.045805662870407104,0.9989501237869263
262,foot_r,1.400760531425476,0.0919429361820221,-0.024020662531256676,0.0007487430120818317,6.788190603401745e-06,0.04580593481659889,0.998950183391571
262,hand_l,103.51679229736328,-24.33618927001953,211.92486572265625,0.9006109237670898,-0.08582334965467453,-0.3848070502281189,0.1829148530960083
262,hand_r,101.00562286376953,65.17391967773438,217.8844757080078,-0.8860116600990295,-0.1888345330953598,0.4051925539970398,0.1230604276061058
262,head,0.04053674638271332,0.706925630569458,-2.06296443939209,0.0024898136034607887,0.015643324702978134,-3.8890397263458e-05,0.9998745322227478
262,lowerarm_l,67.87606811523438,-17.071760177612305,-4.083951950073242,-0.21610961854457855,-0.1898825764656067,0.9539244174957275,0.08526114374399185
262,lowerarm_r,94.73674011230469,48.24118423461914,15.175722122192383,0.36644020676612854,-0.19471986591815948,-0.876503050327301,0.24402502179145813
262,neck,-19.36223602294922,1.3226115703582764,-0.2816200256347656,0.004279038403183222,0.07559191435575485,-0.0015691261505708098,0.9971285462379456
262,pelvis,6.109453201293945,3.538410601322539e-05,-1.6926586627960205,-6.858300594103639e-08,-0.029346944764256477,1.3539678889173956e-07,0.999569296836853
262,root,0.0,0.0,0.0,-2.1139658201718703e-07,-5.7790373375610216e-08,1.0658141036401503e-14,1.0
262,spine_01,-1.4748737812042236,-5.74578689338523e-06,-1.8545806407928467,-2.441597644065041e-07,0.008239121176302433,-1.3386494401856908e-07,0.9999660849571228
262,spine_02,-11.002320289611816,4.255030216882005e-05,-1.323103904724121,1.149634520913878e-08,0.04770326986908913,1.3117062280798564e-07,0.99886155128479
262,thigh_l,19.094438552856445,-1.3242473602294922,-0.09696096926927567,-0.004622010979801416,-0.10164884477853775,-0.02946186438202858,0.9943732619285583
262,thigh_r,19.094322204589844,1.3243613243103027,-0.09697803854942322,0.004622054286301136,-0.10164811462163925,0.029462430626153946,0.9943733215332031
262,upperarm_l,19.827228546142578,-125.26986694335938,39.035030364990234,-0.14968523383140564,0.2859906256198883,0.9296408295631409,0.17768463492393494
262,upperarm_r,-43.98514175415039,142.91673278808594,71.69562530517578,0.10966771841049194,0.4406264126300812,-0.7823199033737183,0.4263765513896942
263,calf_l,-1.1976066827774048,0.10576196759939194,0.0689118430018425,0.002727827988564968,0.10996890813112259,-0.040949076414108276,0.9930874109268188
263,calf_r,-1.1976436376571655,-0.10579056292772293,0.06897440552711487,-0.0027296843472868204,0.1099681407213211,0.04094770923256874,0.9930875301361084
263,clavicle_l,-25.799985885620117,2.172459363937378,0.9467628598213196,0.007103108335286379,0.09844955056905746,-0.0030400415416806936,0.9951120615005493
263,clavicle_r,-25.796377182006836,-2.172821044921875,0.9460750222206116,-0.007104577496647835,0.09843716025352478,0.0030393158085644245,0.9951132535934448
263,foot_l,1.4007596969604492,-0.09197099506855011,-0.024113114923238754,-0.0007511675357818604,7.378386726486497e-06,-0.045805662870407104,0.9989501237869263
263,foot_r,1.400760531425476,0.0919429361820221,-0.024020662531256676,0.0007487430120818317,6.788190603401745e-06,0.04580593481659889,0.998950183391571
263,hand_l,103.51679229736328,-24.33618927001953,211.92486572265625,0.9006109237670898,-0.08582334965467453,-0.3848070502281189,0.1829148530960083
263,hand_r,101.00562286376953,65.17391967773438,217.8844757080078,-0.8860116600990295,-0.1888345330953598,0.4051925539970398,0.1230604276061058
263,head,0.04053674638271332,0.706925630569458,-2.06296443939209,0.0024898136034607887,0.015643324702978134,-3.8890397263458e-05,0.9998745322227478
263,lowerarm_l,67.87606811523438,-17.071760177612305,-4.083951950073242,-0.21610961854457855,-0.1898825764656067,0.9539244174957275,0.08526114374399185
263,lowerarm_r,94.73674011230469,48.24118423461914,15.175722122192383,0.36644020676612854,-0.19471986591815948,-0.876503050327301,0.24402502179145813
263,neck,-19.36223602294922,1.3226115703582764,-0.2816200256347656,0.004279038403183222,0.07559191435575485,-0.0015691261505708098,0.9971285462379456
263,pelvis,6.109453201293945,3.538410601322539e-05,-1.6926586627960205,-6.858300594103639e-08,-0.029346944764256477,1.3539678889173956e-07,0.999569296836853
263,root,0.0,0.0,0.0,-2.1139658201718703e-07,-5.7790373375610216e-08,1.0658141036401503e-14,1.0
263,spine_01,-1.4748737812042236,-5.74578689338523e-06,-1.8545806407928467,-2.441597644065041e-07,0.008239121176302433,-1.3386494401856908e-07,0.9999660849571228
263,spine_02,-11.002320289611816,4.255030216882005e-05,-1.323103904724121,1.149634520913878e-08,0.04770326986908913,1.3117062280798564e-07,0.99886155128479
263,thigh_l,19.094438552856445,-1.3242473602294922,-0.09696096926927567,-0.004622010979801416,-0.10164884477853775,-0.02946186438202858,0.9943732619285583
263,thigh_r,19.094322204589844,1.3243613243103027,-0.09697803854942322,0.004622054286301136,-0.10164811462163925,0.029462430626153946,0.9943733215332031
263,upperarm_l,19.827228546142578,-125.26986694335938,39.035030364990234,-0.14968523383140564,0.2859906256198883,0.9296408295631409,0.17768463492393494
263,upperarm_r,-43.98514175415039,142.91673278808594,71.69562530517578,0.10966771841049194,0.4406264126300812,-0.7823199033737183,0.4263765513896942
264,calf_l,-1.1976066827774048,0.10576196759939194,0.0689118430018425,0.002727827988564968,0.10996890813112259,-0.040949076414108276,0.9930874109268188
264,calf_r,-1.1976436376571655,-0.10579056292772293,0.06897440552711487,-0.0027296843472868204,0.1099681407213211,0.04094770923256874,0.9930875301361084
264,clavicle_l,-25.799985885620117,2.172459363937378,0.9467628598213196,0.007103108335286379,0.09844955056905746,-0.0030400415416806936,0.9951120615005493
264,clavicle_r,-25.796377182006836,-2.172821044921875,0.9460750222206116,-0.007104577496647835,0.09843716025352478,0.0030393158085644245,0.9951132535934448
264,foot_l,1.4007596969604492,-0.09197099506855011,-0.024113114923238754,-0.0007511675357818604,7.378386726486497e-06,-0.045805662870407104,0.9989501237869263
264,foot_r,1.400760531425476,0.0919429361820221,-0.024020662531256676,0.0007487430120818317,6.788190603401745e-06,0.04580593481659889,0.998950183391571
264,hand_l,103.51679229736328,-24.33618927001953,211.92486572265625,0.9006109237670898,-0.08582334965467453,-0.3848070502281189,0.1829148530960083
264,hand_r,101.00562286376953,65.17391967773438,217.8844757080078,-0.8860116600990295,-0.1888345330953598,0.4051925539970398,0.1230604276061058
264,head,0.04053674638271332,0.706925630569458,-2.06296443939209,0.0024898136034607887,0.015643324702978134,-3.8890397263458e-05,0.9998745322227478
264,lowerarm_l,67.87606811523438,-17.071760177612305,-4.083951950073242,-0.21610961854457855,-0.1898825764656067,0.9539244174957275,0.08526114374399185
264,lowerarm_r,94.73674011230469,48.24118423461914,15.175722122192383,0.36644020676612854,-0.19471986591815948,-0.876503050327301,0.24402502179145813
264,neck,-19.36223602294922,1.3226115703582764,-0.2816200256347656,0.004279038403183222,0.07559191435575485,-0.0015691261505708098,0.9971285462379456
264,pelvis,6.109453201293945,3.538410601322539e-05,-1.6926586627960205,-6.858300594103639e-08,-0.029346944764256477,1.3539678889173956e-07,0.999569296836853
264,root,0.0,0.0,0.0,-2.1139658201718703e-07,-5.7790373375610216e-08,1.0658141036401503e-14,1.0
264,spine_01,-1.4748737812042236,-5.74578689338523e-06,-1.8545806407928467,-2.441597644065041e-07,0.008239121176302433,-1.3386494401856908e-07,0.9999660849571228
264,spine_02,-11.002320289611816,4.255030216882005e-05,-1.323103904724121,1.149634520913878e-08,0.04770326986908913,1.3117062280798564e-07,0.99886155128479
264,thigh_l,19.094438552856445,-1.3242473602294922,-0.09696096926927567,-0.004622010979801416,-0.10164884477853775,-0.02946186438202858,0.9943732619285583
264,thigh_r,19.094322204589844,1.3243613243103027,-0.09697803854942322,0.004622054286301136,-0.10164811462163925,0.029462430626153946,0.9943733215332031
264,upperarm_l,19.827228546142578,-125.26986694335938,39.035030364990234,-0.14968523383140564,0.2859906256198883,0.9296408295631409,0.17768463492393494
264,upperarm_r,-43.98514175415039,142.91673278808594,71.69562530517578,0.10966771841049194,0.4406264126300812,-0.7823199033737183,0.4263765513896942
265,calf_l,-1.1976066827774048,0.10576196759939194,0.0689118430018425,0.002727827988564968,0.10996890813112259,-0.040949076414108276,0.9930874109268188
265,calf_r,-1.1976436376571655,-0.10579056292772293,0.06897440552711487,-0.0027296843472868204,0.1099681407213211,0.04094770923256874,0.9930875301361084
265,clavicle_l,-25.799985885620117,2.172459363937378,0.9467628598213196,0.007103108335286379,0.09844955056905746,-0.0030400415416806936,0.9951120615005493
265,clavicle_r,-25.796377182006836,-2.172821044921875,0.9460750222206116,-0.007104577496647835,0.09843716025352478,0.0030393158085644245,0.9951132535934448
265,foot_l,1.4007596969604492,-0.09197099506855011,-0.024113114923238754,-0.0007511675357818604,7.378386726486497e-06,-0.045805662870407104,0.9989501237869263
265,foot_r,1.400760531425476,0.0919429361820221,-0.024020662531256676,0.0007487430120818317,6.788190603401745e-06,0.04580593481659889,0.998950183391571
265,hand_l,103.51679229736328,-24.33618927001953,211.92486572265625,0.9006109237670898,-0.08582334965467453,-0.3848070502281189,0.1829148530960083
265,hand_r,101.00562286376953,65.17391967773438,217.8844757080078,-0.8860116600990295,-0.1888345330953598,0.4051925539970398,0.1230604276061058
265,head,0.04053674638271332,0.706925630569458,-2.06296443939209,0.0024898136034607887,0.015643324702978134,-3.8890397263458e-05,0.9998745322227478
265,lowerarm_l,67.87606811523438,-17.071760177612305,-4.083951950073242,-0.21610961854457855,-0.1898825764656067,0.9539244174957275,0.08526114374399185
265,lowerarm_r,94.73674011230469,48.24118423461914,15.175722122192383,0.36644020676612854,-0.19471986591815948,-0.876503050327301,0.24402502179145813
265,neck,-19.36223602294922,1.3226115703582764,-0.2816200256347656,0.004279038403183222,0.07559191435575485,-0.0015691261505708098,0.9971285462379456
265,pelvis,6.109453201293945,3.538410601322539e-05,-1.6926586627960205,-6.858300594103639e-08,-0.029346944764256477,1.3539678889173956e-07,0.999569296836853
265,root,0.0,0.0,0.0,-2.1139658201718703e-07,-5.7790373375610216e-08,1.0658141036401503e-14,1.0
265,spine_01,-1.4748737812042236,-5.74578689338523e-06,-1.8545806407928467,-2.441597644065041e-07,0.008239121176302433,-1.3386494401856908e-07,0.9999660849571228
265,spine_02,-11.002320289611816,4.255030216882005e-05,-1.323103904724121,1.149634520913878e-08,0.04770326986908913,1.3117062280798564e-07,0.99886155128479
265,thigh_l,19.094438552856445,-1.3242473602294922,-0.09696096926927567,-0.004622010979801416,-0.10164884477853775,-0.02946186438202858,0.9943732619285583
265,thigh_r,19.094322204589844,1.3243613243103027,-0.09697803854942322,0.004622054286301136,-0.10164811462163925,0.029462430626153946,0.9943733215332031
265,upperarm_l,19.827228546142578,-125.26986694335938,39.035030364990234,-0.14968523383140564,0.2859906256198883,0.9296408295631409,0.17768463492393494
265,upperarm_r,-43.98514175415039,142.91673278808594,71.69562530517578,0.10966771841049194,0.4406264126300812,-0.7823199033737183,0.4263765513896942
266,calf_l,-1.1976066827774048,0.10576196759939194,0.0689118430018425,0.002727827988564968,0.10996890813112259,-0.040949076414108276,0.9930874109268188
266,calf_r,-1.1976436376571655,-0.10579056292772293,0.06897440552711487,-0.0027296843472868204,0.1099681407213211,0.04094770923256874,0.9930875301361084
266,clavicle_l,-25.799985885620117,2.172459363937378,0.9467628598213196,0.007103108335286379,0.09844955056905746,-0.0030400415416806936,0.9951120615005493
266,clavicle_r,-25.796377182006836,-2.172821044921875,0.9460750222206116,-0.007104577496647835,0.09843716025352478,0.0030393158085644245,0.9951132535934448
266,foot_l,1.4007596969604492,-0.09197099506855011,-0.024113114923238754,-0.0007511675357818604,7.378386726486497e-06,-0.045805662870407104,0.9989501237869263
266,foot_r,1.400760531425476,0.0919429361820221,-0.024020662531256676,0.0007487430120818317,6.788190603401745e-06,0.04580593481659889,0.998950183391571
266,hand_l,103.51679229736328,-24.33618927001953,211.92486572265625,0.9006109237670898,-0.08582334965467453,-0.3848070502281189,0.1829148530960083
266,hand_r,101.00562286376953,65.17391967773438,217.8844757080078,-0.8860116600990295,-0.1888345330953598,0.4051925539970398,0.1230604276061058
266,head,0.04053674638271332,0.706925630569458,-2.06296443939209,0.0024898136034607887,0.015643324702978134,-3.8890397263458e-05,0.9998745322227478
266,lowerarm_l,67.87606811523438,-17.071760177612305,-4.083951950073242,-0.21610961854457855,-0.1898825764656067,0.9539244174957275,0.08526114374399185
266,lowerarm_r,94.73674011230469,48.24118423461914,15.175722122192383,0.36644020676612854,-0.19471986591815948,-0.876503050327301,0.24402502179145813
266,neck,-19.36223602294922,1.3226115703582764,-0.2816200256347656,0.004279038403183222,0.07559191435575485,-0.0015691261505708098,0.9971285462379456
266,pelvis,6.109453201293945,3.538410601322539e-05,-1.6926586627960205,-6.858300594103639e-08,-0.029346944764256477,1.3539678889173956e-07,0.999569296836853
266,root,0.0,0.0,0.0,-2.1139658201718703e-07,-5.7790373375610216e-08,1.0658141036401503e-14,1.0
266,spine_01,-1.4748737812042236,-5.74578689338523e-06,-1.8545806407928467,-2.441597644065041e-07,0.008239121176302433,-1.3386494401856908e-07,0.9999660849571228
266,spine_02,-11.002320289611816,4.255030216882005e-05,-1.323103904724121,1.149634520913878e-08,0.04770326986908913,1.3117062280798564e-07,0.99886155128479
266,thigh_l,19.094438552856445,-1.3242473602294922,-0.09696096926927567,-0.004622010979801416,-0.10164884477853775,-0.02946186438202858,0.9943732619285583
266,thigh_r,19.094322204589844,1.3243613243103027,-0.09697803854942322,0.004622054286301136,-0.10164811462163925,0.029462430626153946,0.9943733215332031
266,upperarm_l,19.827228546142578,-125.26986694335938,39.035030364990234,-0.14968523383140564,0.2859906256198883,0.9296408295631409,0.17768463492393494
266,upperarm_r,-43.98514175415039,142.91673278808594,71.69562530517578,0.10966771841049194,0.4406264126300812,-0.7823199033737183,0.4263765513896942
267,calf_l,-1.1976066827774048,0.10576196759939194,0.0689118430018425,0.002727827988564968,0.10996890813112259,-0.040949076414108276,0.9930874109268188
267,calf_r,-1.1976436376571655,-0.10579056292772293,0.06897440552711487,-0.0027296843472868204,0.1099681407213211,0.04094770923256874,0.9930875301361084
267,clavicle_l,-25.799985885620117,2.172459363937378,0.9467628598213196,0.007103108335286379,0.09844955056905746,-0.0030400415416806936,0.9951120615005493
267,clavicle_r,-25.796377182006836,-2.172821044921875,0.9460750222206116,-0.007104577496647835,0.09843716025352478,0.0030393158085644245,0.9951132535934448
267,foot_l,1.4007596969604492,-0.09197099506855011,-0.024113114923238754,-0.0007511675357818604,7.378386726486497e-06,-0.045805662870407104,0.9989501237869263
267,foot_r,1.400760531425476,0.0919429361820221,-0.024020662531256676,0.0007487430120818317,6.788190603401745e-06,0.04580593481659889,0.998950183391571
267,hand_l,103.51679229736328,-24.33618927001953,211.92486572265625,0.9006109237670898,-0.08582334965467453,-0.3848070502281189,0.1829148530960083
267,hand_r,101.00562286376953,65.17391967773438,217.8844757080078,-0.8860116600990295,-0.1888345330953598,0.4051925539970398,0.1230604276061058
267,head,0.04053674638271332,0.706925630569458,-2.06296443939209,0.0024898136034607887,0.015643324702978134,-3.8890397263458e-05,0.9998745322227478
267,lowerarm_l,67.87606811523438,-17.071760177612305,-4.083951950073242,-0.21610961854457855,-0.1898825764656067,0.9539244174957275,0.08526114374399185
267,lowerarm_r,94.73674011230469,48.24118423461914,15.175722122192383,0.36644020676612854,-0.19471986591815948,-0.876503050327301,0.24402502179145813
267,neck,-19.36223602294922,1.3226115703582764,-0.2816200256347656,0.004279038403183222,0.07559191435575485,-0.0015691261505708098,0.9971285462379456
267,pelvis,6.109453201293945,3.538410601322539e-05,-1.6926586627960205,-6.858300594103639e-08,-0.029346944764256477,1.3539678889173956e-07,0.999569296836853
267,root,0.0,0.0,0.0,-2.1139658201718703e-07,-5.7790373375610216e-08,1.0658141036401503e-14,1.0
267,spine_01,-1.4748737812042236,-5.74578689338523e-06,-1.8545806407928467,-2.441597644065041e-07,0.008239121176302433,-1.3386494401856908e-07,0.9999660849571228
267,spine_02,-11.002320289611816,4.255030216882005e-05,-1.323103904724121,1.149634520913878e-08,0.04770326986908913,1.3117062280798564e-07,0.99886155128479
267,thigh_l,19.094438552856445,-1.3242473602294922,-0.09696096926927567,-0.004622010979801416,-0.10164884477853775,-0.02946186438202858,0.9943732619285583
267,thigh_r,19.094322204589844,1.3243613243103027,-0.09697803854942322,0.004622054286301136,-0.10164811462163925,0.029462430626153946,0.9943733215332031
267,upperarm_l,19.827228546142578,-125.26986694335938,39.035030364990234,-0.14968523383140564,0.2859906256198883,0.9296408295631409,0.17768463492393494
267,upperarm_r,-43.98514175415039,142.91673278808594,71.69562530517578,0.10966771841049194,0.4406264126300812,-0.7823199033737183,0.4263765513896942
268,calf_l,-1.1976066827774048,0.10576196759939194,0.0689118430018425,0.002727827988564968,0.10996890813112259,-0.040949076414108276,0.9930874109268188
268,calf_r,-1.1976436376571655,-0.10579056292772293,0.06897440552711487,-0.0027296843472868204,0.1099681407213211,0.04094770923256874,0.9930875301361084
268,clavicle_l,-25.799985885620117,2.172459363937378,0.9467628598213196,0.007103108335286379,0.09844955056905746,-0.0030400415416806936,0.9951120615005493
268,clavicle_r,-25.796377182006836,-2.172821044921875,0.9460750222206116,-0.007104577496647835,0.09843716025352478,0.0030393158085644245,0.9951132535934448
268,foot_l,1.4007596969604492,-0.09197099506855011,-0.024113114923238754,-0.0007511675357818604,7.378386726486497e-06,-0.045805662870407104,0.9989501237869263
268,foot_r,1.400760531425476,0.0919429361820221,-0.024020662531256676,0.0007487430120818317,6.788190603401745e-06,0.04580593481659889,0.998950183391571
268,hand_l,103.51679229736328,-24.33618927001953,211.92486572265625,0.9006109237670898,-0.08582334965467453,-0.3848070502281189,0.1829148530960083
268,hand_r,101.00562286376953,65.17391967773438,217.8844757080078,-0.8860116600990295,-0.1888345330953598,0.4051925539970398,0.1230604276061058
268,head,0.04053674638271332,0.706925630569458,-2.06296443939209,0.0024898136034607887,0.015643324702978134,-3.8890397263458e-05,0.9998745322227478
268,lowerarm_l,67.87606811523438,-17.071760177612305,-4.083951950073242,-0.21610961854457855,-0.1898825764656067,0.9539244174957275,0.08526114374399185
268,lowerarm_r,94.73674011230469,48.24118423461914,15.175722122192383,0.36644020676612854,-0.19471986591815948,-0.876503050327301,0.24402502179145813
268,neck,-19.36223602294922,1.3226115703582764,-0.2816200256347656,0.004279038403183222,0.07559191435575485,-0.0015691261505708098,0.9971285462379456
268,pelvis,6.109453201293945,3.538410601322539e-05,-1.6926586627960205,-6.858300594103639e-08,-0.029346944764256477,1.3539678889173956e-07,0.999569296836853
268,root,0.0,0.0,0.0,-2.1139658201718703e-07,-5.7790373375610216e-08,1.0658141036401503e-14,1.0
268,spine_01,-1.4748737812042236,-5.74578689338523e-06,-1.8545806407928467,-2.441597644065041e-07,0.008239121176302433,-1.3386494401856908e-07,0.9999660849571228
268,spine_02,-11.002320289611816,4.255030216882005e-05,-1.323103904724121,1.149634520913878e-08,0.04770326986908913,1.3117062280798564e-07,0.99886155128479
268,thigh_l,19.094438552856445,-1.3242473602294922,-0.09696096926927567,-0.004622010979801416,-0.10164884477853775,-0.02946186438202858,0.9943732619285583
268,thigh_r,19.094322204589844,1.3243613243103027,-0.09697803854942322,0.004622054286301136,-0.10164811462163925,0.029462430626153946,0.9943733215332031
268,upperarm_l,19.827228546142578,-125.26986694335938,39.035030364990234,-0.14968523383140564,0.2859906256198883,0.9296408295631409,0.17768463492393494
268,upperarm_r,-43.98514175415039,142.91673278808594,71.69562530517578,0.10966771841049194,0.4406264126300812,-0.7823199033737183,0.4263765513896942
269,calf_l,-1.1976066827774048,0.10576196759939194,0.0689118430018425,0.002727827988564968,0.10996890813112259,-0.040949076414108276,0.9930874109268188
269,calf_r,-1.1976436376571655,-0.10579056292772293,0.06897440552711487,-0.0027296843472868204,0.1099681407213211,0.04094770923256874,0.9930875301361084
269,clavicle_l,-25.799985885620117,2.172459363937378,0.9467628598213196,0.007103108335286379,0.09844955056905746,-0.0030400415416806936,0.9951120615005493
269,clavicle_r,-25.796377182006836,-2.172821044921875,0.9460750222206116,-0.007104577496647835,0.09843716025352478,0.0030393158085644245,0.9951132535934448
269,foot_l,1.4007596969604492,-0.09197099506855011,-0.024113114923238754,-0.0007511675357818604,7.378386726486497e-06,-0.045805662870407104,0.9989501237869263
269,foot_r,1.400760531425476,0.0919429361820221,-0.024020662531256676,0.0007487430120818317,6.788190603401745e-06,0.04580593481659889,0.998950183391571
269,hand_l,103.51679229736328,-24.33618927001953,211.92486572265625,0.9006109237670898,-0.08582334965467453,-0.3848070502281189,0.1829148530960083
269,hand_r,101.00562286376953,65.17391967773438,217.8844757080078,-0.8860116600990295,-0.1888345330953598,0.4051925539970398,0.1230604276061058
269,head,0.04053674638271332,0.706925630569458,-2.06296443939209,0.0024898136034607887,0.015643324702978134,-3.8890397263458e-05,0.9998745322227478
269,lowerarm_l,67.87606811523438,-17.071760177612305,-4.083951950073242,-0.21610961854457855,-0.1898825764656067,0.9539244174957275,0.08526114374399185
269,lowerarm_r,94.73674011230469,48.24118423461914,15.175722122192383,0.36644020676612854,-0.19471986591815948,-0.876503050327301,0.24402502179145813
269,neck,-19.36223602294922,1.3226115703582764,-0.2816200256347656,0.004279038403183222,0.07559191435575485,-0.0015691261505708098,0.9971285462379456
269,pelvis,6.109453201293945,3.538410601322539e-05,-1.6926586627960205,-6.858300594103639e-08,-0.029346944764256477,1.3539678889173956e-07,0.999569296836853
269,root,0.0,0.0,0.0,-2.1139658201718703e-07,-5.7790373375610216e-08,1.0658141036401503e-14,1.0
269,spine_01,-1.4748737812042236,-5.74578689338523e-06,-1.8545806407928467,-2.441597644065041e-07,0.008239121176302433,-1.3386494401856908e-07,0.9999660849571228
269,spine_02,-11.002320289611816,4.255030216882005e-05,-1.323103904724121,1.149634520913878e-08,0.04770326986908913,1.3117062280798564e-07,0.99886155128479
269,thigh_l,19.094438552856445,-1.3242473602294922,-0.09696096926927567,-0.004622010979801416,-0.10164884477853775,-0.02946186438202858,0.9943732619285583
269,thigh_r,19.094322204589844,1.3243613243103027,-0.09697803854942322,0.004622054286301136,-0.10164811462163925,0.029462430626153946,0.9943733215332031
269,upperarm_l,19.827228546142578,-125.26986694335938,39.035030364990234,-0.14968523383140564,0.2859906256198883,0.9296408295631409,0.17768463492393494
269,upperarm_r,-43.98514175415039,142.91673278808594,71.69562530517578,0.10966771841049194,0.4406264126300812,-0.7823199033737183,0.4263765513896942
270,calf_l,-1.1976066827774048,0.10576196759939194,0.0689118430018425,0.002727827988564968,0.10996890813112259,-0.040949076414108276,0.9930874109268188
270,calf_r,-1.1976436376571655,-0.10579056292772293,0.06897440552711487,-0.0027296843472868204,0.1099681407213211,0.04094770923256874,0.9930875301361084
270,clavicle_l,-25.799985885620117,2.172459363937378,0.9467628598213196,0.007103108335286379,0.09844955056905746,-0.0030400415416806936,0.9951120615005493
270,clavicle_r,-25.796377182006836,-2.172821044921875,0.9460750222206116,-0.007104577496647835,0.09843716025352478,0.0030393158085644245,0.9951132535934448
270,foot_l,1.4007596969604492,-0.09197099506855011,-0.024113114923238754,-0.0007511675357818604,7.378386726486497e-06,-0.045805662870407104,0.9989501237869263
270,foot_r,1.400760531425476,0.0919429361820221,-0.024020662531256676,0.0007487430120818317,6.788190603401745e-06,0.04580593481659889,0.998950183391571
270,hand_l,103.51679229736328,-24.33618927001953,211.92486572265625,0.9006109237670898,-0.08582334965467453,-0.3848070502281189,0.1829148530960083
270,hand_r,101.00562286376953,65.17391967773438,217.8844757080078,-0.8860116600990295,-0.1888345330953598,0.4051925539970398,0.1230604276061058
270,head,0.04053674638271332,0.706925630569458,-2.06296443939209,0.0024898136034607887,0.015643324702978134,-3.8890397263458e-05,0.9998745322227478
270,lowerarm_l,67.87606811523438,-17.071760177612305,-4.083951950073242,-0.21610961854457855,-0.1898825764656067,0.9539244174957275,0.08526114374399185
270,lowerarm_r,94.73674011230469,48.24118423461914,15.175722122192383,0.36644020676612854,-0.19471986591815948,-0.876503050327301,0.24402502179145813
270,neck,-19.36223602294922,1.3226115703582764,-0.2816200256347656,0.004279038403183222,0.07559191435575485,-0.0015691261505708098,0.9971285462379456
270,pelvis,6.109453201293945,3.538410601322539e-05,-1.6926586627960205,-6.858300594103639e-08,-0.029346944764256477,1.3539678889173956e-07,0.999569296836853
270,root,0.0,0.0,0.0,-2.1139658201718703e-07,-5.7790373375610216e-08,1.0658141036401503e-14,1.0
270,spine_01,-1.4748737812042236,-5.74578689338523e-06,-1.8545806407928467,-2.441597644065041e-07,0.008239121176302433,-1.3386494401856908e-07,0.9999660849571228
270,spine_02,-11.002320289611816,4.255030216882005e-05,-1.323103904724121,1.149634520913878e-08,0.04770326986908913,1.3117062280798564e-07,0.99886155128479
270,thigh_l,19.094438552856445,-1.3242473602294922,-0.09696096926927567,-0.004622010979801416,-0.10164884477853775,-0.02946186438202858,0.9943732619285583
270,thigh_r,19.094322204589844,1.3243613243103027,-0.09697803854942322,0.004622054286301136,-0.10164811462163925,0.029462430626153946,0.9943733215332031
270,upperarm_l,19.827228546142578,-125.26986694335938,39.035030364990234,-0.14968523383140564,0.2859906256198883,0.9296408295631409,0.17768463492393494
270,upperarm_r,-43.98514175415039,142.91673278808594,71.69562530517578,0.10966771841049194,0.4406264126300812,-0.7823199033737183,0.4263765513896942
