CASCADEUR_SKELETON_V1,120,271
0,calf_l,-1.1981326341629028,0.11003181338310242,0.07144738733768463,0.0027584717608988285,0.11005060374736786,-0.0409504659473896,0.9930782914161682
0,calf_r,-1.1981717348098755,-0.110120490193367,0.07152377814054489,-0.002760750474408269,0.11005011200904846,0.04094955697655678,0.9930782914161682
0,clavicle_l,-25.799095153808594,2.1814069747924805,0.9480226635932922,0.0071337572298944,0.09844670444726944,-0.0030381721444427967,0.9951121211051941
0,clavicle_r,-25.796794891357422,-2.1819727420806885,0.9475919604301453,-0.007135986816138029,0.0984388068318367,0.003037970047444105,0.9951128959655762
0,foot_l,1.4035022258758545,-0.08956317603588104,-0.023924998939037323,-0.0007850668043829501,7.538442150689662e-05,-0.0459105521440506,0.9989452362060547
0,foot_r,1.4035165309906006,0.08950198441743851,-0.023823650553822517,0.0007821207400411367,7.498815830331296e-05,0.04591149464249611,0.9989452362060547
0,hand_l,102.70040130615234,-23.80182647705078,212.78575134277344,0.8985283970832825,-0.09739992767572403,-0.3843131363391876,0.18831729888916016
0,hand_r,101.30570983886719,65.46941375732422,217.49302673339844,-0.8874645829200745,-0.18384967744350433,0.405030757188797,0.12064873427152634
0,head,0.047976523637771606,0.7066832184791565,-2.0613551139831543,0.002489088336005807,0.015622179955244064,-3.879374708048999e-05,0.9998748898506165
0,lowerarm_l,64.43043518066406,-15.538620948791504,-5.4930267333984375,-0.2061970829963684,-0.19653324782848358,0.9531635642051697,0.10166964679956436
0,lowerarm_r,89.36294555664062,42.91622543334961,10.584941864013672,0.35040244460105896,-0.21747593581676483,-0.8607640862464905,0.29834145307540894
0,neck,-19.36720848083496,1.3226943016052246,-0.2792835235595703,0.004279259126633406,0.0756089985370636,-0.001569311018101871,0.9971272349357605
0,pelvis,6.112976551055908,1.621942465135362e-05,-1.6939878463745117,-1.938579998750356e-07,-0.02936398983001709,4.055095530475228e-07,0.9995688796043396
0,root,0.0,0.0,0.0,-2.1139658201718703e-07,-5.7790373375610216e-08,1.0658141036401503e-14,1.0
0,spine_01,-1.4737136363983154,3.6088746128370985e-05,-1.8550693988800049,-5.668939095926362e-08,0.008233534172177315,8.052398747793177e-09,0.9999661445617676
0,spine_02,-11.003471374511719,-3.939163661925704e-07,-1.322031021118164,-1.7404158825229388e-07,0.04770734906196594,1.8729444661857997e-07,0.9988613724708557
0,thigh_l,19.110322952270508,-1.3210960626602173,-0.09439953416585922,-0.004597201012074947,-0.10174033790826797,-0.029459772631525993,0.9943640828132629
0,thigh_r,19.110185623168945,1.3212214708328247,-0.09440246224403381,0.004597241058945656,-0.10173942148685455,0.02946094237267971,0.9943641424179077
0,upperarm_l,14.374683380126953,-123.85585021972656,36.961971282958984,-0.13264015316963196,0.2823987901210785,0.9313390254974365,0.187790185213089
0,upperarm_r,-55.068748474121094,131.31704711914062,62.07350540161133,0.06194020435214043,0.4123307466506958,-0.7862548232078552,0.4560154378414154
1,calf_l,-1.1981326341629028,0.11003181338310242,0.07144738733768463,0.0027584717608988285,0.11005060374736786,-0.0409504659473896,0.9930782914161682
1,calf_r,-1.1981717348098755,-0.110120490193367,0.07152377814054489,-0.002760750474408269,0.11005011200904846,0.04094955697655678,0.9930782914161682
1,clavicle_l,-25.799095153808594,2.1814069747924805,0.9480226635932922,0.0071337572298944,0.09844670444726944,-0.0030381721444427967,0.9951121211051941
1,clavicle_r,-25.796794891357422,-2.1819727420806885,0.9475919604301453,-0.007135986816138029,0.0984388068318367,0.003037970047444105,0.9951128959655762
1,foot_l,1.4035022258758545,-0.08956317603588104,-0.023924998939037323,-0.0007850668043829501,7.538442150689662e-05,-0.0459105521440506,0.9989452362060547
1,foot_r,1.4035165309906006,0.08950198441743851,-0.023823650553822517,0.0007821207400411367,7.498815830331296e-05,0.04591149464249611,0.9989452362060547
1,hand_l,102.70040130615234,-23.80182647705078,212.78575134277344,0.8985283970832825,-0.09739992767572403,-0.3843131363391876,0.18831729888916016
1,hand_r,101.30570983886719,65.46941375732422,217.49302673339844,-0.8874645829200745,-0.18384967744350433,0.405030757188797,0.12064873427152634
1,head,0.047976523637771606,0.7066832184791565,-2.0613551139831543,0.002489088336005807,0.015622179955244064,-3.879374708048999e-05,0.9998748898506165
1,lowerarm_l,64.43043518066406,-15.538620948791504,-5.4930267333984375,-0.2061970829963684,-0.19653324782848358,0.9531635642051697,0.10166964679956436
1,lowerarm_r,89.36294555664062,42.91622543334961,10.584941864013672,0.35040244460105896,-0.21747593581676483,-0.8607640862464905,0.29834145307540894
1,neck,-19.36720848083496,1.3226943016052246,-0.2792835235595703,0.004279259126633406,0.0756089985370636,-0.001569311018101871,0.9971272349357605
1,pelvis,6.112976551055908,1.621942465135362e-05,-1.6939878463745117,-1.938579998750356e-07,-0.02936398983001709,4.055095530475228e-07,0.9995688796043396
1,root,0.0,0.0,0.0,-2.1139658201718703e-07,-5.7790373375610216e-08,1.0658141036401503e-14,1.0
1,spine_01,-1.4737136363983154,3.6088746128370985e-05,-1.8550693988800049,-5.668939095926362e-08,0.008233534172177315,8.052398747793177e-09,0.9999661445617676
1,spine_02,-11.003471374511719,-3.939163661925704e-07,-1.322031021118164,-1.7404158825229388e-07,0.04770734906196594,1.8729444661857997e-07,0.9988613724708557
1,thigh_l,19.110322952270508,-1.3210960626602173,-0.09439953416585922,-0.004597201012074947,-0.10174033790826797,-0.029459772631525993,0.9943640828132629
1,thigh_r,19.110185623168945,1.3212214708328247,-0.09440246224403381,0.004597241058945656,-0.10173942148685455,0.02946094237267971,0.9943641424179077
1,upperarm_l,14.374683380126953,-123.85585021972656,36.961971282958984,-0.13264015316963196,0.2823987901210785,0.9313390254974365,0.187790185213089
1,upperarm_r,-55.068748474121094,131.31704711914062,62.07350540161133,0.06194020435214043,0.4123307466506958,-0.7862548232078552,0.4560154378414154
2,calf_l,-1.1981326341629028,0.11003181338310242,0.07144738733768463,0.0027584717608988285,0.11005060374736786,-0.0409504659473896,0.9930782914161682
2,calf_r,-1.1981717348098755,-0.110120490193367,0.07152377814054489,-0.002760750474408269,0.11005011200904846,0.04094955697655678,0.9930782914161682
2,clavicle_l,-25.799095153808594,2.1814069747924805,0.9480226635932922,0.0071337572298944,0.09844670444726944,-0.0030381721444427967,0.9951121211051941
2,clavicle_r,-25.796794891357422,-2.1819727420806885,0.9475919604301453,-0.007135986816138029,0.0984388068318367,0.003037970047444105,0.9951128959655762
2,foot_l,1.4035022258758545,-0.08956317603588104,-0.023924998939037323,-0.0007850668043829501,7.538442150689662e-05,-0.0459105521440506,0.9989452362060547
2,foot_r,1.4035165309906006,0.08950198441743851,-0.023823650553822517,0.0007821207400411367,7.498815830331296e-05,0.04591149464249611,0.9989452362060547
2,hand_l,102.70040130615234,-23.80182647705078,212.78575134277344,0.8985283970832825,-0.09739992767572403,-0.3843131363391876,0.18831729888916016
2,hand_r,101.30570983886719,65.46941375732422,217.49302673339844,-0.8874645829200745,-0.18384967744350433,0.405030757188797,0.12064873427152634
2,head,0.047976523637771606,0.7066832184791565,-2.0613551139831543,0.002489088336005807,0.015622179955244064,-3.879374708048999e-05,0.9998748898506165
2,lowerarm_l,64.43043518066406,-15.538620948791504,-5.4930267333984375,-0.2061970829963684,-0.19653324782848358,0.9531635642051697,0.10166964679956436
2,lowerarm_r,89.36294555664062,42.91622543334961,10.584941864013672,0.35040244460105896,-0.21747593581676483,-0.8607640862464905,0.29834145307540894
2,neck,-19.36720848083496,1.3226943016052246,-0.2792835235595703,0.004279259126633406,0.0756089985370636,-0.001569311018101871,0.9971272349357605
2,pelvis,6.112976551055908,1.621942465135362e-05,-1.6939878463745117,-1.938579998750356e-07,-0.02936398983001709,4.055095530475228e-07,0.9995688796043396
2,root,0.0,0.0,0.0,-2.1139658201718703e-07,-5.7790373375610216e-08,1.0658141036401503e-14,1.0
2,spine_01,-1.4737136363983154,3.6088746128370985e-05,-1.8550693988800049,-5.668939095926362e-08,0.008233534172177315,8.052398747793177e-09,0.9999661445617676
2,spine_02,-11.003471374511719,-3.939163661925704e-07,-1.322031021118164,-1.7404158825229388e-07,0.04770734906196594,1.8729444661857997e-07,0.9988613724708557
2,thigh_l,19.110322952270508,-1.3210960626602173,-0.09439953416585922,-0.004597201012074947,-0.10174033790826797,-0.029459772631525993,0.9943640828132629
2,thigh_r,19.110185623168945,1.3212214708328247,-0.09440246224403381,0.004597241058945656,-0.10173942148685455,0.02946094237267971,0.9943641424179077
2,upperarm_l,14.374683380126953,-123.85585021972656,36.961971282958984,-0.13264015316963196,0.2823987901210785,0.9313390254974365,0.187790185213089
2,upperarm_r,-55.068748474121094,131.31704711914062,62.07350540161133,0.06194020435214043,0.4123307466506958,-0.7862548232078552,0.4560154378414154
3,calf_l,-1.1981326341629028,0.11003181338310242,0.07144738733768463,0.0027584717608988285,0.11005060374736786,-0.0409504659473896,0.9930782914161682
3,calf_r,-1.1981717348098755,-0.110120490193367,0.07152377814054489,-0.002760750474408269,0.11005011200904846,0.04094955697655678,0.9930782914161682
3,clavicle_l,-25.799095153808594,2.1814069747924805,0.9480226635932922,0.0071337572298944,0.09844670444726944,-0.0030381721444427967,0.9951121211051941
3,clavicle_r,-25.796794891357422,-2.1819727420806885,0.9475919604301453,-0.007135986816138029,0.0984388068318367,0.003037970047444105,0.9951128959655762
3,foot_l,1.4035022258758545,-0.08956317603588104,-0.023924998939037323,-0.0007850668043829501,7.538442150689662e-05,-0.0459105521440506,0.9989452362060547
3,foot_r,1.4035165309906006,0.08950198441743851,-0.023823650553822517,0.0007821207400411367,7.498815830331296e-05,0.04591149464249611,0.9989452362060547
3,hand_l,102.70040130615234,-23.80182647705078,212.78575134277344,0.8985283970832825,-0.09739992767572403,-0.3843131363391876,0.18831729888916016
3,hand_r,101.30570983886719,65.46941375732422,217.49302673339844,-0.8874645829200745,-0.18384967744350433,0.405030757188797,0.12064873427152634
3,head,0.047976523637771606,0.7066832184791565,-2.0613551139831543,0.002489088336005807,0.015622179955244064,-3.879374708048999e-05,0.9998748898506165
3,lowerarm_l,64.43043518066406,-15.538620948791504,-5.4930267333984375,-0.2061970829963684,-0.19653324782848358,0.9531635642051697,0.10166964679956436
3,lowerarm_r,89.36294555664062,42.91622543334961,10.584941864013672,0.35040244460105896,-0.21747593581676483,-0.8607640862464905,0.29834145307540894
3,neck,-19.36720848083496,1.3226943016052246,-0.2792835235595703,0.004279259126633406,0.0756089985370636,-0.001569311018101871,0.9971272349357605
3,pelvis,6.112976551055908,1.621942465135362e-05,-1.6939878463745117,-1.938579998750356e-07,-0.02936398983001709,4.055095530475228e-07,0.9995688796043396
3,root,0.0,0.0,0.0,-2.1139658201718703e-07,-5.7790373375610216e-08,1.0658141036401503e-14,1.0
3,spine_01,-1.4737136363983154,3.6088746128370985e-05,-1.8550693988800049,-5.668939095926362e-08,0.008233534172177315,8.052398747793177e-09,0.9999661445617676
3,spine_02,-11.003471374511719,-3.939163661925704e-07,-1.322031021118164,-1.7404158825229388e-07,0.04770734906196594,1.8729444661857997e-07,0.9988613724708557
3,thigh_l,19.110322952270508,-1.3210960626602173,-0.09439953416585922,-0.004597201012074947,-0.10174033790826797,-0.029459772631525993,0.9943640828132629
3,thigh_r,19.110185623168945,1.3212214708328247,-0.09440246224403381,0.004597241058945656,-0.10173942148685455,0.02946094237267971,0.9943641424179077
3,upperarm_l,14.374683380126953,-123.85585021972656,36.961971282958984,-0.13264015316963196,0.2823987901210785,0.9313390254974365,0.187790185213089
3,upperarm_r,-55.068748474121094,131.31704711914062,62.07350540161133,0.06194020435214043,0.4123307466506958,-0.7862548232078552,0.4560154378414154
4,calf_l,-1.1981326341629028,0.11003181338310242,0.07144738733768463,0.0027584717608988285,0.11005060374736786,-0.0409504659473896,0.9930782914161682
4,calf_r,-1.1981717348098755,-0.110120490193367,0.07152377814054489,-0.002760750474408269,0.11005011200904846,0.04094955697655678,0.9930782914161682
4,clavicle_l,-25.799095153808594,2.1814069747924805,0.9480226635932922,0.0071337572298944,0.09844670444726944,-0.0030381721444427967,0.9951121211051941
4,clavicle_r,-25.796794891357422,-2.1819727420806885,0.9475919604301453,-0.007135986816138029,0.0984388068318367,0.003037970047444105,0.9951128959655762
4,foot_l,1.4035022258758545,-0.08956317603588104,-0.023924998939037323,-0.0007850668043829501,7.538442150689662e-05,-0.0459105521440506,0.9989452362060547
4,foot_r,1.4035165309906006,0.08950198441743851,-0.023823650553822517,0.0007821207400411367,7.498815830331296e-05,0.04591149464249611,0.9989452362060547
4,hand_l,102.70040130615234,-23.80182647705078,212.78575134277344,0.8985283970832825,-0.09739992767572403,-0.3843131363391876,0.18831729888916016
4,hand_r,101.30570983886719,65.46941375732422,217.49302673339844,-0.8874645829200745,-0.18384967744350433,0.405030757188797,0.12064873427152634
4,head,0.047976523637771606,0.7066832184791565,-2.0613551139831543,0.002489088336005807,0.015622179955244064,-3.879374708048999e-05,0.9998748898506165
4,lowerarm_l,64.43043518066406,-15.538620948791504,-5.4930267333984375,-0.2061970829963684,-0.19653324782848358,0.9531635642051697,0.10166964679956436
4,lowerarm_r,89.36294555664062,42.91622543334961,10.584941864013672,0.35040244460105896,-0.21747593581676483,-0.8607640862464905,0.29834145307540894
4,neck,-19.36720848083496,1.3226943016052246,-0.2792835235595703,0.004279259126633406,0.0756089985370636,-0.001569311018101871,0.9971272349357605
4,pelvis,6.112976551055908,1.621942465135362e-05,-1.6939878463745117,-1.938579998750356e-07,-0.02936398983001709,4.055095530475228e-07,0.9995688796043396
4,root,0.0,0.0,0.0,-2.1139658201718703e-07,-5.7790373375610216e-08,1.0658141036401503e-14,1.0
4,spine_01,-1.4737136363983154,3.6088746128370985e-05,-1.8550693988800049,-5.668939095926362e-08,0.008233534172177315,8.052398747793177e-09,0.9999661445617676
4,spine_02,-11.003471374511719,-3.939163661925704e-07,-1.322031021118164,-1.7404158825229388e-07,0.04770734906196594,1.8729444661857997e-07,0.9988613724708557
4,thigh_l,19.110322952270508,-1.3210960626602173,-0.09439953416585922,-0.004597201012074947,-0.10174033790826797,-0.029459772631525993,0.9943640828132629
4,thigh_r,19.110185623168945,1.3212214708328247,-0.09440246224403381,0.004597241058945656,-0.10173942148685455,0.02946094237267971,0.9943641424179077
4,upperarm_l,14.374683380126953,-123.85585021972656,36.961971282958984,-0.13264015316963196,0.2823987901210785,0.9313390254974365,0.187790185213089
4,upperarm_r,-55.068748474121094,131.31704711914062,62.07350540161133,0.06194020435214043,0.4123307466506958,-0.7862548232078552,0.4560154378414154
5,calf_l,-1.1981326341629028,0.11003181338310242,0.07144738733768463,0.0027584717608988285,0.11005060374736786,-0.0409504659473896,0.9930782914161682
5,calf_r,-1.1981717348098755,-0.110120490193367,0.07152377814054489,-0.002760750474408269,0.11005011200904846,0.04094955697655678,0.9930782914161682
5,clavicle_l,-25.799095153808594,2.1814069747924805,0.9480226635932922,0.0071337572298944,0.09844670444726944,-0.0030381721444427967,0.9951121211051941
5,clavicle_r,-25.796794891357422,-2.1819727420806885,0.9475919604301453,-0.007135986816138029,0.0984388068318367,0.003037970047444105,0.9951128959655762
5,foot_l,1.4035022258758545,-0.08956317603588104,-0.023924998939037323,-0.0007850668043829501,7.538442150689662e-05,-0.0459105521440506,0.9989452362060547
5,foot_r,1.4035165309906006,0.08950198441743851,-0.023823650553822517,0.0007821207400411367,7.498815830331296e-05,0.04591149464249611,0.9989452362060547
5,hand_l,102.70040130615234,-23.80182647705078,212.78575134277344,0.8985283970832825,-0.09739992767572403,-0.3843131363391876,0.18831729888916016
5,hand_r,101.30570983886719,65.46941375732422,217.49302673339844,-0.8874645829200745,-0.18384967744350433,0.405030757188797,0.12064873427152634
5,head,0.047976523637771606,0.7066832184791565,-2.0613551139831543,0.002489088336005807,0.015622179955244064,-3.879374708048999e-05,0.9998748898506165
5,lowerarm_l,64.43043518066406,-15.538620948791504,-5.4930267333984375,-0.2061970829963684,-0.19653324782848358,0.9531635642051697,0.10166964679956436
5,lowerarm_r,89.36294555664062,42.91622543334961,10.584941864013672,0.35040244460105896,-0.21747593581676483,-0.8607640862464905,0.29834145307540894
5,neck,-19.36720848083496,1.3226943016052246,-0.2792835235595703,0.004279259126633406,0.0756089985370636,-0.001569311018101871,0.9971272349357605
5,pelvis,6.112976551055908,1.621942465135362e-05,-1.6939878463745117,-1.938579998750356e-07,-0.02936398983001709,4.055095530475228e-07,0.9995688796043396
5,root,0.0,0.0,0.0,-2.1139658201718703e-07,-5.7790373375610216e-08,1.0658141036401503e-14,1.0
5,spine_01,-1.4737136363983154,3.6088746128370985e-05,-1.8550693988800049,-5.668939095926362e-08,0.008233534172177315,8.052398747793177e-09,0.9999661445617676
5,spine_02,-11.003471374511719,-3.939163661925704e-07,-1.322031021118164,-1.7404158825229388e-07,0.04770734906196594,1.8729444661857997e-07,0.9988613724708557
5,thigh_l,19.110322952270508,-1.3210960626602173,-0.09439953416585922,-0.004597201012074947,-0.10174033790826797,-0.029459772631525993,0.9943640828132629
5,thigh_r,19.110185623168945,1.3212214708328247,-0.09440246224403381,0.004597241058945656,-0.10173942148685455,0.02946094237267971,0.9943641424179077
5,upperarm_l,14.374683380126953,-123.85585021972656,36.961971282958984,-0.13264015316963196,0.2823987901210785,0.9313390254974365,0.187790185213089
5,upperarm_r,-55.068748474121094,131.31704711914062,62.07350540161133,0.06194020435214043,0.4123307466506958,-0.7862548232078552,0.4560154378414154
6,calf_l,-1.1981326341629028,0.11003181338310242,0.07144738733768463,0.0027584717608988285,0.11005060374736786,-0.0409504659473896,0.9930782914161682
6,calf_r,-1.1981717348098755,-0.110120490193367,0.07152377814054489,-0.002760750474408269,0.11005011200904846,0.04094955697655678,0.9930782914161682
6,clavicle_l,-25.799095153808594,2.1814069747924805,0.9480226635932922,0.0071337572298944,0.09844670444726944,-0.0030381721444427967,0.9951121211051941
6,clavicle_r,-25.796794891357422,-2.1819727420806885,0.9475919604301453,-0.007135986816138029,0.0984388068318367,0.003037970047444105,0.9951128959655762
6,foot_l,1.4035022258758545,-0.08956317603588104,-0.023924998939037323,-0.0007850668043829501,7.538442150689662e-05,-0.0459105521440506,0.9989452362060547
6,foot_r,1.4035165309906006,0.08950198441743851,-0.023823650553822517,0.0007821207400411367,7.498815830331296e-05,0.04591149464249611,0.9989452362060547
6,hand_l,102.70040130615234,-23.80182647705078,212.78575134277344,0.8985283970832825,-0.09739992767572403,-0.3843131363391876,0.18831729888916016
6,hand_r,101.30570983886719,65.46941375732422,217.49302673339844,-0.8874645829200745,-0.18384967744350433,0.405030757188797,0.12064873427152634
6,head,0.047976523637771606,0.7066832184791565,-2.0613551139831543,0.002489088336005807,0.015622179955244064,-3.879374708048999e-05,0.9998748898506165
6,lowerarm_l,64.43043518066406,-15.538620948791504,-5.4930267333984375,-0.2061970829963684,-0.19653324782848358,0.9531635642051697,0.10166964679956436
6,lowerarm_r,89.36294555664062,42.91622543334961,10.584941864013672,0.35040244460105896,-0.21747593581676483,-0.8607640862464905,0.29834145307540894
6,neck,-19.36720848083496,1.3226943016052246,-0.2792835235595703,0.004279259126633406,0.0756089985370636,-0.001569311018101871,0.9971272349357605
6,pelvis,6.112976551055908,1.621942465135362e-05,-1.6939878463745117,-1.938579998750356e-07,-0.02936398983001709,4.055095530475228e-07,0.9995688796043396
6,root,0.0,0.0,0.0,-2.1139658201718703e-07,-5.7790373375610216e-08,1.0658141036401503e-14,1.0
6,spine_01,-1.4737136363983154,3.6088746128370985e-05,-1.8550693988800049,-5.668939095926362e-08,0.008233534172177315,8.052398747793177e-09,0.9999661445617676
6,spine_02,-11.003471374511719,-3.939163661925704e-07,-1.322031021118164,-1.7404158825229388e-07,0.04770734906196594,1.8729444661857997e-07,0.9988613724708557
6,thigh_l,19.110322952270508,-1.3210960626602173,-0.09439953416585922,-0.004597201012074947,-0.10174033790826797,-0.029459772631525993,0.9943640828132629
6,thigh_r,19.110185623168945,1.3212214708328247,-0.09440246224403381,0.004597241058945656,-0.10173942148685455,0.02946094237267971,0.9943641424179077
6,upperarm_l,14.374683380126953,-123.85585021972656,36.961971282958984,-0.13264015316963196,0.2823987901210785,0.9313390254974365,0.187790185213089
6,upperarm_r,-55.068748474121094,131.31704711914062,62.07350540161133,0.06194020435214043,0.4123307466506958,-0.7862548232078552,0.4560154378414154
7,calf_l,-1.1981326341629028,0.11003181338310242,0.07144738733768463,0.0027584717608988285,0.11005060374736786,-0.0409504659473896,0.9930782914161682
7,calf_r,-1.1981717348098755,-0.110120490193367,0.07152377814054489,-0.002760750474408269,0.11005011200904846,0.04094955697655678,0.9930782914161682
7,clavicle_l,-25.799095153808594,2.1814069747924805,0.9480226635932922,0.0071337572298944,0.09844670444726944,-0.0030381721444427967,0.9951121211051941
7,clavicle_r,-25.796794891357422,-2.1819727420806885,0.9475919604301453,-0.007135986816138029,0.0984388068318367,0.003037970047444105,0.9951128959655762
7,foot_l,1.4035022258758545,-0.08956317603588104,-0.023924998939037323,-0.0007850668043829501,7.538442150689662e-05,-0.0459105521440506,0.9989452362060547
7,foot_r,1.4035165309906006,0.08950198441743851,-0.023823650553822517,0.0007821207400411367,7.498815830331296e-05,0.04591149464249611,0.9989452362060547
7,hand_l,102.70040130615234,-23.80182647705078,212.78575134277344,0.8985283970832825,-0.09739992767572403,-0.3843131363391876,0.18831729888916016
7,hand_r,101.30570983886719,65.46941375732422,217.49302673339844,-0.8874645829200745,-0.18384967744350433,0.405030757188797,0.12064873427152634
7,head,0.047976523637771606,0.7066832184791565,-2.0613551139831543,0.002489088336005807,0.015622179955244064,-3.879374708048999e-05,0.9998748898506165
7,lowerarm_l,64.43043518066406,-15.538620948791504,-5.4930267333984375,-0.2061970829963684,-0.19653324782848358,0.9531635642051697,0.10166964679956436
7,lowerarm_r,89.36294555664062,42.91622543334961,10.584941864013672,0.35040244460105896,-0.21747593581676483,-0.8607640862464905,0.29834145307540894
7,neck,-19.36720848083496,1.3226943016052246,-0.2792835235595703,0.004279259126633406,0.0756089985370636,-0.001569311018101871,0.9971272349357605
7,pelvis,6.112976551055908,1.621942465135362e-05,-1.6939878463745117,-1.938579998750356e-07,-0.02936398983001709,4.055095530475228e-07,0.9995688796043396
7,root,0.0,0.0,0.0,-2.1139658201718703e-07,-5.7790373375610216e-08,1.0658141036401503e-14,1.0
7,spine_01,-1.4737136363983154,3.6088746128370985e-05,-1.8550693988800049,-5.668939095926362e-08,0.008233534172177315,8.052398747793177e-09,0.9999661445617676
7,spine_02,-11.003471374511719,-3.939163661925704e-07,-1.322031021118164,-1.7404158825229388e-07,0.04770734906196594,1.8729444661857997e-07,0.9988613724708557
7,thigh_l,19.110322952270508,-1.3210960626602173,-0.09439953416585922,-0.004597201012074947,-0.10174033790826797,-0.029459772631525993,0.9943640828132629
7,thigh_r,19.110185623168945,1.3212214708328247,-0.09440246224403381,0.004597241058945656,-0.10173942148685455,0.02946094237267971,0.9943641424179077
7,upperarm_l,14.374683380126953,-123.85585021972656,36.961971282958984,-0.13264015316963196,0.2823987901210785,0.9313390254974365,0.187790185213089
7,upperarm_r,-55.068748474121094,131.31704711914062,62.07350540161133,0.06194020435214043,0.4123307466506958,-0.7862548232078552,0.4560154378414154
8,calf_l,-1.1981326341629028,0.11003181338310242,0.07144738733768463,0.0027584717608988285,0.11005060374736786,-0.0409504659473896,0.9930782914161682
8,calf_r,-1.1981717348098755,-0.110120490193367,0.07152377814054489,-0.002760750474408269,0.11005011200904846,0.04094955697655678,0.9930782914161682
8,clavicle_l,-25.799095153808594,2.1814069747924805,0.9480226635932922,0.0071337572298944,0.09844670444726944,-0.0030381721444427967,0.9951121211051941
8,clavicle_r,-25.796794891357422,-2.1819727420806885,0.9475919604301453,-0.007135986816138029,0.0984388068318367,0.003037970047444105,0.9951128959655762
8,foot_l,1.4035022258758545,-0.08956317603588104,-0.023924998939037323,-0.0007850668043829501,7.538442150689662e-05,-0.0459105521440506,0.9989452362060547
8,foot_r,1.4035165309906006,0.08950198441743851,-0.023823650553822517,0.0007821207400411367,7.498815830331296e-05,0.04591149464249611,0.9989452362060547
8,hand_l,102.70040130615234,-23.80182647705078,212.78575134277344,0.8985283970832825,-0.09739992767572403,-0.3843131363391876,0.18831729888916016
8,hand_r,101.30570983886719,65.46941375732422,217.49302673339844,-0.8874645829200745,-0.18384967744350433,0.405030757188797,0.12064873427152634
8,head,0.047976523637771606,0.7066832184791565,-2.0613551139831543,0.002489088336005807,0.015622179955244064,-3.879374708048999e-05,0.9998748898506165
8,lowerarm_l,64.43043518066406,-15.538620948791504,-5.4930267333984375,-0.2061970829963684,-0.19653324782848358,0.9531635642051697,0.10166964679956436
8,lowerarm_r,89.36294555664062,42.91622543334961,10.584941864013672,0.35040244460105896,-0.21747593581676483,-0.8607640862464905,0.29834145307540894
8,neck,-19.36720848083496,1.3226943016052246,-0.2792835235595703,0.004279259126633406,0.0756089985370636,-0.001569311018101871,0.9971272349357605
8,pelvis,6.112976551055908,1.621942465135362e-05,-1.6939878463745117,-1.938579998750356e-07,-0.02936398983001709,4.055095530475228e-07,0.9995688796043396
8,root,0.0,0.0,0.0,-2.1139658201718703e-07,-5.7790373375610216e-08,1.0658141036401503e-14,1.0
8,spine_01,-1.4737136363983154,3.6088746128370985e-05,-1.8550693988800049,-5.668939095926362e-08,0.008233534172177315,8.052398747793177e-09,0.9999661445617676
8,spine_02,-11.003471374511719,-3.939163661925704e-07,-1.322031021118164,-1.7404158825229388e-07,0.04770734906196594,1.8729444661857997e-07,0.9988613724708557
8,thigh_l,19.110322952270508,-1.3210960626602173,-0.09439953416585922,-0.004597201012074947,-0.10174033790826797,-0.029459772631525993,0.9943640828132629
8,thigh_r,19.110185623168945,1.3212214708328247,-0.09440246224403381,0.004597241058945656,-0.10173942148685455,0.02946094237267971,0.9943641424179077
8,upperarm_l,14.374683380126953,-123.85585021972656,36.961971282958984,-0.13264015316963196,0.2823987901210785,0.9313390254974365,0.187790185213089
8,upperarm_r,-55.068748474121094,131.31704711914062,62.07350540161133,0.06194020435214043,0.4123307466506958,-0.7862548232078552,0.4560154378414154
9,calf_l,-1.1981326341629028,0.11003181338310242,0.07144738733768463,0.0027584717608988285,0.11005060374736786,-0.0409504659473896,0.9930782914161682
9,calf_r,-1.1981717348098755,-0.110120490193367,0.07152377814054489,-0.002760750474408269,0.11005011200904846,0.04094955697655678,0.9930782914161682
9,clavicle_l,-25.799095153808594,2.1814069747924805,0.9480226635932922,0.0071337572298944,0.09844670444726944,-0.0030381721444427967,0.9951121211051941
9,clavicle_r,-25.796794891357422,-2.1819727420806885,0.9475919604301453,-0.007135986816138029,0.0984388068318367,0.003037970047444105,0.9951128959655762
9,foot_l,1.4035022258758545,-0.08956317603588104,-0.023924998939037323,-0.0007850668043829501,7.538442150689662e-05,-0.0459105521440506,0.9989452362060547
9,foot_r,1.4035165309906006,0.08950198441743851,-0.023823650553822517,0.0007821207400411367,7.498815830331296e-05,0.04591149464249611,0.9989452362060547
9,hand_l,102.70040130615234,-23.80182647705078,212.78575134277344,0.8985283970832825,-0.09739992767572403,-0.3843131363391876,0.18831729888916016
9,hand_r,101.30570983886719,65.46941375732422,217.49302673339844,-0.8874645829200745,-0.18384967744350433,0.405030757188797,0.12064873427152634
9,head,0.047976523637771606,0.7066832184791565,-2.0613551139831543,0.002489088336005807,0.015622179955244064,-3.879374708048999e-05,0.9998748898506165
9,lowerarm_l,64.43043518066406,-15.538620948791504,-5.4930267333984375,-0.2061970829963684,-0.19653324782848358,0.9531635642051697,0.10166964679956436
9,lowerarm_r,89.36294555664062,42.91622543334961,10.584941864013672,0.35040244460105896,-0.21747593581676483,-0.8607640862464905,0.29834145307540894
9,neck,-19.36720848083496,1.3226943016052246,-0.2792835235595703,0.004279259126633406,0.0756089985370636,-0.001569311018101871,0.9971272349357605
9,pelvis,6.112976551055908,1.621942465135362e-05,-1.6939878463745117,-1.938579998750356e-07,-0.02936398983001709,4.055095530475228e-07,0.9995688796043396
9,root,0.0,0.0,0.0,-2.1139658201718703e-07,-5.7790373375610216e-08,1.0658141036401503e-14,1.0
9,spine_01,-1.4737136363983154,3.6088746128370985e-05,-1.8550693988800049,-5.668939095926362e-08,0.008233534172177315,8.052398747793177e-09,0.9999661445617676
9,spine_02,-11.003471374511719,-3.939163661925704e-07,-1.322031021118164,-1.7404158825229388e-07,0.04770734906196594,1.8729444661857997e-07,0.9988613724708557
9,thigh_l,19.110322952270508,-1.3210960626602173,-0.09439953416585922,-0.004597201012074947,-0.10174033790826797,-0.029459772631525993,0.9943640828132629
9,thigh_r,19.110185623168945,1.3212214708328247,-0.09440246224403381,0.004597241058945656,-0.10173942148685455,0.02946094237267971,0.9943641424179077
9,upperarm_l,14.374683380126953,-123.85585021972656,36.961971282958984,-0.13264015316963196,0.2823987901210785,0.9313390254974365,0.187790185213089
9,upperarm_r,-55.068748474121094,131.31704711914062,62.07350540161133,0.06194020435214043,0.4123307466506958,-0.7862548232078552,0.4560154378414154
10,calf_l,-1.1981326341629028,0.11003181338310242,0.07144738733768463,0.0027584717608988285,0.11005060374736786,-0.0409504659473896,0.9930782914161682
10,calf_r,-1.1981717348098755,-0.110120490193367,0.07152377814054489,-0.002760750474408269,0.11005011200904846,0.04094955697655678,0.9930782914161682
10,clavicle_l,-25.799095153808594,2.1814069747924805,0.9480226635932922,0.0071337572298944,0.09844670444726944,-0.0030381721444427967,0.9951121211051941
10,clavicle_r,-25.796794891357422,-2.1819727420806885,0.9475919604301453,-0.007135986816138029,0.0984388068318367,0.003037970047444105,0.9951128959655762
10,foot_l,1.4035022258758545,-0.08956317603588104,-0.023924998939037323,-0.0007850668043829501,7.538442150689662e-05,-0.0459105521440506,0.9989452362060547
10,foot_r,1.4035165309906006,0.08950198441743851,-0.023823650553822517,0.0007821207400411367,7.498815830331296e-05,0.04591149464249611,0.9989452362060547
10,hand_l,102.70040130615234,-23.80182647705078,212.78575134277344,0.8985283970832825,-0.09739992767572403,-0.3843131363391876,0.18831729888916016
10,hand_r,101.30570983886719,65.46941375732422,217.49302673339844,-0.8874645829200745,-0.18384967744350433,0.405030757188797,0.12064873427152634
10,head,0.047976523637771606,0.7066832184791565,-2.0613551139831543,0.002489088336005807,0.015622179955244064,-3.879374708048999e-05,0.9998748898506165
10,lowerarm_l,64.43043518066406,-15.538620948791504,-5.4930267333984375,-0.2061970829963684,-0.19653324782848358,0.9531635642051697,0.10166964679956436
10,lowerarm_r,89.36294555664062,42.91622543334961,10.584941864013672,0.35040244460105896,-0.21747593581676483,-0.8607640862464905,0.29834145307540894
10,neck,-19.36720848083496,1.3226943016052246,-0.2792835235595703,0.004279259126633406,0.0756089985370636,-0.001569311018101871,0.9971272349357605
10,pelvis,6.112976551055908,1.621942465135362e-05,-1.6939878463745117,-1.938579998750356e-07,-0.02936398983001709,4.055095530475228e-07,0.9995688796043396
10,root,0.0,0.0,0.0,-2.1139658201718703e-07,-5.7790373375610216e-08,1.0658141036401503e-14,1.0
10,spine_01,-1.4737136363983154,3.6088746128370985e-05,-1.8550693988800049,-5.668939095926362e-08,0.008233534172177315,8.052398747793177e-09,0.9999661445617676
10,spine_02,-11.003471374511719,-3.939163661925704e-07,-1.322031021118164,-1.7404158825229388e-07,0.04770734906196594,1.8729444661857997e-07,0.9988613724708557
10,thigh_l,19.110322952270508,-1.3210960626602173,-0.09439953416585922,-0.004597201012074947,-0.10174033790826797,-0.029459772631525993,0.9943640828132629
10,thigh_r,19.110185623168945,1.3212214708328247,-0.09440246224403381,0.004597241058945656,-0.10173942148685455,0.02946094237267971,0.9943641424179077
10,upperarm_l,14.374683380126953,-123.85585021972656,36.961971282958984,-0.13264015316963196,0.2823987901210785,0.9313390254974365,0.187790185213089
10,upperarm_r,-55.068748474121094,131.31704711914062,62.07350540161133,0.06194020435214043,0.4123307466506958,-0.7862548232078552,0.4560154378414154
11,calf_l,-1.1981326341629028,0.11003181338310242,0.07144738733768463,0.0027584717608988285,0.11005060374736786,-0.0409504659473896,0.9930782914161682
11,calf_r,-1.1981717348098755,-0.110120490193367,0.07152377814054489,-0.002760750474408269,0.11005011200904846,0.04094955697655678,0.9930782914161682
11,clavicle_l,-25.799095153808594,2.1814069747924805,0.9480226635932922,0.0071337572298944,0.09844670444726944,-0.0030381721444427967,0.9951121211051941
11,clavicle_r,-25.796794891357422,-2.1819727420806885,0.9475919604301453,-0.007135986816138029,0.0984388068318367,0.003037970047444105,0.9951128959655762
11,foot_l,1.4035022258758545,-0.08956317603588104,-0.023924998939037323,-0.0007850668043829501,7.538442150689662e-05,-0.0459105521440506,0.9989452362060547
11,foot_r,1.4035165309906006,0.08950198441743851,-0.023823650553822517,0.0007821207400411367,7.498815830331296e-05,0.04591149464249611,0.9989452362060547
11,hand_l,102.70040130615234,-23.80182647705078,212.78575134277344,0.8985283970832825,-0.09739992767572403,-0.3843131363391876,0.18831729888916016
11,hand_r,101.30570983886719,65.46941375732422,217.49302673339844,-0.8874645829200745,-0.18384967744350433,0.405030757188797,0.12064873427152634
11,head,0.047976523637771606,0.7066832184791565,-2.0613551139831543,0.002489088336005807,0.015622179955244064,-3.879374708048999e-05,0.9998748898506165
11,lowerarm_l,64.43043518066406,-15.538620948791504,-5.4930267333984375,-0.2061970829963684,-0.19653324782848358,0.9531635642051697,0.10166964679956436
11,lowerarm_r,89.36294555664062,42.91622543334961,10.584941864013672,0.35040244460105896,-0.21747593581676483,-0.8607640862464905,0.29834145307540894
11,neck,-19.36720848083496,1.3226943016052246,-0.2792835235595703,0.004279259126633406,0.0756089985370636,-0.001569311018101871,0.9971272349357605
11,pelvis,6.112976551055908,1.621942465135362e-05,-1.6939878463745117,-1.938579998750356e-07,-0.02936398983001709,4.055095530475228e-07,0.9995688796043396
11,root,0.0,0.0,0.0,-2.1139658201718703e-07,-5.7790373375610216e-08,1.0658141036401503e-14,1.0
11,spine_01,-1.4737136363983154,3.6088746128370985e-05,-1.8550693988800049,-5.668939095926362e-08,0.008233534172177315,8.052398747793177e-09,0.9999661445617676
11,spine_02,-11.003471374511719,-3.939163661925704e-07,-1.322031021118164,-1.7404158825229388e-07,0.04770734906196594,1.8729444661857997e-07,0.9988613724708557
11,thigh_l,19.110322952270508,-1.3210960626602173,-0.09439953416585922,-0.004597201012074947,-0.10174033790826797,-0.029459772631525993,0.9943640828132629
11,thigh_r,19.110185623168945,1.3212214708328247,-0.09440246224403381,0.004597241058945656,-0.10173942148685455,0.02946094237267971,0.9943641424179077
11,upperarm_l,14.374683380126953,-123.85585021972656,36.961971282958984,-0.13264015316963196,0.2823987901210785,0.9313390254974365,0.187790185213089
11,upperarm_r,-55.068748474121094,131.31704711914062,62.07350540161133,0.06194020435214043,0.4123307466506958,-0.7862548232078552,0.4560154378414154
12,calf_l,-1.1981326341629028,0.11003181338310242,0.07144738733768463,0.0027584717608988285,0.11005060374736786,-0.0409504659473896,0.9930782914161682
12,calf_r,-1.1981717348098755,-0.110120490193367,0.07152377814054489,-0.002760750474408269,0.11005011200904846,0.04094955697655678,0.9930782914161682
12,clavicle_l,-25.799095153808594,2.1814069747924805,0.9480226635932922,0.0071337572298944,0.09844670444726944,-0.0030381721444427967,0.9951121211051941
12,clavicle_r,-25.796794891357422,-2.1819727420806885,0.9475919604301453,-0.007135986816138029,0.0984388068318367,0.003037970047444105,0.9951128959655762
12,foot_l,1.4035022258758545,-0.08956317603588104,-0.023924998939037323,-0.0007850668043829501,7.538442150689662e-05,-0.0459105521440506,0.9989452362060547
12,foot_r,1.4035165309906006,0.08950198441743851,-0.023823650553822517,0.0007821207400411367,7.498815830331296e-05,0.04591149464249611,0.9989452362060547
12,hand_l,102.70040130615234,-23.80182647705078,212.78575134277344,0.8985283970832825,-0.09739992767572403,-0.3843131363391876,0.18831729888916016
12,hand_r,101.30570983886719,65.46941375732422,217.49302673339844,-0.8874645829200745,-0.18384967744350433,0.405030757188797,0.12064873427152634
12,head,0.047976523637771606,0.7066832184791565,-2.0613551139831543,0.002489088336005807,0.015622179955244064,-3.879374708048999e-05,0.9998748898506165
12,lowerarm_l,64.43043518066406,-15.538620948791504,-5.4930267333984375,-0.2061970829963684,-0.19653324782848358,0.9531635642051697,0.10166964679956436
12,lowerarm_r,89.36294555664062,42.91622543334961,10.584941864013672,0.35040244460105896,-0.21747593581676483,-0.8607640862464905,0.29834145307540894
12,neck,-19.36720848083496,1.3226943016052246,-0.2792835235595703,0.004279259126633406,0.0756089985370636,-0.001569311018101871,0.9971272349357605
12,pelvis,6.112976551055908,1.621942465135362e-05,-1.6939878463745117,-1.938579998750356e-07,-0.02936398983001709,4.055095530475228e-07,0.9995688796043396
12,root,0.0,0.0,0.0,-2.1139658201718703e-07,-5.7790373375610216e-08,1.0658141036401503e-14,1.0
12,spine_01,-1.4737136363983154,3.6088746128370985e-05,-1.8550693988800049,-5.668939095926362e-08,0.008233534172177315,8.052398747793177e-09,0.9999661445617676
12,spine_02,-11.003471374511719,-3.939163661925704e-07,-1.322031021118164,-1.7404158825229388e-07,0.04770734906196594,1.8729444661857997e-07,0.9988613724708557
12,thigh_l,19.110322952270508,-1.3210960626602173,-0.09439953416585922,-0.004597201012074947,-0.10174033790826797,-0.029459772631525993,0.9943640828132629
12,thigh_r,19.110185623168945,1.3212214708328247,-0.09440246224403381,0.004597241058945656,-0.10173942148685455,0.02946094237267971,0.9943641424179077
12,upperarm_l,14.374683380126953,-123.85585021972656,36.961971282958984,-0.13264015316963196,0.2823987901210785,0.9313390254974365,0.187790185213089
12,upperarm_r,-55.068748474121094,131.31704711914062,62.07350540161133,0.06194020435214043,0.4123307466506958,-0.7862548232078552,0.4560154378414154
13,calf_l,-1.1981326341629028,0.11003181338310242,0.07144738733768463,0.0027584717608988285,0.11005060374736786,-0.0409504659473896,0.9930782914161682
13,calf_r,-1.1981717348098755,-0.110120490193367,0.07152377814054489,-0.002760750474408269,0.11005011200904846,0.04094955697655678,0.9930782914161682
13,clavicle_l,-25.799095153808594,2.1814069747924805,0.9480226635932922,0.0071337572298944,0.09844670444726944,-0.0030381721444427967,0.9951121211051941
13,clavicle_r,-25.796794891357422,-2.1819727420806885,0.9475919604301453,-0.007135986816138029,0.0984388068318367,0.003037970047444105,0.9951128959655762
13,foot_l,1.4035022258758545,-0.08956317603588104,-0.023924998939037323,-0.0007850668043829501,7.538442150689662e-05,-0.0459105521440506,0.9989452362060547
13,foot_r,1.4035165309906006,0.08950198441743851,-0.023823650553822517,0.0007821207400411367,7.498815830331296e-05,0.04591149464249611,0.9989452362060547
13,hand_l,102.70040130615234,-23.80182647705078,212.78575134277344,0.8985283970832825,-0.09739992767572403,-0.3843131363391876,0.18831729888916016
13,hand_r,101.30570983886719,65.46941375732422,217.49302673339844,-0.8874645829200745,-0.18384967744350433,0.405030757188797,0.12064873427152634
13,head,0.047976523637771606,0.7066832184791565,-2.0613551139831543,0.002489088336005807,0.015622179955244064,-3.879374708048999e-05,0.9998748898506165
13,lowerarm_l,64.43043518066406,-15.538620948791504,-5.4930267333984375,-0.2061970829963684,-0.19653324782848358,0.9531635642051697,0.10166964679956436
13,lowerarm_r,89.36294555664062,42.91622543334961,10.584941864013672,0.35040244460105896,-0.21747593581676483,-0.8607640862464905,0.29834145307540894
13,neck,-19.36720848083496,1.3226943016052246,-0.2792835235595703,0.004279259126633406,0.0756089985370636,-0.001569311018101871,0.9971272349357605
13,pelvis,6.112976551055908,1.621942465135362e-05,-1.6939878463745117,-1.938579998750356e-07,-0.02936398983001709,4.055095530475228e-07,0.9995688796043396
13,root,0.0,0.0,0.0,-2.1139658201718703e-07,-5.7790373375610216e-08,1.0658141036401503e-14,1.0
13,spine_01,-1.4737136363983154,3.6088746128370985e-05,-1.8550693988800049,-5.668939095926362e-08,0.008233534172177315,8.052398747793177e-09,0.9999661445617676
13,spine_02,-11.003471374511719,-3.939163661925704e-07,-1.322031021118164,-1.7404158825229388e-07,0.04770734906196594,1.8729444661857997e-07,0.9988613724708557
13,thigh_l,19.110322952270508,-1.3210960626602173,-0.09439953416585922,-0.004597201012074947,-0.10174033790826797,-0.029459772631525993,0.9943640828132629
13,thigh_r,19.110185623168945,1.3212214708328247,-0.09440246224403381,0.004597241058945656,-0.10173942148685455,0.02946094237267971,0.9943641424179077
13,upperarm_l,14.374683380126953,-123.85585021972656,36.961971282958984,-0.13264015316963196,0.2823987901210785,0.9313390254974365,0.187790185213089
13,upperarm_r,-55.068748474121094,131.31704711914062,62.07350540161133,0.06194020435214043,0.4123307466506958,-0.7862548232078552,0.4560154378414154
14,calf_l,-1.1981326341629028,0.11003181338310242,0.07144738733768463,0.0027584717608988285,0.11005060374736786,-0.0409504659473896,0.9930782914161682
14,calf_r,-1.1981717348098755,-0.110120490193367,0.07152377814054489,-0.002760750474408269,0.11005011200904846,0.04094955697655678,0.9930782914161682
14,clavicle_l,-25.799095153808594,2.1814069747924805,0.9480226635932922,0.0071337572298944,0.09844670444726944,-0.0030381721444427967,0.9951121211051941
14,clavicle_r,-25.796794891357422,-2.1819727420806885,0.9475919604301453,-0.007135986816138029,0.0984388068318367,0.003037970047444105,0.9951128959655762
14,foot_l,1.4035022258758545,-0.08956317603588104,-0.023924998939037323,-0.0007850668043829501,7.538442150689662e-05,-0.0459105521440506,0.9989452362060547
14,foot_r,1.4035165309906006,0.08950198441743851,-0.023823650553822517,0.0007821207400411367,7.498815830331296e-05,0.04591149464249611,0.9989452362060547
14,hand_l,102.70040130615234,-23.80182647705078,212.78575134277344,0.8985283970832825,-0.09739992767572403,-0.3843131363391876,0.18831729888916016
14,hand_r,101.30570983886719,65.46941375732422,217.49302673339844,-0.8874645829200745,-0.18384967744350433,0.405030757188797,0.12064873427152634
14,head,0.047976523637771606,0.7066832184791565,-2.0613551139831543,0.002489088336005807,0.015622179955244064,-3.879374708048999e-05,0.9998748898506165
14,lowerarm_l,64.43043518066406,-15.538620948791504,-5.4930267333984375,-0.2061970829963684,-0.19653324782848358,0.9531635642051697,0.10166964679956436
14,lowerarm_r,89.36294555664062,42.91622543334961,10.584941864013672,0.35040244460105896,-0.21747593581676483,-0.8607640862464905,0.29834145307540894
14,neck,-19.36720848083496,1.3226943016052246,-0.2792835235595703,0.004279259126633406,0.0756089985370636,-0.001569311018101871,0.9971272349357605
14,pelvis,6.112976551055908,1.621942465135362e-05,-1.6939878463745117,-1.938579998750356e-07,-0.02936398983001709,4.055095530475228e-07,0.9995688796043396
14,root,0.0,0.0,0.0,-2.1139658201718703e-07,-5.7790373375610216e-08,1.0658141036401503e-14,1.0
14,spine_01,-1.4737136363983154,3.6088746128370985e-05,-1.8550693988800049,-5.668939095926362e-08,0.008233534172177315,8.052398747793177e-09,0.9999661445617676
14,spine_02,-11.003471374511719,-3.939163661925704e-07,-1.322031021118164,-1.7404158825229388e-07,0.04770734906196594,1.8729444661857997e-07,0.9988613724708557
14,thigh_l,19.110322952270508,-1.3210960626602173,-0.09439953416585922,-0.004597201012074947,-0.10174033790826797,-0.029459772631525993,0.9943640828132629
14,thigh_r,19.110185623168945,1.3212214708328247,-0.09440246224403381,0.004597241058945656,-0.10173942148685455,0.02946094237267971,0.9943641424179077
14,upperarm_l,14.374683380126953,-123.85585021972656,36.961971282958984,-0.13264015316963196,0.2823987901210785,0.9313390254974365,0.187790185213089
14,upperarm_r,-55.068748474121094,131.31704711914062,62.07350540161133,0.06194020435214043,0.4123307466506958,-0.7862548232078552,0.4560154378414154
15,calf_l,-1.1981326341629028,0.11003181338310242,0.07144738733768463,0.0027584717608988285,0.11005060374736786,-0.0409504659473896,0.9930782914161682
15,calf_r,-1.1981717348098755,-0.110120490193367,0.07152377814054489,-0.002760750474408269,0.11005011200904846,0.04094955697655678,0.9930782914161682
15,clavicle_l,-25.799095153808594,2.1814069747924805,0.9480226635932922,0.0071337572298944,0.09844670444726944,-0.0030381721444427967,0.9951121211051941
15,clavicle_r,-25.796794891357422,-2.1819727420806885,0.9475919604301453,-0.007135986816138029,0.0984388068318367,0.003037970047444105,0.9951128959655762
15,foot_l,1.4035022258758545,-0.08956317603588104,-0.023924998939037323,-0.0007850668043829501,7.538442150689662e-05,-0.0459105521440506,0.9989452362060547
15,foot_r,1.4035165309906006,0.08950198441743851,-0.023823650553822517,0.0007821207400411367,7.498815830331296e-05,0.04591149464249611,0.9989452362060547
15,hand_l,102.70040130615234,-23.80182647705078,212.78575134277344,0.8985283970832825,-0.09739992767572403,-0.3843131363391876,0.18831729888916016
15,hand_r,101.30570983886719,65.46941375732422,217.49302673339844,-0.8874645829200745,-0.18384967744350433,0.405030757188797,0.12064873427152634
15,head,0.047976523637771606,0.7066832184791565,-2.0613551139831543,0.002489088336005807,0.015622179955244064,-3.879374708048999e-05,0.9998748898506165
15,lowerarm_l,64.43043518066406,-15.538620948791504,-5.4930267333984375,-0.2061970829963684,-0.19653324782848358,0.9531635642051697,0.10166964679956436
15,lowerarm_r,89.36294555664062,42.91622543334961,10.584941864013672,0.35040244460105896,-0.21747593581676483,-0.8607640862464905,0.29834145307540894
15,neck,-19.36720848083496,1.3226943016052246,-0.2792835235595703,0.004279259126633406,0.0756089985370636,-0.001569311018101871,0.9971272349357605
15,pelvis,6.112976551055908,1.621942465135362e-05,-1.6939878463745117,-1.938579998750356e-07,-0.02936398983001709,4.055095530475228e-07,0.9995688796043396
15,root,0.0,0.0,0.0,-2.1139658201718703e-07,-5.7790373375610216e-08,1.0658141036401503e-14,1.0
15,spine_01,-1.4737136363983154,3.6088746128370985e-05,-1.8550693988800049,-5.668939095926362e-08,0.008233534172177315,8.052398747793177e-09,0.9999661445617676
15,spine_02,-11.003471374511719,-3.939163661925704e-07,-1.322031021118164,-1.7404158825229388e-07,0.04770734906196594,1.8729444661857997e-07,0.9988613724708557
15,thigh_l,19.110322952270508,-1.3210960626602173,-0.09439953416585922,-0.004597201012074947,-0.10174033790826797,-0.029459772631525993,0.9943640828132629
15,thigh_r,19.110185623168945,1.3212214708328247,-0.09440246224403381,0.004597241058945656,-0.10173942148685455,0.02946094237267971,0.9943641424179077
15,upperarm_l,14.374683380126953,-123.85585021972656,36.961971282958984,-0.13264015316963196,0.2823987901210785,0.9313390254974365,0.187790185213089
15,upperarm_r,-55.068748474121094,131.31704711914062,62.07350540161133,0.06194020435214043,0.4123307466506958,-0.7862548232078552,0.4560154378414154
16,calf_l,-1.1981326341629028,0.11003181338310242,0.07144738733768463,0.0027584717608988285,0.11005060374736786,-0.0409504659473896,0.9930782914161682
16,calf_r,-1.1981717348098755,-0.110120490193367,0.07152377814054489,-0.002760750474408269,0.11005011200904846,0.04094955697655678,0.9930782914161682
16,clavicle_l,-25.799095153808594,2.1814069747924805,0.9480226635932922,0.0071337572298944,0.09844670444726944,-0.0030381721444427967,0.9951121211051941
16,clavicle_r,-25.796794891357422,-2.1819727420806885,0.9475919604301453,-0.007135986816138029,0.0984388068318367,0.003037970047444105,0.9951128959655762
16,foot_l,1.4035022258758545,-0.08956317603588104,-0.023924998939037323,-0.0007850668043829501,7.538442150689662e-05,-0.0459105521440506,0.9989452362060547
16,foot_r,1.4035165309906006,0.08950198441743851,-0.023823650553822517,0.0007821207400411367,7.498815830331296e-05,0.04591149464249611,0.9989452362060547
16,hand_l,102.70040130615234,-23.80182647705078,212.78575134277344,0.8985283970832825,-0.09739992767572403,-0.3843131363391876,0.18831729888916016
16,hand_r,101.30570983886719,65.46941375732422,217.49302673339844,-0.8874645829200745,-0.18384967744350433,0.405030757188797,0.12064873427152634
16,head,0.047976523637771606,0.7066832184791565,-2.0613551139831543,0.002489088336005807,0.015622179955244064,-3.879374708048999e-05,0.9998748898506165
16,lowerarm_l,64.43043518066406,-15.538620948791504,-5.4930267333984375,-0.2061970829963684,-0.19653324782848358,0.9531635642051697,0.10166964679956436
16,lowerarm_r,89.36294555664062,42.91622543334961,10.584941864013672,0.35040244460105896,-0.21747593581676483,-0.8607640862464905,0.29834145307540894
16,neck,-19.36720848083496,1.3226943016052246,-0.2792835235595703,0.004279259126633406,0.0756089985370636,-0.001569311018101871,0.9971272349357605
16,pelvis,6.112976551055908,1.621942465135362e-05,-1.6939878463745117,-1.938579998750356e-07,-0.02936398983001709,4.055095530475228e-07,0.9995688796043396
16,root,0.0,0.0,0.0,-2.1139658201718703e-07,-5.7790373375610216e-08,1.0658141036401503e-14,1.0
16,spine_01,-1.4737136363983154,3.6088746128370985e-05,-1.8550693988800049,-5.668939095926362e-08,0.008233534172177315,8.052398747793177e-09,0.9999661445617676
16,spine_02,-11.003471374511719,-3.939163661925704e-07,-1.322031021118164,-1.7404158825229388e-07,0.04770734906196594,1.8729444661857997e-07,0.9988613724708557
16,thigh_l,19.110322952270508,-1.3210960626602173,-0.09439953416585922,-0.004597201012074947,-0.10174033790826797,-0.029459772631525993,0.9943640828132629
16,thigh_r,19.110185623168945,1.3212214708328247,-0.09440246224403381,0.004597241058945656,-0.10173942148685455,0.02946094237267971,0.9943641424179077
16,upperarm_l,14.374683380126953,-123.85585021972656,36.961971282958984,-0.13264015316963196,0.2823987901210785,0.9313390254974365,0.187790185213089
16,upperarm_r,-55.068748474121094,131.31704711914062,62.07350540161133,0.06194020435214043,0.4123307466506958,-0.7862548232078552,0.4560154378414154
17,calf_l,-1.1981326341629028,0.11003181338310242,0.07144738733768463,0.0027584717608988285,0.11005060374736786,-0.0409504659473896,0.9930782914161682
17,calf_r,-1.1981717348098755,-0.110120490193367,0.07152377814054489,-0.002760750474408269,0.11005011200904846,0.04094955697655678,0.9930782914161682
17,clavicle_l,-25.799095153808594,2.1814069747924805,0.9480226635932922,0.0071337572298944,0.09844670444726944,-0.0030381721444427967,0.9951121211051941
17,clavicle_r,-25.796794891357422,-2.1819727420806885,0.9475919604301453,-0.007135986816138029,0.0984388068318367,0.003037970047444105,0.9951128959655762
17,foot_l,1.4035022258758545,-0.08956317603588104,-0.023924998939037323,-0.0007850668043829501,7.538442150689662e-05,-0.0459105521440506,0.9989452362060547
17,foot_r,1.4035165309906006,0.08950198441743851,-0.023823650553822517,0.0007821207400411367,7.498815830331296e-05,0.04591149464249611,0.9989452362060547
17,hand_l,102.70040130615234,-23.80182647705078,212.78575134277344,0.8985283970832825,-0.09739992767572403,-0.3843131363391876,0.18831729888916016
17,hand_r,101.30570983886719,65.46941375732422,217.49302673339844,-0.8874645829200745,-0.18384967744350433,0.405030757188797,0.12064873427152634
17,head,0.047976523637771606,0.7066832184791565,-2.0613551139831543,0.002489088336005807,0.015622179955244064,-3.879374708048999e-05,0.9998748898506165
17,lowerarm_l,64.43043518066406,-15.538620948791504,-5.4930267333984375,-0.2061970829963684,-0.19653324782848358,0.9531635642051697,0.10166964679956436
17,lowerarm_r,89.36294555664062,42.91622543334961,10.584941864013672,0.35040244460105896,-0.21747593581676483,-0.8607640862464905,0.29834145307540894
17,neck,-19.36720848083496,1.3226943016052246,-0.2792835235595703,0.004279259126633406,0.0756089985370636,-0.001569311018101871,0.9971272349357605
17,pelvis,6.112976551055908,1.621942465135362e-05,-1.6939878463745117,-1.938579998750356e-07,-0.02936398983001709,4.055095530475228e-07,0.9995688796043396
17,root,0.0,0.0,0.0,-2.1139658201718703e-07,-5.7790373375610216e-08,1.0658141036401503e-14,1.0
17,spine_01,-1.4737136363983154,3.6088746128370985e-05,-1.8550693988800049,-5.668939095926362e-08,0.008233534172177315,8.052398747793177e-09,0.9999661445617676
17,spine_02,-11.003471374511719,-3.939163661925704e-07,-1.322031021118164,-1.7404158825229388e-07,0.04770734906196594,1.8729444661857997e-07,0.9988613724708557
17,thigh_l,19.110322952270508,-1.3210960626602173,-0.09439953416585922,-0.004597201012074947,-0.10174033790826797,-0.029459772631525993,0.9943640828132629
17,thigh_r,19.110185623168945,1.3212214708328247,-0.09440246224403381,0.004597241058945656,-0.10173942148685455,0.02946094237267971,0.9943641424179077
17,upperarm_l,14.374683380126953,-123.85585021972656,36.961971282958984,-0.13264015316963196,0.2823987901210785,0.9313390254974365,0.187790185213089
17,upperarm_r,-55.068748474121094,131.31704711914062,62.07350540161133,0.06194020435214043,0.4123307466506958,-0.7862548232078552,0.4560154378414154
18,calf_l,-1.1981326341629028,0.11003181338310242,0.07144738733768463,0.0027584717608988285,0.11005060374736786,-0.0409504659473896,0.9930782914161682
18,calf_r,-1.1981717348098755,-0.110120490193367,0.07152377814054489,-0.002760750474408269,0.11005011200904846,0.04094955697655678,0.9930782914161682
18,clavicle_l,-25.799095153808594,2.1814069747924805,0.9480226635932922,0.0071337572298944,0.09844670444726944,-0.0030381721444427967,0.9951121211051941
18,clavicle_r,-25.796794891357422,-2.1819727420806885,0.9475919604301453,-0.007135986816138029,0.0984388068318367,0.003037970047444105,0.9951128959655762
18,foot_l,1.4035022258758545,-0.08956317603588104,-0.023924998939037323,-0.0007850668043829501,7.538442150689662e-05,-0.0459105521440506,0.9989452362060547
18,foot_r,1.4035165309906006,0.08950198441743851,-0.023823650553822517,0.0007821207400411367,7.498815830331296e-05,0.04591149464249611,0.9989452362060547
18,hand_l,102.70040130615234,-23.80182647705078,212.78575134277344,0.8985283970832825,-0.09739992767572403,-0.3843131363391876,0.18831729888916016
18,hand_r,101.30570983886719,65.46941375732422,217.49302673339844,-0.8874645829200745,-0.18384967744350433,0.405030757188797,0.12064873427152634
18,head,0.047976523637771606,0.7066832184791565,-2.0613551139831543,0.002489088336005807,0.015622179955244064,-3.879374708048999e-05,0.9998748898506165
18,lowerarm_l,64.43043518066406,-15.538620948791504,-5.4930267333984375,-0.2061970829963684,-0.19653324782848358,0.9531635642051697,0.10166964679956436
18,lowerarm_r,89.36294555664062,42.91622543334961,10.584941864013672,0.35040244460105896,-0.21747593581676483,-0.8607640862464905,0.29834145307540894
18,neck,-19.36720848083496,1.3226943016052246,-0.2792835235595703,0.004279259126633406,0.0756089985370636,-0.001569311018101871,0.9971272349357605
18,pelvis,6.112976551055908,1.621942465135362e-05,-1.6939878463745117,-1.938579998750356e-07,-0.02936398983001709,4.055095530475228e-07,0.9995688796043396
18,root,0.0,0.0,0.0,-2.1139658201718703e-07,-5.7790373375610216e-08,1.0658141036401503e-14,1.0
18,spine_01,-1.4737136363983154,3.6088746128370985e-05,-1.8550693988800049,-5.668939095926362e-08,0.008233534172177315,8.052398747793177e-09,0.9999661445617676
18,spine_02,-11.003471374511719,-3.939163661925704e-07,-1.322031021118164,-1.7404158825229388e-07,0.04770734906196594,1.8729444661857997e-07,0.9988613724708557
18,thigh_l,19.110322952270508,-1.3210960626602173,-0.09439953416585922,-0.004597201012074947,-0.10174033790826797,-0.029459772631525993,0.9943640828132629
18,thigh_r,19.110185623168945,1.3212214708328247,-0.09440246224403381,0.004597241058945656,-0.10173942148685455,0.02946094237267971,0.9943641424179077
18,upperarm_l,14.374683380126953,-123.85585021972656,36.961971282958984,-0.13264015316963196,0.2823987901210785,0.9313390254974365,0.187790185213089
18,upperarm_r,-55.068748474121094,131.31704711914062,62.07350540161133,0.06194020435214043,0.4123307466506958,-0.7862548232078552,0.4560154378414154
19,calf_l,-1.1981326341629028,0.11003181338310242,0.07144738733768463,0.0027584717608988285,0.11005060374736786,-0.0409504659473896,0.9930782914161682
19,calf_r,-1.1981717348098755,-0.110120490193367,0.07152377814054489,-0.002760750474408269,0.11005011200904846,0.04094955697655678,0.9930782914161682
19,clavicle_l,-25.799095153808594,2.1814069747924805,0.9480226635932922,0.0071337572298944,0.09844670444726944,-0.0030381721444427967,0.9951121211051941
19,clavicle_r,-25.796794891357422,-2.1819727420806885,0.9475919604301453,-0.007135986816138029,0.0984388068318367,0.003037970047444105,0.9951128959655762
19,foot_l,1.4035022258758545,-0.08956317603588104,-0.023924998939037323,-0.0007850668043829501,7.538442150689662e-05,-0.0459105521440506,0.9989452362060547
19,foot_r,1.4035165309906006,0.08950198441743851,-0.023823650553822517,0.0007821207400411367,7.498815830331296e-05,0.04591149464249611,0.9989452362060547
19,hand_l,102.70040130615234,-23.80182647705078,212.78575134277344,0.8985283970832825,-0.09739992767572403,-0.3843131363391876,0.18831729888916016
19,hand_r,101.30570983886719,65.46941375732422,217.49302673339844,-0.8874645829200745,-0.18384967744350433,0.405030757188797,0.12064873427152634
19,head,0.047976523637771606,0.7066832184791565,-2.0613551139831543,0.002489088336005807,0.015622179955244064,-3.879374708048999e-05,0.9998748898506165
19,lowerarm_l,64.43043518066406,-15.538620948791504,-5.4930267333984375,-0.2061970829963684,-0.19653324782848358,0.9531635642051697,0.10166964679956436
19,lowerarm_r,89.36294555664062,42.91622543334961,10.584941864013672,0.35040244460105896,-0.21747593581676483,-0.8607640862464905,0.29834145307540894
19,neck,-19.36720848083496,1.3226943016052246,-0.2792835235595703,0.004279259126633406,0.0756089985370636,-0.001569311018101871,0.9971272349357605
19,pelvis,6.112976551055908,1.621942465135362e-05,-1.6939878463745117,-1.938579998750356e-07,-0.02936398983001709,4.055095530475228e-07,0.9995688796043396
19,root,0.0,0.0,0.0,-2.1139658201718703e-07,-5.7790373375610216e-08,1.0658141036401503e-14,1.0
19,spine_01,-1.4737136363983154,3.6088746128370985e-05,-1.8550693988800049,-5.668939095926362e-08,0.008233534172177315,8.052398747793177e-09,0.9999661445617676
19,spine_02,-11.003471374511719,-3.939163661925704e-07,-1.322031021118164,-1.7404158825229388e-07,0.04770734906196594,1.8729444661857997e-07,0.9988613724708557
19,thigh_l,19.110322952270508,-1.3210960626602173,-0.09439953416585922,-0.004597201012074947,-0.10174033790826797,-0.029459772631525993,0.9943640828132629
19,thigh_r,19.110185623168945,1.3212214708328247,-0.09440246224403381,0.004597241058945656,-0.10173942148685455,0.02946094237267971,0.9943641424179077
19,upperarm_l,14.374683380126953,-123.85585021972656,36.961971282958984,-0.13264015316963196,0.2823987901210785,0.9313390254974365,0.187790185213089
19,upperarm_r,-55.068748474121094,131.31704711914062,62.07350540161133,0.06194020435214043,0.4123307466506958,-0.7862548232078552,0.4560154378414154
20,calf_l,-1.1981326341629028,0.11003181338310242,0.07144738733768463,0.0027584717608988285,0.11005060374736786,-0.0409504659473896,0.9930782914161682
20,calf_r,-1.1981717348098755,-0.110120490193367,0.07152377814054489,-0.002760750474408269,0.11005011200904846,0.04094955697655678,0.9930782914161682
20,clavicle_l,-25.799095153808594,2.1814069747924805,0.9480226635932922,0.0071337572298944,0.09844670444726944,-0.0030381721444427967,0.9951121211051941
20,clavicle_r,-25.796794891357422,-2.1819727420806885,0.9475919604301453,-0.007135986816138029,0.0984388068318367,0.003037970047444105,0.9951128959655762
20,foot_l,1.4035022258758545,-0.08956317603588104,-0.023924998939037323,-0.0007850668043829501,7.538442150689662e-05,-0.0459105521440506,0.9989452362060547
20,foot_r,1.4035165309906006,0.08950198441743851,-0.023823650553822517,0.0007821207400411367,7.498815830331296e-05,0.04591149464249611,0.9989452362060547
20,hand_l,102.70040130615234,-23.80182647705078,212.78575134277344,0.8985283970832825,-0.09739992767572403,-0.3843131363391876,0.18831729888916016
20,hand_r,101.30570983886719,65.46941375732422,217.49302673339844,-0.8874645829200745,-0.18384967744350433,0.405030757188797,0.12064873427152634
20,head,0.047976523637771606,0.7066832184791565,-2.0613551139831543,0.002489088336005807,0.015622179955244064,-3.879374708048999e-05,0.9998748898506165
20,lowerarm_l,64.43043518066406,-15.538620948791504,-5.4930267333984375,-0.2061970829963684,-0.19653324782848358,0.9531635642051697,0.10166964679956436
20,lowerarm_r,89.36294555664062,42.91622543334961,10.584941864013672,0.35040244460105896,-0.21747593581676483,-0.8607640862464905,0.29834145307540894
20,neck,-19.36720848083496,1.3226943016052246,-0.2792835235595703,0.004279259126633406,0.0756089985370636,-0.001569311018101871,0.9971272349357605
20,pelvis,6.112976551055908,1.621942465135362e-05,-1.6939878463745117,-1.938579998750356e-07,-0.02936398983001709,4.055095530475228e-07,0.9995688796043396
20,root,0.0,0.0,0.0,-2.1139658201718703e-07,-5.7790373375610216e-08,1.0658141036401503e-14,1.0
20,spine_01,-1.4737136363983154,3.6088746128370985e-05,-1.8550693988800049,-5.668939095926362e-08,0.008233534172177315,8.052398747793177e-09,0.9999661445617676
20,spine_02,-11.003471374511719,-3.939163661925704e-07,-1.322031021118164,-1.7404158825229388e-07,0.04770734906196594,1.8729444661857997e-07,0.9988613724708557
20,thigh_l,19.110322952270508,-1.3210960626602173,-0.09439953416585922,-0.004597201012074947,-0.10174033790826797,-0.029459772631525993,0.9943640828132629
20,thigh_r,19.110185623168945,1.3212214708328247,-0.09440246224403381,0.004597241058945656,-0.10173942148685455,0.02946094237267971,0.9943641424179077
20,upperarm_l,14.374683380126953,-123.85585021972656,36.961971282958984,-0.13264015316963196,0.2823987901210785,0.9313390254974365,0.187790185213089
20,upperarm_r,-55.068748474121094,131.31704711914062,62.07350540161133,0.06194020435214043,0.4123307466506958,-0.7862548232078552,0.4560154378414154
21,calf_l,-1.1981326341629028,0.11003181338310242,0.07144738733768463,0.0027584717608988285,0.11005060374736786,-0.0409504659473896,0.9930782914161682
21,calf_r,-1.1981717348098755,-0.110120490193367,0.07152377814054489,-0.002760750474408269,0.11005011200904846,0.04094955697655678,0.9930782914161682
21,clavicle_l,-25.799095153808594,2.1814069747924805,0.9480226635932922,0.0071337572298944,0.09844670444726944,-0.0030381721444427967,0.9951121211051941
21,clavicle_r,-25.796794891357422,-2.1819727420806885,0.9475919604301453,-0.007135986816138029,0.0984388068318367,0.003037970047444105,0.9951128959655762
21,foot_l,1.4035022258758545,-0.08956317603588104,-0.023924998939037323,-0.0007850668043829501,7.538442150689662e-05,-0.0459105521440506,0.9989452362060547
21,foot_r,1.4035165309906006,0.08950198441743851,-0.023823650553822517,0.0007821207400411367,7.498815830331296e-05,0.04591149464249611,0.9989452362060547
21,hand_l,102.70040130615234,-23.80182647705078,212.78575134277344,0.8985283970832825,-0.09739992767572403,-0.3843131363391876,0.18831729888916016
21,hand_r,101.30570983886719,65.46941375732422,217.49302673339844,-0.8874645829200745,-0.18384967744350433,0.405030757188797,0.12064873427152634
21,head,0.047976523637771606,0.7066832184791565,-2.0613551139831543,0.002489088336005807,0.015622179955244064,-3.879374708048999e-05,0.9998748898506165
21,lowerarm_l,64.43043518066406,-15.538620948791504,-5.4930267333984375,-0.2061970829963684,-0.19653324782848358,0.9531635642051697,0.10166964679956436
21,lowerarm_r,89.36294555664062,42.91622543334961,10.584941864013672,0.35040244460105896,-0.21747593581676483,-0.8607640862464905,0.29834145307540894
21,neck,-19.36720848083496,1.3226943016052246,-0.2792835235595703,0.004279259126633406,0.0756089985370636,-0.001569311018101871,0.9971272349357605
21,pelvis,6.112976551055908,1.621942465135362e-05,-1.6939878463745117,-1.938579998750356e-07,-0.02936398983001709,4.055095530475228e-07,0.9995688796043396
21,root,0.0,0.0,0.0,-2.1139658201718703e-07,-5.7790373375610216e-08,1.0658141036401503e-14,1.0
21,spine_01,-1.4737136363983154,3.6088746128370985e-05,-1.8550693988800049,-5.668939095926362e-08,0.008233534172177315,8.052398747793177e-09,0.9999661445617676
21,spine_02,-11.003471374511719,-3.939163661925704e-07,-1.322031021118164,-1.7404158825229388e-07,0.04770734906196594,1.8729444661857997e-07,0.9988613724708557
21,thigh_l,19.110322952270508,-1.3210960626602173,-0.09439953416585922,-0.004597201012074947,-0.10174033790826797,-0.029459772631525993,0.9943640828132629
21,thigh_r,19.110185623168945,1.3212214708328247,-0.09440246224403381,0.004597241058945656,-0.10173942148685455,0.02946094237267971,0.9943641424179077
21,upperarm_l,14.374683380126953,-123.85585021972656,36.961971282958984,-0.13264015316963196,0.2823987901210785,0.9313390254974365,0.187790185213089
21,upperarm_r,-55.068748474121094,131.31704711914062,62.07350540161133,0.06194020435214043,0.4123307466506958,-0.7862548232078552,0.4560154378414154
22,calf_l,-1.1981326341629028,0.11003181338310242,0.07144738733768463,0.0027584717608988285,0.11005060374736786,-0.0409504659473896,0.9930782914161682
22,calf_r,-1.1981717348098755,-0.110120490193367,0.07152377814054489,-0.002760750474408269,0.11005011200904846,0.04094955697655678,0.9930782914161682
22,clavicle_l,-25.799095153808594,2.1814069747924805,0.9480226635932922,0.0071337572298944,0.09844670444726944,-0.0030381721444427967,0.9951121211051941
22,clavicle_r,-25.796794891357422,-2.1819727420806885,0.9475919604301453,-0.007135986816138029,0.0984388068318367,0.003037970047444105,0.9951128959655762
22,foot_l,1.4035022258758545,-0.08956317603588104,-0.023924998939037323,-0.0007850668043829501,7.538442150689662e-05,-0.0459105521440506,0.9989452362060547
22,foot_r,1.4035165309906006,0.08950198441743851,-0.023823650553822517,0.0007821207400411367,7.498815830331296e-05,0.04591149464249611,0.9989452362060547
22,hand_l,102.70040130615234,-23.80182647705078,212.78575134277344,0.8985283970832825,-0.09739992767572403,-0.3843131363391876,0.18831729888916016
22,hand_r,101.30570983886719,65.46941375732422,217.49302673339844,-0.8874645829200745,-0.18384967744350433,0.405030757188797,0.12064873427152634
22,head,0.047976523637771606,0.7066832184791565,-2.0613551139831543,0.002489088336005807,0.015622179955244064,-3.879374708048999e-05,0.9998748898506165
22,lowerarm_l,64.43043518066406,-15.538620948791504,-5.4930267333984375,-0.2061970829963684,-0.19653324782848358,0.9531635642051697,0.10166964679956436
22,lowerarm_r,89.36294555664062,42.91622543334961,10.584941864013672,0.35040244460105896,-0.21747593581676483,-0.8607640862464905,0.29834145307540894
22,neck,-19.36720848083496,1.3226943016052246,-0.2792835235595703,0.004279259126633406,0.0756089985370636,-0.001569311018101871,0.9971272349357605
22,pelvis,6.112976551055908,1.621942465135362e-05,-1.6939878463745117,-1.938579998750356e-07,-0.02936398983001709,4.055095530475228e-07,0.9995688796043396
22,root,0.0,0.0,0.0,-2.1139658201718703e-07,-5.7790373375610216e-08,1.0658141036401503e-14,1.0
22,spine_01,-1.4737136363983154,3.6088746128370985e-05,-1.8550693988800049,-5.668939095926362e-08,0.008233534172177315,8.052398747793177e-09,0.9999661445617676
22,spine_02,-11.003471374511719,-3.939163661925704e-07,-1.322031021118164,-1.7404158825229388e-07,0.04770734906196594,1.8729444661857997e-07,0.9988613724708557
22,thigh_l,19.110322952270508,-1.3210960626602173,-0.09439953416585922,-0.004597201012074947,-0.10174033790826797,-0.029459772631525993,0.9943640828132629
22,thigh_r,19.110185623168945,1.3212214708328247,-0.09440246224403381,0.004597241058945656,-0.10173942148685455,0.02946094237267971,0.9943641424179077
22,upperarm_l,14.374683380126953,-123.85585021972656,36.961971282958984,-0.13264015316963196,0.2823987901210785,0.9313390254974365,0.187790185213089
22,upperarm_r,-55.068748474121094,131.31704711914062,62.07350540161133,0.06194020435214043,0.4123307466506958,-0.7862548232078552,0.4560154378414154
23,calf_l,-1.1981326341629028,0.11003181338310242,0.07144738733768463,0.0027584717608988285,0.11005060374736786,-0.0409504659473896,0.9930782914161682
23,calf_r,-1.1981717348098755,-0.110120490193367,0.07152377814054489,-0.002760750474408269,0.11005011200904846,0.04094955697655678,0.9930782914161682
23,clavicle_l,-25.799095153808594,2.1814069747924805,0.9480226635932922,0.0071337572298944,0.09844670444726944,-0.0030381721444427967,0.9951121211051941
23,clavicle_r,-25.796794891357422,-2.1819727420806885,0.9475919604301453,-0.007135986816138029,0.0984388068318367,0.003037970047444105,0.9951128959655762
23,foot_l,1.4035022258758545,-0.08956317603588104,-0.023924998939037323,-0.0007850668043829501,7.538442150689662e-05,-0.0459105521440506,0.9989452362060547
23,foot_r,1.4035165309906006,0.08950198441743851,-0.023823650553822517,0.0007821207400411367,7.498815830331296e-05,0.04591149464249611,0.9989452362060547
23,hand_l,102.70040130615234,-23.80182647705078,212.78575134277344,0.8985283970832825,-0.09739992767572403,-0.3843131363391876,0.18831729888916016
23,hand_r,101.30570983886719,65.46941375732422,217.49302673339844,-0.8874645829200745,-0.18384967744350433,0.405030757188797,0.12064873427152634
23,head,0.047976523637771606,0.7066832184791565,-2.0613551139831543,0.002489088336005807,0.015622179955244064,-3.879374708048999e-05,0.9998748898506165
23,lowerarm_l,64.43043518066406,-15.538620948791504,-5.4930267333984375,-0.2061970829963684,-0.19653324782848358,0.9531635642051697,0.10166964679956436
23,lowerarm_r,89.36294555664062,42.91622543334961,10.584941864013672,0.35040244460105896,-0.21747593581676483,-0.8607640862464905,0.29834145307540894
23,neck,-19.36720848083496,1.3226943016052246,-0.2792835235595703,0.004279259126633406,0.0756089985370636,-0.001569311018101871,0.9971272349357605
23,pelvis,6.112976551055908,1.621942465135362e-05,-1.6939878463745117,-1.938579998750356e-07,-0.02936398983001709,4.055095530475228e-07,0.9995688796043396
23,root,0.0,0.0,0.0,-2.1139658201718703e-07,-5.7790373375610216e-08,1.0658141036401503e-14,1.0
23,spine_01,-1.4737136363983154,3.6088746128370985e-05,-1.8550693988800049,-5.668939095926362e-08,0.008233534172177315,8.052398747793177e-09,0.9999661445617676
23,spine_02,-11.003471374511719,-3.939163661925704e-07,-1.322031021118164,-1.7404158825229388e-07,0.04770734906196594,1.8729444661857997e-07,0.9988613724708557
23,thigh_l,19.110322952270508,-1.3210960626602173,-0.09439953416585922,-0.004597201012074947,-0.10174033790826797,-0.029459772631525993,0.9943640828132629
23,thigh_r,19.110185623168945,1.3212214708328247,-0.09440246224403381,0.004597241058945656,-0.10173942148685455,0.02946094237267971,0.9943641424179077
23,upperarm_l,14.374683380126953,-123.85585021972656,36.961971282958984,-0.13264015316963196,0.2823987901210785,0.9313390254974365,0.187790185213089
23,upperarm_r,-55.068748474121094,131.31704711914062,62.07350540161133,0.06194020435214043,0.4123307466506958,-0.7862548232078552,0.4560154378414154
24,calf_l,-1.1981326341629028,0.11003181338310242,0.07144738733768463,0.0027584717608988285,0.11005060374736786,-0.0409504659473896,0.9930782914161682
24,calf_r,-1.1981717348098755,-0.110120490193367,0.07152377814054489,-0.002760750474408269,0.11005011200904846,0.04094955697655678,0.9930782914161682
24,clavicle_l,-25.799095153808594,2.1814069747924805,0.9480226635932922,0.0071337572298944,0.09844670444726944,-0.0030381721444427967,0.9951121211051941
24,clavicle_r,-25.796794891357422,-2.1819727420806885,0.9475919604301453,-0.007135986816138029,0.0984388068318367,0.003037970047444105,0.9951128959655762
24,foot_l,1.4035022258758545,-0.08956317603588104,-0.023924998939037323,-0.0007850668043829501,7.538442150689662e-05,-0.0459105521440506,0.9989452362060547
24,foot_r,1.4035165309906006,0.08950198441743851,-0.023823650553822517,0.0007821207400411367,7.498815830331296e-05,0.04591149464249611,0.9989452362060547
24,hand_l,102.70040130615234,-23.80182647705078,212.78575134277344,0.8985283970832825,-0.09739992767572403,-0.3843131363391876,0.18831729888916016
24,hand_r,101.30570983886719,65.46941375732422,217.49302673339844,-0.8874645829200745,-0.18384967744350433,0.405030757188797,0.12064873427152634
24,head,0.047976523637771606,0.7066832184791565,-2.0613551139831543,0.002489088336005807,0.015622179955244064,-3.879374708048999e-05,0.9998748898506165
24,lowerarm_l,64.43043518066406,-15.538620948791504,-5.4930267333984375,-0.2061970829963684,-0.19653324782848358,0.9531635642051697,0.10166964679956436
24,lowerarm_r,89.36294555664062,42.91622543334961,10.584941864013672,0.35040244460105896,-0.21747593581676483,-0.8607640862464905,0.29834145307540894
24,neck,-19.36720848083496,1.3226943016052246,-0.2792835235595703,0.004279259126633406,0.0756089985370636,-0.001569311018101871,0.9971272349357605
24,pelvis,6.112976551055908,1.621942465135362e-05,-1.6939878463745117,-1.938579998750356e-07,-0.02936398983001709,4.055095530475228e-07,0.9995688796043396
24,root,0.0,0.0,0.0,-2.1139658201718703e-07,-5.7790373375610216e-08,1.0658141036401503e-14,1.0
24,spine_01,-1.4737136363983154,3.6088746128370985e-05,-1.8550693988800049,-5.668939095926362e-08,0.008233534172177315,8.052398747793177e-09,0.9999661445617676
24,spine_02,-11.003471374511719,-3.939163661925704e-07,-1.322031021118164,-1.7404158825229388e-07,0.04770734906196594,1.8729444661857997e-07,0.9988613724708557
24,thigh_l,19.110322952270508,-1.3210960626602173,-0.09439953416585922,-0.004597201012074947,-0.10174033790826797,-0.029459772631525993,0.9943640828132629
24,thigh_r,19.110185623168945,1.3212214708328247,-0.09440246224403381,0.004597241058945656,-0.10173942148685455,0.02946094237267971,0.9943641424179077
24,upperarm_l,14.374683380126953,-123.85585021972656,36.961971282958984,-0.13264015316963196,0.2823987901210785,0.9313390254974365,0.187790185213089
24,upperarm_r,-55.068748474121094,131.31704711914062,62.07350540161133,0.06194020435214043,0.4123307466506958,-0.7862548232078552,0.4560154378414154
25,calf_l,-1.1981326341629028,0.11003181338310242,0.07144738733768463,0.0027584717608988285,0.11005060374736786,-0.0409504659473896,0.9930782914161682
25,calf_r,-1.1981717348098755,-0.110120490193367,0.07152377814054489,-0.002760750474408269,0.11005011200904846,0.04094955697655678,0.9930782914161682
25,clavicle_l,-25.799095153808594,2.1814069747924805,0.9480226635932922,0.0071337572298944,0.09844670444726944,-0.0030381721444427967,0.9951121211051941
25,clavicle_r,-25.796794891357422,-2.1819727420806885,0.9475919604301453,-0.007135986816138029,0.0984388068318367,0.003037970047444105,0.9951128959655762
25,foot_l,1.4035022258758545,-0.08956317603588104,-0.023924998939037323,-0.0007850668043829501,7.538442150689662e-05,-0.0459105521440506,0.9989452362060547
25,foot_r,1.4035165309906006,0.08950198441743851,-0.023823650553822517,0.0007821207400411367,7.498815830331296e-05,0.04591149464249611,0.9989452362060547
25,hand_l,102.70040130615234,-23.80182647705078,212.78575134277344,0.8985283970832825,-0.09739992767572403,-0.3843131363391876,0.18831729888916016
25,hand_r,101.30570983886719,65.46941375732422,217.49302673339844,-0.8874645829200745,-0.18384967744350433,0.405030757188797,0.12064873427152634
25,head,0.047976523637771606,0.7066832184791565,-2.0613551139831543,0.002489088336005807,0.015622179955244064,-3.879374708048999e-05,0.9998748898506165
25,lowerarm_l,64.43043518066406,-15.538620948791504,-5.4930267333984375,-0.2061970829963684,-0.19653324782848358,0.9531635642051697,0.10166964679956436
25,lowerarm_r,89.36294555664062,42.91622543334961,10.584941864013672,0.35040244460105896,-0.21747593581676483,-0.8607640862464905,0.29834145307540894
25,neck,-19.36720848083496,1.3226943016052246,-0.2792835235595703,0.004279259126633406,0.0756089985370636,-0.001569311018101871,0.9971272349357605
25,pelvis,6.112976551055908,1.621942465135362e-05,-1.6939878463745117,-1.938579998750356e-07,-0.02936398983001709,4.055095530475228e-07,0.9995688796043396
25,root,0.0,0.0,0.0,-2.1139658201718703e-07,-5.7790373375610216e-08,1.0658141036401503e-14,1.0
25,spine_01,-1.4737136363983154,3.6088746128370985e-05,-1.8550693988800049,-5.668939095926362e-08,0.008233534172177315,8.052398747793177e-09,0.9999661445617676
25,spine_02,-11.003471374511719,-3.939163661925704e-07,-1.322031021118164,-1.7404158825229388e-07,0.04770734906196594,1.8729444661857997e-07,0.9988613724708557
25,thigh_l,19.110322952270508,-1.3210960626602173,-0.09439953416585922,-0.004597201012074947,-0.10174033790826797,-0.029459772631525993,0.9943640828132629
25,thigh_r,19.110185623168945,1.3212214708328247,-0.09440246224403381,0.004597241058945656,-0.10173942148685455,0.02946094237267971,0.9943641424179077
25,upperarm_l,14.374683380126953,-123.85585021972656,36.961971282958984,-0.13264015316963196,0.2823987901210785,0.9313390254974365,0.187790185213089
25,upperarm_r,-55.068748474121094,131.31704711914062,62.07350540161133,0.06194020435214043,0.4123307466506958,-0.7862548232078552,0.4560154378414154
26,calf_l,-1.1981326341629028,0.11003181338310242,0.07144738733768463,0.0027584717608988285,0.11005060374736786,-0.0409504659473896,0.9930782914161682
26,calf_r,-1.1981717348098755,-0.110120490193367,0.07152377814054489,-0.002760750474408269,0.11005011200904846,0.04094955697655678,0.9930782914161682
26,clavicle_l,-25.799095153808594,2.1814069747924805,0.9480226635932922,0.0071337572298944,0.09844670444726944,-0.0030381721444427967,0.9951121211051941
26,clavicle_r,-25.796794891357422,-2.1819727420806885,0.9475919604301453,-0.007135986816138029,0.0984388068318367,0.003037970047444105,0.9951128959655762
26,foot_l,1.4035022258758545,-0.08956317603588104,-0.023924998939037323,-0.0007850668043829501,7.538442150689662e-05,-0.0459105521440506,0.9989452362060547
26,foot_r,1.4035165309906006,0.08950198441743851,-0.023823650553822517,0.0007821207400411367,7.498815830331296e-05,0.04591149464249611,0.9989452362060547
26,hand_l,102.70040130615234,-23.80182647705078,212.78575134277344,0.8985283970832825,-0.09739992767572403,-0.3843131363391876,0.18831729888916016
26,hand_r,101.30570983886719,65.46941375732422,217.49302673339844,-0.8874645829200745,-0.18384967744350433,0.405030757188797,0.12064873427152634
26,head,0.047976523637771606,0.7066832184791565,-2.0613551139831543,0.002489088336005807,0.015622179955244064,-3.879374708048999e-05,0.9998748898506165
26,lowerarm_l,64.43043518066406,-15.538620948791504,-5.4930267333984375,-0.2061970829963684,-0.19653324782848358,0.9531635642051697,0.10166964679956436
26,lowerarm_r,89.36294555664062,42.91622543334961,10.584941864013672,0.35040244460105896,-0.21747593581676483,-0.8607640862464905,0.29834145307540894
26,neck,-19.36720848083496,1.3226943016052246,-0.2792835235595703,0.004279259126633406,0.0756089985370636,-0.001569311018101871,0.9971272349357605
26,pelvis,6.112976551055908,1.621942465135362e-05,-1.6939878463745117,-1.938579998750356e-07,-0.02936398983001709,4.055095530475228e-07,0.9995688796043396
26,root,0.0,0.0,0.0,-2.1139658201718703e-07,-5.7790373375610216e-08,1.0658141036401503e-14,1.0
26,spine_01,-1.4737136363983154,3.6088746128370985e-05,-1.8550693988800049,-5.668939095926362e-08,0.008233534172177315,8.052398747793177e-09,0.9999661445617676
26,spine_02,-11.003471374511719,-3.939163661925704e-07,-1.322031021118164,-1.7404158825229388e-07,0.04770734906196594,1.8729444661857997e-07,0.9988613724708557
26,thigh_l,19.110322952270508,-1.3210960626602173,-0.09439953416585922,-0.004597201012074947,-0.10174033790826797,-0.029459772631525993,0.9943640828132629
26,thigh_r,19.110185623168945,1.3212214708328247,-0.09440246224403381,0.004597241058945656,-0.10173942148685455,0.02946094237267971,0.9943641424179077
26,upperarm_l,14.374683380126953,-123.85585021972656,36.961971282958984,-0.13264015316963196,0.2823987901210785,0.9313390254974365,0.187790185213089
26,upperarm_r,-55.068748474121094,131.31704711914062,62.07350540161133,0.06194020435214043,0.4123307466506958,-0.7862548232078552,0.4560154378414154
27,calf_l,-1.1981326341629028,0.11003181338310242,0.07144738733768463,0.0027584717608988285,0.11005060374736786,-0.0409504659473896,0.9930782914161682
27,calf_r,-1.1981717348098755,-0.110120490193367,0.07152377814054489,-0.002760750474408269,0.11005011200904846,0.04094955697655678,0.9930782914161682
27,clavicle_l,-25.799095153808594,2.1814069747924805,0.9480226635932922,0.0071337572298944,0.09844670444726944,-0.0030381721444427967,0.9951121211051941
27,clavicle_r,-25.796794891357422,-2.1819727420806885,0.9475919604301453,-0.007135986816138029,0.0984388068318367,0.003037970047444105,0.9951128959655762
27,foot_l,1.4035022258758545,-0.08956317603588104,-0.023924998939037323,-0.0007850668043829501,7.538442150689662e-05,-0.0459105521440506,0.9989452362060547
27,foot_r,1.4035165309906006,0.08950198441743851,-0.023823650553822517,0.0007821207400411367,7.498815830331296e-05,0.04591149464249611,0.9989452362060547
27,hand_l,102.70040130615234,-23.80182647705078,212.78575134277344,0.8985283970832825,-0.09739992767572403,-0.3843131363391876,0.18831729888916016
27,hand_r,101.30570983886719,65.46941375732422,217.49302673339844,-0.8874645829200745,-0.18384967744350433,0.405030757188797,0.12064873427152634
27,head,0.047976523637771606,0.7066832184791565,-2.0613551139831543,0.002489088336005807,0.015622179955244064,-3.879374708048999e-05,0.9998748898506165
27,lowerarm_l,64.43043518066406,-15.538620948791504,-5.4930267333984375,-0.2061970829963684,-0.19653324782848358,0.9531635642051697,0.10166964679956436
27,lowerarm_r,89.36294555664062,42.91622543334961,10.584941864013672,0.35040244460105896,-0.21747593581676483,-0.8607640862464905,0.29834145307540894
27,neck,-19.36720848083496,1.3226943016052246,-0.2792835235595703,0.004279259126633406,0.0756089985370636,-0.001569311018101871,0.9971272349357605
27,pelvis,6.112976551055908,1.621942465135362e-05,-1.6939878463745117,-1.938579998750356e-07,-0.02936398983001709,4.055095530475228e-07,0.9995688796043396
27,root,0.0,0.0,0.0,-2.1139658201718703e-07,-5.7790373375610216e-08,1.0658141036401503e-14,1.0
27,spine_01,-1.4737136363983154,3.6088746128370985e-05,-1.8550693988800049,-5.668939095926362e-08,0.008233534172177315,8.052398747793177e-09,0.9999661445617676
27,spine_02,-11.003471374511719,-3.939163661925704e-07,-1.322031021118164,-1.7404158825229388e-07,0.04770734906196594,1.8729444661857997e-07,0.9988613724708557
27,thigh_l,19.110322952270508,-1.3210960626602173,-0.09439953416585922,-0.004597201012074947,-0.10174033790826797,-0.029459772631525993,0.9943640828132629
27,thigh_r,19.110185623168945,1.3212214708328247,-0.09440246224403381,0.004597241058945656,-0.10173942148685455,0.02946094237267971,0.9943641424179077
27,upperarm_l,14.374683380126953,-123.85585021972656,36.961971282958984,-0.13264015316963196,0.2823987901210785,0.9313390254974365,0.187790185213089
27,upperarm_r,-55.068748474121094,131.31704711914062,62.07350540161133,0.06194020435214043,0.4123307466506958,-0.7862548232078552,0.4560154378414154
28,calf_l,-1.1981326341629028,0.11003181338310242,0.07144738733768463,0.0027584717608988285,0.11005060374736786,-0.0409504659473896,0.9930782914161682
28,calf_r,-1.1981717348098755,-0.110120490193367,0.07152377814054489,-0.002760750474408269,0.11005011200904846,0.04094955697655678,0.9930782914161682
28,clavicle_l,-25.799095153808594,2.1814069747924805,0.9480226635932922,0.0071337572298944,0.09844670444726944,-0.0030381721444427967,0.9951121211051941
28,clavicle_r,-25.796794891357422,-2.1819727420806885,0.9475919604301453,-0.007135986816138029,0.0984388068318367,0.003037970047444105,0.9951128959655762
28,foot_l,1.4035022258758545,-0.08956317603588104,-0.023924998939037323,-0.0007850668043829501,7.538442150689662e-05,-0.0459105521440506,0.9989452362060547
28,foot_r,1.4035165309906006,0.08950198441743851,-0.023823650553822517,0.0007821207400411367,7.498815830331296e-05,0.04591149464249611,0.9989452362060547
28,hand_l,102.70040130615234,-23.80182647705078,212.78575134277344,0.8985283970832825,-0.09739992767572403,-0.3843131363391876,0.18831729888916016
28,hand_r,101.30570983886719,65.46941375732422,217.49302673339844,-0.8874645829200745,-0.18384967744350433,0.405030757188797,0.12064873427152634
28,head,0.047976523637771606,0.7066832184791565,-2.0613551139831543,0.002489088336005807,0.015622179955244064,-3.879374708048999e-05,0.9998748898506165
28,lowerarm_l,64.43043518066406,-15.538620948791504,-5.4930267333984375,-0.2061970829963684,-0.19653324782848358,0.9531635642051697,0.10166964679956436
28,lowerarm_r,89.36294555664062,42.91622543334961,10.584941864013672,0.35040244460105896,-0.21747593581676483,-0.8607640862464905,0.29834145307540894
28,neck,-19.36720848083496,1.3226943016052246,-0.2792835235595703,0.004279259126633406,0.0756089985370636,-0.001569311018101871,0.9971272349357605
28,pelvis,6.112976551055908,1.621942465135362e-05,-1.6939878463745117,-1.938579998750356e-07,-0.02936398983001709,4.055095530475228e-07,0.9995688796043396
28,root,0.0,0.0,0.0,-2.1139658201718703e-07,-5.7790373375610216e-08,1.0658141036401503e-14,1.0
28,spine_01,-1.4737136363983154,3.6088746128370985e-05,-1.8550693988800049,-5.668939095926362e-08,0.008233534172177315,8.052398747793177e-09,0.9999661445617676
28,spine_02,-11.003471374511719,-3.939163661925704e-07,-1.322031021118164,-1.7404158825229388e-07,0.04770734906196594,1.8729444661857997e-07,0.9988613724708557
28,thigh_l,19.110322952270508,-1.3210960626602173,-0.09439953416585922,-0.004597201012074947,-0.10174033790826797,-0.029459772631525993,0.9943640828132629
28,thigh_r,19.110185623168945,1.3212214708328247,-0.09440246224403381,0.004597241058945656,-0.10173942148685455,0.02946094237267971,0.9943641424179077
28,upperarm_l,14.374683380126953,-123.85585021972656,36.961971282958984,-0.13264015316963196,0.2823987901210785,0.9313390254974365,0.187790185213089
28,upperarm_r,-55.068748474121094,131.31704711914062,62.07350540161133,0.06194020435214043,0.4123307466506958,-0.7862548232078552,0.4560154378414154
29,calf_l,-1.1981326341629028,0.11003181338310242,0.07144738733768463,0.0027584717608988285,0.11005060374736786,-0.0409504659473896,0.9930782914161682
29,calf_r,-1.1981717348098755,-0.110120490193367,0.07152377814054489,-0.002760750474408269,0.11005011200904846,0.04094955697655678,0.9930782914161682
29,clavicle_l,-25.799095153808594,2.1814069747924805,0.9480226635932922,0.0071337572298944,0.09844670444726944,-0.0030381721444427967,0.9951121211051941
29,clavicle_r,-25.796794891357422,-2.1819727420806885,0.9475919604301453,-0.007135986816138029,0.0984388068318367,0.003037970047444105,0.9951128959655762
29,foot_l,1.4035022258758545,-0.08956317603588104,-0.023924998939037323,-0.0007850668043829501,7.538442150689662e-05,-0.0459105521440506,0.9989452362060547
29,foot_r,1.4035165309906006,0.08950198441743851,-0.023823650553822517,0.0007821207400411367,7.498815830331296e-05,0.04591149464249611,0.9989452362060547
29,hand_l,102.70040130615234,-23.80182647705078,212.78575134277344,0.8985283970832825,-0.09739992767572403,-0.3843131363391876,0.18831729888916016
29,hand_r,101.30570983886719,65.46941375732422,217.49302673339844,-0.8874645829200745,-0.18384967744350433,0.405030757188797,0.12064873427152634
29,head,0.047976523637771606,0.7066832184791565,-2.0613551139831543,0.002489088336005807,0.015622179955244064,-3.879374708048999e-05,0.9998748898506165
29,lowerarm_l,64.43043518066406,-15.538620948791504,-5.4930267333984375,-0.2061970829963684,-0.19653324782848358,0.9531635642051697,0.10166964679956436
29,lowerarm_r,89.36294555664062,42.91622543334961,10.584941864013672,0.35040244460105896,-0.21747593581676483,-0.8607640862464905,0.29834145307540894
29,neck,-19.36720848083496,1.3226943016052246,-0.2792835235595703,0.004279259126633406,0.0756089985370636,-0.001569311018101871,0.9971272349357605
29,pelvis,6.112976551055908,1.621942465135362e-05,-1.6939878463745117,-1.938579998750356e-07,-0.02936398983001709,4.055095530475228e-07,0.9995688796043396
29,root,0.0,0.0,0.0,-2.1139658201718703e-07,-5.7790373375610216e-08,1.0658141036401503e-14,1.0
29,spine_01,-1.4737136363983154,3.6088746128370985e-05,-1.8550693988800049,-5.668939095926362e-08,0.008233534172177315,8.052398747793177e-09,0.9999661445617676
29,spine_02,-11.003471374511719,-3.939163661925704e-07,-1.322031021118164,-1.7404158825229388e-07,0.04770734906196594,1.8729444661857997e-07,0.9988613724708557
29,thigh_l,19.110322952270508,-1.3210960626602173,-0.09439953416585922,-0.004597201012074947,-0.10174033790826797,-0.029459772631525993,0.9943640828132629
29,thigh_r,19.110185623168945,1.3212214708328247,-0.09440246224403381,0.004597241058945656,-0.10173942148685455,0.02946094237267971,0.9943641424179077
29,upperarm_l,14.374683380126953,-123.85585021972656,36.961971282958984,-0.13264015316963196,0.2823987901210785,0.9313390254974365,0.187790185213089
29,upperarm_r,-55.068748474121094,131.31704711914062,62.07350540161133,0.06194020435214043,0.4123307466506958,-0.7862548232078552,0.4560154378414154
30,calf_l,-1.1981326341629028,0.11003181338310242,0.07144738733768463,0.0027584717608988285,0.11005060374736786,-0.0409504659473896,0.9930782914161682
30,calf_r,-1.1981717348098755,-0.110120490193367,0.07152377814054489,-0.002760750474408269,0.11005011200904846,0.04094955697655678,0.9930782914161682
30,clavicle_l,-25.799095153808594,2.1814069747924805,0.9480226635932922,0.0071337572298944,0.09844670444726944,-0.0030381721444427967,0.9951121211051941
30,clavicle_r,-25.796794891357422,-2.1819727420806885,0.9475919604301453,-0.007135986816138029,0.0984388068318367,0.003037970047444105,0.9951128959655762
30,foot_l,1.4035022258758545,-0.08956317603588104,-0.023924998939037323,-0.0007850668043829501,7.538442150689662e-05,-0.0459105521440506,0.9989452362060547
30,foot_r,1.4035165309906006,0.08950198441743851,-0.023823650553822517,0.0007821207400411367,7.498815830331296e-05,0.04591149464249611,0.9989452362060547
30,hand_l,102.70040130615234,-23.80182647705078,212.78575134277344,0.8985283970832825,-0.09739992767572403,-0.3843131363391876,0.18831729888916016
30,hand_r,101.30570983886719,65.46941375732422,217.49302673339844,-0.8874645829200745,-0.18384967744350433,0.405030757188797,0.12064873427152634
30,head,0.047976523637771606,0.7066832184791565,-2.0613551139831543,0.002489088336005807,0.015622179955244064,-3.879374708048999e-05,0.9998748898506165
30,lowerarm_l,64.43043518066406,-15.538620948791504,-5.4930267333984375,-0.2061970829963684,-0.19653324782848358,0.9531635642051697,0.10166964679956436
30,lowerarm_r,89.36294555664062,42.91622543334961,10.584941864013672,0.35040244460105896,-0.21747593581676483,-0.8607640862464905,0.29834145307540894
30,neck,-19.36720848083496,1.3226943016052246,-0.2792835235595703,0.004279259126633406,0.0756089985370636,-0.001569311018101871,0.9971272349357605
30,pelvis,6.112976551055908,1.621942465135362e-05,-1.6939878463745117,-1.938579998750356e-07,-0.02936398983001709,4.055095530475228e-07,0.9995688796043396
30,root,0.0,0.0,0.0,-2.1139658201718703e-07,-5.7790373375610216e-08,1.0658141036401503e-14,1.0
30,spine_01,-1.4737136363983154,3.6088746128370985e-05,-1.8550693988800049,-5.668939095926362e-08,0.008233534172177315,8.052398747793177e-09,0.9999661445617676
30,spine_02,-11.003471374511719,-3.939163661925704e-07,-1.322031021118164,-1.7404158825229388e-07,0.04770734906196594,1.8729444661857997e-07,0.9988613724708557
30,thigh_l,19.110322952270508,-1.3210960626602173,-0.09439953416585922,-0.004597201012074947,-0.10174033790826797,-0.029459772631525993,0.9943640828132629
30,thigh_r,19.110185623168945,1.3212214708328247,-0.09440246224403381,0.004597241058945656,-0.10173942148685455,0.02946094237267971,0.9943641424179077
30,upperarm_l,14.374683380126953,-123.85585021972656,36.961971282958984,-0.13264015316963196,0.2823987901210785,0.9313390254974365,0.187790185213089
30,upperarm_r,-55.068748474121094,131.31704711914062,62.07350540161133,0.06194020435214043,0.4123307466506958,-0.7862548232078552,0.4560154378414154
31,calf_l,-1.1988165378570557,0.10843044519424438,0.07063911855220795,0.0027475173119455576,0.11006277799606323,-0.040952615439891815,0.9930768013000488
31,calf_r,-1.1982016563415527,-0.10853498429059982,0.0706811398267746,-0.0027510991785675287,0.11003094166517258,0.04094919189810753,0.9930804371833801
31,clavicle_l,-25.802278518676758,2.1659154891967773,0.9458702206611633,0.0070992112159729,0.09844664484262466,-0.0028173294849693775,0.9951130747795105
31,clavicle_r,-25.798341751098633,-2.19026255607605,0.9455668926239014,-0.007145965006202459,0.09843659400939941,0.003258791984990239,0.9951123595237732
31,foot_l,1.402414083480835,-0.09043021500110626,-0.02383669838309288,-0.0007685596938244998,5.1681439799722284e-05,-0.04587078094482422,0.9989470839500427
31,foot_r,1.4024661779403687,0.09036245942115784,-0.023770540952682495,0.0007663049618713558,5.087495082989335e-05,0.04587189480662346,0.998947024345398
31,hand_l,102.71601867675781,-23.7860050201416,212.77572631835938,0.898628294467926,-0.09686355292797089,-0.3843373656272888,0.1880677044391632
31,hand_r,101.29207611083984,65.51841735839844,217.5120391845703,-0.8875036239624023,-0.1837134212255478,0.40502646565437317,0.12058393657207489
31,head,0.042618438601493835,0.7078128457069397,-2.063429355621338,0.0024889730848371983,0.01562977023422718,-3.0010744012543e-05,0.9998747706413269
31,lowerarm_l,64.44911193847656,-15.33699893951416,-5.481812953948975,-0.20611117780208588,-0.19711047410964966,0.9531055092811584,0.1012696623802185
31,lowerarm_r,89.4328842163086,42.94228744506836,10.65786361694336,0.3508305847644806,-0.21771852672100067,-0.8604319095611572,0.2986196279525757
31,neck,-19.368127822875977,1.3235050439834595,-0.28159618377685547,0.004278697073459625,0.07560291886329651,-0.0015604991931468248,0.9971277117729187
31,pelvis,6.108996868133545,0.0011285182554274797,-1.6949832439422607,3.0439668989856727e-06,-0.029357654973864555,0.00011120894487248734,0.9995690584182739
31,root,0.0,0.0,0.0,-2.1139658201718703e-07,-5.7790373375610216e-08,1.0658141036401503e-14,1.0
31,spine_01,-1.4768147468566895,-0.000699653581250459,-1.8564164638519287,-1.4220923958419007e-06,0.008235614746809006,0.0001611389743629843,0.9999660849571228
31,spine_02,-11.005698204040527,-0.005159331019967794,-1.3239145278930664,-1.0582510185486171e-05,0.04770577326416969,0.0002217438304796815,0.9988614320755005
31,thigh_l,19.111865997314453,-1.3228638172149658,-0.0952407494187355,-0.0046089873649179935,-0.10175172239542007,-0.029458077624440193,0.994363009929657
31,thigh_r,19.112993240356445,1.322939395904541,-0.09387820214033127,0.00460801413282752,-0.10178826749324799,0.029456675052642822,0.9943592548370361
31,upperarm_l,14.479625701904297,-123.76980590820312,36.8909912109375,-0.13272611796855927,0.28201329708099365,0.9315184354782104,0.18741865456104279
31,upperarm_r,-55.24802780151367,131.26907348632812,62.124263763427734,0.06170322000980377,0.4125654101371765,-0.7858352661132812,0.45655831694602966
32,calf_l,-1.2015324831008911,0.10931164771318436,0.07142731547355652,0.0027556971181184053,0.11020390689373016,-0.04095954820513725,0.9930608868598938
32,calf_r,-1.1990963220596313,-0.10943031311035156,0.07143693417310715,-0.002763129072263837,0.11008304357528687,0.04095056280493736,0.9930745959281921
32,clavicle_l,-25.813289642333984,2.1330928802490234,0.9418545961380005,0.007041121367365122,0.09845248609781265,-0.0021675704047083855,0.9951145052909851
32,clavicle_r,-25.803173065185547,-2.2264716625213623,0.9413884878158569,-0.0072156344540417194,0.09843144565820694,0.003908532205969095,0.9951100945472717
32,foot_l,1.402762532234192,-0.0902826189994812,-0.02417035959661007,-0.0007856346201151609,6.24290551058948e-05,-0.045884955674409866,0.9989464282989502
32,foot_r,1.4028171300888062,0.09021276980638504,-0.02406800352036953,0.000783817726187408,6.209246203070506e-05,0.04588646814227104,0.9989463686943054
32,hand_l,102.76210021972656,-23.73736000061035,212.74684143066406,0.8989182114601135,-0.09528966248035431,-0.38440707325935364,0.18734246492385864
32,hand_r,101.2510986328125,65.6640853881836,217.56710815429688,-0.8876184225082397,-0.18331466615200043,0.405014306306839,0.12038569152355194
32,head,0.03602467477321625,0.7109853625297546,-2.0675063133239746,0.0024882061406970024,0.015626128762960434,-4.187222657492384e-06,0.9998748302459717
32,lowerarm_l,64.5030746459961,-14.744575500488281,-5.447896480560303,-0.20585887134075165,-0.19880464673042297,0.9529324769973755,0.10009300708770752
32,lowerarm_r,89.6380844116211,43.020076751708984,10.87287712097168,0.35209113359451294,-0.2184291034936905,-0.859451174736023,0.2994399070739746
32,neck,-19.37691879272461,1.3257087469100952,-0.2855539321899414,0.004276506137102842,0.07560597360134125,-0.0015344887506216764,0.9971274137496948
32,pelvis,6.101641654968262,0.004427167121320963,-1.6995608806610107,1.2617104403034318e-05,-0.029360128566622734,0.0004389800305943936,0.9995688199996948
32,root,0.0,0.0,0.0,-2.1139658201718703e-07,-5.7790373375610216e-08,1.0658141036401503e-14,1.0
32,spine_01,-1.484498381614685,-0.0028744644951075315,-1.8608331680297852,-5.412801783677423e-06,0.008234724402427673,0.0006348240422084928,0.9999659061431885
32,spine_02,-11.01378059387207,-0.020497916266322136,-1.3280987739562988,-4.1836359741864726e-05,0.04770660400390625,0.0008740691118873656,0.9988610148429871
32,thigh_l,19.136837005615234,-1.323936104774475,-0.09447713196277618,-0.00461104279384017,-0.10190270096063614,-0.02944979816675186,0.9943476915359497
32,thigh_r,19.142045974731445,1.3238921165466309,-0.0890435203909874,0.004606782924383879,-0.10205167531967163,0.0294424369931221,0.9943326711654663
32,upperarm_l,14.787999153137207,-123.51542663574219,36.68189239501953,-0.1329794079065323,0.28087642788887024,0.9320448040962219,0.18632635474205017
32,upperarm_r,-55.77497482299805,131.12513732910156,62.27165603637695,0.061004944145679474,0.4132477641105652,-0.7845999002456665,0.4581567943096161
33,calf_l,-1.2056376934051514,0.10837382078170776,0.0713280439376831,0.002751684747636318,0.1103881448507309,-0.04096943140029907,0.9930400848388672
33,calf_r,-1.200129508972168,-0.10855946689844131,0.0711834728717804,-0.0027655335143208504,0.11011970788240433,0.040952179580926895,0.9930705428123474
33,clavicle_l,-25.830373764038086,2.0736827850341797,0.934294581413269,0.006926365662366152,0.0984591618180275,-0.0011070643085986376,0.9951163530349731
33,clavicle_r,-25.811492919921875,-2.280421733856201,0.9339939951896667,-0.007311797235161066,0.09842478483915329,0.004969348665326834,0.9951052665710449
33,foot_l,1.40214204788208,-0.09056103974580765,-0.023631084710359573,-0.0007574858027510345,4.552821701508947e-05,-0.04585999622941017,0.9989476203918457
33,foot_r,1.4022475481033325,0.09045237302780151,-0.02357005514204502,0.0007560158264823258,4.555708073894493e-05,0.045863714069128036,0.9989474415779114
33,hand_l,102.83714294433594,-23.654176712036133,212.69998168945312,0.899383008480072,-0.09272440522909164,-0.3845151960849762,0.1861732006072998
33,hand_r,101.18363952636719,65.90634155273438,217.65370178222656,-0.8878108859062195,-0.1826491504907608,0.404996782541275,0.12003641575574875
33,head,0.02097897231578827,0.7164138555526733,-2.075028419494629,0.002487786114215851,0.015632452443242073,3.968234159401618e-05,0.9998747110366821
33,lowerarm_l,64.58496856689453,-13.78179931640625,-5.389980792999268,-0.20543904602527618,-0.20155157148838043,0.9526450634002686,0.09817934781312943
33,lowerarm_r,89.97037506103516,43.154090881347656,11.225639343261719,0.35415101051330566,-0.21956337988376617,-0.8578460216522217,0.3007810413837433
33,neck,-19.388427734375,1.3294799327850342,-0.2932906150817871,0.00427356269210577,0.07560131698846817,-0.0014911348698660731,0.9971279501914978
33,pelvis,6.087824821472168,0.009783854708075523,-1.70632004737854,2.8161226509837434e-05,-0.029355190694332123,0.0009737241198308766,0.9995685815811157
33,root,0.0,0.0,0.0,-2.1139658201718703e-07,-5.7790373375610216e-08,1.0658141036401503e-14,1.0
33,spine_01,-1.4976109266281128,-0.006389882881194353,-1.867818832397461,-1.1786482900788542e-05,0.008236314170062542,0.001407740404829383,0.9999651908874512
33,spine_02,-11.02614974975586,-0.045495133846998215,-1.3354778289794922,-9.273991599911824e-05,0.0477052740752697,0.0019383749458938837,0.9988595843315125
33,thigh_l,19.16872787475586,-1.3273701667785645,-0.09463387727737427,-0.004628132097423077,-0.10209798812866211,-0.029436634853482246,0.994327962398529
33,thigh_r,19.18024444580078,1.3271117210388184,-0.08259651064872742,0.004618425853550434,-0.10242815315723419,0.029420742765069008,0.9942945241928101
33,upperarm_l,15.289372444152832,-123.09659576416016,36.34096908569336,-0.13338911533355713,0.2790152430534363,0.9328995943069458,0.18454347550868988
33,upperarm_r,-56.63230895996094,130.88294982910156,62.50856018066406,0.059865035116672516,0.41434362530708313,-0.7825791835784912,0.46076634526252747
34,calf_l,-1.2115554809570312,0.10952688753604889,0.07258546352386475,0.0027638247702270746,0.11068718880414963,-0.040984638035297394,0.9930060505867004
34,calf_r,-1.2019155025482178,-0.10981003195047379,0.07231854647397995,-0.0027866612654179335,0.11021692305803299,0.040955256670713425,0.9930595755577087
34,clavicle_l,-25.85393714904785,1.998650312423706,0.9248812794685364,0.006790635176002979,0.0984697937965393,0.0003417746047489345,0.9951168298721313
34,clavicle_r,-25.821914672851562,-2.359307289123535,0.9244076013565063,-0.007460888009518385,0.09841305762529373,0.0064180814661085606,0.9950969815254211
34,foot_l,1.4026236534118652,-0.09018658101558685,-0.023676669225096703,-0.0007652732892893255,5.72827375435736e-05,-0.04587823152542114,0.9989467263221741
34,foot_r,1.402753233909607,0.09002341330051422,-0.02359849028289318,0.0007649657782167196,5.80798187002074e-05,0.0458836667239666,0.9989465475082397
34,hand_l,102.93901062011719,-23.53147315979004,212.63768005371094,0.9000021815299988,-0.08922257274389267,-0.3846508860588074,0.1846054643392563
34,hand_r,101.08916473388672,66.2437744140625,217.7684783935547,-0.888077974319458,-0.1817283034324646,0.4049765467643738,0.11952588707208633
34,head,0.004931166768074036,0.7237735390663147,-2.084505558013916,0.002486984943971038,0.015628159046173096,9.716024942463264e-05,0.9998748302459717
34,lowerarm_l,64.68635559082031,-12.468798637390137,-5.30539083480835,-0.2048529088497162,-0.20528791844844818,0.9522383809089661,0.09557335823774338
34,lowerarm_r,90.42231750488281,43.3489875793457,11.713624000549316,0.35698264837265015,-0.22108018398284912,-0.8556336164474487,0.3026190400123596
34,neck,-19.406982421875,1.3345831632614136,-0.30264854431152344,0.004269223194569349,0.0756046399474144,-0.0014340121997520328,0.9971277117729187
34,pelvis,6.070830821990967,0.01719663478434086,-1.716315746307373,4.9854599637910724e-05,-0.0293575506657362,0.0017049520974978805,0.9995675086975098
34,root,0.0,0.0,0.0,-2.1139658201718703e-07,-5.7790373375610216e-08,1.0658141036401503e-14,1.0
34,spine_01,-1.5148411989212036,-0.011281059123575687,-1.8776774406433105,-2.087743087031413e-05,0.008235215209424496,0.002464814344421029,0.9999630451202393
34,spine_02,-11.043663024902344,-0.07964008301496506,-1.345062255859375,-0.00016222069098148495,0.04770588129758835,0.003392850747331977,0.998855710029602
34,thigh_l,19.221343994140625,-1.3303521871566772,-0.09346455335617065,-0.004637564066797495,-0.1024165228009224,-0.029419150203466415,0.9942956566810608
34,thigh_r,19.241409301757812,1.3297569751739502,-0.07233093678951263,0.004620344843715429,-0.1029944121837616,0.029389413073658943,0.994236946105957
34,upperarm_l,15.971790313720703,-122.5153579711914,35.87387466430664,-0.13394394516944885,0.2764527201652527,0.9340612888336182,0.18210561573505402
34,upperarm_r,-57.801116943359375,130.5365753173828,62.82474899291992,0.05830306559801102,0.4158070981502533,-0.7798029780387878,0.4643409550189972
35,calf_l,-1.2188185453414917,0.10941978543996811,0.07334272563457489,0.002767441561445594,0.11103445291519165,-0.04100310802459717,0.9929665923118591
35,calf_r,-1.203904151916504,-0.10988776385784149,0.07286854088306427,-0.0028021372854709625,0.11031048744916916,0.04095844551920891,0.9930489659309387
35,clavicle_l,-25.882795333862305,1.9003602266311646,0.9123464226722717,0.006606342736631632,0.09848150610923767,0.002161656506359577,0.9951146245002747
35,clavicle_r,-25.835081100463867,-2.4552228450775146,0.9119760394096375,-0.007637453265488148,0.09839951246976852,0.008237947709858418,0.9950835704803467
35,foot_l,1.402205228805542,-0.09057994186878204,-0.023742282763123512,-0.0007648623432032764,5.046570367994718e-05,-0.045862939208745956,0.9989474415779114
35,foot_r,1.4024574756622314,0.09037123620510101,-0.023753929883241653,0.0007662221323698759,5.178487117518671e-05,0.045871585607528687,0.998947024345398
35,hand_l,103.06690979003906,-23.363046646118164,212.56137084960938,0.9007521867752075,-0.0848294273018837,-0.38480502367019653,0.18268731236457825
35,hand_r,100.96829223632812,66.67961120605469,217.90447998046875,-0.8884215354919434,-0.18054333329200745,0.40496090054512024,0.11881906539201736
35,head,-0.018167495727539062,0.7328907251358032,-2.097010612487793,0.0024855597876012325,0.015631288290023804,0.00016984280955512077,0.9998748302459717
35,lowerarm_l,64.79547882080078,-10.827692985534668,-5.190482139587402,-0.20409418642520905,-0.2099413126707077,0.9517078399658203,0.0923168733716011
35,lowerarm_r,90.9848861694336,43.61297607421875,12.334738731384277,0.36055850982666016,-0.22292542457580566,-0.8528282046318054,0.30493584275245667
35,neck,-19.4285831451416,1.3410108089447021,-0.31522512435913086,0.0042638881132006645,0.07560302317142487,-0.0013611947651952505,0.9971280694007874
35,pelvis,6.048390865325928,0.02642863243818283,-1.7284393310546875,7.665261364309117e-05,-0.029354991391301155,0.0026240432634949684,0.999565601348877
35,root,0.0,0.0,0.0,-2.1139658201718703e-07,-5.7790373375610216e-08,1.0658141036401503e-14,1.0
35,spine_01,-1.536841869354248,-0.017413044348359108,-1.8898725509643555,-3.2267580536426976e-05,0.008235909976065159,0.0037926617078483105,0.9999589920043945
35,spine_02,-11.06506061553955,-0.12252473831176758,-1.3574600219726562,-0.0002495431690476835,0.04770512133836746,0.005219560582190752,0.9988479018211365
35,thigh_l,19.28187370300293,-1.3351527452468872,-0.09281430393457413,-0.0046583847142755985,-0.10278436541557312,-0.029396511614322662,0.9942582845687866
35,thigh_r,19.31279182434082,1.3341726064682007,-0.06016164645552635,0.0046317619271576405,-0.10367411375045776,0.0293510090559721,0.9941673874855042
35,upperarm_l,16.8232479095459,-121.77206420898438,35.286983489990234,-0.1346302181482315,0.27320975065231323,0.9355079531669617,0.17904195189476013
35,upperarm_r,-59.26253890991211,130.07662963867188,63.20891571044922,0.05633600801229477,0.417586088180542,-0.7762966156005859,0.46884074807167053
36,calf_l,-1.227741003036499,0.11103758215904236,0.07522120326757431,0.002784233307465911,0.11148187518119812,-0.041025884449481964,0.9929153919219971
36,calf_r,-1.2065141201019287,-0.11170674115419388,0.07452256977558136,-0.002832682803273201,0.11045273393392563,0.0409628301858902,0.9930329322814941
36,clavicle_l,-25.917335510253906,1.7872588634490967,0.8981924653053284,0.006400702986866236,0.09849719703197479,0.004332512617111206,0.9951073527336121
36,clavicle_r,-25.849998474121094,-2.5734641551971436,0.8977140188217163,-0.007861251942813396,0.0983821451663971,0.01040888112038374,0.9950632452964783
36,foot_l,1.4028449058532715,-0.09006361663341522,-0.02380862645804882,-0.0007766734925098717,6.756047514500096e-05,-0.0458880178630352,0.9989463090896606
36,foot_r,1.4031813144683838,0.08975106477737427,-0.02380870282649994,0.0007796525023877621,6.984180799918249e-05,0.04589994624257088,0.9989457726478577
36,hand_l,103.21854400634766,-23.141345977783203,212.47413635253906,0.9016079902648926,-0.07959794998168945,-0.38496312499046326,0.1804732382297516
36,hand_r,100.8196029663086,67.21720886230469,218.05555725097656,-0.888845682144165,-0.17908766865730286,0.40495145320892334,0.11787857115268707
36,head,-0.0423528254032135,0.7439284324645996,-2.111232280731201,0.002484423341229558,0.01562540791928768,0.0002573563833720982,0.9998748302459717
36,lowerarm_l,64.90058135986328,-8.880377769470215,-5.040953636169434,-0.20315992832183838,-0.21544112265110016,0.951045036315918,0.0884566530585289
36,lowerarm_r,91.64930725097656,43.95619201660156,13.088316917419434,0.36485755443573,-0.2250409573316574,-0.8494407534599304,0.3077108561992645
36,neck,-19.456321716308594,1.34866201877594,-0.32924413681030273,0.004257530905306339,0.07560785859823227,-0.0012739700032398105,0.9971277713775635
36,pelvis,6.022980213165283,0.03752240166068077,-1.7434656620025635,0.00010905083763645962,-0.029358305037021637,0.00372135522775352,0.99956214427948
36,root,0.0,0.0,0.0,-2.1139658201718703e-07,-5.7790373375610216e-08,1.0658141036401503e-14,1.0
36,spine_01,-1.5625752210617065,-0.024710651487112045,-1.904672384262085,-4.574409103952348e-05,0.008234619162976742,0.005376814864575863,0.9999517202377319
36,spine_02,-11.0907564163208,-0.1736052930355072,-1.3718247413635254,-0.00035332003608345985,0.04770544916391373,0.007399110123515129,0.9988340139389038
36,thigh_l,19.360252380371094,-1.3397071361541748,-0.0911175012588501,-0.004673854447901249,-0.10325832664966583,-0.029369190335273743,0.9942100048065186
36,thigh_r,19.40375328063965,1.338141918182373,-0.044579267501831055,0.004635474644601345,-0.10451829433441162,0.029304759576916695,0.9940803050994873
36,upperarm_l,17.830158233642578,-120.86665344238281,34.58694839477539,-0.1354338526725769,0.26930752396583557,0.9372142553329468,0.1753869354724884
36,upperarm_r,-60.996253967285156,129.49188232421875,63.648162841796875,0.05398305878043175,0.41962307691574097,-0.7720831632614136,0.47422558069229126
37,calf_l,-1.2377575635910034,0.11121165007352829,0.07644367963075638,0.0027908936608582735,0.11196581274271011,-0.041051220148801804,0.9928598403930664
37,calf_r,-1.2092221975326538,-0.11194834858179092,0.07542926073074341,-0.0028540424536913633,0.11058232188224792,0.04096676781773567,0.9930182099342346
37,clavicle_l,-25.9555606842041,1.6526424884796143,0.8809928894042969,0.006149522494524717,0.09851162135601044,0.006836020387709141,0.9950934648513794
37,clavicle_r,-25.866416931152344,-2.705522060394287,0.8805092573165894,-0.008104778826236725,0.09836108237504959,0.012911681085824966,0.9950340390205383
37,foot_l,1.4024016857147217,-0.0907394140958786,-0.02429959550499916,-0.0007915619062259793,6.191439024405554e-05,-0.045870985835790634,0.9989470839500427
37,foot_r,1.4028127193450928,0.09041731059551239,-0.024352187290787697,0.0007964993128553033,6.514295091619715e-05,0.0458858422935009,0.9989464282989502
37,hand_l,103.39268493652344,-22.85607147216797,212.37890625,0.9025417566299438,-0.0735749900341034,-0.3851119875907898,0.17802794277668
37,hand_r,100.64227294921875,67.86009216308594,218.21475219726562,-0.8893542289733887,-0.17735107243061066,0.40495115518569946,0.11666398495435715
37,head,-0.0737600028514862,0.756515622138977,-2.128446102142334,0.00248272018507123,0.015628647059202194,0.0003581896598916501,0.9998748302459717
37,lowerarm_l,64.98787689208984,-6.650169849395752,-4.852064609527588,-0.2020425796508789,-0.22171232104301453,0.9502421021461487,0.08403874933719635
37,lowerarm_r,92.40522766113281,44.38906478881836,13.973501205444336,0.369854599237442,-0.22736650705337524,-0.8454814553260803,0.31092318892478943
37,neck,-19.486101150512695,1.3574185371398926,-0.34655332565307617,0.004250016529113054,0.07560593634843826,-0.0011736777378246188,0.9971281290054321
37,pelvis,5.992384433746338,0.050307497382164,-1.7603099346160889,0.0001463798398617655,-0.029355496168136597,0.00498673040419817,0.9995566010475159
37,root,0.0,0.0,0.0,-2.1139658201718703e-07,-5.7790373375610216e-08,1.0658141036401503e-14,1.0
37,spine_01,-1.5925613641738892,-0.03311026096343994,-1.9215703010559082,-6.119219324318692e-05,0.008235171437263489,0.007203913293778896,0.9999401569366455
37,spine_02,-11.11952018737793,-0.23256321251392365,-1.3889431953430176,-0.00047324050683528185,0.04770374670624733,0.009911486878991127,0.9988122582435608
37,thigh_l,19.444456100463867,-1.3461607694625854,-0.09010287374258041,-0.004701987840235233,-0.1037687361240387,-0.029338354244828224,0.9941575527191162
37,thigh_r,19.502016067504883,1.344017744064331,-0.027468707412481308,0.004650677554309368,-0.10545333474874496,0.02925185114145279,0.9939831495285034
37,upperarm_l,18.978700637817383,-119.79788208007812,33.780555725097656,-0.13633885979652405,0.2647649943828583,0.9391546249389648,0.17117205262184143
37,upperarm_r,-62.98073959350586,128.76962280273438,64.12879180908203,0.051262129098176956,0.4218565821647644,-0.7671859264373779,0.4804529547691345
38,calf_l,-1.2493433952331543,0.11307460069656372,0.07866362482309341,0.00280985445715487,0.11254146695137024,-0.04108045995235443,0.992793619632721
38,calf_r,-1.2125154733657837,-0.11406617611646652,0.07728957384824753,-0.002890785923227668,0.11075790971517563,0.04097205772995949,0.9929984211921692
38,clavicle_l,-25.998830795288086,1.506173014640808,0.8625119924545288,0.005883697886019945,0.09853114932775497,0.00965063739567995,0.9950698018074036
38,clavicle_r,-25.88490867614746,-2.8590359687805176,0.8620187640190125,-0.008396097458899021,0.09834018349647522,0.015726007521152496,0.9949931502342224
38,foot_l,1.4032326936721802,-0.08973930776119232,-0.023791611194610596,-0.0007840516045689583,8.084397268248722e-05,-0.045903801918029785,0.9989455938339233
38,foot_r,1.4038066864013672,0.0892677828669548,-0.023905251175165176,0.000790816149674356,8.540762064512819e-05,0.045923586934804916,0.9989446401596069
38,hand_l,103.58653259277344,-22.49907684326172,212.27963256835938,0.9035271406173706,-0.06681393831968307,-0.3852352797985077,0.17540939152240753
38,hand_r,100.43598175048828,68.6159896850586,218.3719940185547,-0.8899544477462769,-0.17530721426010132,0.4049660265445709,0.11511295288801193
38,head,-0.1047961413860321,0.7705878019332886,-2.146899700164795,0.0024804184213280678,0.01562031265348196,0.0004712666559498757,0.9998748302459717
38,lowerarm_l,65.04434204101562,-4.161832332611084,-4.619146347045898,-0.20073887705802917,-0.22867661714553833,0.9492903351783752,0.07911258935928345
38,lowerarm_r,93.24262237548828,44.923789978027344,14.98990249633789,0.3755302131175995,-0.22983752191066742,-0.8409568071365356,0.31455281376838684
38,neck,-19.522384643554688,1.3673838376998901,-0.36475658416748047,0.004241802729666233,0.07561349868774414,-0.0010609427699819207,0.9971276521682739
38,pelvis,5.959362506866455,0.06465011090040207,-1.7799198627471924,0.0001881066564237699,-0.029358845204114914,0.006411287002265453,0.9995483756065369
38,root,0.0,0.0,0.0,-2.1139658201718703e-07,-5.7790373375610216e-08,1.0658141036401503e-14,1.0
38,spine_01,-1.6257100105285645,-0.04256056621670723,-1.9408643245697021,-7.861011545173824e-05,0.00823351088911295,0.009258930571377277,0.9999232888221741
38,spine_02,-11.152164459228516,-0.2989797592163086,-1.4077067375183105,-0.0006086284411139786,0.047704219818115234,0.012736653909087181,0.9987801313400269
38,thigh_l,19.544845581054688,-1.3521628379821777,-0.08813978731632233,-0.004724099766463041,-0.10437504202127457,-0.02930312417447567,0.9940950870513916
38,thigh_r,19.618114471435547,1.3492162227630615,-0.007132440805435181,0.0046574887819588184,-0.10653699189424515,0.029192201793193817,0.9938692450523376
38,upperarm_l,20.253387451171875,-118.56527709960938,32.87586975097656,-0.13732881844043732,0.2596059739589691,0.9412999749183655,0.1664329171180725
38,upperarm_r,-65.19330596923828,127.89629364013672,64.63563537597656,0.04819395765662193,0.4242214858531952,-0.7616254091262817,0.48748379945755005
39,calf_l,-1.2617006301879883,0.11307643353939056,0.08001995831727982,0.002814965322613716,0.11313671618700027,-0.04111210256814957,0.992724597454071
39,calf_r,-1.2157087326049805,-0.11431428045034409,0.07823889702558517,-0.002915415447205305,0.11090860515832901,0.04097750782966614,0.9929811954498291
39,clavicle_l,-26.043903350830078,1.3385200500488281,0.8409013748168945,0.0055701881647109985,0.09854621440172195,0.01275823824107647,0.9950351119041443
39,clavicle_r,-25.903228759765625,-3.0226244926452637,0.8405081033706665,-0.00869779009371996,0.09831220656633377,0.018833165988326073,0.994939386844635
39,foot_l,1.4027725458145142,-0.09007977694272995,-0.023680252954363823,-0.0007757556159049273,7.347500650212169e-05,-0.04588652402162552,0.9989463686943054
39,foot_r,1.4034980535507202,0.08954457193613052,-0.023856351152062416,0.0007849414250813425,7.873974391259253e-05,0.04591149836778641,0.9989452362060547
39,hand_l,103.79876708984375,-22.05968475341797,212.1794891357422,0.904535710811615,-0.059357136487960815,-0.3853208124637604,0.17268408834934235
39,hand_r,100.1982421875,69.48976135253906,218.52001953125,-0.8906536102294922,-0.17294315993785858,0.4049920439720154,0.1131744310259819
39,head,-0.14376342296600342,0.7863650918006897,-2.168440818786621,0.0024787529837340117,0.015624260529875755,0.00059625314315781,0.9998747706413269
39,lowerarm_l,65.05571746826172,-1.4395631551742554,-4.337588787078857,-0.19924022257328033,-0.2362596094608307,0.9481821060180664,0.07372596114873886
39,lowerarm_r,94.1497573852539,45.57172393798828,16.13697052001953,0.38185936212539673,-0.23239058256149292,-0.8358751535415649,0.3185761570930481
39,neck,-19.55929183959961,1.3781375885009766,-0.3864169120788574,0.004232131410390139,0.07561086863279343,-0.0009359819232486188,0.9971280097961426
39,pelvis,5.921441555023193,0.08053208887577057,-1.8009364604949951,0.00023443605459760875,-0.02935505472123623,0.007985025644302368,0.9995371699333191
39,root,0.0,0.0,0.0,-2.1139658201718703e-07,-5.7790373375610216e-08,1.0658141036401503e-14,1.0
39,spine_01,-1.6626862287521362,-0.05306762084364891,-1.962035894393921,-9.814955410547554e-05,0.008234244771301746,0.01152847707271576,0.9998996257781982
39,spine_02,-11.186836242675781,-0.37212419509887695,-1.4290690422058105,-0.0007573915063403547,0.04770117998123169,0.015855589881539345,0.9987355470657349
39,thigh_l,19.648019790649414,-1.3602347373962402,-0.08708345890045166,-0.004761002492159605,-0.10499946027994156,-0.029264915734529495,0.9940301775932312
39,thigh_r,19.738115310668945,1.356451153755188,0.014386163093149662,0.004677918739616871,-0.10768594592809677,0.02912738174200058,0.9937471747398376
39,upperarm_l,21.638029098510742,-117.16825866699219,31.881311416625977,-0.13838379085063934,0.25385451316833496,0.9436215162277222,0.16120286285877228
39,upperarm_r,-67.61023712158203,126.85828399658203,65.1537857055664,0.04479723423719406,0.4266520142555237,-0.7554230690002441,0.49527519941329956
40,calf_l,-1.27469801902771,0.10818104445934296,0.07860010862350464,0.0027841695118695498,0.1136956661939621,-0.04114488139748573,0.9926593899726868
40,calf_r,-1.2185792922973633,-0.10954546928405762,0.07631604373455048,-0.002904730150476098,0.1109781488776207,0.040981706231832504,0.992973268032074
40,clavicle_l,-26.09267234802246,1.1456154584884644,0.8159633874893188,0.005193451885133982,0.09856545925140381,0.016137661412358284,0.9949861764907837
40,clavicle_r,-25.922744750976562,-3.1898863315582275,0.8154733777046204,-0.008989681489765644,0.09828267991542816,0.02221379429101944,0.9948699474334717
40,foot_l,1.3993399143218994,-0.0925145372748375,-0.022754205390810966,-0.0006952774128876626,-9.298530130763538e-06,-0.04575645551085472,0.9989523887634277
40,foot_r,1.4001905918121338,0.0919250100851059,-0.022963127121329308,0.0007060393108986318,-4.891640401183395e-06,0.04578515514731407,0.9989510774612427
40,hand_l,104.02648162841797,-21.52951431274414,212.0828857421875,0.9055419564247131,-0.05125317722558975,-0.3853527307510376,0.16991223394870758
40,hand_r,99.92861938476562,70.48705291748047,218.64894104003906,-0.8914598822593689,-0.17022715508937836,0.4050282835960388,0.11078858375549316
40,head,-0.19351914525032043,0.8036448359489441,-2.1935582160949707,0.0024772584438323975,0.01564955711364746,0.000732087530195713,0.9998742938041687
40,lowerarm_l,65.00911712646484,1.4895528554916382,-4.003509044647217,-0.1975429207086563,-0.24437913298606873,0.9469115138053894,0.06792791187763214
40,lowerarm_r,95.11474609375,46.34493637084961,17.41385841369629,0.38881951570510864,-0.23495987057685852,-0.8302435278892517,0.3229690194129944
40,neck,-19.594669342041016,1.3896934986114502,-0.41233301162719727,0.004221093840897083,0.07559165358543396,-0.0008006562711670995,0.9971296191215515
40,pelvis,5.876229763031006,0.0979144275188446,-1.8224716186523438,0.00028557487530633807,-0.02933146245777607,0.009697671979665756,0.9995226860046387
40,root,0.0,0.0,0.0,-2.1139658201718703e-07,-5.7790373375610216e-08,1.0658141036401503e-14,1.0
40,spine_01,-1.704002857208252,-0.06440102308988571,-1.9846796989440918,-0.00011885595449712127,0.008241073228418827,0.013998287729918957,0.9998681545257568
40,spine_02,-11.222700119018555,-0.4516943693161011,-1.4536023139953613,-0.0009193830192089081,0.04769304022192955,0.019248533993959427,0.9986762404441833
40,thigh_l,19.742767333984375,-1.3726567029953003,-0.08887816220521927,-0.004831119440495968,-0.10557768493890762,-0.029224764555692673,0.9939697980880737
40,thigh_r,19.850242614746094,1.3680015802383423,0.034947484731674194,0.004730429034680128,-0.10882945358753204,0.029058771207928658,0.9936243891716003
40,upperarm_l,23.116186141967773,-115.6072769165039,30.806177139282227,-0.13948573172092438,0.24753783643245697,0.9460885524749756,0.1555161029100418
40,upperarm_r,-70.2059097290039,125.64279174804688,65.66761779785156,0.041095178574323654,0.4290822446346283,-0.7486001253128052,0.5037832856178284
41,calf_l,-1.2895803451538086,0.111456960439682,0.08210744708776474,0.0028123152442276478,0.11445170640945435,-0.04118327051401138,0.9925708174705505
41,calf_r,-1.2225446701049805,-0.11304726451635361,0.07928621768951416,-0.0029549270402640104,0.11120694130659103,0.040988195687532425,0.9929472804069519
41,clavicle_l,-26.143482208251953,0.9571219086647034,0.7918016910552979,0.004852860234677792,0.09858397394418716,0.019771486520767212,0.9949204921722412
41,clavicle_r,-25.94146728515625,-3.3882980346679688,0.7912962436676025,-0.009367604739964008,0.09824880957603455,0.025846771895885468,0.9947820901870728
41,foot_l,1.4006463289260864,-0.09166658669710159,-0.023311669006943703,-0.0007382060284726322,3.148397809127346e-05,-0.04580935835838318,0.9989499449729919
41,foot_r,1.4016693830490112,0.09097428619861603,-0.023575343191623688,0.0007526096305809915,3.788233516388573e-05,0.045843541622161865,0.9989483952522278
41,hand_l,105.69181823730469,-21.531641006469727,210.45867919921875,0.9087306261062622,-0.022958703339099884,-0.3856963813304901,0.1578608602285385
41,hand_r,99.62255096435547,71.61334991455078,218.75169372558594,-0.8923781514167786,-0.1671576350927353,0.40506452322006226,0.10789953917264938
41,head,-0.23377910256385803,0.8218689560890198,-2.217733860015869,0.002474630018696189,0.015639180317521095,0.0008782197837717831,0.9998743534088135
41,lowerarm_l,64.85880279541016,3.748875141143799,-3.7569191455841064,-0.19576241075992584,-0.24968178570270538,0.9462493658065796,0.06283483654260635
41,lowerarm_r,96.1269302368164,47.25227737426758,18.820526123046875,0.3963899612426758,-0.23749278485774994,-0.8240654468536377,0.3277016580104828
41,neck,-19.641399383544922,1.4026786088943481,-0.4361391067504883,0.004211052320897579,0.07560093700885773,-0.0006549052777700126,0.9971290826797485
41,pelvis,5.834668159484863,0.11646434664726257,-1.848214864730835,0.00033950756187550724,-0.02933967486023903,0.011541154235601425,0.9995028376579285
41,root,0.0,0.0,0.0,-2.1139658201718703e-07,-5.7790373375610216e-08,1.0658141036401503e-14,1.0
41,spine_01,-1.7459999322891235,-0.0765867605805397,-2.009934186935425,-0.000141235621413216,0.008237618021667004,0.016653774306178093,0.99982750415802
41,spine_02,-11.26282787322998,-0.5372553467750549,-1.4779925346374512,-0.0010935325408354402,0.04769191890954971,0.022895507514476776,0.998599112033844
41,thigh_l,19.874454498291016,-1.3797237873077393,-0.08581525087356567,-0.004857111256569624,-0.10636962205171585,-0.029179656878113747,0.9938865303993225
41,thigh_r,20.000699996948242,1.3739044666290283,0.06266946345567703,0.004736596252769232,-0.1102311760187149,0.028981465846300125,0.9934720993041992
41,upperarm_l,24.774690628051758,-113.61471557617188,29.465288162231445,-0.1408962607383728,0.23950718343257904,0.9488736987113953,0.14974455535411835
41,upperarm_r,-72.95294189453125,124.23780822753906,66.15962982177734,0.037114061415195465,0.4314415752887726,-0.7411802411079407,0.5129644870758057
42,calf_l,-1.305227518081665,0.11378268152475357,0.08509373664855957,0.002832731232047081,0.11523429304361343,-0.041224051266908646,0.9924785494804382
42,calf_r,-1.226528286933899,-0.11562751233577728,0.08169016987085342,-0.0029989825561642647,0.11142337322235107,0.0409945584833622,0.9929226040840149
42,clavicle_l,-26.195817947387695,0.7541832327842712,0.7656465768814087,0.0044827270321547985,0.09860198944807053,0.02363915741443634,0.994836151599884
42,clavicle_r,-25.959867477416992,-3.5970096588134766,0.7651819586753845,-0.00976189598441124,0.09821165353059769,0.029713282361626625,0.9946739673614502
42,foot_l,1.4015612602233887,-0.0909450501203537,-0.023370858281850815,-0.0007545363041572273,5.5664193496340886e-05,-0.04584392160177231,0.998948335647583
42,foot_r,1.402718186378479,0.09013088047504425,-0.02366962656378746,0.0007723032613284886,6.499379378510639e-05,0.04588371142745018,0.998946487903595
42,hand_l,105.94892883300781,-20.74378204345703,210.37490844726562,0.9094473719596863,-0.013690978288650513,-0.3855288326740265,0.1551952064037323
42,hand_r,99.27933502197266,72.8756332397461,218.81646728515625,-0.8934212327003479,-0.16368703544139862,0.40509143471717834,0.1044328510761261
42,head,-0.27832165360450745,0.8412758111953735,-2.2438764572143555,0.002471898915246129,0.015632841736078262,0.0010333445388823748,0.9998742341995239
42,lowerarm_l,64.67835235595703,7.018027305603027,-3.3201515674591064,-0.19368751347064972,-0.25866949558258057,0.9446694254875183,0.05634666979312897
42,lowerarm_r,97.17176818847656,48.30463409423828,20.35451316833496,0.40454044938087463,-0.23992367088794708,-0.8173515200614929,0.3327464759349823
42,neck,-19.690135955810547,1.4162205457687378,-0.46203136444091797,0.004199512302875519,0.07560724765062332,-0.0005001392564736307,0.9971287250518799
42,pelvis,5.7894744873046875,0.13626007735729218,-1.8753528594970703,0.0003972188278567046,-0.029343338683247566,0.013505162671208382,0.9994781017303467
42,root,0.0,0.0,0.0,-2.1139658201718703e-07,-5.7790373375610216e-08,1.0658141036401503e-14,1.0
42,spine_01,-1.7908499240875244,-0.08963289111852646,-2.0367026329040527,-0.00016536956536583602,0.008235563524067402,0.019481055438518524,0.999776303768158
42,spine_02,-11.304384231567383,-0.6282651424407959,-1.5043139457702637,-0.0012787109008058906,0.0476887971162796,0.02677762880921364,0.9985024333000183
42,thigh_l,20.010072708129883,-1.3880271911621094,-0.0833069458603859,-0.004892217461019754,-0.10718546062707901,-0.02913144789636135,0.993800163269043
42,thigh_r,20.155555725097656,1.3809876441955566,0.0917666107416153,0.0047507998533546925,-0.11169254034757614,0.028900183737277985,0.9933111667633057
42,upperarm_l,26.38274383544922,-111.73187255859375,28.26634979248047,-0.14202632009983063,0.23217180371284485,0.951526403427124,0.1432560235261917
42,upperarm_r,-75.82344818115234,122.63359832763672,66.61534881591797,0.03287984058260918,0.43366914987564087,-0.7331855893135071,0.5227704048156738
43,calf_l,-1.3215670585632324,0.11456950753927231,0.0872926339507103,0.002840822096914053,0.11602941155433655,-0.04126627370715141,0.9923841953277588
43,calf_r,-1.2304033041000366,-0.11668385565280914,0.08323327451944351,-0.003031883854418993,0.11161626130342484,0.04100103676319122,0.9929006099700928
43,clavicle_l,-26.249534606933594,0.5360623598098755,0.7373775243759155,0.00407884456217289,0.09862081706523895,0.02772071212530136,0.9947306513786316
43,clavicle_r,-25.97774314880371,-3.8136487007141113,0.736929178237915,-0.010166039690375328,0.09817163646221161,0.03379468992352486,0.9945435523986816
43,foot_l,1.4015231132507324,-0.09083133190870285,-0.02309870719909668,-0.0007464444497600198,5.846110070706345e-05,-0.04584367945790291,0.9989483952522278
43,foot_r,1.4028992652893066,0.089901402592659,-0.023468736559152603,0.000767963589169085,6.926003698026761e-05,0.04589049145579338,0.9989461898803711
43,hand_l,106.2125473022461,-19.83323860168457,210.31024169921875,0.9100751876831055,-0.00391154270619154,-0.3852709233760834,0.1526898294687271
43,hand_r,98.89576721191406,74.27883911132812,218.83399963378906,-0.8945958614349365,-0.15979354083538055,0.4050917625427246,0.10032424330711365
43,head,-0.3278162479400635,0.8620288372039795,-2.2722363471984863,0.0024699268396943808,0.015633145347237587,0.0011978992260992527,0.9998740553855896
43,lowerarm_l,64.40926361083984,10.416400909423828,-2.822756052017212,-0.19141314923763275,-0.26797619462013245,0.9429160356521606,0.0495898462831974
43,lowerarm_r,98.23558044433594,49.50978088378906,22.013582229614258,0.4132412075996399,-0.2421976774930954,-0.8101118206977844,0.33806943893432617
43,neck,-19.739858627319336,1.4303923845291138,-0.49039125442504883,0.004187074024230242,0.07560796290636063,-0.0003360261907801032,0.9971287846565247
43,pelvis,5.7406206130981445,0.15715451538562775,-1.9036829471588135,0.00045811195741407573,-0.029341137036681175,0.015579990111291409,0.9994480013847351
43,root,0.0,0.0,0.0,-2.1139658201718703e-07,-5.7790373375610216e-08,1.0658141036401503e-14,1.0
43,spine_01,-1.838320255279541,-0.1033053994178772,-2.0649850368499756,-0.00019035798322875053,0.008235136978328228,0.022466447204351425,0.999713659286499
43,spine_02,-11.346902847290039,-0.7243424654006958,-1.532602310180664,-0.0014743871288374066,0.047683216631412506,0.0308745838701725,0.9983841776847839
43,thigh_l,20.14703369140625,-1.3979876041412354,-0.08165372908115387,-0.004940217826515436,-0.10800999402999878,-0.029081381857395172,0.9937121272087097
43,thigh_r,20.312156677246094,1.3895424604415894,0.12183868885040283,0.004776238929480314,-0.11319522559642792,0.02881575934588909,0.9931433796882629
43,upperarm_l,28.03036880493164,-109.69577026367188,27.01982879638672,-0.14314457774162292,0.22438326478004456,0.9542276263237,0.13642434775829315
43,upperarm_r,-78.78765106201172,120.82279968261719,67.01934051513672,0.028421569615602493,0.43570300936698914,-0.7246428728103638,0.5331490635871887
44,calf_l,-1.33841073513031,0.11276118457317352,0.08808132261037827,0.002829061821103096,0.11681734770536423,-0.041310276836156845,0.9922899007797241
44,calf_r,-1.2341233491897583,-0.11502723395824432,0.0831926017999649,-0.00304531236179173,0.1117660254240036,0.04100658372044563,0.9928835034370422
44,clavicle_l,-26.302936553955078,0.3019965589046478,0.7068594098091125,0.003636769950389862,0.09863662719726562,0.031996842473745346,0.9946023225784302
44,clavicle_r,-25.994047164916992,-4.034775733947754,0.7063456773757935,-0.010570482350885868,0.09812593460083008,0.03806998208165169,0.9943893551826477
44,foot_l,1.399837851524353,-0.09209734946489334,-0.022752614691853523,-0.0007131364545784891,2.3175312890089117e-05,-0.045780885964632034,0.998951256275177
44,foot_r,1.4013452529907227,0.09105894714593887,-0.02320118062198162,0.0007362695760093629,3.407854455872439e-05,0.04583224654197693,0.9989489316940308
44,hand_l,106.4788818359375,-18.790340423583984,210.27073669433594,0.9105932712554932,0.006339869927614927,-0.3849092721939087,0.15041539072990417
44,hand_r,98.46916961669922,75.82655334472656,218.79454040527344,-0.8959100842475891,-0.15544705092906952,0.40504202246665955,0.0955110415816307
44,head,-0.3832537531852722,0.8836506009101868,-2.3027539253234863,0.0024673854932188988,0.01564360409975052,0.00136939890217036,0.9998737573623657
44,lowerarm_l,64.04435729980469,13.917845726013184,-2.263363838195801,-0.18894286453723907,-0.2775336802005768,0.9409888386726379,0.04261099174618721
44,lowerarm_r,99.3038101196289,50.87256622314453,23.79414176940918,0.4224553108215332,-0.24426649510860443,-0.8023599982261658,0.34363338351249695
44,neck,-19.789535522460938,1.4452691078186035,-0.521242618560791,0.004173982422798872,0.07560038566589355,-0.00016497535398229957,0.9971295595169067
44,pelvis,5.687491416931152,0.17914848029613495,-1.9327759742736816,0.0005225701606832445,-0.02932889387011528,0.01775519549846649,0.9994120001792908
44,root,0.0,0.0,0.0,-2.1139658201718703e-07,-5.7790373375610216e-08,1.0658141036401503e-14,1.0
44,spine_01,-1.8884440660476685,-0.11776673048734665,-2.094554901123047,-0.000217122767935507,0.00823778472840786,0.02559524029493332,0.9996384382247925
44,spine_02,-11.389796257019043,-0.8249484300613403,-1.5628814697265625,-0.0016795470146462321,0.04767432436347008,0.035166189074516296,0.9982423782348633
44,thigh_l,20.281435012817383,-1.4104702472686768,-0.08152841776609421,-0.005007791332900524,-0.10882055014371872,-0.029029499739408493,0.9936248660087585
44,thigh_r,20.46588897705078,1.4005032777786255,0.15195491909980774,0.004820230416953564,-0.11470960825681686,0.02872745506465435,0.9929719567298889
44,upperarm_l,29.699155807495117,-107.51425170898438,25.738265991210938,-0.14423154294490814,0.2161901593208313,0.9569447040557861,0.12929017841815948
44,upperarm_r,-81.81463623046875,118.80113983154297,67.35723876953125,0.023770319297909737,0.43748563528060913,-0.7155819535255432,0.5440440773963928
45,calf_l,-1.356309413909912,0.11525648832321167,0.09146130084991455,0.00284673017449677,0.11771213263273239,-0.041357144713401794,0.992182195186615
45,calf_r,-1.2382742166519165,-0.11791110783815384,0.08581818640232086,-0.003090647282078862,0.11199463903903961,0.0410134419798851,0.9928572773933411
45,clavicle_l,-26.355966567993164,0.0676930844783783,0.6761394739151001,0.0032085354905575514,0.09864926338195801,0.036448873579502106,0.9944493770599365
45,clavicle_r,-26.008861541748047,-4.274016857147217,0.6758427023887634,-0.011023091152310371,0.09807810932397842,0.04252037778496742,0.994208812713623
45,foot_l,1.400718331336975,-0.09164593368768692,-0.023240951821208,-0.0007476657629013062,5.023443009122275e-05,-0.04581524804234505,0.9989497065544128
45,foot_r,1.4024230241775513,0.09042548388242722,-0.023761721327900887,0.0007754323887638748,6.449405191233382e-05,0.045874178409576416,0.9989469647407532
45,hand_l,106.7435302734375,-17.605581283569336,210.2627716064453,0.9109810590744019,0.017019113525748253,-0.3844320476055145,0.14844505488872528
45,hand_r,97.99331665039062,77.52039337158203,218.6911163330078,-0.8973645567893982,-0.1506495177745819,0.40491026639938354,0.08994156867265701
45,head,-0.434594988822937,0.905970573425293,-2.3332595825195312,0.002464265562593937,0.01563628390431404,0.0015478768618777394,0.9998735189437866
45,lowerarm_l,63.57894515991211,17.498090744018555,-1.6413341760635376,-0.18628418445587158,-0.2872835695743561,0.9388872981071472,0.035455264151096344
45,lowerarm_r,100.36393737792969,52.394832611083984,25.693639755249023,0.4321502447128296,-0.24609272181987762,-0.7941092848777771,0.3493924140930176
45,neck,-19.845529556274414,1.460768461227417,-0.5515217781066895,0.004160520154982805,0.0756070539355278,1.3318534001882654e-05,0.9971290230751038
45,pelvis,5.635720252990723,0.2019609957933426,-1.9644200801849365,0.0005889603635296226,-0.029332563281059265,0.02002323418855667,0.9993689656257629
45,root,0.0,0.0,0.0,-2.1139658201718703e-07,-5.7790373375610216e-08,1.0658141036401503e-14,1.0
45,spine_01,-1.9391794204711914,-0.13279464840888977,-2.125823497772217,-0.00024496900732629,0.008234871551394463,0.028853684663772583,0.9995497465133667
45,spine_02,-11.434410095214844,-0.9295819401741028,-1.5936017036437988,-0.001892720814794302,0.04766780138015747,0.0396338514983654,0.9980748295783997
45,thigh_l,20.435501098632812,-1.4200477600097656,-0.07886041700839996,-0.005053181666880846,-0.10974424332380295,-0.02897409349679947,0.9935247302055359
45,thigh_r,20.640148162841797,1.4083561897277832,0.18667331337928772,0.004840536508709192,-0.11636821925640106,0.028634803369641304,0.9927814602851868
45,upperarm_l,31.371381759643555,-105.19731140136719,24.433828353881836,-0.14527107775211334,0.20764465630054474,0.9596465229988098,0.12189660221338272
45,upperarm_r,-84.87163543701172,116.5684814453125,67.61506652832031,0.018966393545269966,0.43896305561065674,-0.7060357332229614,0.5553966164588928
46,calf_l,-1.3750560283660889,0.1184166744351387,0.09519974887371063,0.002867818111553788,0.11865219473838806,-0.04140607267618179,0.9920680522918701
46,calf_r,-1.2426044940948486,-0.12138260155916214,0.08868251740932465,-0.0031394842080771923,0.11223847419023514,0.04102103039622307,0.9928292632102966
46,clavicle_l,-26.41027069091797,-0.17095045745372772,0.6450352668762207,0.002778701949864626,0.09866607934236526,0.04105609655380249,0.9942694306373596
46,clavicle_r,-26.020986557006836,-4.524947166442871,0.6446362733840942,-0.011503953486680984,0.09802465885877609,0.0471254363656044,0.994001030921936
46,foot_l,1.402166485786438,-0.09035126119852066,-0.023175278678536415,-0.000766174984164536,8.511759369866922e-05,-0.045870423316955566,0.9989470839500427
46,foot_r,1.4041463136672974,0.08898861706256866,-0.0237671360373497,0.0007990457816049457,0.0001035093519021757,0.045939479023218155,0.9989439249038696
46,hand_l,107.00238037109375,-16.276334762573242,210.29014587402344,0.9112232327461243,0.028094718232750893,-0.3838313817977905,0.1468210220336914
46,hand_r,97.46549224853516,79.36248016357422,218.5131072998047,-0.8989633917808533,-0.14536961913108826,0.40466225147247314,0.08355250209569931
46,head,-0.48444682359695435,0.9289315938949585,-2.3643136024475098,0.00246083689853549,0.015619403682649136,0.0017338725738227367,0.9998735189437866
46,lowerarm_l,63.0098991394043,21.132131576538086,-0.95729660987854,-0.1834457665681839,-0.29716575145721436,0.9366145730018616,0.028166113421320915
46,lowerarm_r,101.40049743652344,54.07684326171875,27.706602096557617,0.44228026270866394,-0.24763701856136322,-0.7853820323944092,0.3553015887737274
46,neck,-19.90576171875,1.4772897958755493,-0.5819916725158691,0.0041483622044324875,0.07562179118394852,0.0001985635026358068,0.9971279501914978
46,pelvis,5.5826873779296875,0.2255532443523407,-1.9977331161499023,0.0006574577419087291,-0.029338402673602104,0.022374071180820465,0.9993188977241516
46,root,0.0,0.0,0.0,-2.1139658201718703e-07,-5.7790373375610216e-08,1.0658141036401503e-14,1.0
46,spine_01,-1.9912388324737549,-0.14818201959133148,-2.1584153175354004,-0.0002729502157308161,0.008230923675000668,0.0322280116379261,0.9994466304779053
46,spine_02,-11.479880332946777,-1.0379388332366943,-1.6251325607299805,-0.0021135800052434206,0.04766187071800232,0.044257696717977524,0.9978803396224976
46,thigh_l,20.59703254699707,-1.4295439720153809,-0.07592623680830002,-0.005098164081573486,-0.11071097105741501,-0.028916507959365845,0.99341881275177
46,thigh_r,20.821786880493164,1.4160493612289429,0.22336898744106293,0.004859712906181812,-0.11809247732162476,0.028538944199681282,0.9925805330276489
46,upperarm_l,33.029808044433594,-102.75743865966797,23.11907196044922,-0.14624625444412231,0.19880415499210358,0.9623034000396729,0.11428508907556534
46,upperarm_r,-87.92633056640625,114.12820434570312,67.78141021728516,0.014047224074602127,0.4400904178619385,-0.6960409879684448,0.567142128944397
47,calf_l,-1.3937578201293945,0.11792033910751343,0.09704169631004333,0.002860573586076498,0.11954959481954575,-0.04145560413599014,0.9919582605361938
47,calf_r,-1.2463359832763672,-0.12114019691944122,0.08951660990715027,-0.0031605169642716646,0.11241084337234497,0.04102751240134239,0.992809534072876
47,clavicle_l,-26.462158203125,-0.4283290505409241,0.6110130548477173,0.002296021906659007,0.09867775440216064,0.04579849913716316,0.9940623641014099
47,clavicle_r,-26.031906127929688,-4.7711992263793945,0.6105349063873291,-0.011958704330027103,0.09796890616416931,0.0518670417368412,0.993765115737915
47,foot_l,1.4012869596481323,-0.09100844711065292,-0.022888626903295517,-0.0007505291723646224,7.379560702247545e-05,-0.045839402824640274,0.9989485740661621
47,foot_r,1.4034764766693115,0.08946613222360611,-0.023568058386445045,0.0007858551689423621,9.3156959337648e-05,0.04591470584273338,0.9989450573921204
47,hand_l,107.25057220458984,-14.794574737548828,210.35833740234375,0.9113031029701233,0.03953348472714424,-0.3830950856208801,0.1456088274717331
47,hand_r,96.8800048828125,81.3494873046875,218.2544708251953,-0.9007015824317932,-0.13961449265480042,0.40425390005111694,0.07631027698516846
47,head,-0.5449488759040833,0.9528093934059143,-2.398502826690674,0.0024578676093369722,0.015628023073077202,0.0019246884621679783,0.9998731017112732
47,lowerarm_l,62.33597946166992,24.79499626159668,-0.21288824081420898,-0.18043701350688934,-0.3071213662624359,0.9341771602630615,0.020785722881555557
47,lowerarm_r,102.399658203125,55.913970947265625,29.8271484375,0.45279648900032043,-0.24887484312057495,-0.7762042284011841,0.36130839586257935
47,neck,-19.961671829223633,1.4935252666473389,-0.6164431571960449,0.004133214242756367,0.07561598718166351,0.00038886687252670527,0.9971283674240112
47,pelvis,5.5255303382873535,0.24992211163043976,-2.030813694000244,0.0007285550236701965,-0.029331153258681297,0.024795973673462868,0.9992619156837463
47,root,0.0,0.0,0.0,-2.1139658201718703e-07,-5.7790373375610216e-08,1.0658141036401503e-14,1.0
47,spine_01,-2.045442819595337,-0.16428165137767792,-2.1918416023254395,-0.00030292922747321427,0.008231678046286106,0.03570356220006943,0.9993284940719604
47,spine_02,-11.524011611938477,-1.149317979812622,-1.6590595245361328,-0.0023409868590533733,0.04764968901872635,0.049017567187547684,0.9976578950881958
47,thigh_l,20.74955177307129,-1.4421064853668213,-0.07505421340465546,-0.005168544128537178,-0.11162497848272324,-0.02885803021490574,0.9933179020881653
47,thigh_r,20.99353790283203,1.4266180992126465,0.2592275142669678,0.004902951885014772,-0.11977832764387131,0.02844192646443844,0.9923811554908752
47,upperarm_l,34.658042907714844,-100.21033477783203,21.80716323852539,-0.14714182913303375,0.1897342950105667,0.9648876190185547,0.10649913549423218
47,upperarm_r,-90.94601440429688,111.4888916015625,67.8470230102539,0.009053513407707214,0.4408305883407593,-0.6856408715248108,0.57920902967453
48,calf_l,-1.4130442142486572,0.11816328763961792,0.09924052655696869,0.0028567020781338215,0.1204838901758194,-0.04150712862610817,0.9918431639671326
48,calf_r,-1.2502106428146362,-0.12166975438594818,0.09066106379032135,-0.0031857420690357685,0.11259717494249344,0.041034404188394547,0.9927880167961121
48,clavicle_l,-26.5127010345459,-0.6889691352844238,0.576412558555603,0.0018118454609066248,0.09868764132261276,0.05065704509615898,0.9938266277313232
48,clavicle_r,-26.040306091308594,-5.026534557342529,0.5759989023208618,-0.012436145916581154,0.09790991991758347,0.056723836809396744,0.9934996366500854
48,foot_l,1.4008902311325073,-0.09128963947296143,-0.022765519097447395,-0.0007442320347763598,7.014840957708657e-05,-0.04582639038562775,0.9989491701126099
48,foot_r,1.403268814086914,0.08958575874567032,-0.02352915331721306,0.0007832573028281331,9.157573367701843e-05,0.04590902104973793,0.9989453554153442
48,hand_l,107.48225402832031,-13.15657901763916,210.47235107421875,0.9112064838409424,0.05129599943757057,-0.382213294506073,0.144860178232193
48,hand_r,96.22940826416016,83.47740173339844,217.91024780273438,-0.9025703072547913,-0.13340622186660767,0.40363410115242004,0.06818507611751556
48,head,-0.6043776869773865,0.9772918224334717,-2.4330496788024902,0.002455063397064805,0.015629731118679047,0.0021200806368142366,0.9998726844787598
48,lowerarm_l,61.55924987792969,28.466814041137695,0.5906820297241211,-0.17727434635162354,-0.3171110153198242,0.931577205657959,0.013354968279600143
48,lowerarm_r,103.3497085571289,57.89838409423828,32.050289154052734,0.46365252137184143,-0.2497919201850891,-0.7666046619415283,0.36735233664512634
48,neck,-20.02069664001465,1.5104223489761353,-0.6510138511657715,0.004118690732866526,0.07561610639095306,0.0005836086929775774,0.9971283674240112
48,pelvis,5.467598915100098,0.27492082118988037,-2.0652592182159424,0.0008015368948690593,-0.02932591736316681,0.027280909940600395,0.999197244644165
48,root,0.0,0.0,0.0,-2.1139658201718703e-07,-5.7790373375610216e-08,1.0658141036401503e-14,1.0
48,spine_01,-2.1003990173339844,-0.18062558770179749,-2.226322889328003,-0.00033289953717030585,0.008231239393353462,0.039265770465135574,0.999194860458374
48,spine_02,-11.56827163696289,-1.263388752937317,-1.6935944557189941,-0.002573965350165963,0.04763759300112724,0.05389348790049553,0.9974064230918884
48,thigh_l,20.908145904541016,-1.454371452331543,-0.07387902587652206,-0.005237676668912172,-0.11257325112819672,-0.028798265382647514,0.9932122826576233
48,thigh_r,21.1712589263916,1.4368078708648682,0.29688045382499695,0.004944410640746355,-0.121515654027462,0.028342116624116898,0.9921724796295166
48,upperarm_l,36.24134826660156,-97.57284545898438,20.509750366210938,-0.14794746041297913,0.1804991215467453,0.9673739671707153,0.09858616441488266
48,upperarm_r,-93.8977279663086,108.66365051269531,67.80338287353516,0.0040337261743843555,0.4411521553993225,-0.6748830080032349,0.5915247201919556
49,calf_l,-1.4325348138809204,0.11699658632278442,0.10062842816114426,0.0028405257035046816,0.12141024321317673,-0.041559334844350815,0.9917279481887817
49,calf_r,-1.253853440284729,-0.12063893675804138,0.09087687730789185,-0.0031982739455997944,0.11275232583284378,0.041040390729904175,0.9927700757980347
49,clavicle_l,-26.56058120727539,-0.9590592384338379,0.5401880145072937,0.0013033213326707482,0.09869334846735,0.05561202019453049,0.9935619235038757
49,clavicle_r,-26.046457290649414,-5.282276630401611,0.539872944355011,-0.012908166274428368,0.09784787148237228,0.06167799234390259,0.9932044148445129
49,foot_l,1.3996299505233765,-0.09222891926765442,-0.022559041157364845,-0.0007215720834210515,4.479720882955007e-05,-0.04577944800257683,0.9989513158798218
49,foot_r,1.4021952152252197,0.09044290333986282,-0.023398960009217262,0.0007637045928277075,6.603048677789047e-05,0.04586804658174515,0.9989472031593323
49,hand_l,107.69158935546875,-11.358698844909668,210.6363983154297,0.9109205007553101,0.0633535236120224,-0.38117504119873047,0.14462269842624664
49,hand_r,95.50660705566406,85.73934173583984,217.47662353515625,-0.9045529365539551,-0.12678401172161102,0.4027521312236786,0.059165261685848236
49,head,-0.6686937212944031,1.0022809505462646,-2.469360828399658,0.0024524356704205275,0.01564195565879345,0.0023196390829980373,0.9998719692230225
49,lowerarm_l,60.6829719543457,32.12701416015625,1.4509357213974,-0.17397363483905792,-0.3270929157733917,0.9288210272789001,0.00591210788115859
49,lowerarm_r,104.2394027709961,60.017822265625,34.369422912597656,0.47479307651519775,-0.25038477778434753,-0.7566192746162415,0.37337151169776917
49,neck,-20.07840347290039,1.5274429321289062,-0.687706470489502,0.004103373736143112,0.07560772448778152,0.0007825104403309524,0.9971290230751038
49,pelvis,5.407377243041992,0.30064189434051514,-2.100050449371338,0.0008773240260779858,-0.029314130544662476,0.029818600043654442,0.9991250038146973
49,root,0.0,0.0,0.0,-2.1139658201718703e-07,-5.7790373375610216e-08,1.0658141036401503e-14,1.0
49,spine_01,-2.156498432159424,-0.19740821421146393,-2.2614896297454834,-0.00036383283440954983,0.00823292974382639,0.04290124773979187,0.9990453720092773
49,spine_02,-11.611455917358398,-1.3795408010482788,-1.7295479774475098,-0.002811265643686056,0.04762214422225952,0.05886663869023323,0.9971253871917725
49,thigh_l,21.06432342529297,-1.4679511785507202,-0.0736231654882431,-0.0053186556324362755,-0.11350643634796143,-0.028737640008330345,0.9931073188781738
49,thigh_r,21.345592498779297,1.4481559991836548,0.33472976088523865,0.004996874835342169,-0.12324684858322144,0.028241390362381935,0.9919615387916565
49,upperarm_l,37.76628494262695,-94.86487579345703,19.238420486450195,-0.1486535370349884,0.17116963863372803,0.9697402715682983,0.09059178829193115
49,upperarm_r,-96.75062561035156,105.67023468017578,67.64543151855469,-0.0009656725451350212,0.44103458523750305,-0.6638204455375671,0.6040117144584656
50,calf_l,-1.4526017904281616,0.11717686057090759,0.10295332968235016,0.0028319803532212973,0.12238205224275589,-0.04161306098103523,0.9916063547134399
50,calf_r,-1.2575759887695312,-0.12109759449958801,0.09199783951044083,-0.0032195409294217825,0.11293453723192215,0.041047755628824234,0.9927489757537842
50,clavicle_l,-26.606809616088867,-1.2281960248947144,0.5039919018745422,0.0008041979745030403,0.09869781136512756,0.06064433977007866,0.9932675361633301
50,clavicle_r,-26.049100875854492,-5.546173095703125,0.5036819577217102,-0.013403601013123989,0.09778096526861191,0.06670695543289185,0.9928793907165527
50,foot_l,1.3991109132766724,-0.09273595362901688,-0.022701213136315346,-0.000726079277228564,4.332789103500545e-05,-0.04576347395777702,0.9989520907402039
50,foot_r,1.4019439220428467,0.09079596400260925,-0.023660721257328987,0.0007733536185696721,6.65973057039082e-05,0.04585998132824898,0.9989476203918457
50,hand_l,107.87175750732422,-9.398567199707031,210.85447692871094,0.9104337096214294,0.07566916942596436,-0.37996920943260193,0.14494219422340393
50,hand_r,93.46048736572266,87.3273696899414,218.57302856445312,-0.9024152755737305,-0.13895325362682343,0.4036126732826233,0.05861305072903633
50,head,-0.7291242480278015,1.0273075103759766,-2.5054097175598145,0.002448638202622533,0.015640495344996452,0.002521997317671776,0.999871551990509
50,lowerarm_l,59.71320343017578,35.75851058959961,2.3655760288238525,0.17055544257164001,0.33703693747520447,-0.9259129166603088,0.0015048470813781023
50,lowerarm_r,105.46430206298828,62.11989974975586,37.30134963989258,0.4878937304019928,-0.252348393201828,-0.7448133230209351,0.37885767221450806
50,neck,-20.14006233215332,1.5447652339935303,-0.7237434387207031,0.004087917506694794,0.07560968399047852,0.0009843134321272373,0.9971286654472351
50,pelvis,5.347828388214111,0.32659217715263367,-2.1362602710723877,0.0009531086543574929,-0.029308872297406197,0.032400310039520264,0.9990447759628296
50,root,0.0,0.0,0.0,-2.1139658201718703e-07,-5.7790373375610216e-08,1.0658141036401503e-14,1.0
50,spine_01,-2.212411642074585,-0.21449951827526093,-2.297729253768921,-0.0003956644213758409,0.008231451734900475,0.04659584164619446,0.9988798499107361
50,spine_02,-11.654348373413086,-1.4974033832550049,-1.7657041549682617,-0.003052316838875413,0.047606997191905975,0.06391627341508865,0.9968144297599792
50,thigh_l,21.228214263916016,-1.4807049036026,-0.0725635290145874,-0.0053947689011693,-0.1144825890660286,-0.028675083070993423,0.9929966926574707
50,thigh_r,21.52737808227539,1.4585427045822144,0.3747566044330597,0.005043633282184601,-0.12503229081630707,0.028138741850852966,0.9917407631874084
50,upperarm_l,39.221553802490234,-92.10806274414062,18.003904342651367,-0.14925536513328552,0.1618185192346573,0.971967339515686,0.08256565779447556
50,upperarm_r,-99.75779724121094,102.2044677734375,67.39226531982422,-0.006639399100095034,0.4405358135700226,-0.65142822265625,0.6176774501800537
51,calf_l,-1.4731451272964478,0.12030701339244843,0.10687243193387985,0.0028431995306164026,0.12341558188199997,-0.04166901484131813,0.9914757609367371
51,calf_r,-1.2615853548049927,-0.12461986392736435,0.09477809071540833,-0.003261483972892165,0.11316721141338348,0.04105459898710251,0.9927220940589905
51,clavicle_l,-26.652294158935547,-1.492817997932434,0.46843668818473816,0.00032519243541173637,0.09870459139347076,0.06573289632797241,0.9929434061050415
51,clavicle_r,-26.047780990600586,-5.82053804397583,0.4680462181568146,-0.013931652531027794,0.09770985692739487,0.07179353386163712,0.992524266242981
51,foot_l,1.4007256031036377,-0.09118898212909698,-0.02230471558868885,-0.000735797337256372,8.325284579768777e-05,-0.04582494497299194,0.9989492297172546
51,foot_r,1.4038721323013306,0.08897870033979416,-0.02323860116302967,0.0007875562296248972,0.0001132724792114459,0.04593313857913017,0.9989442229270935
51,hand_l,109.47905731201172,-7.365122318267822,209.50079345703125,0.9090863466262817,0.10778570920228958,-0.37866151332855225,0.13623397052288055
51,hand_r,92.54783630371094,89.8736343383789,217.97422790527344,-0.9047322273254395,-0.1317434459924698,0.4022615849971771,0.04784313589334488
51,head,-0.785113513469696,1.0527375936508179,-2.5410056114196777,0.002445371588692069,0.01562468521296978,0.0027270400896668434,0.9998712539672852
51,lowerarm_l,58.77081298828125,38.52912521362305,3.0442397594451904,0.1673564612865448,0.34368664026260376,-0.9240173101425171,0.007971796207129955
51,lowerarm_r,106.19286346435547,64.51245880126953,39.81193161010742,0.49952083826065063,-0.25219666957855225,-0.7340799570083618,0.3847108781337738
51,neck,-20.20574188232422,1.5627142190933228,-0.7587909698486328,0.004073898773640394,0.07562337815761566,0.001188887981697917,0.9971274733543396
51,pelvis,5.290250301361084,0.3526586890220642,-2.174055576324463,0.0010283486917614937,-0.029315253719687462,0.03501775488257408,0.9989561438560486
51,root,0.0,0.0,0.0,-2.1139658201718703e-07,-5.7790373375610216e-08,1.0658141036401503e-14,1.0
51,spine_01,-2.2679052352905273,-0.23156562447547913,-2.3347795009613037,-0.0004268492048140615,0.008226779289543629,0.05033468082547188,0.9986985325813293
51,spine_02,-11.69720458984375,-1.6167173385620117,-1.8017292022705078,-0.0032965363934636116,0.04759420081973076,0.06902318447828293,0.9964736700057983
51,thigh_l,21.403114318847656,-1.4913761615753174,-0.07006139308214188,-0.005455574486404657,-0.1155199483036995,-0.028611525893211365,0.9928780794143677
51,thigh_r,21.720500946044922,1.466604232788086,0.41774287819862366,0.005074133165180683,-0.1268918216228485,0.028033558279275894,0.991507351398468
51,upperarm_l,40.670528411865234,-89.0196533203125,16.67410659790039,-0.14993956685066223,0.15133385360240936,0.9741784930229187,0.0747828558087349
51,upperarm_r,-102.327392578125,98.9008560180664,66.97514343261719,-0.011479866690933704,0.43942633271217346,-0.6398319005966187,0.6303870677947998
52,calf_l,-1.493574857711792,0.1205868348479271,0.10924521088600159,0.0028311475180089474,0.12440945953130722,-0.04172466695308685,0.9913493394851685
52,calf_r,-1.2652289867401123,-0.12515392899513245,0.09585558623075485,-0.003279592376202345,0.11334453523159027,0.04106154292821884,0.992701530456543
52,clavicle_l,-26.693206787109375,-1.7672851085662842,0.43098878860473633,-0.0001848651736509055,0.09870433807373047,0.0708591565489769,0.9925907254219055
52,clavicle_r,-26.044055938720703,-6.0880842208862305,0.43059220910072327,-0.014434890821576118,0.09763596206903458,0.07691748440265656,0.9921404123306274
52,foot_l,1.400397777557373,-0.0915181115269661,-0.02236751839518547,-0.0007377136498689651,8.334976155310869e-05,-0.0458139143884182,0.9989497661590576
52,foot_r,1.4037539958953857,0.08912785351276398,-0.02332894131541252,0.0007941690855659544,0.00011614397953962907,0.04593078792095184,0.9989443421363831
52,hand_l,109.579833984375,-5.034004211425781,209.83102416992188,0.9078897833824158,0.12051676213741302,-0.3771423399448395,0.13775178790092468
52,hand_r,91.5302963256836,92.51870727539062,217.29286193847656,-0.9070907235145569,-0.12439315021038055,0.40049657225608826,0.036266472190618515
52,head,-0.847324013710022,1.0781452655792236,-2.578449249267578,0.0024415566585958004,0.015625443309545517,0.002933416748419404,0.9998706579208374
52,lowerarm_l,57.65260314941406,42.06318664550781,4.043420314788818,0.16378939151763916,0.3534877598285675,-0.920862078666687,0.015250276774168015
52,lowerarm_r,106.83744812011719,66.98686981201172,42.39824295043945,0.5112638473510742,-0.2517600655555725,-0.7230932712554932,0.3903363347053528
52,neck,-20.26800537109375,1.580384612083435,-0.7962346076965332,0.004058544524013996,0.0756239965558052,0.001394459162838757,0.9971271753311157
52,pelvis,5.230057239532471,0.3792315423488617,-2.211451530456543,0.0011061318218708038,-0.029309656471014023,0.03765830397605896,0.9988601803779602
52,root,0.0,0.0,0.0,-2.1139658201718703e-07,-5.7790373375610216e-08,1.0658141036401503e-14,1.0
52,spine_01,-2.323957920074463,-0.24885745346546173,-2.3721516132354736,-0.00045859109377488494,0.008225237019360065,0.05410429462790489,0.9985013604164124
52,spine_02,-11.737764358520508,-1.736644983291626,-1.839125156402588,-0.0035422961227595806,0.04757633060216904,0.07416784018278122,0.9961039423942566
52,thigh_l,21.569576263427734,-1.5042507648468018,-0.06922231614589691,-0.005536299664527178,-0.11650659143924713,-0.028547627851366997,0.9927642345428467
52,thigh_r,21.903608322143555,1.4768898487091064,0.45958325266838074,0.0051246341317892075,-0.1286977380514145,0.02792872115969658,0.991277277469635
52,upperarm_l,41.95534133911133,-86.23676300048828,15.548089027404785,-0.15031714737415314,0.14217619597911835,0.9760758876800537,0.06683366745710373
52,upperarm_r,-104.7170639038086,95.5062255859375,66.44148254394531,-0.01614975556731224,0.43786823749542236,-0.628110408782959,0.6430303454399109
53,calf_l,-1.5140377283096313,0.12040656059980392,0.11136399209499359,0.002813600469380617,0.12540091574192047,-0.04178129509091377,0.9912220239639282
53,calf_r,-1.2686936855316162,-0.1251581609249115,0.09652478992938995,-0.0032917726784944534,0.11350966989994049,0.041068367660045624,0.9926822781562805
53,clavicle_l,-26.73122787475586,-2.04410719871521,0.39298030734062195,-0.0007018031901679933,0.0987025648355484,0.07600317150354385,0.9922100901603699
53,clavicle_r,-26.03750228881836,-6.354946613311768,0.39251479506492615,-0.014935818500816822,0.09756013005971909,0.08205942809581757,0.9917284250259399
53,foot_l,1.3998416662216187,-0.09194119274616241,-0.022232821211218834,-0.0007307479390874505,7.795728015480563e-05,-0.045794256031513214,0.9989506602287292
53,foot_r,1.4034078121185303,0.0894499272108078,-0.023380067199468613,0.0007920840289443731,0.00011288456880720332,0.04591859132051468,0.998944878578186
53,hand_l,109.6292495727539,-2.5445640087127686,210.22096252441406,0.9064595699310303,0.13341379165649414,-0.375440388917923,0.13991546630859375
53,hand_r,90.39397430419922,95.24758911132812,216.53668212890625,-0.9094524383544922,-0.11705460399389267,0.398272305727005,0.023950938135385513
53,head,-0.9109545350074768,1.1038703918457031,-2.616548538208008,0.0024386232253164053,0.015629949048161507,0.0031408057548105717,0.9998699426651001
53,lowerarm_l,56.4671745300293,45.528411865234375,5.0887227058410645,0.16017267107963562,0.36319130659103394,-0.9175702333450317,0.022399039939045906
53,lowerarm_r,107.39773559570312,69.51912689208984,45.05506896972656,0.5230718851089478,-0.2510760724544525,-0.7119055986404419,0.3956603705883026
53,neck,-20.329559326171875,1.5979118347167969,-0.8344650268554688,0.00404269527643919,0.0756218209862709,0.0016012409469112754,0.997127115726471
53,pelvis,5.169652938842773,0.4059485197067261,-2.2491097450256348,0.0011844101827591658,-0.029302645474672318,0.04031335934996605,0.9987566471099854
53,root,0.0,0.0,0.0,-2.1139658201718703e-07,-5.7790373375610216e-08,1.0658141036401503e-14,1.0
53,spine_01,-2.379861354827881,-0.266294926404953,-2.409917116165161,-0.0004907777765765786,0.008224476128816605,0.05789067596197128,0.9982889294624329
53,spine_02,-11.776694297790527,-1.8567783832550049,-1.877140998840332,-0.0037886276841163635,0.04755667224526405,0.07933024317026138,0.9957061409950256
53,thigh_l,21.73477554321289,-1.517587423324585,-0.06884417682886124,-0.005622470751404762,-0.11748319864273071,-0.02848399057984352,0.9926503896713257
53,thigh_r,22.08466911315918,1.487499475479126,0.5016870498657227,0.0051802098751068115,-0.13049361109733582,0.02782364748418331,0.9910452365875244
53,upperarm_l,43.149288177490234,-83.47733306884766,14.48338794708252,-0.15059256553649902,0.13321681320667267,0.977800726890564,0.05900084227323532
53,upperarm_r,-106.90725708007812,92.05320739746094,65.79450225830078,-0.020597893744707108,0.43587520718574524,-0.6163328289985657,0.6555322408676147
54,calf_l,-1.5344476699829102,0.11779551953077316,0.11202525347471237,0.0027757997158914804,0.12635605037212372,-0.04183793067932129,0.9910984039306641
54,calf_r,-1.2718781232833862,-0.12251201272010803,0.09556319564580917,-0.0032825584057718515,0.1136261522769928,0.04107511043548584,0.9926687479019165
54,clavicle_l,-26.764328002929688,-2.3268909454345703,0.35363781452178955,-0.001240102224983275,0.09869425743818283,0.08114626258611679,0.9918031096458435
54,clavicle_r,-26.028644561767578,-6.614731788635254,0.3531925678253174,-0.015414311550557613,0.09748276323080063,0.08720003068447113,0.9912899136543274
54,foot_l,1.3978031873703003,-0.09345638006925583,-0.02185952104628086,-0.0006935292039997876,3.7092646380187944e-05,-0.045720163732767105,0.9989540576934814
54,foot_r,1.4015257358551025,0.09092965722084045,-0.023116102442145348,0.0007564533734694123,6.768621824448928e-05,0.04584724083542824,0.9989481568336487
54,hand_l,109.61966705322266,0.10076463222503662,210.67056274414062,0.9047871232032776,0.14644800126552582,-0.37354621291160583,0.1427469551563263
54,hand_r,89.12562561035156,98.04170989990234,215.71714782714844,-0.9117788672447205,-0.10989659279584885,0.39555174112319946,0.010996376164257526
54,head,-0.9788259863853455,1.1295517683029175,-2.655935287475586,0.002435583621263504,0.015647005289793015,0.0033484206069260836,0.9998689889907837
54,lowerarm_l,55.22639846801758,48.915225982666016,6.177814960479736,0.15653270483016968,0.3727872371673584,-0.9141464829444885,0.02938702516257763
54,lowerarm_r,107.87461853027344,72.08429718017578,47.77571487426758,0.5348902940750122,-0.250184565782547,-0.7005760073661804,0.4006161093711853
54,neck,-20.388111114501953,1.615243911743164,-0.8743643760681152,0.0040262602269649506,0.07560992985963821,0.001808346132747829,0.9971277117729187
54,pelvis,5.107332229614258,0.43295562267303467,-2.286285161972046,0.0012645866954699159,-0.029284631833434105,0.04297273978590965,0.9986461997032166
54,root,0.0,0.0,0.0,-2.1139658201718703e-07,-5.7790373375610216e-08,1.0658141036401503e-14,1.0
54,spine_01,-2.435823917388916,-0.2839377522468567,-2.447783946990967,-0.0005237737786956131,0.008226824924349785,0.06167936697602272,0.9980620741844177
54,spine_02,-11.81325626373291,-1.9766496419906616,-1.9160866737365723,-0.004034928046166897,0.04753336310386658,0.08449078351259232,0.9952816963195801
54,thigh_l,21.89191436767578,-1.5327399969100952,-0.07010984420776367,-0.005725614260882139,-0.11841089278459549,-0.02842002548277378,0.9925413727760315
54,thigh_r,22.255748748779297,1.5000170469284058,0.5423611402511597,0.005253321025520563,-0.1322300285100937,0.027719393372535706,0.9908174872398376
54,upperarm_l,44.25050735473633,-80.7662582397461,13.48597240447998,-0.15077465772628784,0.1245264858007431,0.9793492555618286,0.051334016025066376
54,upperarm_r,-108.88373565673828,88.576171875,65.04112243652344,-0.0247784536331892,0.4334734082221985,-0.6045694947242737,0.6678193807601929
55,calf_l,-1.5554523468017578,0.12087944149971008,0.11605709046125412,0.0027781936805695295,0.1274140328168869,-0.04189583659172058,0.9909605383872986
55,calf_r,-1.2756826877593994,-0.12612925469875336,0.09827311336994171,-0.0033165242057293653,0.1138528361916542,0.04108327627182007,0.9926422834396362
55,clavicle_l,-26.797046661376953,-2.5911335945129395,0.31671175360679626,-0.001717015402391553,0.09868927299976349,0.08626776188611984,0.9913705587387085
55,clavicle_r,-26.014019012451172,-6.890033721923828,0.3163565993309021,-0.015949897468090057,0.09739986062049866,0.09231819957494736,0.9908260703086853
55,foot_l,1.3993585109710693,-0.09216680377721786,-0.021875079721212387,-0.0007207380840554833,8.032904588617384e-05,-0.04578080400824547,0.998951256275177
55,foot_r,1.4034546613693237,0.08930263668298721,-0.023173438385128975,0.0007905776728875935,0.00012105906353099272,0.045923564583063126,0.9989446401596069
55,hand_l,109.5422134399414,2.895902156829834,211.1793212890625,0.9028670191764832,0.15958000719547272,-0.3714487552642822,0.14625796675682068
55,hand_r,87.70759582519531,100.88409423828125,214.84942626953125,0.9140307307243347,0.10312768816947937,-0.3923090994358063,0.002483971882611513
55,head,-1.0333623886108398,1.154801368713379,-2.692711353302002,0.0024317854549735785,0.01562741957604885,0.0035549686290323734,0.999868631362915
55,lowerarm_l,53.94355010986328,52.21833038330078,7.309398174285889,0.15289956331253052,0.3822787404060364,-0.9105908870697021,0.036180127412080765
55,lowerarm_r,108.27375793457031,74.6566390991211,50.55645751953125,0.5466770529747009,-0.2491353452205658,-0.6891603469848633,0.405134379863739
55,neck,-20.45457649230957,1.6332824230194092,-0.9104728698730469,0.004012666642665863,0.07562673091888428,0.0020143534056842327,0.9971261024475098
55,pelvis,5.0507612228393555,0.4593304395675659,-2.325749397277832,0.0013406005455181003,-0.029291443526744843,0.04563045874238014,0.998528003692627
55,root,0.0,0.0,0.0,-2.1139658201718703e-07,-5.7790373375610216e-08,1.0658141036401503e-14,1.0
55,spine_01,-2.489335298538208,-0.30109715461730957,-2.4863839149475098,-0.0005550378700718284,0.008220857940614223,0.06545611470937729,0.9978214502334595
55,spine_02,-11.849906921386719,-2.0962448120117188,-1.9533634185791016,-0.004280776716768742,0.04751582816243172,0.0896303579211235,0.994831919670105
55,thigh_l,22.068004608154297,-1.543595314025879,-0.0681828036904335,-0.005795939359813929,-0.11944394558668137,-0.0283548291772604,0.9924190640449524
55,thigh_r,22.447416305541992,1.5077482461929321,0.5877940058708191,0.005291458684951067,-0.13408340513706207,0.027613777667284012,0.990571141242981
55,upperarm_l,45.25840759277344,-78.12744903564453,12.559196472167969,-0.15087448060512543,0.11616956442594528,0.9807218909263611,0.04388756304979324
55,upperarm_r,-110.63546752929688,85.11066436767578,64.18744659423828,-0.02864202857017517,0.4306899905204773,-0.5928916335105896,0.6798274517059326
56,calf_l,-1.575909972190857,0.11987365037202835,0.11771484464406967,0.0027482255827635527,0.12839661538600922,-0.041953615844249725,0.9908313155174255
56,calf_r,-1.278905987739563,-0.12525621056556702,0.09827785938978195,-0.003315672744065523,0.1139967069029808,0.04108985513448715,0.9926255345344543
56,clavicle_l,-26.823715209960938,-2.8663272857666016,0.27768364548683167,-0.002235760446637869,0.09867676347494125,0.0913478210568428,0.9909154772758484
56,clavicle_r,-25.998294830322266,-7.149532318115234,0.27733075618743896,-0.016436059027910233,0.09731755405664444,0.09739574044942856,0.9903400540351868
56,foot_l,1.3984311819076538,-0.09277895838022232,-0.02146257273852825,-0.000699673022609204,6.695606862194836e-05,-0.04574811831116676,0.9989528656005859
56,foot_r,1.402743935585022,0.08974675834178925,-0.022855006158351898,0.0007717396365478635,0.0001073950479621999,0.045896369963884354,0.998945951461792
56,hand_l,109.38998413085938,5.833621501922607,211.74354553222656,0.9006916880607605,0.17278644442558289,-0.36914145946502686,0.1504458636045456
56,hand_r,86.12910461425781,103.75630950927734,213.94639587402344,0.9161754846572876,0.09691797941923141,-0.38853758573532104,0.0163690447807312
56,head,-1.0971453189849854,1.18011474609375,-2.731752395629883,0.0024289623834192753,0.015636051073670387,0.0037595222238451242,0.9998677372932434
56,lowerarm_l,52.63194274902344,55.4295654296875,8.480696678161621,0.14930008351802826,0.3916553556919098,-0.9069113731384277,0.042748093605041504
56,lowerarm_r,108.59909057617188,77.2113265991211,53.38886260986328,0.5583766102790833,-0.24797014892101288,-0.6777255535125732,0.409163236618042
56,neck,-20.513715744018555,1.6502492427825928,-0.9497761726379395,0.003996277693659067,0.07562079280614853,0.0022182357497513294,0.9971262216567993
56,pelvis,4.991530418395996,0.4859422445297241,-2.3637473583221436,0.0014189606299623847,-0.02928108349442482,0.04827209562063217,0.9984039664268494
56,root,0.0,0.0,0.0,-2.1139658201718703e-07,-5.7790373375610216e-08,1.0658141036401503e-14,1.0
56,spine_01,-2.5428824424743652,-0.31835755705833435,-2.524709701538086,-0.0005868662847205997,0.008220471441745758,0.06920682638883591,0.9975683689117432
56,spine_02,-11.882950782775879,-2.2144052982330322,-1.9922256469726562,-0.004524085205048323,0.04749139025807381,0.09472773224115372,0.9943594932556152
56,thigh_l,22.228851318359375,-1.5574575662612915,-0.06885570287704468,-0.005892861168831587,-0.12038560211658478,-0.028290973976254463,0.9923065900802612
56,thigh_r,22.62135124206543,1.518681287765503,0.6301499009132385,0.005357608664780855,-0.13582567870616913,0.02750980667769909,0.9903362989425659
56,upperarm_l,46.17517852783203,-75.58488464355469,11.706672668457031,-0.15090450644493103,0.10821035504341125,0.9819220304489136,0.03670778498053551
56,upperarm_r,-112.15818786621094,81.69136047363281,63.24470138549805,-0.032155293971300125,0.42756620049476624,-0.5813713073730469,0.6914916634559631
57,calf_l,-1.5964199304580688,0.12023227661848068,0.12007169425487518,0.0027265737298876047,0.12939922511577606,-0.042011670768260956,0.9906984567642212
57,calf_r,-1.2822630405426025,-0.12576040625572205,0.09903549402952194,-0.003322526579722762,0.11416597664356232,0.04109782725572586,0.9926057457923889
57,clavicle_l,-26.84819793701172,-3.1336703300476074,0.23949414491653442,-0.002733005676418543,0.09866559505462646,0.09636837989091873,0.9904397130012512
57,clavicle_r,-25.979021072387695,-7.409952640533447,0.2391519546508789,-0.01693195477128029,0.09723372012376785,0.10241364687681198,0.9898335337638855
57,foot_l,1.398378610610962,-0.09263474494218826,-0.02115759067237377,-0.0006907650968059897,7.138634828152135e-05,-0.04574764519929886,0.9989528059959412
57,foot_r,1.4029507637023926,0.08947232365608215,-0.02261964976787567,0.0007674784865230322,0.000115338341856841,0.045905470848083496,0.9989455342292786
57,hand_l,109.15503692626953,8.90580940246582,212.35971069335938,0.8982557058334351,0.1860303431749344,-0.36661699414253235,0.15531040728092194
57,hand_r,84.3746566772461,106.64202880859375,213.02423095703125,0.9181801080703735,0.09147878736257553,-0.3842461407184601,0.03052687831223011
57,head,-1.1566102504730225,1.2049915790557861,-2.7700424194335938,0.002426007529720664,0.01563539355993271,0.003962575923651457,0.9998670816421509
57,lowerarm_l,51.306182861328125,58.5463752746582,9.690755844116211,0.14576493203639984,0.4009239375591278,-0.9031088352203369,0.049061570316553116
57,lowerarm_r,108.85933685302734,79.72415924072266,56.267791748046875,0.5699484944343567,-0.24673780798912048,-0.6663325428962708,0.4126502573490143
57,neck,-20.574094772338867,1.667418360710144,-0.988006591796875,0.003981722053140402,0.07562272250652313,0.00242102169431746,0.9971256256103516
57,pelvis,4.934551239013672,0.5121021270751953,-2.402210235595703,0.0014953133650124073,-0.029276063665747643,0.050891246646642685,0.9982739090919495
57,root,0.0,0.0,0.0,-2.1139658201718703e-07,-5.7790373375610216e-08,1.0658141036401503e-14,1.0
57,spine_01,-2.5947983264923096,-0.33540865778923035,-2.56306529045105,-0.0006183235673233867,0.008218428120017052,0.0729181244969368,0.9973039031028748
57,spine_02,-11.914485931396484,-2.3310554027557373,-2.030491828918457,-0.004764374811202288,0.047468461096286774,0.09976603090763092,0.9938666820526123
57,thigh_l,22.392711639404297,-1.570197582244873,-0.0690133273601532,-0.0059828078374266624,-0.12134047597646713,-0.028227297589182854,0.9921914935112
57,thigh_r,22.79798698425293,1.5283960103988647,0.6734817028045654,0.005416767206043005,-0.13757416605949402,0.027406468987464905,0.9900974035263062
57,upperarm_l,47.00480270385742,-73.15972900390625,10.929433822631836,-0.15088176727294922,0.1007024273276329,0.9829562306404114,0.02984491176903248
57,upperarm_r,-113.45046997070312,78.35228729248047,62.22205352783203,-0.03527938947081566,0.424140602350235,-0.5700767636299133,0.7027606964111328
58,calf_l,-1.6167033910751343,0.11911438405513763,0.12162358313798904,0.002691853092983365,0.1303725242614746,-0.04206947982311249,0.9905685186386108
58,calf_r,-1.285455584526062,-0.12479466199874878,0.09889553487300873,-0.0033166257198899984,0.11430966854095459,0.04110568016767502,0.9925889372825623
58,clavicle_l,-26.86854362487793,-3.4002058506011963,0.20097605884075165,-0.0032350998371839523,0.09865155816078186,0.10130827873945236,0.9899464845657349
58,clavicle_r,-25.957176208496094,-7.661835670471191,0.20044288039207458,-0.017407001927495003,0.09714824706315994,0.10735053569078445,0.9893104434013367
58,foot_l,1.3973383903503418,-0.09357740730047226,-0.021261952817440033,-0.0006856428226456046,5.6708169722696766e-05,-0.04571092128753662,0.9989544749259949
58,foot_r,1.4021327495574951,0.09029945731163025,-0.022831063717603683,0.0007664391305297613,9.978736488847062e-05,0.04587388038635254,0.9989469647407532
58,hand_l,108.83090209960938,12.102018356323242,213.02215576171875,0.8955534100532532,0.19927944242954254,-0.36387237906455994,0.16083736717700958
58,hand_r,82.43501281738281,109.52527618408203,212.0948028564453,0.9200194478034973,0.08697035908699036,-0.3794603645801544,0.04483536630868912
58,head,-1.2171049118041992,1.2293213605880737,-2.808690071105957,0.0024226431269198656,0.015641208738088608,0.004161610268056393,0.9998661279678345
58,lowerarm_l,49.98143005371094,61.56494140625,10.937969207763672,0.14232516288757324,0.41008344292640686,-0.8991886973381042,0.05508936569094658
58,lowerarm_r,109.06210327148438,82.17105865478516,59.183597564697266,0.5813412666320801,-0.2454828917980194,-0.6550518274307251,0.41555705666542053
58,neck,-20.63149070739746,1.6839230060577393,-1.0268807411193848,0.003966083750128746,0.07561872154474258,0.0026193116791546345,0.997125506401062
58,pelvis,4.87777853012085,0.5381791591644287,-2.4400830268859863,0.0015723431715741754,-0.029265286400914192,0.05347609519958496,0.998138964176178
58,root,0.0,0.0,0.0,-2.1139658201718703e-07,-5.7790373375610216e-08,1.0658141036401503e-14,1.0
58,spine_01,-2.645397424697876,-0.3523549437522888,-2.6012122631073,-0.0006499388255178928,0.008217588998377323,0.07657535374164581,0.997029721736908
58,spine_02,-11.943225860595703,-2.445763349533081,-2.0690202713012695,-0.005001426674425602,0.0474427193403244,0.10472384840250015,0.9933565855026245
58,thigh_l,22.550079345703125,-1.5838874578475952,-0.07023171335458755,-0.006082730833441019,-0.12225378304719925,-0.028164029121398926,0.992080569267273
58,thigh_r,22.96668243408203,1.5390545129776,0.7154099941253662,0.0054861558601260185,-0.13926318287849426,0.027304871007800102,0.9898637533187866
58,upperarm_l,47.75238037109375,-70.8722152709961,10.228087425231934,-0.15082304179668427,0.09369587898254395,0.9838334918022156,0.02334798499941826
58,upperarm_r,-114.51611328125,75.1264419555664,61.13217544555664,-0.03798826411366463,0.4204619228839874,-0.5590802431106567,0.7135811448097229
59,calf_l,-1.6368948221206665,0.1192743182182312,0.12390327453613281,0.002665228908881545,0.1313583254814148,-0.04212705045938492,0.9904358983039856
59,calf_r,-1.2888567447662354,-0.12520785629749298,0.09952818602323532,-0.0033186785876750946,0.1144791841506958,0.04111434146761894,0.9925689697265625
59,clavicle_l,-26.8854923248291,-3.65795636177063,0.163108691573143,-0.003715994767844677,0.09863536804914474,0.10614992678165436,0.989439070224762
59,clavicle_r,-25.932008743286133,-7.911367893218994,0.1625727117061615,-0.0178835466504097,0.09706149250268936,0.11218971759080887,0.9887733459472656
59,foot_l,1.397281527519226,-0.09336380660533905,-0.020738597959280014,-0.0006712637841701508,6.283896800596267e-05,-0.04571113735437393,0.9989544749259949
59,foot_r,1.4023356437683105,0.08985669910907745,-0.02231099270284176,0.0007544063264504075,0.00010986377310473472,0.04588412120938301,0.998946487903595
59,hand_l,109.81688690185547,15.77478313446045,212.08563232421875,0.8892284631729126,0.23176130652427673,-0.36165109276771545,0.1573791354894638
59,hand_r,80.2992935180664,112.39157104492188,211.17105102539062,0.9216726422309875,0.08355712890625,-0.3742138743400574,0.05917563661932945
59,head,-1.274206519126892,1.2532027959823608,-2.846658229827881,0.0024197290185838938,0.01564205251634121,0.004357676021754742,0.9998652338981628
59,lowerarm_l,48.867427825927734,63.72936248779297,11.81145191192627,0.13941486179828644,0.41597700119018555,-0.896611213684082,0.06012434884905815
59,lowerarm_r,109.21753692626953,84.52961730957031,62.127071380615234,0.5925098061561584,-0.244248628616333,-0.6439535021781921,0.41785019636154175
59,neck,-20.688730239868164,1.7002601623535156,-1.0648131370544434,0.003951640333980322,0.07561975717544556,0.0028149764984846115,0.9971249103546143
59,pelvis,4.823877334594727,0.5636988878250122,-2.4780869483947754,0.0016472582938149571,-0.02926016040146351,0.05601966753602028,0.9979994893074036
59,root,0.0,0.0,0.0,-2.1139658201718703e-07,-5.7790373375610216e-08,1.0658141036401503e-14,1.0
59,spine_01,-2.69389271736145,-0.3688886761665344,-2.6391446590423584,-0.0006805741577409208,0.008215278387069702,0.08016514033079147,0.996747612953186
59,spine_02,-11.96999454498291,-2.557941436767578,-2.106904983520508,-0.005233238451182842,0.04741782322525978,0.10958239436149597,0.9928323030471802
59,thigh_l,22.70896339416504,-1.596471905708313,-0.07099457830190659,-0.006175484508275986,-0.1231706365942955,-0.028101764619350433,0.9919683337211609
59,thigh_r,23.136749267578125,1.5484685897827148,0.7579089403152466,0.0055481321178376675,-0.1409444808959961,0.027204986661672592,0.9896281957626343
59,upperarm_l,48.46078872680664,-68.43073272705078,9.504159927368164,-0.15083664655685425,0.08611635863780975,0.9846478700637817,0.017351115122437477
59,upperarm_r,-115.36237335205078,72.04541778564453,59.98784255981445,-0.04025599732995033,0.4165816307067871,-0.5484502911567688,0.7239071726799011
60,calf_l,-1.6570333242416382,0.12059149146080017,0.12680862843990326,0.0026461773086339235,0.1323561817407608,-0.04218503087759018,0.990300714969635
60,calf_r,-1.2925382852554321,-0.12682518362998962,0.10090132802724838,-0.003327386686578393,0.11467789858579636,0.04112338647246361,0.9925456047058105
60,clavicle_l,-26.89926528930664,-3.9037420749664307,0.12631870806217194,-0.0041666654869914055,0.09861665219068527,0.11087386310100555,0.9889209270477295
60,clavicle_r,-25.90337371826172,-8.159500122070312,0.12589982151985168,-0.01836676150560379,0.09697351604700089,0.11690958589315414,0.9882261753082275
60,foot_l,1.397773027420044,-0.093155637383461,-0.02109481208026409,-0.000695644470397383,8.138052362482995e-05,-0.04573138430714607,0.9989535808563232
60,foot_r,1.4030804634094238,0.0894315093755722,-0.02277212217450142,0.0007873639697209001,0.00013645323633681983,0.04591600224375725,0.9989449977874756
60,hand_l,109.28527069091797,19.225305557250977,212.82443237304688,0.8856993913650513,0.24485543370246887,-0.35862958431243896,0.1642169952392578
60,hand_r,77.9638671875,115.22747039794922,210.25851440429688,0.9231192469596863,0.0813492015004158,-0.36856237053871155,0.07345061749219894
60,head,-1.3246129751205444,1.2762655019760132,-2.8831839561462402,0.0024163099005818367,0.01562916487455368,0.004549205303192139,0.9998646974563599
60,lowerarm_l,47.59785079956055,66.55614471435547,13.113787651062012,0.1362651139497757,0.42494264245033264,-0.8925033807754517,0.06552330404520035
60,lowerarm_r,109.33572387695312,86.77669525146484,65.08489990234375,0.6033989787101746,-0.2430793046951294,-0.6331151127815247,0.41950854659080505
60,neck,-20.74705696105957,1.7165164947509766,-1.1008977890014648,0.003938727080821991,0.07563100010156631,0.003005686216056347,0.9971235990524292
60,pelvis,4.772855758666992,0.5883915424346924,-2.5163352489471436,0.0017188085475936532,-0.02925960347056389,0.05851165950298309,0.9978563785552979
60,root,0.0,0.0,0.0,-2.1139658201718703e-07,-5.7790373375610216e-08,1.0658141036401503e-14,1.0
60,spine_01,-2.739931344985962,-0.38479870557785034,-2.676832675933838,-0.0007095520268194377,0.0082106227055192,0.08367215842008591,0.9964593648910522
60,spine_02,-11.994922637939453,-2.66748309135437,-2.14383602142334,-0.0054601384326815605,0.047394659370183945,0.1143217459321022,0.9922975897789001
60,thigh_l,22.869277954101562,-1.6080381870269775,-0.0713791698217392,-0.006261645816266537,-0.12409086525440216,-0.028040071949362755,0.9918548464775085
60,thigh_r,23.308382034301758,1.5568197965621948,0.8007751703262329,0.005604007747024298,-0.142616868019104,0.02710578590631485,0.9893909692764282
60,upperarm_l,49.05952072143555,-66.47740936279297,8.957870483398438,-0.15074986219406128,0.08026674389839172,0.9852383732795715,0.011708134785294533
60,upperarm_r,-116.00013732910156,69.13919067382812,58.803367614746094,-0.04206699877977371,0.4125560224056244,-0.5382605195045471,0.7336917519569397
61,calf_l,-1.6766425371170044,0.12013059854507446,0.12867853045463562,0.0026123328134417534,0.13330569863319397,-0.04224168136715889,0.990170955657959
61,calf_r,-1.2959439754486084,-0.12648996710777283,0.10103443264961243,-0.0033199579920619726,0.1148407980799675,0.04113256558775902,0.9925264120101929
61,clavicle_l,-26.90909194946289,-4.149831295013428,0.08911196887493134,-0.004630323499441147,0.0985976830124855,0.11545875668525696,0.9883958697319031
61,clavicle_r,-25.873750686645508,-8.392583847045898,0.0885772705078125,-0.018810473382472992,0.09688723087310791,0.1214919164776802,0.9876735210418701
61,foot_l,1.3973076343536377,-0.09328252822160721,-0.020619932562112808,-0.0006795183289796114,7.955318869790062e-05,-0.04571724683046341,0.998954176902771
61,foot_r,1.4029079675674438,0.08941274136304855,-0.022346198558807373,0.0007733072270639241,0.00013599827070720494,0.04591008275747299,0.9989452958106995
61,hand_l,108.64795684814453,22.759307861328125,213.58680725097656,0.881898045539856,0.2578401267528534,-0.35540252923965454,0.17164891958236694
61,hand_r,75.42920684814453,118.01817321777344,209.36155700683594,0.9243453145027161,0.08041387051343918,-0.36256083846092224,0.08757283538579941
61,head,-1.378930687904358,1.2987210750579834,-2.9205322265625,0.0024134439881891012,0.01563364267349243,0.004734099842607975,0.9998636841773987
61,lowerarm_l,46.374717712402344,69.2787094116211,14.448797225952148,0.13330240547657013,0.4337972402572632,-0.8882976174354553,0.07055368274450302
61,lowerarm_r,109.42678833007812,88.89012908935547,68.0405502319336,0.6139487624168396,-0.24201346933841705,-0.6226217746734619,0.42052173614501953
61,neck,-20.799095153808594,1.7317582368850708,-1.1383891105651855,0.003924662247300148,0.07562825828790665,0.003190154442563653,0.9971232414245605
61,pelvis,4.722628593444824,0.6127732992172241,-2.5532424449920654,0.0017906291177496314,-0.029252072796225548,0.06094077602028847,0.9977110624313354
61,root,0.0,0.0,0.0,-2.1139658201718703e-07,-5.7790373375610216e-08,1.0658141036401503e-14,1.0
61,spine_01,-2.784193277359009,-0.40053021907806396,-2.713865041732788,-0.0007387090590782464,0.008208784274756908,0.08708366751670837,0.9961668848991394
61,spine_02,-12.016483306884766,-2.773407220840454,-2.181065082550049,-0.005679728928953409,0.04736822098493576,0.11892297118902206,0.9917566776275635
61,thigh_l,23.019529342651367,-1.620627760887146,-0.07313887774944305,-0.0063583203591406345,-0.1249471977353096,-0.027980349957942963,0.9917483925819397
61,thigh_r,23.468164443969727,1.5663551092147827,0.8411824703216553,0.005671800579875708,-0.14419712126255035,0.0270099975168705,0.9891640543937683
61,upperarm_l,49.597755432128906,-64.70873260498047,8.483290672302246,-0.15068313479423523,0.07502499967813492,0.9857093095779419,0.0065621803514659405
61,upperarm_r,-116.44461059570312,66.43561553955078,57.59614562988281,-0.043414220213890076,0.4084506332874298,-0.5285837054252625,0.7428879737854004
62,calf_l,-1.6959000825881958,0.11914435029029846,0.13018912076950073,0.0025738629046827555,0.13423550128936768,-0.04229830950498581,0.9900429844856262
62,calf_r,-1.2994836568832397,-0.1255786120891571,0.10080377012491226,-0.003307011676952243,0.11500393599271774,0.041142404079437256,0.9925072193145752
62,clavicle_l,-26.91424560546875,-4.386991500854492,0.052313610911369324,-0.005077775567770004,0.0985729768872261,0.11988814920186996,0.9878686666488647
62,clavicle_r,-25.842329025268555,-8.617236137390137,0.05189017951488495,-0.019239157438278198,0.0968024879693985,0.12591789662837982,0.9871189594268799
62,foot_l,1.3965144157409668,-0.0939662829041481,-0.02060641720890999,-0.0006719600642099977,6.940972525626421e-05,-0.045688971877098083,0.9989555478096008
62,foot_r,1.402293086051941,0.09002718329429626,-0.022459007799625397,0.0007704654126428068,0.00012578007590491325,0.04588736966252327,0.9989463090896606
62,hand_l,107.90121459960938,26.36322593688965,214.36386108398438,0.8778253197669983,0.2706708312034607,-0.35197436809539795,0.17965027689933777
62,hand_r,72.69873809814453,120.75090026855469,208.47947692871094,0.9253344535827637,0.08079102635383606,-0.3562735915184021,0.10147981345653534
62,head,-1.4303408861160278,1.3202269077301025,-2.9572129249572754,0.0024102102033793926,0.015636952593922615,0.004913628101348877,0.999862790107727
62,lowerarm_l,45.21367645263672,71.89625549316406,15.814826965332031,0.13055826723575592,0.44253796339035034,-0.8840027451515198,0.07519222795963287
62,lowerarm_r,109.50341033935547,90.84757995605469,70.97586059570312,0.6240989565849304,-0.24109502136707306,-0.6125599145889282,0.4208848476409912
62,neck,-20.848995208740234,1.7464529275894165,-1.1751651763916016,0.003911138977855444,0.07562670111656189,0.0033692799042910337,0.9971228837966919
62,pelvis,4.67446231842041,0.6364333033561707,-2.5894999504089355,0.0018604715587571263,-0.02924252860248089,0.06329819560050964,0.997564435005188
62,root,0.0,0.0,0.0,-2.1139658201718703e-07,-5.7790373375610216e-08,1.0658141036401503e-14,1.0
62,spine_01,-2.8261070251464844,-0.4157967269420624,-2.7502119541168213,-0.0007670918712392449,0.008207703940570354,0.0903850793838501,0.9958727955818176
62,spine_02,-12.035429000854492,-2.8755946159362793,-2.2176742553710938,-0.005892040207982063,0.04734160751104355,0.12336708605289459,0.9912137389183044
62,thigh_l,23.16516876220703,-1.6334004402160645,-0.07549917697906494,-0.006457694806158543,-0.12577135860919952,-0.027921710163354874,0.9916452169418335
62,thigh_r,23.62244415283203,1.5760581493377686,0.8801149129867554,0.0057426877319812775,-0.14572079479694366,0.02691640704870224,0.9889428615570068
62,upperarm_l,50.08283233642578,-63.1350212097168,8.078042984008789,-0.15065349638462067,0.07041209191083908,0.9860739707946777,0.0019518273184075952
62,upperarm_r,-116.71337127685547,63.960723876953125,56.38325119018555,-0.044295407831668854,0.40433216094970703,-0.5194963216781616,0.7514499425888062
63,calf_l,-1.7149537801742554,0.11962945759296417,0.1325555145740509,0.002545712050050497,0.13517212867736816,-0.042353879660367966,0.9899132251739502
63,calf_r,-1.3033292293548584,-0.12636326253414154,0.10155443847179413,-0.0033045571763068438,0.11520203202962875,0.04115290194749832,0.9924837946891785
63,clavicle_l,-26.918277740478516,-4.609860420227051,0.017164863646030426,-0.005490926560014486,0.09855259209871292,0.12414031475782394,0.9873431324958801
63,clavicle_r,-25.808238983154297,-8.837020874023438,0.01672334596514702,-0.019666602835059166,0.09671800583600998,0.13016721606254578,0.986567497253418
63,foot_l,1.3966974020004272,-0.09379757195711136,-0.0205181036144495,-0.000675666204188019,8.002301183296368e-05,-0.045697446912527084,0.9989551305770874
63,foot_r,1.402735948562622,0.08960577845573425,-0.022412322461605072,0.0007791489479131997,0.00014221113815438002,0.045906007289886475,0.9989454746246338
63,hand_l,107.044921875,30.018346786499023,215.14389038085938,0.8734849691390991,0.2833060920238495,-0.3483586609363556,0.18817037343978882
63,hand_r,69.78109741210938,123.41249084472656,207.6077880859375,0.926071047782898,0.08247330039739609,-0.3497658669948578,0.1151280626654625
63,head,-1.4754928350448608,1.3409173488616943,-2.9923439025878906,0.002407422987744212,0.01563040167093277,0.005085478071123362,0.999862015247345
63,lowerarm_l,44.13066482543945,74.4063949584961,17.209152221679688,0.12806589901447296,0.4511542320251465,-0.8796321153640747,0.07941380143165588
63,lowerarm_r,109.57868194580078,92.62627410888672,73.86912536621094,0.633782148361206,-0.24036744236946106,-0.6030237674713135,0.4206019937992096
63,neck,-20.898284912109375,1.7606780529022217,-1.2101292610168457,0.0038987300358712673,0.07563267648220062,0.003540625562891364,0.9971218705177307
63,pelvis,4.630387783050537,0.6590650081634521,-2.625548839569092,0.0019265154842287302,-0.02923937514424324,0.0655757486820221,0.9974172711372375
63,root,0.0,0.0,0.0,-2.1139658201718703e-07,-5.7790373375610216e-08,1.0658141036401503e-14,1.0
63,spine_01,-2.8647191524505615,-0.43021631240844727,-2.785968780517578,-0.0007932974258437753,0.008203854784369469,0.09356270730495453,0.9955793023109436
63,spine_02,-12.052312850952148,-2.9737205505371094,-2.252984046936035,-0.006096133962273598,0.047317180782556534,0.12763366103172302,0.990673303604126
63,thigh_l,23.31122589111328,-1.6447503566741943,-0.07737935334444046,-0.006546936929225922,-0.12659142911434174,-0.027864880859851837,0.9915419220924377
63,thigh_r,23.777414321899414,1.5842616558074951,0.919013261795044,0.005803873296827078,-0.1472208946943283,0.026825571432709694,0.9887228012084961
63,upperarm_l,50.52194595336914,-61.763797760009766,7.739217758178711,0.15067826211452484,-0.06643832474946976,-0.986345648765564,0.002084846142679453
63,upperarm_r,-116.8265609741211,61.73854064941406,55.183494567871094,-0.044715918600559235,0.400272399187088,-0.5110777020454407,0.7593300938606262
64,calf_l,-1.7334710359573364,0.11871564388275146,0.13403922319412231,0.0025064481887966394,0.13606351613998413,-0.042408764362335205,0.9897889494895935
64,calf_r,-1.3071403503417969,-0.12553317844867706,0.10127462446689606,-0.003288993379101157,0.11537820845842361,0.04116376116871834,0.9924629926681519
64,clavicle_l,-26.91736602783203,-4.827733516693115,-0.018037784844636917,-0.00590427964925766,0.09852756559848785,0.12819789350032806,0.986824631690979
64,clavicle_r,-25.77398681640625,-9.040830612182617,-0.018480461090803146,-0.020055484026670456,0.09663720428943634,0.13422131538391113,0.9860242009162903
64,foot_l,1.3959417343139648,-0.09428676962852478,-0.020307540893554688,-0.0006635260069742799,7.136379281291738e-05,-0.0456729456782341,0.9989562630653381
64,foot_r,1.4022305011749268,0.08995723724365234,-0.02230345644056797,0.0007695963722653687,0.00013261201092973351,0.04588724300265312,0.9989463686943054
64,hand_l,107.39073944091797,34.33145523071289,214.27294921875,0.8637256622314453,0.3145673871040344,-0.34616103768348694,0.18761160969734192
64,hand_r,66.69232177734375,125.98743438720703,206.74002075195312,0.9265409111976624,0.08540694415569305,-0.3431037962436676,0.12848126888275146
64,head,-1.5218303203582764,1.3607194423675537,-3.027617931365967,0.0024051289074122906,0.015636201947927475,0.0052499533630907536,0.9998611807823181
64,lowerarm_l,43.3388786315918,76.10088348388672,18.14171600341797,0.1262122392654419,0.456533282995224,-0.8768181204795837,0.08269140869379044
64,lowerarm_r,109.66629028320312,94.2037582397461,76.69477844238281,0.6429251432418823,-0.23987483978271484,-0.5941106677055359,0.4196903705596924
64,neck,-20.94180679321289,1.7739988565444946,-1.2454748153686523,0.0038862365763634443,0.07562968134880066,0.0037044864147901535,0.9971216320991516
64,pelvis,4.588043212890625,0.6810511350631714,-2.660137414932251,0.001991698984056711,-0.02922988310456276,0.06776181608438492,0.9972712993621826
64,root,0.0,0.0,0.0,-2.1139658201718703e-07,-5.7790373375610216e-08,1.0658141036401503e-14,1.0
64,spine_01,-2.900869131088257,-0.4443705081939697,-2.8207600116729736,-0.0008198505383916199,0.008202949538826942,0.0966021940112114,0.9952890276908875
64,spine_02,-12.065858840942383,-3.0669596195220947,-2.2881150245666504,-0.0062902928330004215,0.04729070886969566,0.13170485198497772,0.9901403784751892
64,thigh_l,23.447601318359375,-1.656833291053772,-0.08051551133394241,-0.006643741857260466,-0.1273488700389862,-0.02781003713607788,0.991445779800415
64,thigh_r,23.921281814575195,1.5933917760849,0.955046534538269,0.00587400421500206,-0.14862456917762756,0.026738831773400307,0.98851478099823
64,upperarm_l,50.938446044921875,-60.309452056884766,7.38519287109375,0.1507876217365265,-0.0620979480445385,-0.9865980744361877,0.0055865212343633175
64,upperarm_r,-116.80767822265625,59.789329528808594,54.01780700683594,-0.04469457268714905,0.39634969830513,-0.5034070014953613,0.7664794325828552
65,calf_l,-1.751417636871338,0.11713279038667679,0.13512419164180756,0.0024621104821562767,0.13692185282707214,-0.042462095618247986,0.9896683096885681
65,calf_r,-1.311131238937378,-0.12384092062711716,0.10058742761611938,-0.0032662120647728443,0.11555217206478119,0.041175477206707,0.99244225025177
65,clavicle_l,-26.91303253173828,-5.036233901977539,-0.05262312293052673,-0.006303776055574417,0.09850142896175385,0.13204124569892883,0.9863178133964539
65,clavicle_r,-25.738784790039062,-9.231086730957031,-0.05318570137023926,-0.020415600389242172,0.09655816853046417,0.13806091248989105,0.9854942560195923
65,foot_l,1.3948302268981934,-0.09506852179765701,-0.02001808024942875,-0.0006443824386224151,5.4254254791885614e-05,-0.0456341914832592,0.9989581108093262
65,foot_r,1.4012037515640259,0.0907641351222992,-0.022138729691505432,0.0007518571801483631,0.00011206388444406912,0.04585019499063492,0.9989480376243591
65,hand_l,106.30880737304688,38.06394958496094,215.02256774902344,0.8586052060127258,0.3266201913356781,-0.34246376156806946,0.19706574082374573
65,hand_r,63.450782775878906,128.4623565673828,205.86610412597656,0.9267281889915466,0.0895145907998085,-0.33635184168815613,0.1415259838104248
65,head,-1.5663143396377563,1.3794151544570923,-3.0621767044067383,0.002403060905635357,0.015646420419216156,0.005405880510807037,0.9998601078987122
65,lowerarm_l,42.45570755004883,78.3955307006836,19.563642501831055,0.12429893761873245,0.4648626744747162,-0.8723804950714111,0.08605091273784637
65,lowerarm_r,109.7814712524414,95.55779266357422,79.42594909667969,0.6514542102813721,-0.23966483771800995,-0.5859184861183167,0.4181719422340393
65,neck,-20.980697631835938,1.7862558364868164,-1.2804150581359863,0.0038735480047762394,0.07562249898910522,0.0038599835243076086,0.9971215128898621
65,pelvis,4.548511505126953,0.7021815776824951,-2.693486213684082,0.0020549313630908728,-0.02921803668141365,0.06984727829694748,0.9971276521682739
65,root,0.0,0.0,0.0,-2.1139658201718703e-07,-5.7790373375610216e-08,1.0658141036401503e-14,1.0
65,spine_01,-2.9339046478271484,-0.45777782797813416,-2.8545022010803223,-0.0008447536965832114,0.008202668279409409,0.0994899794459343,0.995004415512085
65,spine_02,-12.076478004455566,-3.1551320552825928,-2.3224472999572754,-0.00647418899461627,0.04726402461528778,0.13556106388568878,0.9896198511123657
65,thigh_l,23.577007293701172,-1.6690047979354858,-0.0843694657087326,-0.006742394529283047,-0.12805910408496857,-0.027757296338677406,0.9913551211357117
65,thigh_r,24.057153701782227,1.6029338836669922,0.9887464046478271,0.005948461126536131,-0.14994728565216064,0.026655716821551323,0.9883167147636414
65,upperarm_l,51.30017852783203,-59.37318801879883,7.176843166351318,0.15094654262065887,-0.05947617441415787,-0.9867152571678162,0.008410952053964138
65,upperarm_r,-116.68077850341797,58.130653381347656,52.90658950805664,-0.04425487294793129,0.3926404118537903,-0.49656563997268677,0.7728502154350281
66,calf_l,-1.769790768623352,0.11690478771924973,0.13703235983848572,0.0024263060186058283,0.1378202736377716,-0.042517125606536865,0.9895412921905518
66,calf_r,-1.3154765367507935,-0.12377484142780304,0.10083715617656708,-0.0032534527126699686,0.11576611548662186,0.041188232600688934,0.9924168586730957
66,clavicle_l,-26.905601501464844,-5.236241817474365,-0.08730815351009369,-0.0066795190796256065,0.09846726804971695,0.1358330398797989,0.9858037233352661
66,clavicle_r,-25.699186325073242,-9.423195838928223,-0.08774492889642715,-0.02078796736896038,0.09647059440612793,0.141850084066391,0.9849568009376526
66,foot_l,1.3946090936660767,-0.0952107161283493,-0.01986229605972767,-0.0006405299645848572,5.676769796991721e-05,-0.045627202838659286,0.9989583492279053
66,foot_r,1.4011942148208618,0.09072431921958923,-0.022009992972016335,0.0007518696947954595,0.00011778448970289901,0.04585123062133789,0.9989480972290039
66,hand_l,105.08699035644531,41.86850357055664,215.75453186035156,0.8531316518783569,0.3386874496936798,-0.33854159712791443,0.2069951891899109
66,hand_r,59.9996223449707,130.87564086914062,204.96261596679688,0.926654040813446,0.09466828405857086,-0.3293497860431671,0.15452823042869568
66,head,-1.605375051498413,1.397550106048584,-3.096342086791992,0.00240074610337615,0.015642521902918816,0.005559672601521015,0.9998593926429749
66,lowerarm_l,41.629459381103516,80.63011932373047,21.024703979492188,0.12256500124931335,0.4731626808643341,-0.8678398132324219,0.08915673941373825
66,lowerarm_r,109.9028091430664,96.75972747802734,82.1229248046875,0.6596236228942871,-0.23964278399944305,-0.5781623125076294,0.4161686301231384
66,neck,-21.020471572875977,1.7984071969985962,-1.3146638870239258,0.0038620030973106623,0.0756206288933754,0.004013493191450834,0.9971212148666382
66,pelvis,4.511658668518066,0.7230855226516724,-2.727842330932617,0.0021163441706448793,-0.029212482273578644,0.0719461739063263,0.9969784021377563
66,root,0.0,0.0,0.0,-2.1139658201718703e-07,-5.7790373375610216e-08,1.0658141036401503e-14,1.0
66,spine_01,-2.9641263484954834,-0.47090649604797363,-2.888798713684082,-0.0008690659306012094,0.008195701986551285,0.10236140340566635,0.9947131276130676
66,spine_02,-12.083740234375,-3.2415080070495605,-2.356898784637451,-0.006654406897723675,0.047229185700416565,0.13936549425125122,0.9890918135643005
66,thigh_l,23.7114200592041,-1.6802880764007568,-0.08804013580083847,-0.006834908854216337,-0.12878823280334473,-0.027704432606697083,0.9912614822387695
66,thigh_r,24.1990909576416,1.6112500429153442,1.0236644744873047,0.006015082821249962,-0.15129975974559784,0.026571840047836304,0.9881124496459961
66,upperarm_l,51.649253845214844,-58.5728645324707,7.008442401885986,0.1511746644973755,-0.05727969482541084,-0.986786425113678,0.010854226537048817
66,upperarm_r,-116.48370361328125,56.66474533081055,51.829307556152344,-0.043522316962480545,0.389066606760025,-0.4902366101741791,0.7787176370620728
67,calf_l,-1.7891608476638794,0.11594624072313309,0.13859052956104279,0.002380966441705823,0.13875620067119598,-0.042575664818286896,0.9894080758094788
67,calf_r,-1.319976568222046,-0.1228795126080513,0.10045452415943146,-0.0032319589518010616,0.11597506701946259,0.041201334446668625,0.9923920631408691
67,clavicle_l,-26.891756057739258,-5.44337272644043,-0.12502087652683258,-0.007072369568049908,0.0984131321310997,0.13973620533943176,0.9852607250213623
67,clavicle_r,-25.653451919555664,-9.616706848144531,-0.12545140087604523,-0.021158920601010323,0.0963628813624382,0.14575086534023285,0.9843897819519043
67,foot_l,1.3939924240112305,-0.09558486938476562,-0.019530050456523895,-0.0006248642457649112,4.8384488763986155e-05,-0.0456058531999588,0.9989593029022217
67,foot_r,1.4007660150527954,0.09095089137554169,-0.02178226411342621,0.0007375968853011727,0.00010854341962840408,0.04583479091525078,0.9989487528800964
67,hand_l,103.67671203613281,45.81000900268555,216.47927856445312,0.8471758961677551,0.3510771095752716,-0.3342749774456024,0.21748130023479462
67,hand_r,56.26973342895508,133.25894165039062,204.01194763183594,0.9263392090797424,0.1007705107331276,-0.3218764364719391,0.16773976385593414
67,head,-1.646238923072815,1.4155672788619995,-3.1325578689575195,0.0023979779798537493,0.01563674956560135,0.005718013271689415,0.999858558177948
67,lowerarm_l,40.80936813354492,82.85883331298828,22.55054473876953,0.12088438868522644,0.4815734624862671,-0.8631190657615662,0.09219251573085785
67,lowerarm_r,110.00457763671875,97.89114379882812,84.86827850341797,0.6677395105361938,-0.2396932691335678,-0.5704969763755798,0.41376838088035583
67,neck,-21.059289932250977,1.8104065656661987,-1.3514041900634766,0.003850127337500453,0.07560832053422928,0.004171503707766533,0.9971214532852173
67,pelvis,4.473315715789795,0.7454113960266113,-2.7636706829071045,0.0021827989257872105,-0.02920282632112503,0.07416361570358276,0.9968160390853882
67,root,0.0,0.0,0.0,-2.1139658201718703e-07,-5.7790373375610216e-08,1.0658141036401503e-14,1.0
67,spine_01,-2.9931888580322266,-0.48433825373649597,-2.9248416423797607,-0.0008936778758652508,0.008181458339095116,0.10534917563199997,0.9944012761116028
67,spine_02,-12.085860252380371,-3.329120635986328,-2.393794059753418,-0.006837206892669201,0.047173790633678436,0.14328143000602722,0.9885334372520447
67,thigh_l,23.848936080932617,-1.6926689147949219,-0.09294936805963516,-0.0069386158138513565,-0.1295238435268402,-0.027649780735373497,0.9911665320396423
67,thigh_r,24.343828201293945,1.620520830154419,1.0595484972000122,0.006091676186770201,-0.15268947184085846,0.026484141126275063,0.9879004955291748
67,upperarm_l,52.00377655029297,-57.82376480102539,6.858487606048584,0.15145961940288544,-0.055255163460969925,-0.9868302345275879,0.013151832856237888
67,upperarm_r,-116.23257446289062,55.29229736328125,50.74826431274414,-0.042571812868118286,0.3854888677597046,-0.48406851291656494,0.784387469291687
68,calf_l,-1.8095303773880005,0.11596919596195221,0.14088493585586548,0.0023396359756588936,0.1397557407617569,-0.04263707622885704,0.9892648458480835
68,calf_r,-1.3247590065002441,-0.12310491502285004,0.10085797309875488,-0.003216296201571822,0.11621780693531036,0.04121610149741173,0.9923630356788635
68,clavicle_l,-26.872285842895508,-5.650293350219727,-0.1646760106086731,-0.007458759006112814,0.09834001213312149,0.1437346637248993,0.9846898317337036
68,clavicle_r,-25.59908676147461,-9.817015647888184,-0.16511422395706177,-0.02154986560344696,0.09623072296380997,0.14974428713321686,0.9837946891784668
68,foot_l,1.3939030170440674,-0.09562687575817108,-0.01947842352092266,-0.0006290388409979641,5.7379253121325746e-05,-0.045605625957250595,0.9989594221115112
68,foot_r,1.4009571075439453,0.0908491462469101,-0.021858781576156616,0.0007486384129151702,0.00012234901078045368,0.04584483802318573,0.998948335647583
68,hand_l,103.2544937133789,50.688289642333984,215.54000854492188,0.8340883851051331,0.38212254643440247,-0.33209261298179626,0.21907463669776917
68,hand_r,52.263980865478516,135.59181213378906,203.00633239746094,0.9257554411888123,0.10778045654296875,-0.31391847133636475,0.181150421500206
68,head,-1.6847163438796997,1.4337899684906006,-3.169727325439453,0.0023958173114806414,0.015618658624589443,0.005879783071577549,0.9998579025268555
68,lowerarm_l,40.17802047729492,84.41909790039062,23.599802017211914,0.11954066902399063,0.48706889152526855,-0.8599371314048767,0.0947742685675621
68,lowerarm_r,110.09571838378906,98.94422149658203,87.66688537597656,0.6758043169975281,-0.23983769118785858,-0.5629286170005798,0.41094738245010376
68,neck,-21.099994659423828,1.8224101066589355,-1.389002799987793,0.0038385118823498487,0.07559682428836823,0.0043328022584319115,0.9971216917037964
68,pelvis,4.435654163360596,0.7684628963470459,-2.801513671875,0.0022503489162772894,-0.029198341071605682,0.07648590207099915,0.9966406226158142
68,root,0.0,0.0,0.0,-2.1139658201718703e-07,-5.7790373375610216e-08,1.0658141036401503e-14,1.0
68,spine_01,-3.020676612854004,-0.4977487027645111,-2.9625296592712402,-0.0009175101877190173,0.008158750832080841,0.10843643546104431,0.9940695762634277
68,spine_02,-12.084065437316895,-3.417844772338867,-2.4321794509887695,-0.007022332400083542,0.04710356891155243,0.1472921371459961,0.9879458546638489
68,thigh_l,23.99481201171875,-1.7047587633132935,-0.09799208492040634,-0.00704168202355504,-0.13029645383358002,-0.027592968195676804,0.991066038608551
68,thigh_r,24.498382568359375,1.6292740106582642,1.0980772972106934,0.006166207604110241,-0.15415462851524353,0.026392851024866104,0.9876749515533447
68,upperarm_l,52.369319915771484,-56.85322189331055,6.655514240264893,0.15176363289356232,-0.05247831717133522,-0.9869009852409363,0.015503392554819584
68,upperarm_r,-115.9194564819336,54.0275993347168,49.65735626220703,-0.04135465621948242,0.3818911015987396,-0.47809430956840515,0.7898575067520142
69,calf_l,-1.8305840492248535,0.11480541527271271,0.14256587624549866,0.002285678405314684,0.14077477157115936,-0.042701318860054016,0.9891177415847778
69,calf_r,-1.3296369314193726,-0.1219903826713562,0.10040383785963058,-0.00318820308893919,0.11644656956195831,0.04123186320066452,0.9923356175422668
69,clavicle_l,-26.84698486328125,-5.863858222961426,-0.20696213841438293,-0.007863707840442657,0.09825171530246735,0.14781099557876587,0.9840918183326721
69,clavicle_r,-25.540054321289062,-10.015923500061035,-0.20749767124652863,-0.0219325702637434,0.09608445316553116,0.15381558239459991,0.9831722378730774
69,foot_l,1.3931856155395508,-0.09614473581314087,-0.019202791154384613,-0.0006164415972307324,4.9204878450836986e-05,-0.0455804206430912,0.9989604949951172
69,foot_r,1.4004254341125488,0.09125988185405731,-0.021678797900676727,0.000738785311114043,0.00011432369501562789,0.04582529515028,0.9989492297172546
69,hand_l,101.40885925292969,54.891639709472656,216.22950744628906,0.8268083333969116,0.3949674665927887,-0.3273816406726837,0.2306726574897766
69,hand_r,47.98786544799805,137.85159301757812,201.9400177001953,0.9248756170272827,0.1156497597694397,-0.3054608106613159,0.19474121928215027
69,head,-1.725574254989624,1.4519450664520264,-3.2088160514831543,0.002393544651567936,0.015602929517626762,0.0060463459230959415,0.9998572468757629
69,lowerarm_l,39.404151916503906,86.63690948486328,25.249088287353516,0.11804798245429993,0.495686411857605,-0.8548905253410339,0.09758037328720093
69,lowerarm_r,110.18399047851562,99.91287994384766,90.52342987060547,0.6838202476501465,-0.2400922030210495,-0.5554612278938293,0.40768685936927795
69,neck,-21.138774871826172,1.8339290618896484,-1.4290571212768555,0.00382571411319077,0.0755743458867073,0.004498782567679882,0.9971227049827576
69,pelvis,4.396554946899414,0.7925916314125061,-2.8403282165527344,0.0023219934664666653,-0.029187941923737526,0.07889529317617416,0.9964529275894165
69,root,0.0,0.0,0.0,-2.1139658201718703e-07,-5.7790373375610216e-08,1.0658141036401503e-14,1.0
69,spine_01,-3.0470774173736572,-0.5114266872406006,-3.0015766620635986,-0.0009420159040018916,0.008131132461130619,0.11160805821418762,0.9937186241149902
69,spine_02,-12.07773208618164,-3.506971836090088,-2.472686767578125,-0.007208447437733412,0.04701703414320946,0.15138103067874908,0.987330436706543
69,thigh_l,24.14108657836914,-1.7181310653686523,-0.10440002381801605,-0.00715774018317461,-0.1310615837574005,-0.027534067630767822,0.9909659624099731
69,thigh_r,24.652437210083008,1.6392914056777954,1.13678777217865,0.006253241561353207,-0.15563048422336578,0.026298729702830315,0.9874454140663147
69,upperarm_l,52.730377197265625,-56.19199752807617,6.536617755889893,0.15216654539108276,-0.05072735995054245,-0.9868987798690796,0.017403895035386086
69,upperarm_r,-115.53660583496094,52.884368896484375,48.550872802734375,-0.039822351187467575,0.37825632095336914,-0.47234275937080383,0.7951281070709229
70,calf_l,-1.8525209426879883,0.11506536602973938,0.14515548944473267,0.0022390917874872684,0.1418539434671402,-0.042768388986587524,0.9889607429504395
70,calf_r,-1.3348939418792725,-0.1225886419415474,0.1008949726819992,-0.0031695638317614794,0.1167151927947998,0.04124732315540314,0.9923034906387329
70,clavicle_l,-26.818456649780273,-6.07391357421875,-0.25019872188568115,-0.008253213949501514,0.09815369546413422,0.15194597840309143,0.9834684729576111
70,clavicle_r,-25.474796295166016,-10.222285270690918,-0.2506123185157776,-0.02233916148543358,0.09592492878437042,0.15794703364372253,0.9825233817100525
70,foot_l,1.3933113813400269,-0.09594687819480896,-0.01908794604241848,-0.0006204937817528844,6.303264672169462e-05,-0.04558943584561348,0.9989600777626038
70,foot_r,1.4009326696395874,0.09076299518346786,-0.021640807390213013,0.0007493416196666658,0.00013526702241506428,0.0458475761115551,0.9989482164382935
70,hand_l,99.33780670166016,59.187923431396484,216.89053344726562,0.8189630508422852,0.4080374538898468,-0.32230108976364136,0.2427486926317215
70,hand_r,45.04841995239258,140.31524658203125,199.33819580078125,0.9268670678138733,0.105502650141716,-0.288654088973999,0.21555855870246887
70,head,-1.7621599435806274,1.4698320627212524,-3.248274326324463,0.00239083101041615,0.0155720803886652,0.006214407738298178,0.9998565912246704
70,lowerarm_l,38.67587661743164,88.83744049072266,26.971637725830078,0.11671217530965805,0.5043681859970093,-0.8496779799461365,0.10019274055957794
70,lowerarm_r,110.51290130615234,100.23960876464844,92.7953872680664,0.6896067261695862,-0.24115833640098572,-0.5508911609649658,0.4034900367259979
70,neck,-21.17987632751465,1.8458701372146606,-1.4691472053527832,0.003814817639067769,0.07555703073740005,0.0046665724366903305,0.9971233010292053
70,pelvis,4.358900547027588,0.8171523213386536,-2.881056070327759,0.002393848728388548,-0.029184408485889435,0.08137811720371246,0.9962530732154846
70,root,0.0,0.0,0.0,-2.1139658201718703e-07,-5.7790373375610216e-08,1.0658141036401503e-14,1.0
70,spine_01,-3.0718588829040527,-0.5249523520469666,-3.042060136795044,-0.0009655259782448411,0.008096739649772644,0.11484592407941818,0.9933498501777649
70,spine_02,-12.068523406982422,-3.5966460704803467,-2.5140881538391113,-0.007395775057375431,0.04692145809531212,0.15552930533885956,0.9866885542869568
70,thigh_l,24.295543670654297,-1.7307777404785156,-0.11070238053798676,-0.007269834168255329,-0.13186420500278473,-0.02747422084212303,0.9908604025840759
70,thigh_r,24.815994262695312,1.6481456756591797,1.1779851913452148,0.0063340733759105206,-0.1571732759475708,0.02620120905339718,0.9872031211853027
70,upperarm_l,53.09424591064453,-55.54602813720703,6.424258708953857,0.15263904631137848,-0.04899727553129196,-0.9868834018707275,0.019025247544050217
70,upperarm_r,-115.02132415771484,52.77031707763672,47.645294189453125,-0.03662415221333504,0.37561723589897156,-0.4696318507194519,0.7981330156326294
71,calf_l,-1.8749310970306396,0.11463874578475952,0.14733096957206726,0.0021841300185769796,0.14295005798339844,-0.042837854474782944,0.9887999892234802
71,calf_r,-1.3402563333511353,-0.12231144309043884,0.10087508708238602,-0.003142076777294278,0.11697997897863388,0.041264697909355164,0.9922716617584229
71,clavicle_l,-26.784832000732422,-6.287509918212891,-0.29528167843818665,-0.008653458207845688,0.09804433584213257,0.15612392127513885,0.9828213453292847
71,clavicle_r,-25.40494728088379,-10.426809310913086,-0.2957521080970764,-0.02273920364677906,0.09575356543064117,0.16211995482444763,0.9818509817123413
71,foot_l,1.3930883407592773,-0.09603893756866455,-0.018959470093250275,-0.0006160407210700214,6.62769889459014e-05,-0.04558326303958893,0.9989603757858276
71,foot_r,1.401013731956482,0.0906829684972763,-0.02151344157755375,0.0007500078645534813,0.00014326247037388384,0.04585195705294609,0.9989479780197144
71,hand_l,98.08777618408203,64.51151275634766,215.84677124023438,0.8026620149612427,0.4391120374202728,-0.32004401087760925,0.24593983590602875
71,hand_r,40.27585220336914,142.37945556640625,198.1505126953125,0.9254634380340576,0.11497398465871811,-0.27885913848876953,0.22920779883861542
71,head,-1.8000315427780151,1.4874515533447266,-3.2891035079956055,0.0023877520579844713,0.01554321963340044,0.0063843559473752975,0.9998559951782227
71,lowerarm_l,38.13432312011719,90.39350891113281,28.177288055419922,0.11568305641412735,0.5101452469825745,-0.8461002111434937,0.10239003598690033
71,lowerarm_r,110.63587951660156,101.02510070800781,95.77908325195312,0.6975482702255249,-0.24171578884124756,-0.5436175465583801,0.39934930205345154
71,neck,-21.21967887878418,1.8573533296585083,-1.510918140411377,0.003803012426942587,0.07553374022245407,0.004835810512304306,0.9971243143081665
71,pelvis,4.320711612701416,0.8423123359680176,-2.9225945472717285,0.002467854181304574,-0.02917717956006527,0.08391667902469635,0.9960424900054932
71,root,0.0,0.0,0.0,-2.1139658201718703e-07,-5.7790373375610216e-08,1.0658141036401503e-14,1.0
71,spine_01,-3.09554386138916,-0.5385172963142395,-3.0835390090942383,-0.0009889709763228893,0.008059293031692505,0.11813436448574066,0.9929644465446472
71,spine_02,-12.055858612060547,-3.686230182647705,-2.5569915771484375,-0.007583178114145994,0.04681557044386864,0.15971973538398743,0.9860225319862366
71,thigh_l,24.45052719116211,-1.7442824840545654,-0.1180555671453476,-0.00739104812964797,-0.13266129791736603,-0.027413276955485344,0.9907547235488892
71,thigh_r,24.97965431213379,1.6578571796417236,1.2194613218307495,0.006424030289053917,-0.15872342884540558,0.026101969182491302,0.9869570732116699
71,upperarm_l,53.459007263183594,-54.667686462402344,6.255890369415283,0.15308652818202972,-0.04648428410291672,-0.9869005680084229,0.020762009546160698
71,upperarm_r,-114.47923278808594,51.90829086303711,46.48499298095703,-0.03430169075727463,0.37183767557144165,-0.4644217789173126,0.8030396103858948
72,calf_l,-1.8978201150894165,0.11439793556928635,0.1498115211725235,0.002127533545717597,0.14407379925251007,-0.04290910065174103,0.988633930683136
72,calf_r,-1.3458186388015747,-0.12234579771757126,0.10101325064897537,-0.003113936632871628,0.11725907772779465,0.04128197953104973,0.9922381043434143
72,clavicle_l,-26.747495651245117,-6.500715255737305,-0.3415077328681946,-0.00905223935842514,0.09792767465114594,0.1603269726037979,0.9821524620056152
72,clavicle_r,-25.33135986328125,-10.631903648376465,-0.3419368863105774,-0.023141879588365555,0.0955757275223732,0.16631828248500824,0.9811564683914185
72,foot_l,1.3930208683013916,-0.09604641050100327,-0.018728118389844894,-0.0006158641190268099,7.439913315465674e-05,-0.0455825999379158,0.9989604949951172
72,foot_r,1.4012703895568848,0.09042101353406906,-0.02144492231309414,0.0007563561084680259,0.00015772442566230893,0.04586338624358177,0.9989474415779114
72,hand_l,95.5156478881836,68.95783233642578,216.41883850097656,0.7933210134506226,0.4524008333683014,-0.3145430088043213,0.2589172124862671
72,hand_r,35.27053451538086,144.3027801513672,196.88296508789062,0.923693060874939,0.12510919570922852,-0.2685364782810211,0.24295468628406525
72,head,-1.8371422290802002,1.5051676034927368,-3.3307671546936035,0.0023854130413383245,0.015511816367506981,0.006555476691573858,0.9998553991317749
72,lowerarm_l,37.52824783325195,92.55486297607422,30.02842903137207,0.11472839117050171,0.5188952088356018,-0.8406275510787964,0.10454878211021423
72,lowerarm_r,110.76982879638672,101.71676635742188,98.8310546875,0.705443799495697,-0.24240349233150482,-0.5364371538162231,0.39474645256996155
72,neck,-21.25910758972168,1.8685635328292847,-1.5535831451416016,0.0037909194361418486,0.07550910860300064,0.005006228573620319,0.9971254467964172
72,pelvis,4.283218860626221,0.8678017854690552,-2.9651284217834473,0.0025426431093364954,-0.02917107380926609,0.08649596571922302,0.9958218336105347
72,root,0.0,0.0,0.0,-2.1139658201718703e-07,-5.7790373375610216e-08,1.0658141036401503e-14,1.0
72,spine_01,-3.117971181869507,-0.5520650744438171,-3.125971555709839,-0.001012384775094688,0.00801899004727602,0.12145640701055527,0.9925639033317566
72,spine_02,-12.04061508178711,-3.7754998207092285,-2.600860595703125,-0.007770094089210033,0.04670357704162598,0.16393513977527618,0.9853343367576599
72,thigh_l,24.608312606811523,-1.7578455209732056,-0.1258436143398285,-0.007515043020248413,-0.13346652686595917,-0.02735130861401558,0.9906473159790039
72,thigh_r,25.146350860595703,1.6673877239227295,1.2618796825408936,0.0065156035125255585,-0.16029495000839233,0.02600073255598545,0.9867051839828491
72,upperarm_l,53.82207489013672,-54.02628707885742,6.149502277374268,0.15368688106536865,-0.0446912907063961,-0.9868685603141785,0.021760713309049606
72,upperarm_r,-113.84245300292969,51.20256042480469,45.29254913330078,-0.03152577951550484,0.36796003580093384,-0.45949307084083557,0.8077609539031982
73,calf_l,-1.9210420846939087,0.11262893676757812,0.15141288936138153,0.0020566601306200027,0.14519381523132324,-0.042982250452041626,0.9884670376777649
73,calf_r,-1.3515069484710693,-0.12053755670785904,0.1000392735004425,-0.0030706189572811127,0.11751977354288101,0.041301071643829346,0.9922066330909729
73,clavicle_l,-26.705413818359375,-6.718462944030762,-0.38935911655426025,-0.009467905387282372,0.09780403971672058,0.16453854739665985,0.981464147567749
73,clavicle_r,-25.25569725036621,-10.831547737121582,-0.38980185985565186,-0.0235272366553545,0.0953943207859993,0.17052486538887024,0.9804425835609436
73,foot_l,1.3919870853424072,-0.09673678129911423,-0.018411096185445786,-0.0005982299917377532,6.294306513154879e-05,-0.0455482080578804,0.9989619851112366
73,foot_r,1.4003998041152954,0.09105047583580017,-0.02122459188103676,0.0007414476713165641,0.00014444824773818254,0.0458335317671299,0.998948872089386
73,hand_l,93.62317657470703,74.48661804199219,215.24514770507812,0.7745116353034973,0.4831028878688812,-0.31240591406822205,0.26295652985572815
73,hand_r,30.05327606201172,146.06069946289062,195.53121948242188,0.9215341210365295,0.13582153618335724,-0.2576812207698822,0.25676408410072327
73,head,-1.876648187637329,1.522679090499878,-3.3739686012268066,0.0023831750731915236,0.015488041564822197,0.006726949941366911,0.9998546838760376
73,lowerarm_l,37.08932876586914,94.0895004272461,31.332101821899414,0.11401240527629852,0.5247437953948975,-0.8368587493896484,0.10636036098003387
73,lowerarm_r,110.91571044921875,102.31449890136719,101.95233917236328,0.713291347026825,-0.24321621656417847,-0.5293436050415039,0.3896878957748413
73,neck,-21.29558563232422,1.8791656494140625,-1.5980839729309082,0.0037776329554617405,0.07547562569379807,0.0051775830797851086,0.9971270561218262
73,pelvis,4.244939804077148,0.8939986824989319,-3.007882833480835,0.002621234627440572,-0.029158132150769234,0.0890992283821106,0.9955924153327942
73,root,0.0,0.0,0.0,-2.1139658201718703e-07,-5.7790373375610216e-08,1.0658141036401503e-14,1.0
73,spine_01,-3.1396031379699707,-0.5657730102539062,-3.169095516204834,-0.0010364425834268332,0.007979210466146469,0.12479674816131592,0.9921497106552124
73,spine_02,-12.02247142791748,-3.8639771938323975,-2.646172046661377,-0.007955644279718399,0.04658510535955429,0.16815908253192902,0.9846264123916626
73,thigh_l,24.76308822631836,-1.772753119468689,-0.1350822150707245,-0.00765202334150672,-0.1342475861310959,-0.02728799730539322,0.990542471408844
73,thigh_r,25.308582305908203,1.6784920692443848,1.3032063245773315,0.006621180567890406,-0.16183947026729584,0.02589922957122326,0.986454963684082
73,upperarm_l,54.17879867553711,-53.13779067993164,5.983728408813477,0.15421824157238007,-0.04207943379878998,-0.9868727922439575,0.02298222854733467
73,upperarm_r,-113.10423278808594,50.66130828857422,44.06500244140625,-0.028260724619030952,0.36396700143814087,-0.4548531472682953,0.8123041391372681
74,calf_l,-1.9444994926452637,0.11153478175401688,0.1534591168165207,0.0019886500667780638,0.14633695781230927,-0.043056413531303406,0.9882954359054565
74,calf_r,-1.3573485612869263,-0.11954932659864426,0.09951843321323395,-0.0030306524131447077,0.11780253052711487,0.04132109135389328,0.992172360420227
74,clavicle_l,-26.660659790039062,-6.932991027832031,-0.4376061260700226,-0.009874819777905941,0.0976775661110878,0.16874144971370697,0.9807588458061218
74,clavicle_r,-25.176610946655273,-11.031964302062988,-0.4380061626434326,-0.023918520659208298,0.0952095314860344,0.17472252249717712,0.9797117710113525
74,foot_l,1.3914167881011963,-0.09710055589675903,-0.01813635788857937,-0.0005887797451578081,6.161545752547681e-05,-0.04552994295954704,0.9989628195762634
74,foot_r,1.400148630142212,0.0912521481513977,-0.02105279266834259,0.0007363375625573099,0.00014397833729162812,0.0458240732550621,0.9989492893218994
74,hand_l,90.53057098388672,78.98921966552734,215.6792449951172,0.7635622620582581,0.4964585602283478,-0.306572288274765,0.2766135036945343
74,hand_r,24.647197723388672,147.6317596435547,194.08909606933594,0.9189624786376953,0.14702527225017548,-0.2462974339723587,0.2706088423728943
74,head,-1.9141647815704346,1.5398942232131958,-3.4174442291259766,0.0023807696998119354,0.015460902824997902,0.006898393854498863,0.9998539686203003
74,lowerarm_l,36.650596618652344,96.18798065185547,33.30023193359375,0.11354651302099228,0.5334241390228271,-0.831211268901825,0.10795250535011292
74,lowerarm_r,111.07302856445312,102.81946563720703,105.1441421508789,0.7210901975631714,-0.24414534866809845,-0.5223273038864136,0.38418257236480713
74,neck,-21.33197593688965,1.8897030353546143,-1.6427874565124512,0.003764891531318426,0.07544464617967606,0.005348603241145611,0.9971285462379456
74,pelvis,4.208208084106445,0.9200667142868042,-3.051435947418213,0.002698802389204502,-0.0291482862085104,0.09171225130558014,0.9953552484512329
74,root,0.0,0.0,0.0,-2.1139658201718703e-07,-5.7790373375610216e-08,1.0658141036401503e-14,1.0
74,spine_01,-3.1598806381225586,-0.5792306661605835,-3.212815523147583,-0.001059668487869203,0.007937885820865631,0.12813802063465118,0.9917240142822266
74,spine_02,-12.002750396728516,-3.9518513679504395,-2.691805362701416,-0.008140326477587223,0.04646607115864754,0.1723742038011551,0.98390132188797
74,thigh_l,24.920454025268555,-1.78725266456604,-0.14444607496261597,-0.007787618786096573,-0.13503678143024445,-0.027224652469158173,0.9904358983039856
74,thigh_r,25.474056243896484,1.6889476776123047,1.3454625606536865,0.006724460981786251,-0.16339953243732452,0.02579689212143421,0.9861997365951538
74,upperarm_l,54.53459167480469,-52.43333053588867,5.865760326385498,0.15493659675121307,-0.039965856820344925,-0.9868414998054504,0.023265589028596878
74,upperarm_r,-112.25726318359375,50.29149627685547,42.7994499206543,-0.024471724405884743,0.35983914136886597,-0.4505026340484619,0.8166788816452026
75,calf_l,-1.9682409763336182,0.11067688465118408,0.15563131868839264,0.0019199848175048828,0.14749497175216675,-0.04313168302178383,0.9881201386451721
75,calf_r,-1.3635444641113281,-0.11889632046222687,0.09913817048072815,-0.0029906637500971556,0.11810316890478134,0.04134180024266243,0.9921358823776245
75,clavicle_l,-26.614437103271484,-7.143805027008057,-0.4858963191509247,-0.010272448882460594,0.09755297005176544,0.17291712760925293,0.9800395965576172
75,clavicle_r,-25.095191955566406,-11.23182487487793,-0.4862026870250702,-0.024312276393175125,0.09502504020929337,0.17889322340488434,0.978967010974884
75,foot_l,1.3910385370254517,-0.09731678664684296,-0.017932267859578133,-0.0005829232395626605,6.191376451170072e-05,-0.0455186702311039,0.9989632964134216
75,foot_r,1.400062084197998,0.09124856442213058,-0.020932335406541824,0.0007352445391006768,0.0001482520019635558,0.045823030173778534,0.9989493489265442
75,hand_l,87.9722900390625,84.60547637939453,214.31805419921875,0.7421420812606812,0.5265656113624573,-0.3047153651714325,0.28125160932540894
75,hand_r,19.08098793029785,148.99496459960938,192.5532989501953,0.9159611463546753,0.15862686932086945,-0.23439808189868927,0.28444766998291016
75,head,-1.948876142501831,1.5567922592163086,-3.460979461669922,0.0023781019262969494,0.015429290942847729,0.007068158593028784,0.9998531937599182
75,lowerarm_l,36.34662628173828,97.67828369140625,34.685752868652344,0.11321655660867691,0.5392079949378967,-0.8273404240608215,0.10929138958454132
75,lowerarm_r,111.23820495605469,103.23564910888672,108.40447235107422,0.7288355827331543,-0.2451711893081665,-0.5153779983520508,0.3782530128955841
75,neck,-21.368453979492188,1.9002184867858887,-1.6873836517333984,0.0037527764216065407,0.07541809976100922,0.005518130026757717,0.9971296787261963
75,pelvis,4.172732353210449,0.9459794759750366,-3.0956268310546875,0.0027757263742387295,-0.029139146208763123,0.09431899338960648,0.9951116442680359
75,root,0.0,0.0,0.0,-2.1139658201718703e-07,-5.7790373375610216e-08,1.0658141036401503e-14,1.0
75,spine_01,-3.1789774894714355,-0.5925217866897583,-3.2570302486419678,-0.0010825245408341289,0.00789683684706688,0.1314639300107956,0.9912889003753662
75,spine_02,-11.981886863708496,-4.0387725830078125,-2.7376294136047363,-0.008323279209434986,0.04634885862469673,0.17656217515468597,0.983162522315979
75,thigh_l,25.078948974609375,-1.801666259765625,-0.15421012043952942,-0.007924276404082775,-0.13582687079906464,-0.0271610040217638,0.9903284907341003
75,thigh_r,25.640857696533203,1.6991568803787231,1.387954831123352,0.006828253623098135,-0.16496066749095917,0.02569407969713211,0.9859417676925659
75,upperarm_l,54.876220703125,-51.47357177734375,5.687473773956299,0.1555330753326416,-0.03702729195356369,-0.9868466854095459,0.023917943239212036
75,upperarm_r,-111.29622650146484,50.09680938720703,41.495811462402344,-0.020136820152401924,0.355561763048172,-0.44643434882164,0.8208938837051392
76,calf_l,-1.9919766187667847,0.10945119708776474,0.15768805146217346,0.0018471628427505493,0.14865097403526306,-0.04320841655135155,0.9879435896873474
76,calf_r,-1.3699060678482056,-0.11775505542755127,0.09848836064338684,-0.0029454983305186033,0.11840680241584778,0.04136265069246292,0.9920989274978638
76,clavicle_l,-26.565614700317383,-7.3546319007873535,-0.5345748662948608,-0.010674952529370785,0.09742985665798187,0.1770496815443039,0.9793093800544739
76,clavicle_r,-25.012588500976562,-11.426399230957031,-0.5349932312965393,-0.024693071842193604,0.09484272450208664,0.1830196976661682,0.9782121181488037
76,foot_l,1.3904014825820923,-0.09771846234798431,-0.017652863636612892,-0.0005731892888434231,6.134688737802207e-05,-0.04549946263432503,0.998964250087738
76,foot_r,1.399685025215149,0.09146055579185486,-0.02081904746592045,0.0007300599827431142,0.00014849059516564012,0.045811813324689865,0.9989498257637024
76,hand_l,84.36784362792969,89.06455993652344,214.55332946777344,0.7294510006904602,0.5398918986320496,-0.29871270060539246,0.29527756571769714
76,hand_r,15.109565734863281,150.54736328125,189.63478088378906,0.9163519144058228,0.15214037895202637,-0.21222150325775146,0.30350372195243835
76,head,-1.9847627878189087,1.5735950469970703,-3.505277633666992,0.0023759857285767794,0.015406103804707527,0.007237137760967016,0.9998523592948914
76,lowerarm_l,36.10903549194336,99.68547058105469,36.74252700805664,0.11330978572368622,0.5476434826850891,-0.8216409087181091,0.11024400591850281
76,lowerarm_r,111.74179077148438,103.07125091552734,111.1211929321289,0.7345840334892273,-0.24712948501110077,-0.5110030174255371,0.37173813581466675
76,neck,-21.402301788330078,1.910293459892273,-1.7328739166259766,0.003740008221939206,0.07538831233978271,0.005686549004167318,0.9971309900283813
76,pelvis,4.138390064239502,0.9716572165489197,-3.139829635620117,0.0028521299827843904,-0.02912883274257183,0.09690279513597488,0.9948634505271912
76,root,0.0,0.0,0.0,-2.1139658201718703e-07,-5.7790373375610216e-08,1.0658141036401503e-14,1.0
76,spine_01,-3.197122812271118,-0.6056948304176331,-3.301405906677246,-0.0011052369372919202,0.007858448661863804,0.13475818932056427,0.9908467531204224
76,spine_02,-11.959936141967773,-4.124413967132568,-2.7838826179504395,-0.008503894321620464,0.04623468965291977,0.18070636689662933,0.9824130535125732
76,thigh_l,25.235748291015625,-1.81635582447052,-0.16453664004802704,-0.008064603433012962,-0.13660186529159546,-0.0270975474268198,0.9902225136756897
76,thigh_r,25.805381774902344,1.709727168083191,1.4297734498977661,0.0069366456009447575,-0.1664971560239792,0.025590941309928894,0.985685408115387
76,upperarm_l,55.217063903808594,-50.63644027709961,5.542381286621094,0.15634173154830933,-0.03433989733457565,-0.9868272542953491,0.023456456139683723
76,upperarm_r,-110.12882232666016,50.924407958984375,40.306575775146484,-0.013818799518048763,0.35188600420951843,-0.4453960657119751,0.8231692910194397
77,calf_l,-2.0157980918884277,0.10880307853221893,0.16004712879657745,0.0017776384484022856,0.1498190015554428,-0.04328516498208046,0.9877638816833496
77,calf_r,-1.3766140937805176,-0.11736789345741272,0.09829611331224442,-0.002904227003455162,0.11873821169137955,0.04138581082224846,0.992058515548706
77,clavicle_l,-26.51732635498047,-7.557793617248535,-0.5823330283164978,-0.011056475341320038,0.09731486439704895,0.18112197518348694,0.9785716533660889
77,clavicle_r,-24.92865753173828,-11.621773719787598,-0.5827493667602539,-0.025082934647798538,0.09466657787561417,0.18708671629428864,0.9774495959281921
77,foot_l,1.3901690244674683,-0.09786493331193924,-0.017551708966493607,-0.0005723348585888743,6.466582271968946e-05,-0.04549311101436615,0.9989644885063171
77,foot_r,1.3997528553009033,0.09139976650476456,-0.02077687531709671,0.0007363594486378133,0.0001587907172506675,0.04581746459007263,0.9989496469497681
77,hand_l,81.15357971191406,94.64920043945312,212.92906188964844,0.7052603363990784,0.5692805647850037,-0.2973928153514862,0.3001416027545929
77,hand_r,9.327322959899902,151.48558044433594,187.93292236328125,0.9126642346382141,0.16436059772968292,-0.19904881715774536,0.3168742060661316
77,head,-2.0155558586120605,1.5899535417556763,-3.548908233642578,0.0023732425179332495,0.015374382957816124,0.007403405848890543,0.9998515844345093
77,lowerarm_l,35.9567756652832,101.10273742675781,38.175880432128906,0.11339092254638672,0.5531864166259766,-0.81779545545578,0.1110762283205986
77,lowerarm_r,111.90509796142578,103.35894775390625,114.50141906738281,0.7422382831573486,-0.2482297122478485,-0.5040915012359619,0.3651795983314514
77,neck,-21.436954498291016,1.920745849609375,-1.7772912979125977,0.003729087533429265,0.07536811381578445,0.0058520580641925335,0.9971317052841187
77,pelvis,4.106071949005127,0.9967613816261292,-3.1845569610595703,0.0029262418393045664,-0.02912081591784954,0.09945012629032135,0.9946120381355286
77,root,0.0,0.0,0.0,-2.1139658201718703e-07,-5.7790373375610216e-08,1.0658141036401503e-14,1.0
77,spine_01,-3.213935375213623,-0.6185173392295837,-3.345978260040283,-0.001127024763263762,0.00782125536352396,0.13800470530986786,0.9904000759124756
77,spine_02,-11.937939643859863,-4.209022045135498,-2.829599380493164,-0.00868288055062294,0.046128079295158386,0.18479055166244507,0.9816563725471497
77,thigh_l,25.393802642822266,-1.830599308013916,-0.17499881982803345,-0.008202257566154003,-0.13738000392913818,-0.027034033089876175,0.9901154637336731
77,thigh_r,25.971837997436523,1.7197521924972534,1.4717402458190918,0.007042259443551302,-0.1680314540863037,0.025488901883363724,0.9854269027709961
77,upperarm_l,55.537532806396484,-49.545143127441406,5.340156078338623,0.1569715142250061,-0.030863815918564796,-0.9868394732475281,0.023564863950014114
77,upperarm_r,-108.92583465576172,51.051998138427734,38.924251556396484,-0.008387249894440174,0.34722617268562317,-0.44177472591400146,0.8271631002426147
78,calf_l,-2.0393834114074707,0.10641161352396011,0.16146720945835114,0.0016938654007390141,0.15095187723636627,-0.043361399322748184,0.9875881671905518
78,calf_r,-1.3833894729614258,-0.1146806851029396,0.0966709777712822,-0.002845271723344922,0.11904251575469971,0.04140900447964668,0.9920212030410767
78,clavicle_l,-26.46528434753418,-7.765921115875244,-0.6308850049972534,-0.011462977156043053,0.09720242768526077,0.18511715531349182,0.9778302311897278
78,clavicle_r,-24.848716735839844,-11.805540084838867,-0.6311319470405579,-0.02543780952692032,0.09450713545084,0.19107671082019806,0.9766837358474731
78,foot_l,1.388858437538147,-0.09872549772262573,-0.017109762877225876,-0.0005471607437357306,4.691502181231044e-05,-0.045448482036590576,0.9989665746688843
78,foot_r,1.3985601663589478,0.09229080379009247,-0.020503882318735123,0.0007106950506567955,0.00013220867549534887,0.045772477984428406,0.9989516735076904
78,hand_l,77.55802917480469,100.19402313232422,211.12518310546875,0.6792588233947754,0.5980581641197205,-0.2966034412384033,0.3048939108848572
78,hand_r,3.4849836826324463,152.17291259765625,186.13870239257812,0.9085353016853333,0.1766996830701828,-0.18543219566345215,0.3300844728946686
78,head,-2.0515429973602295,1.6063904762268066,-3.5939455032348633,0.0023716045543551445,0.015365105122327805,0.007567094173282385,0.9998505115509033
78,lowerarm_l,35.856449127197266,102.48181915283203,39.612979888916016,0.11360522359609604,0.5585710406303406,-0.814009964466095,0.11171389371156693
78,lowerarm_r,112.04927062988281,103.58878326416016,117.93017578125,0.7498170733451843,-0.2493075728416443,-0.4972066879272461,0.3583374321460724
78,neck,-21.465801239013672,1.9300123453140259,-1.8236160278320312,0.003715022699907422,0.07533657550811768,0.0060155210085213184,0.9971331357955933
78,pelvis,4.073798656463623,1.0220261812210083,-3.2282471656799316,0.003003370016813278,-0.029104461893439293,0.1019415333867073,0.9943600296974182
78,root,0.0,0.0,0.0,-2.1139658201718703e-07,-5.7790373375610216e-08,1.0658141036401503e-14,1.0
78,spine_01,-3.2303175926208496,-0.6316612362861633,-3.3902525901794434,-0.001150517724454403,0.007791589479893446,0.14118751883506775,0.9899515509605408
78,spine_02,-11.915077209472656,-4.291642665863037,-2.876007556915283,-0.008857989683747292,0.04602687060832977,0.18879716098308563,0.9808970093727112
78,thigh_l,25.54437255859375,-1.846028447151184,-0.1867448389530182,-0.008351115509867668,-0.13811130821704865,-0.026970790699124336,0.9900142550468445
78,thigh_r,26.12847328186035,1.731342077255249,1.5108755826950073,0.007161124609410763,-0.1694885790348053,0.025388676673173904,0.98517906665802
78,upperarm_l,55.8441047668457,-48.374576568603516,5.125144004821777,0.15758627653121948,-0.027088569477200508,-0.9868537187576294,0.023507731035351753
78,upperarm_r,-107.6019515991211,51.340240478515625,37.51520919799805,-0.0024200959596782923,0.34239038825035095,-0.43833985924720764,0.8310362100601196
79,calf_l,-2.062903642654419,0.10464175045490265,0.16326387226581573,0.0016147395363077521,0.1520887166261673,-0.04343787953257561,0.9874105453491211
79,calf_r,-1.3905587196350098,-0.1128503829240799,0.09556478261947632,-0.00279174349270761,0.11937661468982697,0.04143403097987175,0.9919801950454712
79,clavicle_l,-26.41460609436035,-7.966241359710693,-0.6781274676322937,-0.011850222013890743,0.0971028134226799,0.1890179067850113,0.977088987827301
79,clavicle_r,-24.767898559570312,-11.987231254577637,-0.6784002184867859,-0.0257944967597723,0.09435486048460007,0.19497142732143402,0.9759190678596497
79,foot_l,1.3879599571228027,-0.09934020042419434,-0.016801228746771812,-0.000532075297087431,3.5951321478933096e-05,-0.0454181469976902,0.9989679455757141
79,foot_r,1.397871494293213,0.09280648082494736,-0.020343078300356865,0.0006970429676584899,0.00011720974725903943,0.04574685916304588,0.9989529252052307
79,hand_l,73.58800506591797,105.6664810180664,209.10806274414062,0.6513220071792603,0.6262470483779907,-0.2964843511581421,0.30934029817581177
79,hand_r,-2.3782036304473877,152.60362243652344,184.2515411376953,0.9039677977561951,0.18905620276927948,-0.1714162975549698,0.34309834241867065
79,head,-2.0833370685577393,1.622463583946228,-3.6382079124450684,0.002369481138885021,0.015352643094956875,0.007726297713816166,0.9998494982719421
79,lowerarm_l,35.80046081542969,103.81550598144531,41.04022216796875,0.11392813175916672,0.5637526512145996,-0.8103206753730774,0.11217735707759857
79,lowerarm_r,112.16361236572266,103.77349853515625,121.39769744873047,0.7573114633560181,-0.2503162622451782,-0.49033764004707336,0.35126927495002747
79,neck,-21.4946231842041,1.939498782157898,-1.8688201904296875,0.00370209407992661,0.0753147304058075,0.006174836307764053,0.9971338510513306
79,pelvis,4.044090747833252,1.0464673042297363,-3.2720327377319336,0.0030776681378483772,-0.02909069135785103,0.10436470806598663,0.9941087961196899
79,root,0.0,0.0,0.0,-2.1139658201718703e-07,-5.7790373375610216e-08,1.0658141036401503e-14,1.0
79,spine_01,-3.24554443359375,-0.6445950865745544,-3.434300422668457,-0.0011737950844690204,0.007766063325107098,0.14428949356079102,0.989504337310791
79,spine_02,-11.893056869506836,-4.37299919128418,-2.921581268310547,-0.009031186811625957,0.04593828320503235,0.19270877540111542,0.9801385998725891
79,thigh_l,25.695100784301758,-1.8608812093734741,-0.1984536200761795,-0.00849529355764389,-0.13884061574935913,-0.026908135041594505,0.9899126291275024
79,thigh_r,26.28585433959961,1.7422665357589722,1.549662470817566,0.0072753895074129105,-0.17092914879322052,0.02529008686542511,0.9849318265914917
79,upperarm_l,56.13555908203125,-47.116512298583984,4.897165298461914,0.15817414224147797,-0.022992881014943123,-0.9868677854537964,0.02332976646721363
79,upperarm_r,-106.15914916992188,51.77973937988281,36.086917877197266,0.0040590339340269566,0.33737948536872864,-0.43505004048347473,0.8347994685173035
80,calf_l,-2.0862090587615967,0.10508012771606445,0.16639037430286407,0.0015533168334513903,0.15324939787387848,-0.043514184653759,0.9872279167175293
80,calf_r,-1.398195743560791,-0.11382628232240677,0.096411794424057,-0.00275739305652678,0.11977586895227432,0.041458651423454285,0.991931140422821
80,clavicle_l,-26.368558883666992,-8.151847839355469,-0.7227113842964172,-0.012194502167403698,0.09702331572771072,0.19280637800693512,0.9763522148132324
80,clavicle_r,-24.684776306152344,-12.173575401306152,-0.7230508923530579,-0.026177657768130302,0.09421055763959885,0.1987561583518982,0.9751590490341187
80,foot_l,1.388409972190857,-0.0989040806889534,-0.016650469973683357,-0.0005405834526754916,5.934050204814412e-05,-0.04543815925717354,0.9989670515060425
80,foot_r,1.398827314376831,0.09196982532739639,-0.020180385559797287,0.0007166432333178818,0.00015767174772918224,0.04578712210059166,0.9989509582519531
80,hand_l,69.24901580810547,111.04214477539062,206.83250427246094,0.6212186217308044,0.6539482474327087,-0.2972213923931122,0.3132071793079376
80,hand_r,-6.4241790771484375,153.31768798828125,181.15374755859375,0.903179407119751,0.1833617240190506,-0.14605961740016937,0.35959991812705994
80,head,-2.106078863143921,1.6380287408828735,-3.6806344985961914,0.0023663989268243313,0.01532454788684845,0.007881494238972664,0.9998487234115601
80,lowerarm_l,35.77524185180664,105.09451293945312,42.43918991088867,0.11431661993265152,0.5686761140823364,-0.8067731261253357,0.11250090599060059
80,lowerarm_r,112.58055877685547,103.5440673828125,124.32498931884766,0.763024628162384,-0.2519644796848297,-0.48564016819000244,0.344181627035141
80,neck,-21.526079177856445,1.9501837491989136,-1.9112586975097656,0.00369342346675694,0.07531321793794632,0.006329294294118881,0.9971330165863037
80,pelvis,4.019552230834961,1.0688529014587402,-3.3165931701660156,0.0031417764257639647,-0.029090339317917824,0.10670516639947891,0.993860125541687
80,root,0.0,0.0,0.0,-2.1139658201718703e-07,-5.7790373375610216e-08,1.0658141036401503e-14,1.0
80,spine_01,-3.2589476108551025,-0.6566687822341919,-3.4782707691192627,-0.0011943841818720102,0.007742077112197876,0.14729486405849457,0.9890615940093994
80,spine_02,-11.873177528381348,-4.453360557556152,-2.9653072357177734,-0.009202846325933933,0.04586813598871231,0.1965092122554779,0.9793853163719177
80,thigh_l,25.850238800048828,-1.8739339113235474,-0.20908331871032715,-0.008624129928648472,-0.13959231972694397,-0.026847315952181816,0.9898075461387634
80,thigh_r,26.45073890686035,1.7509400844573975,1.5899280309677124,0.007373392581939697,-0.17239055037498474,0.02519141137599945,0.9846789240837097
80,upperarm_l,56.40996551513672,-45.76569747924805,4.65694522857666,0.1587171107530594,-0.018569061532616615,-0.9868792295455933,0.023097282275557518
80,upperarm_r,-104.45679473876953,53.11495590209961,34.739036560058594,0.012473148293793201,0.3326503038406372,-0.4343738555908203,0.8369633555412292
81,calf_l,-2.1090588569641113,0.10394379496574402,0.1685945838689804,0.0014806415420025587,0.1543654203414917,-0.04358935356140137,0.9870507121086121
81,calf_r,-1.406073808670044,-0.11278432607650757,0.09589765965938568,-0.002709185006096959,0.1201556995511055,0.04148515313863754,0.9918842911720276
81,clavicle_l,-26.321247100830078,-8.338930130004883,-0.7670165300369263,-0.012554633431136608,0.09695523977279663,0.19646692276000977,0.9756243228912354
81,clavicle_r,-24.60702896118164,-12.347199440002441,-0.7674520611763,-0.026525095105171204,0.09408844262361526,0.20241183042526245,0.9744092226028442
81,foot_l,1.3878662586212158,-0.09922832250595093,-0.016399618238210678,-0.0005322234937921166,5.8602108765626326e-05,-0.04542168602347374,0.9989677667617798
81,foot_r,1.3985120058059692,0.09213460236787796,-0.020061070099473,0.0007117030909284949,0.00015865624300204217,0.04577841982245445,0.9989514946937561
81,hand_l,64.54281616210938,116.31050109863281,204.22752380371094,0.5885170102119446,0.6813793778419495,-0.29910558462142944,0.3160788118839264
81,hand_r,-12.209236145019531,153.2817840576172,179.1289520263672,0.8979833722114563,0.19562450051307678,-0.13114100694656372,0.37169718742370605
81,head,-2.132204532623291,1.6535881757736206,-3.7236452102661133,0.0023640005383640528,0.015317722223699093,0.008031314238905907,0.9998476505279541
81,lowerarm_l,35.7580680847168,106.30628204345703,43.78399658203125,0.114700548350811,0.5732696056365967,-0.8034271597862244,0.1127411276102066
81,lowerarm_r,112.59083557128906,103.7263412475586,127.82147979736328,0.7703520655632019,-0.2526015043258667,-0.4787168800830841,0.3370167911052704
81,neck,-21.552093505859375,1.9601231813430786,-1.9546270370483398,0.003682654583826661,0.07530591636896133,0.006478618364781141,0.9971326589584351
81,pelvis,3.9955689907073975,1.0910465717315674,-3.3597230911254883,0.003208199981600046,-0.029080888256430626,0.10894354432821274,0.9936172962188721
81,root,0.0,0.0,0.0,-2.1139658201718703e-07,-5.7790373375610216e-08,1.0658141036401503e-14,1.0
81,spine_01,-3.2720561027526855,-0.6690176129341125,-3.521418571472168,-0.0012165614170953631,0.007728934288024902,0.15018728375434875,0.9886265993118286
81,spine_02,-11.85399055480957,-4.531528949737549,-3.0089378356933594,-0.009370255284011364,0.045811571180820465,0.20018087327480316,0.9786425232887268
81,thigh_l,25.99701499938965,-1.8878741264343262,-0.22079968452453613,-0.008760333061218262,-0.14029444754123688,-0.026787828654050827,0.989708662033081
81,thigh_r,26.604806900024414,1.761060357093811,1.6265770196914673,0.00748175336048007,-0.1737583577632904,0.025097178295254707,0.9844400882720947
81,upperarm_l,56.66511535644531,-44.3211669921875,4.406477451324463,0.15919071435928345,-0.013830099254846573,-0.9868850708007812,0.022911785170435905
81,upperarm_r,-102.79296875,53.78044891357422,33.29728317260742,0.019803965464234352,0.32727640867233276,-0.4311287999153137,0.8406104445457458
82,calf_l,-2.13138484954834,0.10212072730064392,0.17040418088436127,0.0014043195405974984,0.155448317527771,-0.043662697076797485,0.9868776202201843
82,calf_r,-1.414218783378601,-0.11083903908729553,0.0949135273694992,-0.002654909621924162,0.12053746730089188,0.041512567549943924,0.9918369054794312
82,clavicle_l,-26.27422523498535,-8.523782730102539,-0.8102158308029175,-0.012918468564748764,0.09690214693546295,0.1999843418598175,0.9749099016189575
82,clavicle_r,-24.535043716430664,-12.511706352233887,-0.8105928897857666,-0.02684962935745716,0.09399259835481644,0.20592398941516876,0.9736733436584473
82,foot_l,1.3869043588638306,-0.09994441270828247,-0.01614994928240776,-0.0005191227537579834,4.8816811613505706e-05,-0.04538910835981369,0.9989692568778992
82,foot_r,1.3976738452911377,0.09283777326345444,-0.01996023952960968,0.0007007018430158496,0.00014335142623167485,0.04574695974588394,0.9989529252052307
82,hand_l,59.20724868774414,122.68538665771484,199.36892700195312,0.5384529232978821,0.721362292766571,-0.30834245681762695,0.30761978030204773
82,hand_r,-16.04290008544922,153.59666442871094,176.03236389160156,0.8965790867805481,0.18984012305736542,-0.10444887727499008,0.3862604796886444
82,head,-2.1593339443206787,1.6692157983779907,-3.766751289367676,0.002362259430810809,0.01532644685357809,0.008176318369805813,0.999846339225769
82,lowerarm_l,35.41408920288086,107.06796264648438,44.454471588134766,0.11399059742689133,0.5754476189613342,-0.8018193244934082,0.11380694806575775
82,lowerarm_r,112.87226867675781,103.59783172607422,130.7955322265625,0.7760576605796814,-0.2536807656288147,-0.47371599078178406,0.330112099647522
82,neck,-21.5737361907959,1.9693411588668823,-1.9980549812316895,0.003669682890176773,0.07529766857624054,0.006623300723731518,0.9971323609352112
82,pelvis,3.9736480712890625,1.112432599067688,-3.401672840118408,0.0032734295818954706,-0.029068270698189735,0.11106517165899277,0.9933825731277466
82,root,0.0,0.0,0.0,-2.1139658201718703e-07,-5.7790373375610216e-08,1.0658141036401503e-14,1.0
82,spine_01,-3.284480094909668,-0.6815716624259949,-3.563690185546875,-0.0012403061846271157,0.007725627161562443,0.15295115113258362,0.9882028102874756
82,spine_02,-11.83626937866211,-4.6076836585998535,-3.0518531799316406,-0.009534008800983429,0.04577219858765602,0.20370809733867645,0.9779146313667297
82,thigh_l,26.137819290161133,-1.9020512104034424,-0.2329966127872467,-0.008897810243070126,-0.14096114039421082,-0.02672935090959072,0.9896142482757568
82,thigh_r,26.75185203552246,1.771659016609192,1.6604959964752197,0.007593154441565275,-0.17505177855491638,0.025005962699651718,0.984212338924408
82,upperarm_l,56.86685562133789,-42.70009231567383,4.123239040374756,0.15919192135334015,-0.00878480076789856,-0.9869028329849243,0.024568429216742516
82,upperarm_r,-100.83992767333984,55.26006317138672,31.923181533813477,0.02901042252779007,0.32201266288757324,-0.43020111322402954,0.8428483009338379
83,calf_l,-2.1533596515655518,0.09948570281267166,0.1715715527534485,0.0013239594409242272,0.1564944088459015,-0.04373503103852272,0.9867091774940491
83,calf_r,-1.4229143857955933,-0.10763046890497208,0.09301004558801651,-0.002593227196484804,0.1209200918674469,0.04154137894511223,0.9917892813682556
83,clavicle_l,-26.2290096282959,-8.704561233520508,-0.8518573045730591,-0.01328040100634098,0.09686882793903351,0.20333939790725708,0.9742141366004944
83,clavicle_r,-24.46824073791504,-12.666502952575684,-0.8522610068321228,-0.027151137590408325,0.09392084926366806,0.2092721313238144,0.9729577898979187
83,foot_l,1.385372281074524,-0.1010328084230423,-0.01589253917336464,-0.0004936057375743985,1.937158958753571e-05,-0.04533569514751434,0.998971700668335
83,foot_r,1.3961071968078613,0.09415403753519058,-0.01998790353536606,0.0006723099504597485,9.634840534999967e-05,0.04568563029170036,0.9989556670188904
83,hand_l,53.45528030395508,127.75335693359375,195.69126892089844,0.4967646598815918,0.7489429712295532,-0.3142925202846527,0.3058260977268219
83,hand_r,-21.595457077026367,153.1287078857422,173.9078826904297,0.8908568024635315,0.20167580246925354,-0.08894426375627518,0.3972278833389282
83,head,-2.1843676567077637,1.684842824935913,-3.809046745300293,0.0023610033094882965,0.015343434177339077,0.00831332802772522,0.9998449683189392
83,lowerarm_l,35.21757888793945,108.13736724853516,45.606727600097656,0.11383511126041412,0.5792922973632812,-0.7989916801452637,0.11434374004602432
83,lowerarm_r,112.72860717773438,103.84942626953125,134.251220703125,0.7831587791442871,-0.25371089577674866,-0.4667496383190155,0.32316848635673523
83,neck,-21.592830657958984,1.9787136316299438,-2.040553092956543,0.003657196182757616,0.0752963274717331,0.006759990006685257,0.9971315860748291
83,pelvis,3.9530832767486572,1.133224368095398,-3.4424006938934326,0.003339504124596715,-0.02904828079044819,0.11305452883243561,0.9931584596633911
83,root,0.0,0.0,0.0,-2.1139658201718703e-07,-5.7790373375610216e-08,1.0658141036401503e-14,1.0
83,spine_01,-3.296445608139038,-0.6942371129989624,-3.6049842834472656,-0.001264941063709557,0.007733934558928013,0.15556953847408295,0.9877938628196716
83,spine_02,-11.820856094360352,-4.681887626647949,-3.09370756149292,-0.00969402864575386,0.04575404152274132,0.20707286894321442,0.9772069454193115
83,thigh_l,26.27190399169922,-1.9165645837783813,-0.24590007960796356,-0.009036829695105553,-0.14158952236175537,-0.02667255885899067,0.9895248413085938
83,thigh_r,26.890483856201172,1.7831273078918457,1.6909000873565674,0.0077092451974749565,-0.17625956237316132,0.024919014424085617,0.9839981198310852
83,upperarm_l,57.0645637512207,-41.100589752197266,3.860934019088745,0.1593739241361618,-0.0036391185130923986,-0.9868910908699036,0.02515350468456745
83,upperarm_r,-99.0047607421875,56.07820129394531,30.521923065185547,0.036927230656147,0.31638258695602417,-0.42676788568496704,0.8464086651802063
84,calf_l,-2.1747899055480957,0.10112160444259644,0.1755327433347702,0.0012800387339666486,0.15758061408996582,-0.04380500689148903,0.9865333437919617
84,calf_r,-1.4321496486663818,-0.11028903722763062,0.09524510055780411,-0.0025739751290529966,0.12142089009284973,0.041569992899894714,0.9917269349098206
84,clavicle_l,-26.196109771728516,-8.859487533569336,-0.8881428241729736,-0.013562554493546486,0.09687644988298416,0.20651264488697052,0.973541796207428
84,clavicle_r,-24.399219512939453,-12.833931922912598,-0.8884216547012329,-0.027510376647114754,0.09386639297008514,0.21244758367538452,0.9722646474838257
84,foot_l,1.386542797088623,-0.09999974071979523,-0.01570752263069153,-0.0005109886988066137,5.9362795582273975e-05,-0.0453815683722496,0.9989696145057678
84,foot_r,1.397926688194275,0.09244128316640854,-0.019581293687224388,0.000702667806763202,0.00016762112500146031,0.04576192796230316,0.9989521503448486
84,hand_l,46.21881103515625,133.9066925048828,189.24160766601562,0.4311660826206207,0.7887594103813171,-0.32975563406944275,0.2884712517261505
84,hand_r,-26.97858428955078,152.44053649902344,171.7321319580078,0.8848221302032471,0.21312768757343292,-0.0734030231833458,0.4077725112438202
84,head,-2.1955316066741943,1.699701189994812,-3.8478612899780273,0.002357474295422435,0.015336388722062111,0.008444000966846943,0.9998440742492676
84,lowerarm_l,34.35330581665039,108.82899475097656,46.08203125,0.11172278970479965,0.5810432434082031,-0.7977092266082764,0.11647722125053406
84,lowerarm_r,112.50301361083984,104.1326675415039,137.66494750976562,0.7901058197021484,-0.25342339277267456,-0.4598102271556854,0.3163604736328125
84,neck,-21.61685562133789,1.9905749559402466,-2.0780324935913086,0.0036525032483041286,0.07532889395952225,0.006890206132084131,0.9971283674240112
84,pelvis,3.9418249130249023,1.1498842239379883,-3.484213352203369,0.003384142415598035,-0.029056070372462273,0.11490105092525482,0.9929461479187012
84,root,0.0,0.0,0.0,-2.1139658201718703e-07,-5.7790373375610216e-08,1.0658141036401503e-14,1.0
84,spine_01,-3.305968761444092,-0.7054128050804138,-3.6456286907196045,-0.0012847479665651917,0.007744081784039736,0.15802675485610962,0.9874036312103271
84,spine_02,-11.810396194458008,-4.755642890930176,-3.1317830085754395,-0.009854166768491268,0.0457683764398098,0.21025922894477844,0.9765240550041199
84,thigh_l,26.414722442626953,-1.9274171590805054,-0.2561306953430176,-0.009142673574388027,-0.14226678013801575,-0.026618655771017075,0.9894281625747681
84,thigh_r,27.04465675354004,1.789920449256897,1.7247114181518555,0.007788843009620905,-0.17752264440059662,0.02483387663960457,0.9837725162506104
84,upperarm_l,57.17295455932617,-39.36911392211914,3.5674736499786377,0.15884187817573547,0.0014941694680601358,-0.986888587474823,0.02859988622367382
84,upperarm_r,-97.1067886352539,56.96609115600586,29.160541534423828,0.04505953565239906,0.31069356203079224,-0.42322927713394165,0.8498919010162354
85,calf_l,-2.195378065109253,0.10000327229499817,0.17774580419063568,0.001218390534631908,0.1585863083600998,-0.04387257993221283,0.9863691329956055
85,calf_r,-1.4416927099227905,-0.10914585739374161,0.09503296762704849,-0.002530510537326336,0.12187879532575607,0.04160046577453613,0.9916695952415466
85,clavicle_l,-26.160972595214844,-9.021007537841797,-0.9241088032722473,-0.013883084990084171,0.09689874947071075,0.20949400961399078,0.9728978872299194
85,clavicle_r,-24.341354370117188,-12.9794340133667,-0.9245080947875977,-0.02780379354953766,0.09384772926568985,0.21542465686798096,0.9716026782989502
85,foot_l,1.3859294652938843,-0.10042118281126022,-0.015491857193410397,-0.0005013450863771141,5.6961202062666416e-05,-0.045361921191215515,0.9989705085754395
85,foot_r,1.397443413734436,0.09277372062206268,-0.019413327798247337,0.000694776012096554,0.00016370533558074385,0.04574574902653694,0.9989529848098755
85,hand_l,36.82126235961914,140.02085876464844,181.1502227783203,0.34675469994544983,0.8301090002059937,-0.3515617549419403,0.2590070962905884
85,hand_r,-30.26018524169922,152.27810668945312,168.68577575683594,0.8828283548355103,0.2066291868686676,-0.04565377160906792,0.41932597756385803
85,head,-2.213604688644409,1.7149531841278076,-3.8877129554748535,0.0023553718347102404,0.015365724451839924,0.008566809818148613,0.9998425841331482
85,lowerarm_l,32.76205062866211,109.5370864868164,46.43171310424805,0.10771721601486206,0.5828229188919067,-0.7964085936546326,0.1201997846364975
85,lowerarm_r,112.49413299560547,104.27168273925781,140.54481506347656,0.7956094145774841,-0.2532421946525574,-0.45451316237449646,0.31030935049057007
85,neck,-21.63181495666504,2.000796318054199,-2.1170854568481445,0.003642101539298892,0.07534878700971603,0.007012419402599335,0.9971259236335754
85,pelvis,3.9305496215820312,1.1666423082351685,-3.523188829421997,0.0034348522312939167,-0.029047949239611626,0.11658159643411636,0.9927502870559692
85,root,0.0,0.0,0.0,-2.1139658201718703e-07,-5.7790373375610216e-08,1.0658141036401503e-14,1.0
85,spine_01,-3.315727710723877,-0.7176385521888733,-3.6846697330474854,-0.0013094206806272268,0.007772092707455158,0.16030670702457428,0.9870358109474182
85,spine_02,-11.801765441894531,-4.826500415802002,-3.169691562652588,-0.010008540004491806,0.04580329358577728,0.21325021982192993,0.9758720397949219
85,thigh_l,26.543304443359375,-1.9399182796478271,-0.2679232954978943,-0.009260466322302818,-0.1428634226322174,-0.026566628366708755,0.989342451095581
85,thigh_r,27.180068969726562,1.7994738817214966,1.7520135641098022,0.00788602139800787,-0.1786295622587204,0.024755224585533142,0.9835734367370605
85,upperarm_l,57.18566131591797,-37.59111022949219,3.2576382160186768,0.15769359469413757,0.006409882102161646,-0.9868680834770203,0.03439837694168091
85,upperarm_r,-94.9251480102539,58.52727127075195,27.87371826171875,0.054829757660627365,0.30499154329299927,-0.4215429723262787,0.852217972278595
86,calf_l,-2.2152397632598877,0.0981452539563179,0.17948076128959656,0.0011554004158824682,0.15954312682151794,-0.04393792152404785,0.9862121343612671
86,calf_r,-1.451733112335205,-0.10694238543510437,0.09418229758739471,-0.00248230854049325,0.12234281003475189,0.04163205623626709,0.9916112422943115
86,clavicle_l,-26.129840850830078,-9.176922798156738,-0.9576575756072998,-0.014198815450072289,0.09694911539554596,0.21226364374160767,0.9722878336906433
86,clavicle_r,-24.29239845275879,-13.114523887634277,-0.9580891728401184,-0.028072329238057137,0.0938665121793747,0.2181900441646576,0.9709758758544922
86,foot_l,1.3847949504852295,-0.10120973736047745,-0.015131570398807526,-0.0004812992410734296,4.026212263852358e-05,-0.045323535799980164,0.9989722371101379
86,foot_r,1.3963334560394287,0.09364110976457596,-0.01924467459321022,0.0006718687363900244,0.00013539308565668762,0.04570271074771881,0.9989549517631531
86,hand_l,23.67634391784668,145.5028839111328,171.33193969726562,0.2340434193611145,0.8694037199020386,-0.3809158504009247,0.21039006114006042
86,hand_r,-35.198570251464844,151.27381896972656,166.49012756347656,0.8765190839767456,0.21720772981643677,-0.03012426756322384,0.4285179078578949
86,head,-2.2308273315429688,1.7303500175476074,-3.9266109466552734,0.0023538025561720133,0.015410788357257843,0.008680044673383236,0.9998409152030945
86,lowerarm_l,29.970693588256836,110.53025817871094,46.97908020019531,0.10074200481176376,0.5860960483551025,-0.7939531803131104,0.12641559541225433
86,lowerarm_r,112.07813262939453,104.69771575927734,143.8083953857422,0.8022249341011047,-0.2521428167819977,-0.4476252794265747,0.3041229844093323
86,neck,-21.642763137817383,2.010737895965576,-2.1550536155700684,0.003630314487963915,0.0753747969865799,0.007125767879188061,0.9971232414245605
86,pelvis,3.921786308288574,1.1821789741516113,-3.560394048690796,0.0034838870633393526,-0.02903428114950657,0.1180829331278801,0.992573082447052
86,root,0.0,0.0,0.0,-2.1139658201718703e-07,-5.7790373375610216e-08,1.0658141036401503e-14,1.0
86,spine_01,-3.3250246047973633,-0.7300239205360413,-3.7221789360046387,-0.0013353904942050576,0.007814684882760048,0.1623927801847458,0.9866943359375
86,spine_02,-11.796868324279785,-4.8952555656433105,-3.205859661102295,-0.010158848017454147,0.04586701840162277,0.2160288393497467,0.9752561450004578
86,thigh_l,26.663970947265625,-1.952578067779541,-0.28007766604423523,-0.009376422502100468,-0.14341646432876587,-0.026517797261476517,0.9892626404762268
86,thigh_r,27.306100845336914,1.809586763381958,1.7751693725585938,0.007984219118952751,-0.17963410913944244,0.024681594222784042,0.9833914041519165
86,upperarm_l,57.053314208984375,-35.74805450439453,2.914649248123169,0.15565361082553864,0.011014197953045368,-0.9867874979972839,0.04360213503241539
86,upperarm_r,-92.96529388427734,59.46158218383789,26.62959098815918,0.06307402998209,0.29928985238075256,-0.4175814688205719,0.8556126356124878
87,calf_l,-2.2343389987945557,0.0974913239479065,0.18193382024765015,0.0011066881706938148,0.16047729551792145,-0.04399923235177994,0.9860577583312988
87,calf_r,-1.462385892868042,-0.10621938854455948,0.094475157558918,-0.0024476826656609774,0.12285720556974411,0.0416644886136055,0.9915463924407959
87,clavicle_l,-26.107158660888672,-9.319878578186035,-0.9870996475219727,-0.014483592472970486,0.09703782945871353,0.21480347216129303,0.9717168211936951
87,clavicle_r,-24.249181747436523,-13.246895790100098,-0.9875627160072327,-0.028345048427581787,0.09391862154006958,0.2207292914390564,0.9703888297080994
87,foot_l,1.384447693824768,-0.10115979611873627,-0.01449358556419611,-0.00046035085688345134,4.0605213143862784e-05,-0.04531291499733925,0.9989727735519409
87,foot_r,1.396141529083252,0.09344615787267685,-0.018503017723560333,0.0006465862970799208,0.00013613143528345972,0.04569731280207634,0.9989551305770874
87,hand_l,2.1421074867248535,148.7294158935547,159.8958282470703,0.06072448566555977,0.8972675800323486,-0.4208880662918091,0.1186450719833374
87,hand_r,-37.95155334472656,150.92276000976562,163.58998107910156,0.8742531538009644,0.20991820096969604,-0.0022267077583819628,0.4377337396144867
87,head,-2.2417616844177246,1.7456512451171875,-3.9633750915527344,0.0023519948590546846,0.015457299537956715,0.008784978650510311,0.999839186668396
87,lowerarm_l,24.601396560668945,112.5575180053711,48.72700500488281,0.08765792846679688,0.5950568914413452,-0.7869685292243958,0.13749146461486816
87,lowerarm_r,111.85436248779297,105.06726837158203,146.55931091308594,0.8075472712516785,-0.25099989771842957,-0.4421840012073517,0.29889801144599915
87,neck,-21.652565002441406,2.0220704078674316,-2.1901488304138184,0.0036224168725311756,0.0754181295633316,0.007229965645819902,0.9971193075180054
87,pelvis,3.918736457824707,1.1951810121536255,-3.5965919494628906,0.003523091785609722,-0.029028812423348427,0.11939165741205215,0.9924165606498718
87,root,0.0,0.0,0.0,-2.1139658201718703e-07,-5.7790373375610216e-08,1.0658141036401503e-14,1.0
87,spine_01,-3.3331356048583984,-0.7419589161872864,-3.758162260055542,-0.0013604260748252273,0.007868782617151737,0.16426999866962433,0.9863830804824829
87,spine_02,-11.796756744384766,-4.962502956390381,-3.2392501831054688,-0.01030676532536745,0.045964401215314865,0.21857967972755432,0.9746814966201782
87,thigh_l,26.781936645507812,-1.9637280702590942,-0.29133376479148865,-0.00947665050625801,-0.1439557671546936,-0.026471488177776337,0.9891846179962158
87,thigh_r,27.43106460571289,1.81844162940979,1.796464443206787,0.008069056086242199,-0.1805829256772995,0.024613624438643456,0.9832186698913574
87,upperarm_l,56.6335334777832,-33.56461715698242,2.466325521469116,0.15191662311553955,0.01580299250781536,-0.9864905476570129,0.05922883749008179
87,upperarm_r,-90.71910095214844,60.99744415283203,25.457304000854492,0.07285594940185547,0.2934876084327698,-0.415206640958786,0.8579979538917542
88,calf_l,-2.252645254135132,0.09763313084840775,0.18486884236335754,0.0010706930188462138,0.16138167679309845,-0.04405765235424042,0.9859075546264648
88,calf_r,-1.473685622215271,-0.10660874843597412,0.09567651152610779,-0.002425518585368991,0.12341845780611038,0.04169788211584091,0.9914753437042236
88,clavicle_l,-26.09145736694336,-9.44931697845459,-1.0128180980682373,-0.01473770011216402,0.09716024249792099,0.21709993481636047,0.9711901545524597
88,clavicle_r,-24.212669372558594,-13.374032020568848,-1.0131218433380127,-0.028614239767193794,0.09400597959756851,0.22302451729774475,0.9698475003242493
88,foot_l,1.38431715965271,-0.10140515118837357,-0.01478696521371603,-0.0004748463397845626,4.7541368985548615e-05,-0.045311089605093,0.9989728331565857
88,foot_r,1.3962091207504272,0.09366385638713837,-0.01899060048162937,0.0006729658925905824,0.00015074241673573852,0.045703090727329254,0.9989548325538635
88,hand_l,-18.959789276123047,146.83404541015625,154.2222900390625,-0.09180130064487457,0.8884103298187256,-0.4483594596385956,0.03568486496806145
88,hand_r,-42.33671569824219,149.7148895263672,161.4363250732422,0.867877185344696,0.21939542889595032,0.012808729894459248,0.44552311301231384
88,head,-2.246181011199951,1.7609251737594604,-3.9978384971618652,0.0023498153313994408,0.015506233088672161,0.008879399858415127,0.9998375773429871
88,lowerarm_l,19.8084774017334,115.66094970703125,52.64760208129883,0.07677875459194183,0.6106520891189575,-0.7745581865310669,0.14583778381347656
88,lowerarm_r,111.25520324707031,105.64791107177734,149.61415100097656,0.813762903213501,-0.249094158411026,-0.4354410171508789,0.2934845983982086
88,neck,-21.661497116088867,2.034250259399414,-2.2221922874450684,0.0036163998302072287,0.07548133283853531,0.007324377540498972,0.9971137642860413
88,pelvis,3.920618772506714,1.205771565437317,-3.631460666656494,0.0035540733952075243,-0.029026756063103676,0.12049268186092377,0.9922834038734436
88,root,0.0,0.0,0.0,-2.1139658201718703e-07,-5.7790373375610216e-08,1.0658141036401503e-14,1.0
88,spine_01,-3.340467929840088,-0.7537019848823547,-3.792548179626465,-0.0013854169519618154,0.007937387563288212,0.16592158377170563,0.9861060380935669
88,spine_02,-11.802192687988281,-5.0281548500061035,-3.2697200775146484,-0.010451847687363625,0.04609920457005501,0.2208854705095291,0.9741536378860474
88,thigh_l,26.895967483520508,-1.9737828969955444,-0.30186736583709717,-0.009562689810991287,-0.14447487890720367,-0.026428688317537308,0.9891092777252197
88,thigh_r,27.553462982177734,1.8262611627578735,1.8152592182159424,0.008140839636325836,-0.1814635545015335,0.024551358073949814,0.98305743932724
88,upperarm_l,56.22740936279297,-31.214916229248047,2.0451560020446777,0.14905963838100433,0.02193143591284752,-0.986081600189209,0.07031002640724182
88,upperarm_r,-88.7752685546875,61.92448043823242,24.36455726623535,0.08091460913419724,0.2879490852355957,-0.4107878506183624,0.8612733483314514
89,calf_l,-2.2699155807495117,0.0974157303571701,0.18756264448165894,0.0010383017361164093,0.16222931444644928,-0.04411185905337334,0.9857660531997681
89,calf_r,-1.4855350255966187,-0.10642725974321365,0.09663470834493637,-0.0024033666122704744,0.12399647384881973,0.04173288866877556,0.9914017915725708
89,clavicle_l,-26.08218765258789,-9.571942329406738,-1.0351041555404663,-0.014985173009335995,0.09731989353895187,0.21913397312164307,0.9707134962081909
89,clavicle_r,-24.186784744262695,-13.489213943481445,-1.0353963375091553,-0.02885563112795353,0.09413662552833557,0.22505831718444824,0.9693577289581299
89,foot_l,1.38396418094635,-0.10168417543172836,-0.014745678752660751,-0.0004747750353999436,4.824242205359042e-05,-0.04530065879225731,0.9989733099937439
89,foot_r,1.3959788084030151,0.09390916675329208,-0.01906639151275158,0.000677216041367501,0.00015339012315962464,0.045696139335632324,0.998955249786377
89,hand_l,-26.277381896972656,145.3056182861328,152.3154296875,-0.12953686714172363,0.8789544701576233,-0.4579642415046692,0.030462926253676414
89,hand_r,-46.40365219116211,148.42730712890625,159.315673828125,0.8614987134933472,0.22816504538059235,0.027337245643138885,0.4527840316295624
89,head,-2.2497904300689697,1.7762746810913086,-4.031085968017578,0.0023476378992199898,0.015574906952679157,0.008963587693870068,0.9998357892036438
89,lowerarm_l,19.410837173461914,117.44215393066406,55.2879638671875,0.07660547643899918,0.6192782521247864,-0.7677448391914368,0.14558134973049164
89,lowerarm_r,110.58282470703125,106.27931213378906,152.54843139648438,0.8197340369224548,-0.2468675822019577,-0.42883893847465515,0.2884262502193451
89,neck,-21.6653995513916,2.0465712547302246,-2.252686023712158,0.003609787905588746,0.07555145770311356,0.007407601922750473,0.9971078634262085
89,pelvis,3.9265875816345215,1.2143726348876953,-3.6641061305999756,0.003579855663701892,-0.029023028910160065,0.12136796861886978,0.9921767711639404
89,root,0.0,0.0,0.0,-2.1139658201718703e-07,-5.7790373375610216e-08,1.0658141036401503e-14,1.0
89,spine_01,-3.347247362136841,-0.7656059265136719,-3.824859857559204,-0.0014120116829872131,0.008023085072636604,0.1673322170972824,0.9858670234680176
89,spine_02,-11.812737464904785,-5.091584205627441,-3.2977938652038574,-0.010592764243483543,0.04627017304301262,0.22292941808700562,0.9736782908439636
89,thigh_l,27.00149917602539,-1.9835134744644165,-0.3122662305831909,-0.009641654789447784,-0.14494851231575012,-0.026389434933662415,0.9890402555465698
89,thigh_r,27.66639518737793,1.8342679738998413,1.82948637008667,0.008208977058529854,-0.18223030865192413,0.02449638955295086,0.9829164147377014
89,upperarm_l,56.249481201171875,-29.68399429321289,1.8654570579528809,0.14917612075805664,0.02713244967162609,-0.986003577709198,0.06933505833148956
89,upperarm_r,-86.86505889892578,62.84490203857422,23.354137420654297,0.08879850804805756,0.2825641930103302,-0.40621185302734375,0.8644444942474365
90,calf_l,-2.286114454269409,0.09735535830259323,0.19028103351593018,0.0010143638355657458,0.16302578151226044,-0.04416222125291824,0.9856324195861816
90,calf_r,-1.4980921745300293,-0.10647697001695633,0.097872294485569,-0.002388118300586939,0.12460598349571228,0.04176818206906319,0.9913239479064941
90,clavicle_l,-26.081562042236328,-9.684503555297852,-1.0531634092330933,-0.015215007588267326,0.09752245992422104,0.22088943421840668,0.9702916741371155
90,clavicle_r,-24.17156982421875,-13.595132827758789,-1.0535272359848022,-0.02907940186560154,0.09431325644254684,0.2268148809671402,0.968924343585968
90,foot_l,1.383777379989624,-0.10164938867092133,-0.014324191026389599,-0.0004607648588716984,4.957744386047125e-05,-0.04529543220996857,0.998973548412323
90,foot_r,1.3958768844604492,0.09364064037799835,-0.01848483458161354,0.0006585594965144992,0.00015553066623397171,0.045694585889577866,0.998955249786377
90,hand_l,-31.315465927124023,144.0084991455078,150.5990447998047,-0.15033330023288727,0.8714227676391602,-0.4655512869358063,0.03583716228604317
90,hand_r,-48.21717834472656,148.01705932617188,156.7144317626953,0.8593599796295166,0.21923193335533142,0.054308660328388214,0.4587903916835785
90,head,-2.2500500679016113,1.7917722463607788,-4.062402248382568,0.002345508662983775,0.015657465904951096,0.009035523980855942,0.999833881855011
90,lowerarm_l,19.673067092895508,118.8694839477539,57.514198303222656,0.07795858383178711,0.6260096430778503,-0.7624014616012573,0.14414729177951813
90,lowerarm_r,110.08057403564453,106.95616912841797,154.97923278808594,0.8245598077774048,-0.24445265531539917,-0.4234919250011444,0.2846025228500366
90,neck,-21.665525436401367,2.0593087673187256,-2.2808194160461426,0.0036033194046467543,0.07563425600528717,0.007479258347302675,0.9971011281013489
90,pelvis,3.937415838241577,1.2205913066864014,-3.694659471511841,0.003598456270992756,-0.02902013435959816,0.12200223654508591,0.9920989871025085
90,root,0.0,0.0,0.0,-2.1139658201718703e-07,-5.7790373375610216e-08,1.0658141036401503e-14,1.0
90,spine_01,-3.3533968925476074,-0.7775932550430298,-3.855013847351074,-0.0014399896608665586,0.00812624767422676,0.16848404705524445,0.9856698513031006
90,spine_02,-11.829183578491211,-5.153021812438965,-3.322911262512207,-0.010730244219303131,0.046481065452098846,0.22469474375247955,0.9732608795166016
90,thigh_l,27.09970474243164,-1.9924346208572388,-0.32219603657722473,-0.009708800353109837,-0.14538387954235077,-0.026354167610406876,0.9889766573905945
90,thigh_r,27.771926879882812,1.8418490886688232,1.8395416736602783,0.00826814491301775,-0.18289227783679962,0.024448279291391373,0.9827941656112671
90,upperarm_l,56.312950134277344,-28.207260131835938,1.7213449478149414,0.1496097892522812,0.03239026293158531,-0.9859495162963867,0.06686818599700928
90,upperarm_r,-84.6934814453125,64.26979064941406,22.419612884521484,0.09801112860441208,0.27704286575317383,-0.40293195843696594,0.8667681217193604
91,calf_l,-2.2997124195098877,0.0989123284816742,0.19400277733802795,0.0010315192630514503,0.16370542347431183,-0.04419894888997078,0.9855181574821472
91,calf_r,-1.514435052871704,-0.10828858613967896,0.10111050307750702,-0.0024051107466220856,0.12541761994361877,0.04181067645549774,0.9912197589874268
91,clavicle_l,-26.11160659790039,-9.752058029174805,-1.0568510293960571,-0.015352440066635609,0.0978773757815361,0.221622034907341,0.9700866341590881
91,clavicle_r,-24.189538955688477,-13.6720552444458,-1.0572084188461304,-0.029257411137223244,0.09464744478464127,0.22755397856235504,0.968713104724884
91,foot_l,1.3841135501861572,-0.10144729167222977,-0.014490616507828236,-0.00047232949873432517,5.866903666174039e-05,-0.045308250933885574,0.9989729523658752
91,foot_r,1.396303415298462,0.09337717294692993,-0.018635805696249008,0.0006771843181923032,0.00017603387823328376,0.045714035630226135,0.9989543557167053
91,hand_l,-34.563148498535156,143.0742645263672,148.90957641601562,-0.15974141657352448,0.8658688068389893,-0.4717792272567749,0.04667225107550621
91,hand_r,-51.281673431396484,146.87213134765625,154.6732177734375,0.8535556793212891,0.2254360020160675,0.06700608134269714,0.4648995101451874
91,head,-2.229858160018921,1.8072760105133057,-4.087018966674805,0.002343533094972372,0.015775782987475395,0.009066462516784668,0.9998317360877991
91,lowerarm_l,20.31478500366211,119.93559265136719,59.26575469970703,0.08006016910076141,0.6309201121330261,-0.7585360407829285,0.14196258783340454
91,lowerarm_r,109.376953125,107.60525512695312,157.54696655273438,0.8297958970069885,-0.24193182587623596,-0.4175505042076111,0.2802845239639282
91,neck,-21.651914596557617,2.074739456176758,-2.299928665161133,0.003602954326197505,0.07577385008335114,0.007509700488299131,0.9970903396606445
91,pelvis,3.9700512886047363,1.2174019813537598,-3.719550371170044,0.0035873567685484886,-0.029025137424468994,0.12173046916723251,0.9921322464942932
91,root,0.0,0.0,0.0,-2.1139658201718703e-07,-5.7790373375610216e-08,1.0658141036401503e-14,1.0
91,spine_01,-3.3539459705352783,-0.7885714769363403,-3.8787484169006348,-0.0014680272433906794,0.008289837278425694,0.16867564618587494,0.9856356382369995
91,spine_02,-11.865458488464355,-5.20603084564209,-3.3379197120666504,-0.010851027444005013,0.04683852195739746,0.22543802857398987,0.9730704426765442
91,thigh_l,27.180326461791992,-1.9982424974441528,-0.33045312762260437,-0.009727373719215393,-0.14571985602378845,-0.026331964880228043,0.9889276027679443
91,thigh_r,27.86190414428711,1.8478807210922241,1.8348138332366943,0.008290421217679977,-0.18321910500526428,0.02442598156630993,0.9827336668968201
91,upperarm_l,56.34779357910156,-26.86019515991211,1.5980660915374756,0.15002715587615967,0.037391360849142075,-0.9859210848808289,0.06366607546806335
91,upperarm_r,-83.04209899902344,65.02645874023438,21.66078758239746,0.10460805892944336,0.27256110310554504,-0.398238867521286,0.8695823550224304
92,calf_l,-2.308946132659912,0.09995356947183609,0.19758576154708862,0.0010875039733946323,0.1641576588153839,-0.0442161001265049,0.985442042350769
92,calf_r,-1.5364657640457153,-0.10893593728542328,0.10490661859512329,-0.002444403013214469,0.1264791339635849,0.04186549410223961,0.9910824298858643
92,clavicle_l,-26.179731369018555,-9.76950454711914,-1.0417534112930298,-0.015420706942677498,0.09845422953367233,0.22074492275714874,0.9702271223068237
92,clavicle_r,-24.2705020904541,-13.68068790435791,-1.0420913696289062,-0.029280243441462517,0.0952475517988205,0.2266840785741806,0.9688576459884644
92,foot_l,1.3836420774459839,-0.10170210152864456,-0.014158920384943485,-0.00045782202505506575,5.2374274673638865e-05,-0.04529149457812309,0.9989737272262573
92,foot_r,1.3954927921295166,0.09388937801122665,-0.018223628401756287,0.0006521248142234981,0.00015818577958270907,0.04568333923816681,0.9989557862281799
92,hand_l,-38.64419937133789,141.65139770507812,147.08792114257812,-0.180685892701149,0.857111930847168,-0.48037758469581604,0.04414904862642288
92,hand_r,-53.37770080566406,146.04112243652344,152.59521484375,0.8484243154525757,0.228778675198555,0.07762009650468826,0.4709688425064087
92,head,-2.1922459602355957,1.8229763507843018,-4.105043411254883,0.0023433074820786715,0.01599431410431862,0.009030008688569069,0.999828577041626
92,lowerarm_l,20.430683135986328,120.99158477783203,61.07506561279297,0.08075287938117981,0.6362542510032654,-0.7542724013328552,0.1404731422662735
92,lowerarm_r,108.87442779541016,108.0423583984375,159.76292419433594,0.8342061042785645,-0.24001622200012207,-0.4125997722148895,0.27614104747772217
92,neck,-21.60570526123047,2.090532064437866,-2.310466766357422,0.0036003098357468843,0.07596766948699951,0.007472977973520756,0.9970757961273193
92,pelvis,4.0347113609313965,1.2013956308364868,-3.7337005138397217,0.0035411673597991467,-0.029029034078121185,0.12003955990076065,0.9923382997512817
92,root,0.0,0.0,0.0,-2.1139658201718703e-07,-5.7790373375610216e-08,1.0658141036401503e-14,1.0
92,spine_01,-3.3456530570983887,-0.7992362380027771,-3.8925647735595703,-0.001502234605140984,0.008553492836654186,0.1673600971698761,0.9858576059341431
92,spine_02,-11.930133819580078,-5.243400573730469,-3.3399343490600586,-0.01094026304781437,0.047416288405656815,0.22456799447536469,0.9732426404953003
92,thigh_l,27.224102020263672,-2.001539707183838,-0.33785510063171387,-0.009691322222352028,-0.1458408236503601,-0.026330258697271347,0.9889101386070251
92,thigh_r,27.912691116333008,1.8544600009918213,1.802296757698059,0.008278396911919117,-0.18292444944381714,0.024445336312055588,0.9827881455421448
92,upperarm_l,56.229305267333984,-25.588130950927734,1.454085111618042,0.14980338513851166,0.04206253960728645,-0.9858896732330322,0.06173530966043472
92,upperarm_r,-81.70153045654297,65.60175323486328,21.114486694335938,0.10959859192371368,0.26921209692955017,-0.39417651295661926,0.8718588948249817
93,calf_l,-2.3150832653045654,0.10286958515644073,0.20229829847812653,0.0011931745102629066,0.1644689440727234,-0.044217053800821304,0.9853900074958801
93,calf_r,-1.5637646913528442,-0.1118224561214447,0.11126688122749329,-0.0025231163017451763,0.12781614065170288,0.04192959517240524,0.9909079670906067
93,clavicle_l,-26.289865493774414,-9.724422454833984,-1.0074812173843384,-0.01536121591925621,0.0992395207285881,0.21847131848335266,0.9706625938415527
93,clavicle_r,-24.39772605895996,-13.646928787231445,-1.0078781843185425,-0.029232637956738472,0.09606438130140305,0.22442470490932465,0.9693042635917664
93,foot_l,1.3837920427322388,-0.10166946053504944,-0.014408760704100132,-0.0004674155206885189,5.6125776609405875e-05,-0.045298002660274506,0.9989734292030334
93,foot_r,1.3953466415405273,0.09406788647174835,-0.01839921809732914,0.0006595581071451306,0.00016124370449688286,0.045679330825805664,0.998956024646759
93,hand_l,-40.693546295166016,140.83543395996094,145.27940368652344,-0.18947733938694,0.8509736657142639,-0.48762908577919006,0.04647694528102875
93,hand_r,-54.57353591918945,145.5322265625,150.51345825195312,0.8439657092094421,0.2296733409166336,0.0859714075922966,0.47705450654029846
93,head,-2.1263320446014404,1.8374184370040894,-4.114627838134766,0.0023414194583892822,0.016262277960777283,0.008936764672398567,0.999825119972229
93,lowerarm_l,20.961013793945312,121.65635681152344,62.334163665771484,0.0822281688451767,0.6397078633308411,-0.7516171336174011,0.13814514875411987
93,lowerarm_r,108.65071868896484,108.209228515625,161.5785369873047,0.8376458883285522,-0.23900683224201202,-0.40880411863327026,0.2722211480140686
93,neck,-21.54005241394043,2.1091043949127197,-2.3094534873962402,0.003605207893997431,0.07623869925737381,0.00737939216196537,0.9970557689666748
93,pelvis,4.128923416137695,1.1729744672775269,-3.7406444549560547,0.0034558987244963646,-0.029042048379778862,0.11715637147426605,0.9926827549934387
93,root,0.0,0.0,0.0,-2.1139658201718703e-07,-5.7790373375610216e-08,1.0658141036401503e-14,1.0
93,spine_01,-3.3296332359313965,-0.8079848289489746,-3.898179531097412,-0.0015353119233623147,0.008900249376893044,0.16475699841976166,0.986292839050293
93,spine_02,-12.022311210632324,-5.267371654510498,-3.328573703765869,-0.011002201586961746,0.04819463565945625,0.22230134904384613,0.9737239480018616
93,thigh_l,27.245283126831055,-2.0011374950408936,-0.3435959219932556,-0.009596179239451885,-0.14582736790180206,-0.026345770806074142,0.9889126420021057
93,thigh_r,27.94269561767578,1.8590916395187378,1.7494174242019653,0.008221016265451908,-0.18217924237251282,0.024497969076037407,0.9829257130622864
93,upperarm_l,56.09014129638672,-24.689908981323242,1.3411998748779297,0.14958958327770233,0.04570060223340988,-0.9859347343444824,0.05888241156935692
93,upperarm_r,-80.62188720703125,66.05696868896484,20.747085571289062,0.11316666752099991,0.2668702006340027,-0.3911899924278259,0.8734666705131531
94,calf_l,-2.3184401988983154,0.10490365326404572,0.20643062889575958,0.0013172482140362263,0.16462469100952148,-0.044205442070961,0.9853643178939819
94,calf_r,-1.5950549840927124,-0.11311434209346771,0.11743917316198349,-0.002606806578114629,0.1293153166770935,0.042002804577350616,0.9907101392745972
94,clavicle_l,-26.42982292175293,-9.637907028198242,-0.9590827822685242,-0.015237904153764248,0.10019145905971527,0.21501681208610535,0.9713379144668579
94,clavicle_r,-24.57093620300293,-13.561698913574219,-0.959473729133606,-0.029071243479847908,0.09707582741975784,0.2209850251674652,0.9699983596801758
94,foot_l,1.383161187171936,-0.10220494866371155,-0.01439586654305458,-0.00045560122816823423,3.621227006078698e-05,-0.045273102819919586,0.9989745616912842
94,foot_r,1.3939636945724487,0.09520931541919708,-0.018299195915460587,0.0006340857362374663,0.00012292976316530257,0.04562561586499214,0.99895840883255
94,hand_l,-41.23588943481445,140.5240936279297,143.47274780273438,-0.19033876061439514,0.8468489050865173,-0.49399837851524353,0.05083054304122925
94,hand_r,-54.92799758911133,145.3356170654297,148.45840454101562,0.8401581048965454,0.22850650548934937,0.09187982231378555,0.48319482803344727
94,head,-2.045285224914551,1.851183533668518,-4.119157791137695,0.002341552171856165,0.016596976667642593,0.008794225752353668,0.99982088804245
94,lowerarm_l,21.795591354370117,122.02577209472656,63.1772575378418,0.08426019549369812,0.6418267488479614,-0.7501211762428284,0.13519205152988434
94,lowerarm_r,108.7879867553711,108.0464859008789,162.92295837402344,0.8399230241775513,-0.2392047494649887,-0.40639451146125793,0.268614798784256
94,neck,-21.452436447143555,2.1273016929626465,-2.3017287254333496,0.0036098575219511986,0.07655594497919083,0.007236773613840342,0.9970325231552124
94,pelvis,4.244791507720947,1.1356635093688965,-3.74029278755188,0.0033466804306954145,-0.029049687087535858,0.11330024898052216,0.9931303858757019
94,root,0.0,0.0,0.0,-2.1139658201718703e-07,-5.7790373375610216e-08,1.0658141036401503e-14,1.0
94,spine_01,-3.3081696033477783,-0.8152303099632263,-3.8968801498413086,-0.001568697509355843,0.009321760386228561,0.16108538210391998,0.9868952035903931
94,spine_02,-12.13720417022705,-5.277329444885254,-3.3074021339416504,-0.01103498786687851,0.04913819208741188,0.2188517302274704,0.9744576215744019
94,thigh_l,27.240238189697266,-1.9994328022003174,-0.34945914149284363,-0.009471237659454346,-0.14565718173980713,-0.026374224573373795,0.9889382123947144
94,thigh_r,27.942367553710938,1.8647055625915527,1.6762008666992188,0.008149374276399612,-0.18098215758800507,0.024578867480158806,0.983145534992218
94,upperarm_l,55.941917419433594,-24.189350128173828,1.2554854154586792,0.14939463138580322,0.04818029701709747,-0.9860544204711914,0.055286504328250885
94,upperarm_r,-79.76854705810547,66.4557113647461,20.544334411621094,0.11546365916728973,0.2654728293418884,-0.38974812626838684,0.8742361068725586
95,calf_l,-2.3198556900024414,0.1101132333278656,0.21246229112148285,0.001483370317146182,0.16472534835338593,-0.04418422281742096,0.9853482246398926
95,calf_r,-1.629395604133606,-0.11864422261714935,0.12706676125526428,-0.0027298626955598593,0.13102376461029053,0.04208158329129219,0.990481972694397
95,clavicle_l,-26.602340698242188,-9.497347831726074,-0.8962529897689819,-0.014993236400187016,0.10129481554031372,0.21059177815914154,0.9721963405609131
95,clavicle_r,-24.773681640625,-13.450087547302246,-0.896573543548584,-0.028878644108772278,0.09823451936244965,0.2165842056274414,0.9708796739578247
95,foot_l,1.384324550628662,-0.10135588049888611,-0.014595095068216324,-0.00047539127990603447,5.805003456771374e-05,-0.045313335955142975,0.9989727139472961
95,foot_r,1.3948692083358765,0.09442588686943054,-0.018228624016046524,0.0006506136269308627,0.00015573931159451604,0.04566169157624245,0.9989568591117859
95,hand_l,-42.53191375732422,139.77777099609375,141.67755126953125,-0.20162314176559448,0.8396945595741272,-0.5024436116218567,0.04256322234869003
95,hand_r,-54.50209426879883,145.42210388183594,146.4527130126953,0.8369390368461609,0.2256988137960434,0.09514883160591125,0.4894281029701233
95,head,-1.9422169923782349,1.8627997636795044,-4.117751121520996,0.002340748906135559,0.0169586930423975,0.008612659759819508,0.9998164176940918
95,lowerarm_l,22.298608779907227,122.47239685058594,64.21453857421875,0.0854470357298851,0.6448392868041992,-0.7478528022766113,0.13265496492385864
95,lowerarm_r,109.36688232421875,107.4920654296875,163.71652221679688,0.8408207893371582,-0.24089977145195007,-0.4056367576122284,0.2654181122779846
95,neck,-21.353071212768555,2.1471939086914062,-2.2855639457702637,0.003623289754614234,0.07693226635456085,0.007054709829390049,0.9970048069953918
95,pelvis,4.382808685302734,1.0895696878433228,-3.7360548973083496,0.003206809749826789,-0.029076162725687027,0.1086975559592247,0.9936444163322449
95,root,0.0,0.0,0.0,-2.1139658201718703e-07,-5.7790373375610216e-08,1.0658141036401503e-14,1.0
95,spine_01,-3.281580686569214,-0.8197213411331177,-3.8902640342712402,-0.0015974546549841762,0.00979829765856266,0.15656369924545288,0.9876179695129395
95,spine_02,-12.273575782775879,-5.274789810180664,-3.276193141937256,-0.011041668243706226,0.050226226449012756,0.21443310379981995,0.9753840565681458
95,thigh_l,27.22623062133789,-1.9938501119613647,-0.35349583625793457,-0.009300647303462029,-0.14542604982852936,-0.0264138150960207,0.9889728426933289
95,thigh_r,27.935386657714844,1.8666833639144897,1.5921868085861206,0.008037005551159382,-0.17953407764434814,0.024680592119693756,0.9834092855453491
95,upperarm_l,55.72165298461914,-23.93313217163086,1.1649370193481445,0.1488930881023407,0.049812719225883484,-0.9862157106399536,0.052231356501579285
95,upperarm_r,-79.11174011230469,66.8747329711914,20.503826141357422,0.11666130274534225,0.26499226689338684,-0.39032915234565735,0.8739636540412903
96,calf_l,-2.319945812225342,0.11448147892951965,0.21782386302947998,0.0016505615785717964,0.1647440493106842,-0.044157929718494415,0.9853460192680359
96,calf_r,-1.6658439636230469,-0.12290214747190475,0.13624343276023865,-0.0028460491448640823,0.1328103393316269,0.04216600954532623,0.9902400970458984
96,clavicle_l,-26.795106887817383,-9.324848175048828,-0.8240383863449097,-0.014694316312670708,0.10250858217477798,0.20541366934776306,0.9731810092926025
96,clavicle_r,-25.005563735961914,-13.301610946655273,-0.8245222568511963,-0.028606895357370377,0.09951747208833694,0.21143078804016113,0.9718924760818481
96,foot_l,1.3848754167556763,-0.1009998619556427,-0.014826314523816109,-0.00048478206736035645,6.312167533906177e-05,-0.04533209279179573,0.9989719390869141
96,foot_r,1.3948628902435303,0.09437673538923264,-0.018157292157411575,0.0006512652616947889,0.00016005772340577096,0.045664213597774506,0.9989567399024963
96,hand_l,-40.68699645996094,140.269287109375,139.90756225585938,-0.19161850214004517,0.8386548161506653,-0.5076020956039429,0.04775489866733551
96,hand_r,-53.35139083862305,145.7519989013672,144.51956176757812,0.8342397809028625,0.22166123986244202,0.09557197988033295,0.4957583248615265
96,head,-1.8287606239318848,1.872241735458374,-4.113471508026123,0.002340574050322175,0.017360340803861618,0.008400293998420238,0.9998112916946411
96,lowerarm_l,23.73415184020996,122.40471649169922,64.4826889038086,0.08869444578886032,0.645203173160553,-0.7478845715522766,0.12851038575172424
96,lowerarm_r,110.46089935302734,106.4827651977539,163.86264038085938,0.8400791883468628,-0.24435482919216156,-0.40683573484420776,0.2627592086791992
96,neck,-21.24076271057129,2.165348529815674,-2.265346050262451,0.0036366903223097324,0.07734096050262451,0.006841727066785097,0.9969745874404907
96,pelvis,4.533008575439453,1.038625717163086,-3.7278056144714355,0.003054379252716899,-0.02909717708826065,0.10356764495372772,0.9941920638084412
96,root,0.0,0.0,0.0,-2.1139658201718703e-07,-5.7790373375610216e-08,1.0658141036401503e-14,1.0
96,spine_01,-3.252685546875,-0.8218108415603638,-3.8796722888946533,-0.0016220855759456754,0.010323894210159779,0.15141095221042633,0.9884157776832581
96,spine_02,-12.426411628723145,-5.259228229522705,-3.2385945320129395,-0.011020580306649208,0.05142315477132797,0.20925948023796082,0.9764449000358582
96,thigh_l,27.19675064086914,-1.98781418800354,-0.35835000872612,-0.009122056886553764,-0.1450960636138916,-0.026459617540240288,0.9890216588973999
96,thigh_r,27.908035278320312,1.8692963123321533,1.4960589408874512,0.007924791425466537,-0.17781013250350952,0.024797402322292328,0.9837204217910767
96,upperarm_l,55.60692596435547,-24.323562622070312,1.1373400688171387,0.14893299341201782,0.04963584989309311,-0.9864866137504578,0.04689870402216911
96,upperarm_r,-78.63124084472656,67.39543914794922,20.635234832763672,0.11691392213106155,0.2654414176940918,-0.39340752363204956,0.8724119067192078
97,calf_l,-2.31927227973938,0.11867839843034744,0.2229548990726471,0.0018166021909564734,0.16472333669662476,-0.0441291518509388,0.9853505492210388
97,calf_r,-1.703331470489502,-0.1268537938594818,0.14542308449745178,-0.0029564856085926294,0.13464514911174774,0.04225305840373039,0.9899882078170776
97,clavicle_l,-27.002334594726562,-9.125081062316895,-0.7450522780418396,-0.014345561154186726,0.10380063951015472,0.19969680905342102,0.9742385745048523
97,clavicle_r,-25.258060455322266,-13.125631332397461,-0.7454992532730103,-0.02827928029000759,0.10089034587144852,0.20573937892913818,0.9729813933372498
97,foot_l,1.3853626251220703,-0.10059335827827454,-0.014838997274637222,-0.0004878230975009501,6.677625060547143e-05,-0.04534804821014404,0.9989712238311768
97,foot_r,1.3947689533233643,0.09433592110872269,-0.017950795590877533,0.0006439108401536942,0.00015992342378012836,0.04566147178411484,0.9989568591117859
97,hand_l,-37.782257080078125,141.05313110351562,138.1997528076172,-0.17739355564117432,0.8386752009391785,-0.5122135281562805,0.052846476435661316
97,hand_r,-51.53366470336914,146.27536010742188,142.67803955078125,0.8319698572158813,0.21683451533317566,0.09291493892669678,0.5021710991859436
97,head,-1.708393931388855,1.8791394233703613,-4.107522964477539,0.0023409712594002485,0.017791392281651497,0.008165485225617886,0.9998056888580322
97,lowerarm_l,25.536922454833984,122.1573715209961,64.55998992919922,0.09277953952550888,0.6449710726737976,-0.7484028935432434,0.1236826702952385
97,lowerarm_r,112.12329864501953,104.95732116699219,163.2589874267578,0.8374170064926147,-0.24977533519268036,-0.41028881072998047,0.26078367233276367
97,neck,-21.120100021362305,2.181605815887451,-2.2423863410949707,0.003651273436844349,0.07777498662471771,0.006606281269341707,0.996942400932312
97,pelvis,4.6917724609375,0.9847452640533447,-3.717207908630371,0.002893988508731127,-0.029117630794644356,0.09813430160284042,0.9947429299354553
97,root,0.0,0.0,0.0,-2.1139658201718703e-07,-5.7790373375610216e-08,1.0658141036401503e-14,1.0
97,spine_01,-3.222715377807617,-0.8215494155883789,-3.8665711879730225,-0.00164236209820956,0.010884576477110386,0.14584632217884064,0.9892460703849792
97,spine_02,-12.592409133911133,-5.231616497039795,-3.1963109970092773,-0.01097338180989027,0.05270054563879967,0.20354533195495605,0.9775845408439636
97,thigh_l,27.158483505249023,-1.9813988208770752,-0.36396369338035583,-0.00894167274236679,-0.14470285177230835,-0.026509366929531097,0.9890795946121216
97,thigh_r,27.868152618408203,1.8717831373214722,1.3928413391113281,0.00781395472586155,-0.17591486871242523,0.024923473596572876,0.9840588569641113
97,upperarm_l,55.537784576416016,-25.20185661315918,1.148676872253418,0.14923657476902008,0.04800494760274887,-0.9868085384368896,0.04040900617837906
97,upperarm_r,-78.30087280273438,68.1063003540039,20.9504451751709,0.11639518290758133,0.26682472229003906,-0.3994162678718567,0.8693235516548157
98,calf_l,-2.318413734436035,0.12234669178724289,0.22763502597808838,0.001971988705918193,0.16469085216522217,-0.04410182684659958,0.9853569269180298
98,calf_r,-1.7408241033554077,-0.13015292584896088,0.15422390401363373,-0.0030542851891368628,0.13647782802581787,0.042341746389865875,0.9897331595420837
98,clavicle_l,-27.217548370361328,-8.908432960510254,-0.6625940799713135,-0.01396983489394188,0.10513956099748611,0.19365765154361725,0.9753190875053406
98,clavicle_r,-25.52470588684082,-12.926289558410645,-0.6630167961120605,-0.02789911814033985,0.10232086479663849,0.19972553849220276,0.9740954041481018
98,foot_l,1.3855351209640503,-0.10054479539394379,-0.015071571804583073,-0.0004953423049300909,6.811127241235226e-05,-0.045353520661592484,0.9989708662033081
98,foot_r,1.394303560256958,0.09476295858621597,-0.018024029210209846,0.0006423487793654203,0.00015412071661558002,0.04564567655324936,0.9989575147628784
98,hand_l,-35.908241271972656,141.26708984375,136.51560974121094,-0.175583153963089,0.835368812084198,-0.5190378427505493,0.043923892080783844
98,hand_r,-49.10704040527344,146.93759155273438,140.9454803466797,0.8300276398658752,0.21166950464248657,0.08692633360624313,0.5086197257041931
98,head,-1.586466670036316,1.8832944631576538,-4.101681709289551,0.002341716317459941,0.018246369436383247,0.007918458431959152,0.9997994303703308
98,lowerarm_l,27.150737762451172,122.06244659423828,64.99478912353516,0.09649026393890381,0.6460928320884705,-0.7477056980133057,0.11912167817354202
98,lowerarm_r,114.37306213378906,102.86351776123047,161.798828125,0.832536518573761,-0.25726762413978577,-0.41625383496284485,0.25967153906822205
98,neck,-20.993396759033203,2.1949381828308105,-2.2192835807800293,0.003664811607450247,0.07821927964687347,0.0063591911457479,0.9969092607498169
98,pelvis,4.854314804077148,0.9301785230636597,-3.705495595932007,0.002732429187744856,-0.029136646538972855,0.09262046217918396,0.9952714443206787
98,root,0.0,0.0,0.0,-2.1139658201718703e-07,-5.7790373375610216e-08,1.0658141036401503e-14,1.0
98,spine_01,-3.1932835578918457,-0.8192418217658997,-3.8524508476257324,-0.0016583198448643088,0.011468431912362576,0.14009098708629608,0.9900708198547363
98,spine_02,-12.76749038696289,-5.193320274353027,-3.1517386436462402,-0.010902713984251022,0.0540272556245327,0.19750702381134033,0.9787508249282837
98,thigh_l,27.115068435668945,-1.9752061367034912,-0.3708654046058655,-0.008770070038735867,-0.14426416158676147,-0.026560239493846893,0.9891438484191895
98,thigh_r,27.819263458251953,1.874367117881775,1.2862721681594849,0.007712269201874733,-0.17392732203006744,0.025052310898900032,0.9844095706939697
98,upperarm_l,55.44717788696289,-26.38639259338379,1.174578070640564,0.14949360489845276,0.04534588009119034,-0.9871394634246826,0.033929042518138885
98,upperarm_r,-78.08038330078125,69.09431457519531,21.456218719482422,0.11528857797384262,0.269104540348053,-0.40870627760887146,0.8644365668296814
99,calf_l,-2.3180947303771973,0.12461930513381958,0.23132380843162537,0.002104335930198431,0.16467128694057465,-0.04407874867320061,0.985360860824585
99,calf_r,-1.7776678800582886,-0.13193614780902863,0.16182838380336761,-0.0031297600362449884,0.13825723528862,0.042430516332387924,0.9894821047782898
99,clavicle_l,-27.435752868652344,-8.68453598022461,-0.5794132351875305,-0.013585743494331837,0.10649695992469788,0.18751172721385956,0.9763776063919067
99,clavicle_r,-25.79804039001465,-12.71163558959961,-0.5797680616378784,-0.02748272567987442,0.10377509146928787,0.19360260665416718,0.9751889705657959
99,foot_l,1.3851819038391113,-0.1008559912443161,-0.015002044849097729,-0.0004836230946239084,5.240417885943316e-05,-0.045337267220020294,0.9989716410636902
99,foot_r,1.3931958675384521,0.0955110639333725,-0.017723456025123596,0.0006147134117782116,0.00012457797129172832,0.045603472739458084,0.9989595413208008
99,hand_l,-31.029102325439453,142.43414306640625,134.93203735351562,-0.15418653190135956,0.8370386362075806,-0.5227428674697876,0.048298656940460205
99,hand_r,-46.130924224853516,147.68321228027344,139.3421173095703,0.8283089995384216,0.20662271976470947,0.07734588533639908,0.5150038003921509
99,head,-1.466357707977295,1.884982705116272,-4.097151756286621,0.002343276049941778,0.018713906407356262,0.007666419725865126,0.999792754650116
99,lowerarm_l,29.8975772857666,121.46693420410156,64.8118896484375,0.10290882736444473,0.6448830366134644,-0.7488900423049927,0.1126914769411087
99,lowerarm_r,117.17903900146484,100.16886901855469,159.3813934326172,0.8251498937606812,-0.2667938470840454,-0.42489272356033325,0.2596437931060791
99,neck,-20.865270614624023,2.205380916595459,-2.197408676147461,0.003677475731819868,0.07866628468036652,0.006106882821768522,0.996875524520874
99,pelvis,5.014821529388428,0.8772318959236145,-3.6940455436706543,0.002577014733105898,-0.02914826013147831,0.08725091069936752,0.9957566261291504
99,root,0.0,0.0,0.0,-2.1139658201718703e-07,-5.7790373375610216e-08,1.0658141036401503e-14,1.0
99,spine_01,-3.166006565093994,-0.8153019547462463,-3.838735818862915,-0.0016699389088898897,0.012063180096447468,0.1343657672405243,0.9908570051193237
99,spine_02,-12.947930335998535,-5.146809101104736,-3.1069517135620117,-0.010813807137310505,0.05537376552820206,0.1913602352142334,0.9798970818519592
99,thigh_l,27.069446563720703,-1.9702318906784058,-0.37991228699684143,-0.008619846776127815,-0.14379481971263885,-0.026608923450112343,0.989212155342102
99,thigh_r,27.764108657836914,1.8779771327972412,1.1794397830963135,0.007630884647369385,-0.17192235589027405,0.025179045274853706,0.9847592115402222
99,upperarm_l,55.50990295410156,-28.286529541015625,1.300722360610962,0.15063506364822388,0.04070538654923439,-0.9874482750892639,0.024455633014440536
99,upperarm_r,-77.90036010742188,70.43501281738281,22.14239501953125,0.11379577964544296,0.2721422016620636,-0.42149224877357483,0.8575158715248108
100,calf_l,-2.318652629852295,0.12871940433979034,0.23613199591636658,0.0022443023044615984,0.1647164225578308,-0.0440586693584919,0.9853538870811462
100,calf_r,-1.815658450126648,-0.13587988913059235,0.1710243821144104,-0.003212142735719681,0.1401323825120926,0.04252360761165619,0.9892140030860901
100,clavicle_l,-27.66912841796875,-8.438409805297852,-0.4880906045436859,-0.013143218122422695,0.10795396566390991,0.18115784227848053,0.9774226546287537
100,clavicle_r,-26.080236434936523,-12.49507999420166,-0.48852190375328064,-0.02708006277680397,0.1053178682923317,0.18727855384349823,0.9762692451477051
100,foot_l,1.385878086090088,-0.1003822311758995,-0.015291237272322178,-0.0005009563756175339,6.485949415946379e-05,-0.045363083481788635,0.9989704489707947
100,foot_r,1.393469214439392,0.09539655596017838,-0.017812412232160568,0.0006265472620725632,0.00013765253243036568,0.04561468958854675,0.9989590048789978
100,hand_l,-25.49094009399414,143.54722595214844,133.35765075683594,-0.13171467185020447,0.8382882475852966,-0.5266009569168091,0.05114254727959633
100,hand_r,-42.73453140258789,148.4417724609375,137.7928009033203,0.8264400959014893,0.2023928165435791,0.06428756564855576,0.5214413404464722
100,head,-1.3324148654937744,1.88523530960083,-4.091155529022217,0.0023444753605872393,0.019195299595594406,0.007406956981867552,0.9997856020927429
100,lowerarm_l,33.34001922607422,120.64588928222656,64.53435516357422,0.11109526455402374,0.6430233120918274,-0.7504306435585022,0.10503661632537842
100,lowerarm_r,120.37446594238281,97.08629608154297,155.87582397460938,0.8151426911354065,-0.27748823165893555,-0.4360997676849365,0.26145684719085693
100,neck,-20.73386001586914,2.2163968086242676,-2.1721720695495605,0.0036957308184355497,0.07915995270013809,0.005847122985869646,0.9968379735946655
100,pelvis,5.186383247375488,0.8224143385887146,-3.6831915378570557,0.002413914306089282,-0.02916966937482357,0.08177318423986435,0.996221125125885
100,root,0.0,0.0,0.0,-2.1139658201718703e-07,-5.7790373375610216e-08,1.0658141036401503e-14,1.0
100,spine_01,-3.1375746726989746,-0.809260904788971,-3.8243532180786133,-0.001675885752774775,0.01269672904163599,0.12848719954490662,0.9916284680366516
100,spine_02,-13.14250373840332,-5.09592866897583,-3.057122230529785,-0.010715953074395657,0.05682050809264183,0.1850074827671051,0.9810346364974976
100,thigh_l,27.026588439941406,-1.9639750719070435,-0.3905963599681854,-0.008464393205940723,-0.14330029487609863,-0.0266606193035841,0.9892839193344116
100,thigh_r,27.71102523803711,1.8798106908798218,1.0698996782302856,0.007543286308646202,-0.16985903680324554,0.025308996438980103,0.9851144552230835
100,upperarm_l,55.640750885009766,-30.589563369750977,1.4999181032180786,0.15234509110450745,0.035019513219594955,-0.9876229166984558,0.012867815792560577
100,upperarm_r,-77.69325256347656,72.0733871459961,22.96979331970215,0.11190315335988998,0.27572429180145264,-0.4372222125530243,0.8486993312835693
101,calf_l,-2.318927049636841,0.13069486618041992,0.2395741194486618,0.002366229658946395,0.16472311317920685,-0.04403870552778244,0.985353410243988
101,calf_r,-1.8562039136886597,-0.13726821541786194,0.17889295518398285,-0.0032691825181245804,0.14209452271461487,0.04262430965900421,0.9889295697212219
101,clavicle_l,-27.91755485534668,-8.18223762512207,-0.3860708773136139,-0.012702426873147488,0.10956262797117233,0.17437253892421722,0.9784829616546631
101,clavicle_r,-26.389554977416992,-12.247983932495117,-0.3864499032497406,-0.026603108271956444,0.10703286528587341,0.18051986396312714,0.9773684144020081
101,foot_l,1.3853952884674072,-0.10078183561563492,-0.015262524597346783,-0.0004891757271252573,4.7541409003315493e-05,-0.04534280300140381,0.9989714622497559
101,foot_r,1.3922374248504639,0.09629041701555252,-0.017595285549759865,0.0006002274458296597,0.00010632729390636086,0.045567870140075684,0.9989611506462097
101,hand_l,-21.649246215820312,143.91307067871094,131.556396484375,-0.12583282589912415,0.8355614542961121,-0.5334670543670654,0.03763193264603615
101,hand_r,-38.99737548828125,149.1862030029297,136.227783203125,0.8241994976997375,0.19908683001995087,0.0481807217001915,0.5279566645622253
101,head,-1.1907849311828613,1.884393572807312,-4.085087776184082,0.0023464045953005552,0.01975143700838089,0.00712966825813055,0.9997767806053162
101,lowerarm_l,36.87565994262695,119.87979125976562,64.58473205566406,0.11964687705039978,0.6420180797576904,-0.7510395050048828,0.09714461117982864
101,lowerarm_r,123.70276641845703,93.87171173095703,151.3782958984375,0.8029056787490845,-0.288240909576416,-0.4492635428905487,0.2653713822364807
101,neck,-20.583751678466797,2.2253127098083496,-2.145373821258545,0.0037102431524544954,0.07969501614570618,0.005569363944232464,0.9967968463897705
101,pelvis,5.374090194702148,0.7635930776596069,-3.6689400672912598,0.002241323469206691,-0.029181117191910744,0.07584313303232193,0.9966902136802673
101,root,0.0,0.0,0.0,-2.1139658201718703e-07,-5.7790373375610216e-08,1.0658141036401503e-14,1.0
101,spine_01,-3.106602191925049,-0.8010735511779785,-3.806966543197632,-0.0016792635433375835,0.013406072743237019,0.12216569483280182,0.9924177527427673
101,spine_02,-13.355422019958496,-5.036630153656006,-3.000795841217041,-0.010601158253848553,0.05842275172472,0.17822083830833435,0.9821975231170654
101,thigh_l,26.966392517089844,-1.958744764328003,-0.405458927154541,-0.008320178836584091,-0.14265523850917816,-0.02671848237514496,0.9893767833709717
101,thigh_r,27.633703231811523,1.883363127708435,0.9464818835258484,0.007473100908100605,-0.16747631132602692,0.025454068556427956,0.9855191111564636
101,upperarm_l,55.730831146240234,-32.935768127441406,1.7221122980117798,0.15411710739135742,0.029295383021235466,-0.9876180291175842,0.0006545913056470454
101,upperarm_r,-77.3984375,73.87556457519531,23.871803283691406,0.10959162563085556,0.279540479183197,-0.4547332227230072,0.8384894132614136
102,calf_l,-2.3191757202148438,0.13507312536239624,0.2444094568490982,0.002502662129700184,0.16476190090179443,-0.04401890188455582,0.9853474497795105
102,calf_r,-1.8985906839370728,-0.14157362282276154,0.18897214531898499,-0.0033385988790541887,0.14419075846672058,0.042730700224637985,0.9886212944984436
102,clavicle_l,-28.18515968322754,-7.888809680938721,-0.2721097469329834,-0.012171623297035694,0.11129862815141678,0.1671753227710724,0.9795493483543396
102,clavicle_r,-26.7124080657959,-11.988361358642578,-0.2725500464439392,-0.026122236624360085,0.10886480659246445,0.17335784435272217,0.9784749150276184
102,foot_l,1.3864327669143677,-0.10006751120090485,-0.015499681234359741,-0.0005102300201542675,6.800690607633442e-05,-0.045380186289548874,0.9989696741104126
102,foot_r,1.3927513360977173,0.09583774954080582,-0.017601381987333298,0.000614638440310955,0.0001294481917284429,0.0455906018614769,0.9989601373672485
102,hand_l,-15.245051383972168,144.7865447998047,129.7812042236328,-0.10339415073394775,0.835627019405365,-0.538237452507019,0.036573320627212524
102,hand_r,-34.908477783203125,149.92234802246094,134.67398071289062,0.8216873407363892,0.19629749655723572,0.029263459146022797,0.5342666506767273
102,head,-1.030547857284546,1.8801931142807007,-4.076230525970459,0.0023472316097468138,0.020327864214777946,0.006835839245468378,0.9997673034667969
102,lowerarm_l,41.61714172363281,118.42253112792969,63.988548278808594,0.1311236172914505,0.638103723526001,-0.7536937594413757,0.08704012632369995
102,lowerarm_r,126.97665405273438,90.577880859375,146.1546630859375,0.7889721393585205,-0.298584520816803,-0.46368858218193054,0.27085626125335693
102,neck,-20.42632484436035,2.2334821224212646,-2.1133065223693848,0.0037308663595467806,0.08028561621904373,0.005274908151477575,0.9967509508132935
102,pelvis,5.577868461608887,0.700425386428833,-3.6539018154144287,0.0020538007374852896,-0.02920539677143097,0.0695558711886406,0.9971483945846558
102,root,0.0,0.0,0.0,-2.1139658201718703e-07,-5.7790373375610216e-08,1.0658141036401503e-14,1.0
102,spine_01,-3.0725908279418945,-0.7883045077323914,-3.78720760345459,-0.0016717275138944387,0.014164573512971401,0.1154622733592987,0.9932094812393188
102,spine_02,-13.585895538330078,-4.965839385986328,-2.936553955078125,-0.010462469421327114,0.060152992606163025,0.17102479934692383,0.98337322473526
102,thigh_l,26.90559959411621,-1.9511957168579102,-0.4209878742694855,-0.008161395788192749,-0.1419724076986313,-0.026781000196933746,0.9894745945930481
102,thigh_r,27.552000045776367,1.884344220161438,0.8168312907218933,0.0073900180868804455,-0.16493605077266693,0.025609377771615982,0.9859440326690674
102,upperarm_l,55.87760925292969,-35.69807434082031,2.0438804626464844,-0.1566946804523468,-0.02266009710729122,0.9872773885726929,0.014718030579388142
102,upperarm_r,-76.92572784423828,75.78665924072266,24.77177619934082,0.10711356997489929,0.28319117426872253,-0.4732518792152405,0.8272618651390076
103,calf_l,-2.3189334869384766,0.1383686363697052,0.24826866388320923,0.002623672131448984,0.16476334631443024,-0.043999239802360535,0.9853478074073792
103,calf_r,-1.941584825515747,-0.1444762945175171,0.19819442927837372,-0.003387017175555229,0.14630183577537537,0.04284144565463066,0.9883061051368713
103,clavicle_l,-28.46157455444336,-7.5706257820129395,-0.15118013322353363,-0.011598857119679451,0.11311115324497223,0.15959563851356506,0.9806123375892639
103,clavicle_r,-27.05027198791504,-11.696725845336914,-0.15168865025043488,-0.025572361424565315,0.11078305542469025,0.1658131182193756,0.9795811176300049
103,foot_l,1.3869248628616333,-0.09969402849674225,-0.015675360336899757,-0.0005182852619327605,7.408543024212122e-05,-0.0453970842063427,0.9989688992500305
103,foot_r,1.3926310539245605,0.09591146558523178,-0.017502686008810997,0.0006132475682534277,0.00013152907195035368,0.045588020235300064,0.9989601373672485
103,hand_l,-8.288568496704102,145.4799346923828,127.96082305908203,-0.07968472689390182,0.8350892663002014,-0.5432074069976807,0.03466958552598953
103,hand_r,-30.447715759277344,150.6539764404297,133.15774536132812,0.8190132975578308,0.19358159601688385,0.007826566696166992,0.5400760173797607
103,head,-0.8646014928817749,1.8718461990356445,-4.066503047943115,0.0023494171909987926,0.020937420427799225,0.0065270960330963135,0.9997567534446716
103,lowerarm_l,46.782100677490234,116.5745849609375,63.20779800415039,0.14370952546596527,0.6330221891403198,-0.7568697929382324,0.07601729780435562
103,lowerarm_r,130.05740356445312,87.24492645263672,140.4593963623047,0.7738528847694397,-0.30820465087890625,-0.47876986861228943,0.2773829400539398
103,neck,-20.25956153869629,2.23752760887146,-2.0797371864318848,0.0037519391626119614,0.0808984562754631,0.004965949337929487,0.9967029094696045
103,pelvis,5.789119243621826,0.6346829533576965,-3.636789321899414,0.001859738607890904,-0.02922452986240387,0.06300146877765656,0.9975837469100952
103,root,0.0,0.0,0.0,-2.1139658201718703e-07,-5.7790373375610216e-08,1.0658141036401503e-14,1.0
103,spine_01,-3.037627935409546,-0.7707417011260986,-3.7652552127838135,-0.0016536799957975745,0.014960414730012417,0.10843866318464279,0.9939892292022705
103,spine_02,-13.827601432800293,-4.8781609535217285,-2.867400646209717,-0.010287841781973839,0.06196248531341553,0.16344402730464935,0.9845510721206665
103,thigh_l,26.834774017333984,-1.9440224170684814,-0.43820372223854065,-0.008014030754566193,-0.14121395349502563,-0.026845818385481834,0.9895825982093811
103,thigh_r,27.452247619628906,1.8858647346496582,0.6801294088363647,0.007321706973016262,-0.16219781339168549,0.02577342838048935,0.986394464969635
103,upperarm_l,55.963279724121094,-38.61426544189453,2.4180502891540527,-0.1595252901315689,-0.01571354642510414,0.986570417881012,0.031362999230623245
103,upperarm_r,-76.21142578125,77.75092315673828,25.604963302612305,0.10467910766601562,0.28636065125465393,-0.4921509921550751,0.8153694272041321
104,calf_l,-2.3179807662963867,0.14047174155712128,0.2511725127696991,0.002726588398218155,0.1647164523601532,-0.043979745358228683,0.9853562116622925
104,calf_r,-1.9842561483383179,-0.14609616994857788,0.20651738345623016,-0.0034141195937991142,0.14838239550590515,0.0429532490670681,0.9879909157752991
104,clavicle_l,-28.741178512573242,-7.226423263549805,-0.02612166292965412,-0.010983101092278957,0.11495725810527802,0.15165872871875763,0.9816638231277466
104,clavicle_r,-27.39858055114746,-11.368138313293457,-0.026621758937835693,-0.024940606206655502,0.11274711042642593,0.15790796279907227,0.9806789755821228
104,foot_l,1.3868476152420044,-0.09971600770950317,-0.015605895780026913,-0.000514025567099452,7.036376337055117e-05,-0.04539477080106735,0.9989690184593201
104,foot_r,1.3918660879135132,0.09633339941501617,-0.017218440771102905,0.000595660472754389,0.00011906606232514605,0.04556211829185486,0.998961329460144
104,hand_l,-0.7022559642791748,145.94952392578125,126.12744903564453,-0.053822703659534454,0.8339643478393555,-0.5482138395309448,0.03268630802631378
104,hand_r,-25.59149932861328,151.37835693359375,131.69659423828125,0.8162819147109985,0.19049330055713654,-0.015795676037669182,0.5451115965843201
104,head,-0.6978839635848999,1.8577545881271362,-4.056680202484131,0.002352059818804264,0.02156997099518776,0.006203520577400923,0.9997453093528748
104,lowerarm_l,52.21209716796875,114.3138198852539,62.23710250854492,0.15702666342258453,0.6267554759979248,-0.7605186104774475,0.06427843868732452
104,lowerarm_r,132.85989379882812,83.89268493652344,134.522705078125,0.7580059766769409,-0.3169606029987335,-0.49402064085006714,0.28444069623947144
104,neck,-20.086570739746094,2.2355220317840576,-2.045750617980957,0.0037715407088398933,0.0815177783370018,0.0046419985592365265,0.9966539740562439
104,pelvis,6.003143787384033,0.5673503875732422,-3.6177635192871094,0.0016621084650978446,-0.029238710179924965,0.056272756308317184,0.99798583984375
104,root,0.0,0.0,0.0,-2.1139658201718703e-07,-5.7790373375610216e-08,1.0658141036401503e-14,1.0
104,spine_01,-3.0025534629821777,-0.7477273941040039,-3.7415027618408203,-0.0016235720831900835,0.015775367617607117,0.10115568339824677,0.9947442412376404
104,spine_02,-14.075811386108398,-4.769282341003418,-2.794981002807617,-0.01006726548075676,0.06380915641784668,0.15550103783607483,0.9857212901115417
104,thigh_l,26.75539207458496,-1.9373942613601685,-0.45610395073890686,-0.007881319150328636,-0.1404041200876236,-0.026910772547125816,0.9896971583366394
104,thigh_r,27.335676193237305,1.8875960111618042,0.5394206643104553,0.0072682579047977924,-0.15931077301502228,0.02594304457306862,0.9868608117103577
104,upperarm_l,55.949913024902344,-41.64263153076172,2.8373212814331055,-0.16248761117458344,-0.008526385761797428,0.9854627251625061,0.04886997491121292
104,upperarm_r,-75.22176361083984,79.71871948242188,26.323217391967773,0.10244616121053696,0.2888377904891968,-0.5109773874282837,0.8031062483787537
105,calf_l,-2.31613826751709,0.14208906888961792,0.253348171710968,0.002815438434481621,0.16462519764900208,-0.043960072100162506,0.9853720664978027
105,calf_r,-2.0257301330566406,-0.1471324861049652,0.214170902967453,-0.0034245538990944624,0.15040619671344757,0.04306424409151077,0.9876800179481506
105,clavicle_l,-29.021194458007812,-6.848212242126465,0.10133704543113708,-0.010298640467226505,0.11680067330598831,0.1433887630701065,0.9826959371566772
105,clavicle_r,-27.75086212158203,-11.005852699279785,0.1009674146771431,-0.024241505190730095,0.11471527069807053,0.1496698558330536,0.9817594885826111
105,foot_l,1.3866931200027466,-0.09997063130140305,-0.015785520896315575,-0.0005150222568772733,6.148840475361794e-05,-0.04538668692111969,0.9989693760871887
105,foot_r,1.3910613059997559,0.097073495388031,-0.017214573919773102,0.0005858555668964982,0.00010132259922102094,0.04553084075450897,0.9989627599716187
105,hand_l,5.430321216583252,145.87977600097656,124.06853485107422,-0.04089447483420372,0.8308143019676208,-0.5547922849655151,0.016757303848862648
105,hand_r,-20.31519317626953,152.08323669433594,130.30218505859375,0.8135989904403687,0.18659913539886475,-0.04123227670788765,0.5491242408752441
105,head,-0.530432939529419,1.8371119499206543,-4.0458083152771,0.0023562598507851362,0.022201497107744217,0.005866554100066423,0.999733567237854
105,lowerarm_l,57.15035629272461,112.08123016357422,61.49749755859375,0.16929008066654205,0.6211974620819092,-0.7632936835289001,0.053267624229192734
105,lowerarm_r,135.34622192382812,80.51800537109375,128.54087829589844,0.741814136505127,-0.32486969232559204,-0.5090844035148621,0.2915554940700531
105,neck,-19.91300392150879,2.2270727157592773,-2.010929584503174,0.003792283358052373,0.08213663101196289,0.0043052127584815025,0.9966046810150146
105,pelvis,6.21564245223999,0.4991430342197418,-3.59765887260437,0.0014622848248109221,-0.02925034798681736,0.04946354404091835,0.9983465075492859
105,root,0.0,0.0,0.0,-2.1139658201718703e-07,-5.7790373375610216e-08,1.0658141036401503e-14,1.0
105,spine_01,-2.9681107997894287,-0.7184339165687561,-3.7164270877838135,-0.0015782705741003156,0.016590144485235214,0.09367576241493225,0.9954632520675659
105,spine_02,-14.326702117919922,-4.6367058753967285,-2.7200818061828613,-0.009795722551643848,0.06565556675195694,0.14722150564193726,0.9868735074996948
105,thigh_l,26.67181396484375,-1.9308772087097168,-0.4734581708908081,-0.007761021144688129,-0.13958397507667542,-0.026974763721227646,0.9898123145103455
105,thigh_r,27.20719337463379,1.888985514640808,0.3981662392616272,0.007226845715194941,-0.1563461422920227,0.026114284992218018,0.9873306155204773
105,upperarm_l,55.768341064453125,-44.530601501464844,3.2439396381378174,-0.16503483057022095,-0.001632299623452127,0.9841234683990479,0.06528312712907791
105,upperarm_r,-73.95532989501953,81.64872741699219,26.900554656982422,0.10050302743911743,0.2905305325984955,-0.5294373631477356,0.7906878590583801
106,calf_l,-2.3133623600006104,0.1434268355369568,0.25492385029792786,0.0028910632245242596,0.1644853800535202,-0.04393969476222992,0.9853962063789368
106,calf_r,-2.0653798580169678,-0.14780400693416595,0.22121937572956085,-0.0034199701622128487,0.1523386687040329,0.04317273572087288,0.9873790740966797
106,clavicle_l,-29.29627227783203,-6.433045864105225,0.22830192744731903,-0.009537210687994957,0.11859912425279617,0.1348106414079666,0.9837018847465515
106,clavicle_r,-28.09901237487793,-10.607501029968262,0.2277871072292328,-0.023470956832170486,0.1166364774107933,0.14112204313278198,0.9828172922134399
106,foot_l,1.3865444660186768,-0.1000307947397232,-0.015740307047963142,-0.0005093930521979928,5.414200859377161e-05,-0.04538081958889961,0.9989696741104126
106,foot_r,1.3902606964111328,0.09762372076511383,-0.016975240781903267,0.0005686600343324244,8.61224762047641e-05,0.04550314322113991,0.9989641308784485
106,hand_l,14.512221336364746,145.7730255126953,122.28157806396484,-0.007939289323985577,0.8286944627761841,-0.5593851804733276,0.01704946905374527
106,hand_r,-14.592114448547363,152.74537658691406,128.9775390625,0.811071515083313,0.1814684122800827,-0.06807664036750793,0.5519037842750549
106,head,-0.3643438220024109,1.8086072206497192,-4.033923149108887,0.0023608871269971132,0.022813305258750916,0.005518091842532158,0.9997217059135437
106,lowerarm_l,62.6573371887207,109.04451751708984,60.168067932128906,0.18298733234405518,0.6128138303756714,-0.7676702737808228,0.04071167856454849
106,lowerarm_r,137.51441955566406,77.09382629394531,122.6713638305664,0.725570559501648,-0.33207613229751587,-0.5237305164337158,0.29829367995262146
106,neck,-19.742826461791992,2.2117228507995605,-1.9755244255065918,0.0038157275412231684,0.08274193853139877,0.003956143744289875,0.9965559244155884
106,pelvis,6.422207355499268,0.43089109659194946,-3.5769522190093994,0.001262293430045247,-0.029260875657200813,0.0426669642329216,0.9986599683761597
106,root,0.0,0.0,0.0,-2.1139658201718703e-07,-5.7790373375610216e-08,1.0658141036401503e-14,1.0
106,spine_01,-2.9346656799316406,-0.6824377179145813,-3.690546751022339,-0.001516103744506836,0.017384212464094162,0.08606177568435669,0.9961370229721069
106,spine_02,-14.575761795043945,-4.47783088684082,-2.644228935241699,-0.00946722086519003,0.06746180355548859,0.13863122463226318,0.9879983067512512
106,thigh_l,26.586679458618164,-1.9242318868637085,-0.4891514182090759,-0.0076524741016328335,-0.1387849748134613,-0.027035001665353775,0.9899239540100098
106,thigh_r,27.069965362548828,1.8898850679397583,0.2594475746154785,0.007196738850325346,-0.15336467325687408,0.026285119354724884,0.9877938032150269
106,upperarm_l,55.46479797363281,-47.71010971069336,3.7312731742858887,-0.167901411652565,0.006011619698256254,0.9822524785995483,0.08338544517755508
106,upperarm_r,-72.44048309326172,83.51240539550781,27.335506439208984,0.09886809438467026,0.2914663553237915,-0.5473755598068237,0.7782368063926697
107,calf_l,-2.3093976974487305,0.14605455100536346,0.2569054663181305,0.0029656649567186832,0.16431410610675812,-0.04391828924417496,0.9854254722595215
107,calf_r,-2.102360963821411,-0.1500280797481537,0.22876618802547455,-0.0034160574432462454,0.15417158603668213,0.04327564314007759,0.9870900511741638
107,clavicle_l,-29.562585830688477,-5.974675178527832,0.35276034474372864,-0.008678087964653969,0.12031478434801102,0.12594744563102722,0.9846757650375366
107,clavicle_r,-28.437963485717773,-10.178496360778809,0.35219407081604004,-0.022648077458143234,0.11847419291734695,0.13229292631149292,0.9838442802429199
107,foot_l,1.3874024152755737,-0.09959724545478821,-0.0162024088203907,-0.0005365252727642655,7.354101398959756e-05,-0.04541109874844551,0.998968243598938
107,foot_r,1.3905482292175293,0.09750200062990189,-0.0172302033752203,0.0005885406862944365,0.0001035973327816464,0.045516107231378555,0.9989634156227112
107,hand_l,22.299110412597656,145.1134490966797,120.31275177001953,0.014119709841907024,0.8249939680099487,-0.5649427771568298,0.005025344900786877
107,hand_r,-10.309455871582031,153.01431274414062,128.75010681152344,0.8052006959915161,0.1900879591703415,-0.1107681393623352,0.5506805777549744
107,head,-0.20195171236991882,1.7714142799377441,-4.020786285400391,0.002365293214097619,0.023387502878904343,0.005158300045877695,0.9997103810310364
107,lowerarm_l,67.41609954833984,106.15464782714844,59.09564971923828,0.19500768184661865,0.6054921746253967,-0.7710331082344055,0.029311800375580788
107,lowerarm_r,139.35009765625,73.4461441040039,117.4859619140625,0.7103611826896667,-0.3395752012729645,-0.5368581414222717,0.3030826449394226
107,neck,-19.580333709716797,2.1891560554504395,-1.939702033996582,0.0038429638370871544,0.08332174271345139,0.00359646650031209,0.9965088367462158
107,pelvis,6.619946479797363,0.36330193281173706,-3.5564303398132324,0.0010633281199261546,-0.02927904576063156,0.03597661480307579,0.9989231824874878
107,root,0.0,0.0,0.0,-2.1139658201718703e-07,-5.7790373375610216e-08,1.0658141036401503e-14,1.0
107,spine_01,-2.902710199356079,-0.6397914886474609,-3.6642909049987793,-0.001436874852515757,0.018137717619538307,0.07837510108947754,0.996757984161377
107,spine_02,-14.818670272827148,-4.291060924530029,-2.5685906410217285,-0.009078665636479855,0.06918946653604507,0.1297534555196762,0.989087700843811
107,thigh_l,26.50703239440918,-1.9164999723434448,-0.5012289881706238,-0.007546924985945225,-0.13806293904781342,-0.027091285213828087,0.9900240898132324
107,thigh_r,26.9324951171875,1.888730764389038,0.12734295427799225,0.007165266200900078,-0.15045766532421112,0.026452410966157913,0.9882365465164185
107,upperarm_l,54.9471435546875,-50.7298469543457,4.192834854125977,-0.1701214462518692,0.013444525189697742,0.9802700877189636,0.09974262118339539
107,upperarm_r,-71.12277221679688,85.03926086425781,27.747207641601562,0.09632900357246399,0.2924824655056,-0.5639030933380127,0.7662820219993591
108,calf_l,-2.3041319847106934,0.14738251268863678,0.257529616355896,0.0030195889994502068,0.16405978798866272,-0.043895334005355835,0.9854686856269836
108,calf_r,-2.136028528213501,-0.1507464200258255,0.2346286028623581,-0.003391580656170845,0.15582282841205597,0.04337234050035477,0.9868265390396118
108,clavicle_l,-29.813007354736328,-5.482528209686279,0.4704205393791199,-0.00775327580049634,0.12190425395965576,0.11682651937007904,0.9856119155883789
108,clavicle_r,-28.765275955200195,-9.708732604980469,0.4697922170162201,-0.021737948060035706,0.12019190937280655,0.1232028380036354,0.9848362803459167
108,foot_l,1.3877819776535034,-0.09917663037776947,-0.016017626971006393,-0.0005329435807652771,7.716578693361953e-05,-0.04542453587055206,0.9989676475524902
108,foot_r,1.3903484344482422,0.09746576845645905,-0.016822269186377525,0.0005737902247346938,0.00010185951396124437,0.045510679483413696,0.9989637136459351
108,hand_l,33.193904876708984,143.90408325195312,118.84886932373047,0.05794923007488251,0.8202571272850037,-0.5689350962638855,0.011535027995705605
108,hand_r,-3.6119296550750732,153.55670166015625,127.61624908447266,0.8033190965652466,0.18130621314048767,-0.13920652866363525,0.5499346852302551
108,head,-0.051102787256240845,1.725683331489563,-4.007303714752197,0.0023713631089776754,0.02392159402370453,0.004788009915500879,0.999699592590332
108,lowerarm_l,72.48457336425781,102.54327392578125,57.574737548828125,0.20791223645210266,0.595905601978302,-0.7754946947097778,0.016649505123496056
108,lowerarm_r,140.97689819335938,69.76299285888672,112.19811248779297,0.6946141719818115,-0.346202552318573,-0.5503319501876831,0.3078795075416565
108,neck,-19.42786407470703,2.1577930450439453,-1.905357837677002,0.0038704522885382175,0.08385639637708664,0.0032259055878967047,0.9964650869369507
108,pelvis,6.801064491271973,0.29786622524261475,-3.5354912281036377,0.0008715821313671768,-0.02928955666720867,0.02948467805981636,0.9991356730461121
108,root,0.0,0.0,0.0,-2.1139658201718703e-07,-5.7790373375610216e-08,1.0658141036401503e-14,1.0
108,spine_01,-2.873845338821411,-0.5913097858428955,-3.63810658454895,-0.001342789619229734,0.018836600705981255,0.07067810744047165,0.9973204135894775
108,spine_02,-15.048959732055664,-4.074504852294922,-2.496159076690674,-0.00862534437328577,0.07079207897186279,0.1206129714846611,0.9901346564292908
108,thigh_l,26.42599868774414,-1.9096333980560303,-0.5105200409889221,-0.007460929453372955,-0.13739421963691711,-0.027141248807311058,0.9901164174079895
108,thigh_r,26.788150787353516,1.8879083395004272,0.002222694456577301,0.007150735706090927,-0.1476273387670517,0.02661258727312088,0.9886590838432312
108,upperarm_l,54.22002029418945,-54.06123352050781,4.737476825714111,-0.17243002355098724,0.021825989708304405,0.9777606129646301,0.11737004667520523
108,upperarm_r,-69.27745056152344,86.76663970947266,27.977863311767578,0.0952083095908165,0.292373389005661,-0.5807270407676697,0.7537966370582581
109,calf_l,-2.297285556793213,0.1479608416557312,0.25722697377204895,0.0030585273634642363,0.163723424077034,-0.0438702218234539,0.9855256676673889
109,calf_r,-2.1656863689422607,-0.1507178694009781,0.23927265405654907,-0.003354656742885709,0.1572723537683487,0.04345894604921341,0.9865928888320923
109,clavicle_l,-30.04094696044922,-4.956399440765381,0.5778598785400391,-0.006761233787983656,0.12332172691822052,0.1074749156832695,0.9865065813064575
109,clavicle_r,-29.073589324951172,-9.198798179626465,0.5771158933639526,-0.02074306271970272,0.12174244225025177,0.11387604475021362,0.98578941822052
109,foot_l,1.3878157138824463,-0.09917614609003067,-0.016087889671325684,-0.0005339455092325807,7.580836245324463e-05,-0.045425426214933395,0.9989675879478455
109,foot_r,1.3898319005966187,0.09777604043483734,-0.01671385020017624,0.0005654481356032193,9.499783482169732e-05,0.04549310356378555,0.9989646077156067
109,hand_l,42.91553497314453,141.9995574951172,117.27100372314453,0.09279808402061462,0.8138294816017151,-0.5735970139503479,0.007521277293562889
109,hand_r,3.5745768547058105,153.89501953125,126.5177001953125,0.8018419146537781,0.17028145492076874,-0.16785846650600433,0.5476105809211731
109,head,0.08421391248703003,1.6708883047103882,-3.9936065673828125,0.0023777277674525976,0.024401754140853882,0.0044084880501031876,0.9996896982192993
109,lowerarm_l,76.6215591430664,99.28086853027344,56.384300231933594,0.21870549023151398,0.5880245566368103,-0.7786938548088074,0.005567049607634544
109,lowerarm_r,142.38279724121094,65.81239318847656,107.31078338623047,0.6792141199111938,-0.35303741693496704,-0.5632535815238953,0.31109192967414856
109,neck,-19.289037704467773,2.1174867153167725,-1.8732666969299316,0.0038981663528829813,0.08433086425065994,0.0028467909432947636,0.9964262247085571
109,pelvis,6.961824893951416,0.23529508709907532,-3.5145461559295654,0.0006883015739731491,-0.02929665893316269,0.023285051807761192,0.9992992877960205
109,root,0.0,0.0,0.0,-2.1139658201718703e-07,-5.7790373375610216e-08,1.0658141036401503e-14,1.0
109,spine_01,-2.848651885986328,-0.5375728607177734,-3.6125004291534424,-0.0012347230222076178,0.019461510702967644,0.06303375959396362,0.9978208541870117
109,spine_02,-15.261213302612305,-3.8282930850982666,-2.4287819862365723,-0.008108340203762054,0.07222799956798553,0.111235611140728,0.9911326766014099
109,thigh_l,26.347536087036133,-1.9032918214797974,-0.5156319737434387,-0.007390166632831097,-0.13681678473949432,-0.02718374878168106,0.9901957511901855
109,thigh_r,26.643020629882812,1.886819839477539,-0.11263247579336166,0.007146637421101332,-0.14495064318180084,0.026762716472148895,0.9890510439872742
109,upperarm_l,53.2147216796875,-57.288719177246094,5.259562969207764,-0.17384357750415802,0.030331024900078773,0.9753016829490662,0.13283485174179077
109,upperarm_r,-67.36470794677734,88.45030975341797,28.177309036254883,0.09421177208423615,0.29211440682411194,-0.597129762172699,0.7411001324653625
110,calf_l,-2.2888128757476807,0.14859770238399506,0.25644615292549133,0.0030902153812348843,0.16331106424331665,-0.0438421331346035,0.985595166683197
110,calf_r,-2.1907711029052734,-0.15076979994773865,0.2431046962738037,-0.0033143458422273397,0.15850549936294556,0.04353472217917442,0.9863923192024231
110,clavicle_l,-30.242712020874023,-4.39288854598999,0.672820508480072,-0.005687553435564041,0.12453040480613708,0.097915880382061,0.9873562455177307
110,clavicle_r,-29.357629776000977,-8.654995918273926,0.6721838116645813,-0.01968243718147278,0.12308815866708755,0.10434155911207199,0.9866990447044373
110,foot_l,1.3881090879440308,-0.09897183626890182,-0.01620006561279297,-0.0005388802383095026,7.888863910920918e-05,-0.045435581356287,0.9989671111106873
110,foot_r,1.389642596244812,0.09789715707302094,-0.01664247363805771,0.000561584543902427,9.320778917754069e-05,0.04548632726073265,0.9989648461341858
110,hand_l,53.59233093261719,139.1863250732422,116.04705047607422,0.134893000125885,0.8048775792121887,-0.5778413414955139,0.00868201069533825
110,hand_r,11.235258102416992,153.9381561279297,125.43824768066406,0.800769031047821,0.15679752826690674,-0.19641263782978058,0.5436962246894836
110,head,0.20283684134483337,1.6076035499572754,-3.979206085205078,0.002385934581980109,0.02480628713965416,0.004021061584353447,0.9996813535690308
110,lowerarm_l,80.33478546142578,96.01022338867188,55.257667541503906,-0.22865748405456543,-0.5805562734603882,0.7814376354217529,0.005046443082392216
110,lowerarm_r,143.6051025390625,61.47499084472656,102.88108825683594,0.664154589176178,-0.3604906499385834,-0.5756952166557312,0.31228217482566833
110,neck,-19.169017791748047,2.068911075592041,-1.8430113792419434,0.003928063903003931,0.08473560214042664,0.002460045740008354,0.9963927268981934
110,pelvis,7.098267078399658,0.17661131918430328,-3.4942686557769775,0.0005165843176655471,-0.029303546994924545,0.017471136525273323,0.9994177222251892
110,root,0.0,0.0,0.0,-2.1139658201718703e-07,-5.7790373375610216e-08,1.0658141036401503e-14,1.0
110,spine_01,-2.8275961875915527,-0.47951632738113403,-3.5879790782928467,-0.0011144548188894987,0.019992198795080185,0.05550554022192955,0.9982576370239258
110,spine_02,-15.45079231262207,-3.553046941757202,-2.368021011352539,-0.0075286575593054295,0.07345845550298691,0.10164620727300644,0.9920763373374939
110,thigh_l,26.276159286499023,-1.8968814611434937,-0.5151863098144531,-0.0073282537050545216,-0.13637259602546692,-0.0272174384444952,0.9902566075325012
110,thigh_r,26.504051208496094,1.8850665092468262,-0.21419069170951843,0.007147017866373062,-0.14250962436199188,0.02689915895462036,0.9894020557403564
110,upperarm_l,51.89790725708008,-60.67924499511719,5.825708866119385,-0.17466434836387634,0.03968082368373871,0.9726828336715698,0.14766846597194672
110,upperarm_r,-65.44575500488281,90.14237213134766,28.408409118652344,0.09327413886785507,0.2920141816139221,-0.6132784485816956,0.7279541492462158
111,calf_l,-2.2789273262023926,0.14916209876537323,0.2552367150783539,0.003115634433925152,0.16282962262630463,-0.0438108891248703,0.9856761693954468
111,calf_r,-2.2126522064208984,-0.15067023038864136,0.2462560087442398,-0.0032692120876163244,0.15958011150360107,0.04360280558466911,0.9862161874771118
111,clavicle_l,-30.427976608276367,-3.7896976470947266,0.7590211033821106,-0.004533340688794851,0.12559954822063446,0.08800019323825836,0.9881600141525269
111,clavicle_r,-29.627626419067383,-8.070905685424805,0.7582790851593018,-0.018542977049946785,0.12429606169462204,0.09444811940193176,0.987565815448761
111,foot_l,1.38851797580719,-0.09858684986829758,-0.01612432301044464,-0.0005394192994572222,8.431833703070879e-05,-0.04544956237077713,0.9989665150642395
111,foot_r,1.389555811882019,0.09784132987260818,-0.016379905864596367,0.0005540027050301433,9.461741865379736e-05,0.04548514634370804,0.9989649057388306
111,hand_l,64.853515625,135.32301330566406,115.18429565429688,0.18150466680526733,0.7926005125045776,-0.5819594264030457,0.012797059491276741
111,hand_r,19.380584716796875,153.61538696289062,124.39308166503906,0.7998808026313782,0.1413450688123703,-0.22521205246448517,0.5380445122718811
111,head,0.3060184419155121,1.5358535051345825,-3.964841365814209,0.0023947227746248245,0.02516390196979046,0.003619839670136571,0.9996739029884338
111,lowerarm_l,83.83504486083984,92.63345336914062,54.17613220214844,-0.2383226752281189,-0.57317054271698,0.7838568687438965,0.015694595873355865
111,lowerarm_r,144.62216186523438,56.9023323059082,98.66963958740234,0.6490713953971863,-0.368086576461792,-0.5879437923431396,0.31231507658958435
111,neck,-19.064668655395508,2.0126049518585205,-1.8146872520446777,0.003960058558732271,0.0850936695933342,0.0020593139342963696,0.9963629841804504
111,pelvis,7.215060234069824,0.12023352086544037,-3.474748134613037,0.00035164342261850834,-0.029309771955013275,0.011889533139765263,0.9994996190071106
111,root,0.0,0.0,0.0,-2.1139658201718703e-07,-5.7790373375610216e-08,1.0658141036401503e-14,1.0
111,spine_01,-2.8127880096435547,-0.417171835899353,-3.564608097076416,-0.0009826971217989922,0.02046218514442444,0.04794184863567352,0.9986400604248047
111,spine_02,-15.62834644317627,-3.248706102371216,-2.311992645263672,-0.006887043826282024,0.07455437630414963,0.09169593453407288,0.9929683208465576
111,thigh_l,26.211292266845703,-1.890656590461731,-0.5098123550415039,-0.007274936884641647,-0.13605093955993652,-0.027242815122008324,0.9903004765510559
111,thigh_r,26.369979858398438,1.882946252822876,-0.3058764636516571,0.00715239392593503,-0.14024698734283447,0.02702517993748188,0.9897218346595764
111,upperarm_l,50.289947509765625,-64.16321563720703,6.436509132385254,-0.17505013942718506,0.04956300929188728,0.9697913527488708,0.16249878704547882
111,upperarm_r,-63.43359375,91.83306121826172,28.625648498535156,0.0924738273024559,0.29183056950569153,-0.6292893886566162,0.7143377661705017
112,calf_l,-2.267942190170288,0.1482870876789093,0.25285688042640686,0.0031246875878423452,0.16227614879608154,-0.043778374791145325,0.9857687950134277
112,calf_r,-2.23282527923584,-0.1491088718175888,0.2481362372636795,-0.003207782981917262,0.16055414080619812,0.04366740211844444,0.9860554337501526
112,clavicle_l,-30.606401443481445,-3.1499857902526855,0.8418526649475098,-0.003315043170005083,0.12661969661712646,0.07761804759502411,0.9889045357704163
112,clavicle_r,-29.897672653198242,-7.437756061553955,0.841106116771698,-0.01729956828057766,0.12546668946743011,0.08408191800117493,0.9883769750595093
112,foot_l,1.3880301713943481,-0.09903572499752045,-0.016293518245220184,-0.0005378781934268773,7.213145727291703e-05,-0.04543258622288704,0.9989672899246216
112,foot_r,1.388615369796753,0.09864692389965057,-0.016387945041060448,0.0005441771354526281,7.644144352525473e-05,0.04545172303915024,0.99896639585495
112,hand_l,74.30059814453125,131.03208923339844,113.74734497070312,0.21438394486904144,0.7809548377990723,-0.5866405367851257,0.0013784943148493767
112,hand_r,28.00613021850586,152.87045288085938,123.38922119140625,0.7989169955253601,0.12450997531414032,-0.2545509934425354,0.5305023193359375
112,head,0.39558708667755127,1.4564388990402222,-3.951692581176758,0.002404939616099,0.025517966598272324,0.003199721919372678,0.9996663928031921
112,lowerarm_l,86.7477035522461,89.4825668334961,53.1954345703125,-0.2466064691543579,-0.5665684938430786,0.7858337759971619,0.025510035455226898
112,lowerarm_r,145.38734436035156,52.358848571777344,94.42517852783203,0.6337055563926697,-0.37501662969589233,-0.600186288356781,0.31234005093574524
112,neck,-18.9692325592041,1.9484453201293945,-1.788330078125,0.003991770092397928,0.08543375879526138,0.0016401343746110797,0.9963346123695374
112,pelvis,7.319356441497803,0.06412907689809799,-3.4552156925201416,0.0001875771558843553,-0.029308829456567764,0.006336037535220385,0.9995502829551697
112,root,0.0,0.0,0.0,-2.1139658201718703e-07,-5.7790373375610216e-08,1.0658141036401503e-14,1.0
112,spine_01,-2.805000066757202,-0.3502257168292999,-3.5417139530181885,-0.0008398974314332008,0.020917143672704697,0.04018034413456917,0.9989731311798096
112,spine_02,-15.804548263549805,-2.9155936241149902,-2.258121967315674,-0.006184776313602924,0.07560558617115021,0.08127246052026749,0.9938009977340698
112,thigh_l,26.14691925048828,-1.8855565786361694,-0.5016206502914429,-0.0072372546419501305,-0.13579359650611877,-0.027262261137366295,0.9903356432914734
112,thigh_r,26.2331600189209,1.881679892539978,-0.39343488216400146,0.00717250257730484,-0.13803856074810028,0.02714611403644085,0.9900287985801697
112,upperarm_l,48.48107147216797,-67.3933334350586,7.010719299316406,-0.1747334897518158,0.058989960700273514,0.9669798016548157,0.17589327692985535
112,upperarm_r,-61.22074890136719,93.44842529296875,28.73782730102539,0.09190987795591354,0.29110994935035706,-0.6450740098953247,0.7004906535148621
113,calf_l,-2.256016731262207,0.14789560437202454,0.2504938840866089,0.0031317404936999083,0.1616886556148529,-0.043744005262851715,0.9858668446540833
113,calf_r,-2.2514898777008057,-0.14812123775482178,0.2499387413263321,-0.0031448951922357082,0.16146469116210938,0.04372907057404518,0.9859041571617126
113,clavicle_l,-30.774255752563477,-2.469133138656616,0.9222909808158875,-0.0020097787491977215,0.1275842934846878,0.06684640794992447,0.9895704984664917
113,clavicle_r,-30.15935516357422,-6.770123481750488,0.9216439723968506,-0.015995847061276436,0.12658503651618958,0.07332806289196014,0.9891124367713928
113,foot_l,1.3881155252456665,-0.09903984516859055,-0.016354070976376534,-0.0005386199336498976,6.931221287231892e-05,-0.045433409512043,0.9989672303199768
113,foot_r,1.388209342956543,0.09890724718570709,-0.01627936400473118,0.0005367332487367094,6.927399954292923e-05,0.04543733969330788,0.9989670515060425
113,hand_l,85.60295104980469,125.1816177368164,113.22262573242188,0.2621230185031891,0.7628827095031738,-0.5910003781318665,0.00448912288993597
113,hand_r,35.45610046386719,151.9376678466797,123.87206268310547,0.7950046062469482,0.1212926134467125,-0.2980634570121765,0.5142120122909546
113,head,0.4784330725669861,1.3695223331451416,-3.938114643096924,0.0024148186203092337,0.025848912075161934,0.0027637649327516556,0.9996591210365295
113,lowerarm_l,90.13365936279297,85.62065124511719,52.01325988769531,-0.25643104314804077,-0.5581067800521851,0.7882779240608215,0.037120066583156586
113,lowerarm_r,145.95066833496094,47.884178161621094,90.71746826171875,0.6194130778312683,-0.38207295536994934,-0.6109951734542847,0.311500608921051
113,neck,-18.88413429260254,1.8781613111495972,-1.7619729042053223,0.004026498645544052,0.08576168864965439,0.0012050532968714833,0.996306836605072
113,pelvis,7.4141130447387695,0.008346482180058956,-3.436434268951416,2.4156795916496776e-05,-0.029310477897524834,0.000826292613055557,0.9995701313018799
113,root,0.0,0.0,0.0,-2.1139658201718703e-07,-5.7790373375610216e-08,1.0658141036401503e-14,1.0
113,spine_01,-2.801560163497925,-0.2787669599056244,-3.5193443298339844,-0.0006856126710772514,0.02134905569255352,0.03226690739393234,0.9992510080337524
113,spine_02,-15.976998329162598,-2.556936264038086,-2.205324172973633,-0.005429392214864492,0.07661063224077225,0.0704568549990654,0.9945537447929382
113,thigh_l,26.08867073059082,-1.8801504373550415,-0.49007517099380493,-0.007203519344329834,-0.1356249898672104,-0.027276011183857918,0.9903585314750671
113,thigh_r,26.099990844726562,1.8797860145568848,-0.4760426878929138,0.007195248268544674,-0.13591796159744263,0.02726207673549652,0.9903188943862915
113,upperarm_l,46.44093704223633,-70.76441955566406,7.671454429626465,-0.17464351654052734,0.06882068514823914,0.9633918404579163,0.1914146989583969
113,upperarm_r,-59.23790740966797,94.75701141357422,28.836196899414062,0.0905967652797699,0.2905181348323822,-0.659468412399292,0.6873812079429626
114,calf_l,-2.2432234287261963,0.14814090728759766,0.24821633100509644,0.0031376532278954983,0.1610691398382187,-0.04370894283056259,0.9859697818756104
114,calf_r,-2.268648862838745,-0.14763081073760986,0.25176146626472473,-0.0030803242698311806,0.1623115986585617,0.04378731548786163,0.9857627153396606
114,clavicle_l,-30.92730712890625,-1.7547454833984375,1.0001041889190674,-0.0006348760798573494,0.12848736345767975,0.0557665191590786,0.9901418089866638
114,clavicle_r,-30.408754348754883,-6.071201324462891,0.9995433688163757,-0.014634723775088787,0.12764564156532288,0.062267057597637177,0.9897551536560059
114,foot_l,1.3886626958847046,-0.09862461686134338,-0.016459854319691658,-0.0005481686093844473,7.99999907030724e-05,-0.04545348882675171,0.9989663362503052
114,foot_r,1.3882715702056885,0.09882247447967529,-0.016185345128178596,0.0005386240081861615,7.598647061968222e-05,0.04544108733534813,0.9989669322967529
114,hand_l,96.46722412109375,118.31991577148438,112.837158203125,0.30833423137664795,0.7417446970939636,-0.5955769419670105,0.005743301007896662
114,hand_r,44.926597595214844,150.2216339111328,122.93304443359375,0.7939327359199524,0.10161943733692169,-0.3271884024143219,0.5022869110107422
114,head,0.5530416965484619,1.2762365341186523,-3.9243340492248535,0.0024255693424493074,0.026161015033721924,0.0023159473203122616,0.9996521472930908
114,lowerarm_l,93.33547973632812,81.6191635131836,50.83746337890625,-0.2660325765609741,-0.5494204759597778,0.7905523180961609,0.04889678210020065
114,lowerarm_r,146.2245635986328,43.493858337402344,86.48223876953125,0.6037793755531311,-0.38756898045539856,-0.6230795979499817,0.31146857142448425
114,neck,-18.807945251464844,1.802053451538086,-1.735997200012207,0.004063087981194258,0.08607283234596252,0.000757878995500505,0.9962802529335022
114,pelvis,7.500358581542969,-0.046758022159338,-3.4179747104644775,-0.00013705005403608084,-0.029314614832401276,-0.004624101798981428,0.9995596408843994
114,root,0.0,0.0,0.0,-2.1139658201718703e-07,-5.7790373375610216e-08,1.0658141036401503e-14,1.0
114,spine_01,-2.8010873794555664,-0.20350676774978638,-3.4972429275512695,-0.0005217659054324031,0.021756773814558983,0.024246441200375557,0.9994691014289856
114,spine_02,-16.141510009765625,-2.175354242324829,-2.153801918029785,-0.004625935107469559,0.0775609090924263,0.05933062732219696,0.9952099919319153
114,thigh_l,26.03481674194336,-1.8742743730545044,-0.47567659616470337,-0.007172572426497936,-0.1355261355638504,-0.027286430820822716,0.9903720021247864
114,thigh_r,25.96944236755371,1.8771559000015259,-0.5539289712905884,0.007219691760838032,-0.13387447595596313,0.027373479679226875,0.9905939698219299
114,upperarm_l,44.20499038696289,-74.01953887939453,8.346705436706543,-0.17425912618637085,0.07852216064929962,0.9595127105712891,0.2068897932767868
114,upperarm_r,-56.70085144042969,96.17193603515625,28.749927520751953,0.09046335518360138,0.28880882263183594,-0.6745603084564209,0.6733307838439941
115,calf_l,-2.229660749435425,0.14668668806552887,0.24464374780654907,0.0031246510334312916,0.16038861870765686,-0.043672747910022736,0.9860823750495911
115,calf_r,-2.284266710281372,-0.14549347758293152,0.25212362408638,-0.002997883828356862,0.1630624532699585,0.04384292662143707,0.9856365919113159
115,clavicle_l,-31.060293197631836,-1.018826961517334,1.073983073234558,0.0007777814171276987,0.12931804358959198,0.04446369782090187,0.9906054735183716
115,clavicle_r,-30.641088485717773,-5.34030294418335,1.0734672546386719,-0.013206039555370808,0.12863798439502716,0.050977785140275955,0.990292489528656
115,foot_l,1.3882629871368408,-0.09901521354913712,-0.016603250056505203,-0.0005453858757391572,6.691811722703278e-05,-0.04543768987059593,0.9989670515060425
115,foot_r,1.3874236345291138,0.09951109439134598,-0.01619039475917816,0.0005283655482344329,5.8727950090542436e-05,0.045410603284835815,0.9989683032035828
115,hand_l,106.66464233398438,110.54443359375,112.49514770507812,0.3519778549671173,0.7181126475334167,-0.6003393530845642,0.0042978436686098576
115,hand_r,54.67656707763672,147.85394287109375,121.96878051757812,0.7925354242324829,0.08054061233997345,-0.35584211349487305,0.4886486232280731
115,head,0.6187177896499634,1.1775507926940918,-3.910505771636963,0.0024371640756726265,0.026456261053681374,0.001859662588685751,0.9996452927589417
115,lowerarm_l,96.28062438964844,77.54617309570312,49.66785430908203,-0.2751982808113098,-0.5406368970870972,0.7926543951034546,0.060636259615421295
115,lowerarm_r,146.25048828125,39.17924880981445,82.27943420410156,0.588068962097168,-0.392365038394928,-0.6350913047790527,0.31126153469085693
115,neck,-18.7394962310791,1.7205119132995605,-1.7108917236328125,0.004099974408745766,0.08636324107646942,0.00030263897497206926,0.9962552189826965
115,pelvis,7.576939582824707,-0.10105468332767487,-3.3990979194641113,-0.0002957696560770273,-0.029310742393136024,-0.009998787194490433,0.9995203018188477
115,root,0.0,0.0,0.0,-2.1139658201718703e-07,-5.7790373375610216e-08,1.0658141036401503e-14,1.0
115,spine_01,-2.8023171424865723,-0.12516018748283386,-3.4752368927001953,-0.0003503238258417696,0.022139472886919975,0.01616593636572361,0.9996241331100464
115,spine_02,-16.29314422607422,-1.7741557359695435,-2.1044373512268066,-0.003781651146709919,0.07844430953264236,0.04797668009996414,0.995756208896637
115,thigh_l,25.977792739868164,-1.8696109056472778,-0.4602524936199188,-0.007158529479056597,-0.13544517755508423,-0.02729242667555809,0.9903830289840698
115,thigh_r,25.834474563598633,1.8755674362182617,-0.6286727786064148,0.007260042708367109,-0.13186368346214294,0.027480795979499817,0.9908602833747864
115,upperarm_l,41.79497528076172,-77.13246154785156,9.030769348144531,-0.17353983223438263,0.08806140720844269,0.9554206132888794,0.2220374345779419
115,upperarm_r,-54.03034210205078,97.46969604492188,28.577438354492188,0.09050634503364563,0.28666746616363525,-0.6892873048782349,0.6591762900352478
116,calf_l,-2.215383291244507,0.14375104010105133,0.23974010348320007,0.003095207503065467,0.1596480756998062,-0.0436357818543911,0.9862042665481567
116,calf_r,-2.2984559535980225,-0.1419009417295456,0.2511049211025238,-0.0028996921610087156,0.1637176126241684,0.04389573261141777,0.9855259656906128
116,clavicle_l,-31.170499801635742,-0.26983293890953064,1.143547773361206,0.0022090496495366096,0.13007210195064545,0.03301956132054329,0.9909521341323853
116,clavicle_r,-30.852054595947266,-4.5817484855651855,1.1429163217544556,-0.011715554632246494,0.1295543611049652,0.03954081982374191,0.990714430809021
116,foot_l,1.387156367301941,-0.09981207549571991,-0.016415700316429138,-0.0005155658582225442,2.582298475317657e-05,-0.04539428651332855,0.9989690184593201
116,foot_r,1.3858915567398071,0.10055496543645859,-0.015825055539608,0.0004923225496895611,1.6387355572078377e-05,0.04535394534468651,0.9989708662033081
116,hand_l,116.02611541748047,101.9764175415039,112.09676361083984,-0.3923462927341461,-0.6926770806312561,0.6051964163780212,0.00047793073463253677
116,hand_r,64.60802459716797,144.7716064453125,120.95762634277344,0.7906948328018188,0.058096956461668015,-0.38376936316490173,0.4734422564506531
116,head,0.6736851930618286,1.074379801750183,-3.896784782409668,0.0024494309909641743,0.026739899069070816,0.0013968113344162703,0.9996384978294373
116,lowerarm_l,98.91551208496094,73.4637680053711,48.49591064453125,-0.28375229239463806,-0.5318518280982971,0.7946133613586426,0.07216547429561615
116,lowerarm_r,146.03395080566406,34.93655776977539,78.12728118896484,0.572317361831665,-0.3965049684047699,-0.6470299363136292,0.31078773736953735
116,neck,-18.6770076751709,1.63445246219635,-1.687026023864746,0.00413708807900548,0.0866273045539856,-0.00015870564675424248,0.9962322115898132
116,pelvis,7.644748687744141,-0.15467469394207,-3.3792614936828613,-0.0004533512401394546,-0.02929830178618431,-0.015282169915735722,0.9994539022445679
116,root,0.0,0.0,0.0,-2.1139658201718703e-07,-5.7790373375610216e-08,1.0658141036401503e-14,1.0
116,spine_01,-2.804244041442871,-0.04412778466939926,-3.452897071838379,-0.00017162725271191448,0.022497346624732018,0.008070558309555054,0.9997144341468811
116,spine_02,-16.428001403808594,-1.3569382429122925,-2.0575642585754395,-0.002903825370594859,0.07925211638212204,0.036476194858551025,0.996182918548584
116,thigh_l,25.915786743164062,-1.8660284280776978,-0.4444347620010376,-0.007159412372857332,-0.1353626251220703,-0.027296483516693115,0.9903941750526428
116,thigh_r,25.693967819213867,1.8746906518936157,-0.7005908489227295,0.007313271518796682,-0.12987473607063293,0.027585266157984734,0.9911196231842041
116,upperarm_l,39.23546600341797,-80.08718872070312,9.720232009887695,-0.1724574863910675,0.09742482751607895,0.9511986970901489,0.2366175353527069
116,upperarm_r,-51.247161865234375,98.64991760253906,28.331172943115234,0.09070707857608795,0.2841513752937317,-0.7036517858505249,0.6449065804481506
117,calf_l,-2.2003493309020996,0.145421102643013,0.23779791593551636,0.003093305742368102,0.15895423293113708,-0.043597813695669174,0.986318051815033
117,calf_r,-2.311035633087158,-0.14281640946865082,0.252729207277298,-0.0028302534483373165,0.1643761396408081,0.043945834040641785,0.9854142665863037
117,clavicle_l,-31.25375747680664,0.5109776258468628,1.211525321006775,0.0037317152600735426,0.13073915243148804,0.0215079877525568,0.9911765456199646
117,clavicle_r,-31.035221099853516,-3.8269031047821045,1.2110923528671265,-0.010259797796607018,0.13038405776023865,0.02804953046143055,0.9910136461257935
117,foot_l,1.3889578580856323,-0.09846717864274979,-0.01664995774626732,-0.0005520883714780211,7.672581705264747e-05,-0.04546187445521355,0.9989659190177917
117,foot_r,1.3872028589248657,0.09953439980745316,-0.015892811119556427,0.0005197323043830693,6.0868467699037865e-05,0.045404333621263504,0.9989686012268066
117,hand_l,125.75875854492188,91.64130401611328,112.91543579101562,0.44125252962112427,0.657532811164856,-0.6106540560722351,0.006966642569750547
117,hand_r,73.38824462890625,141.6001739501953,121.5699462890625,0.7865455746650696,0.04925067350268364,-0.42320072650909424,0.44701406359672546
117,head,0.7312744855880737,0.9675714373588562,-3.880488872528076,0.0024615731090307236,0.026974858716130257,0.0009327348088845611,0.9996326565742493
117,lowerarm_l,101.74633026123047,69.0132827758789,47.4538688659668,-0.293334037065506,-0.5225862860679626,0.7960562109947205,0.08457688987255096
117,lowerarm_r,145.72467041015625,30.868759155273438,74.6102523803711,0.5580652952194214,-0.400895357131958,-0.6572863459587097,0.30954933166503906
117,neck,-18.62308692932129,1.5455994606018066,-1.6607403755187988,0.00417664647102356,0.08687693625688553,-0.0006216874462552369,0.9962101578712463
117,pelvis,7.711786270141602,-0.20687848329544067,-3.360849618911743,-0.0006056620040908456,-0.029311014339327812,-0.020459219813346863,0.9993607997894287
117,root,0.0,0.0,0.0,-2.1139658201718703e-07,-5.7790373375610216e-08,1.0658141036401503e-14,1.0
117,spine_01,-2.801781177520752,0.03883739188313484,-3.4308135509490967,1.2504274309321772e-05,0.02281058207154274,5.926455742155667e-06,0.9997398853302002
117,spine_02,-16.547319412231445,-0.928200900554657,-2.01035737991333,-0.0020018750801682472,0.0799940750002861,0.02491331845521927,0.9964819550514221
117,thigh_l,25.868621826171875,-1.8586406707763672,-0.42444294691085815,-0.007137252949178219,-0.13538502156734467,-0.027298618108034134,0.990391194820404
117,thigh_r,25.567289352416992,1.8700631856918335,-0.7660907506942749,0.007343214936554432,-0.12801474332809448,0.027687381953001022,0.9913585186004639
117,upperarm_l,36.46122360229492,-83.08264923095703,10.48933219909668,-0.1714848428964615,0.10710202902555466,0.9462157487869263,0.2525824010372162
117,upperarm_r,-48.787200927734375,99.52703857421875,28.093400955200195,0.09021048992872238,0.28188255429267883,-0.716441810131073,0.6317558288574219
118,calf_l,-2.1848597526550293,0.14471390843391418,0.23408357799053192,0.0030681490898132324,0.158198282122612,-0.04355946555733681,0.9864413142204285
118,calf_r,-2.3223378658294678,-0.14138685166835785,0.2524941563606262,-0.002738688141107559,0.164931058883667,0.04399282857775688,0.9853197336196899
118,clavicle_l,-31.308401107788086,1.2903105020523071,1.2746646404266357,0.0052436781115829945,0.13131727278232574,0.01002001203596592,0.9912759065628052
118,clavicle_r,-31.189685821533203,-3.056516647338867,1.2740780115127563,-0.008763918653130531,0.1311221420764923,0.016573671251535416,0.9911889433860779
118,foot_l,1.3893729448318481,-0.0981559008359909,-0.01673116534948349,-0.0005618567811325192,8.72122254804708e-05,-0.04547778517007828,0.9989652037620544
118,foot_r,1.3871819972991943,0.09953074902296066,-0.015844551846385002,0.0005221038591116667,6.691712769679725e-05,0.045406680554151535,0.9989684820175171
118,hand_l,133.03775024414062,81.8060302734375,112.2315673828125,-0.47368645668029785,-0.62981778383255,0.6155672669410706,0.005271309055387974
118,hand_r,83.43913269042969,137.039306640625,120.44341278076172,0.7838865518569946,0.024281088262796402,-0.4486481249332428,0.42854082584381104
118,head,0.7813692092895508,0.8584305644035339,-3.863537311553955,0.002473853062838316,0.027190467342734337,0.0004688937624450773,0.9996271133422852
118,lowerarm_l,103.66732025146484,65.08537292480469,46.28593063354492,-0.30033424496650696,-0.5141450762748718,0.7977367043495178,0.09523890167474747
118,lowerarm_r,145.06019592285156,26.75766372680664,70.5965347290039,0.5423170924186707,-0.40390413999557495,-0.6690837144851685,0.3083515763282776
118,neck,-18.573978424072266,1.4542505741119385,-1.6350626945495605,0.004215884488075972,0.08709871023893356,-0.001084321876987815,0.9961901903152466
118,pelvis,7.77131986618042,-0.25789132714271545,-3.341066837310791,-0.0007547696004621685,-0.029311323538422585,-0.02551344223320484,0.9992443919181824
118,root,0.0,0.0,0.0,-2.1139658201718703e-07,-5.7790373375610216e-08,1.0658141036401503e-14,1.0
118,spine_01,-2.796880006790161,0.12262852489948273,-3.408181667327881,0.0001988427684409544,0.023093631491065025,-0.00798168033361435,0.9997014403343201
118,spine_02,-16.64382553100586,-0.49179574847221375,-1.965796947479248,-0.0010838049929589033,0.08064724504947662,0.013369896449148655,0.9966524243354797
118,thigh_l,25.812105178833008,-1.8529891967773438,-0.4055643379688263,-0.007135133258998394,-0.13536392152309418,-0.027299880981445312,0.9903941750526428
118,thigh_r,25.43172264099121,1.8668245077133179,-0.8297073841094971,0.007390862796455622,-0.12614941596984863,0.027787182480096817,0.9915945529937744
118,upperarm_l,33.658782958984375,-85.71495056152344,11.194987297058105,-0.16962282359600067,0.11618673801422119,0.9419249892234802,0.2655298113822937
118,upperarm_r,-45.84272003173828,100.50010681152344,27.74357795715332,0.09069120138883591,0.2788238525390625,-0.7301182746887207,0.6172192692756653
119,calf_l,-2.168778896331787,0.13952723145484924,0.2271508276462555,0.003004468744620681,0.15734364092350006,-0.04352065920829773,0.9865798950195312
119,calf_r,-2.3320250511169434,-0.13571810722351074,0.24908608198165894,-0.0026113532949239016,0.16534410417079926,0.04403610900044441,0.985248863697052
119,clavicle_l,-31.33181381225586,2.052061080932617,1.3310753107070923,0.006701093632727861,0.13179734349250793,-0.0013571989256888628,0.991253137588501
119,clavicle_r,-31.312931060791016,-2.2688138484954834,1.3304734230041504,-0.007211608346551657,0.13176284730434418,0.005192548036575317,0.991241455078125
119,foot_l,1.3871582746505737,-0.09995431452989578,-0.01673971302807331,-0.0005218612495809793,1.8006710888585076e-05,-0.04539202153682709,0.9989691376686096
119,foot_r,1.3846739530563354,0.10147837549448013,-0.015608208253979683,0.00047771158278919756,1.6797113175925915e-06,0.045312728732824326,0.9989727735519409
119,hand_l,140.3072052001953,70.37289428710938,112.82200622558594,-0.5133047699928284,-0.5920498967170715,0.6212630271911621,0.005232635419815779
119,hand_r,93.32604217529297,131.65480041503906,119.22224426269531,0.7804531455039978,-0.0017857836792245507,-0.4728269875049591,0.4090529978275299
119,head,0.8194118738174438,0.7483396530151367,-3.8469552993774414,0.0024865076411515474,0.027400434017181396,8.955801604315639e-06,0.9996214509010315
119,lowerarm_l,105.74705505371094,60.929073333740234,45.324466705322266,-0.3082618713378906,-0.5056673288345337,0.7987157106399536,0.10643532127141953
119,lowerarm_r,144.1665496826172,22.674760818481445,66.67526245117188,0.5265530943870544,-0.4064677953720093,-0.6808483600616455,0.30654728412628174
119,neck,-18.526691436767578,1.3613409996032715,-1.6115903854370117,0.004253908060491085,0.08728305250406265,-0.0015428486512973905,0.9961732625961304
119,pelvis,7.822239398956299,-0.30792197585105896,-3.3187150955200195,-0.0009026848711073399,-0.029288778081536293,-0.030428322032094002,0.9991074204444885
119,root,0.0,0.0,0.0,-2.1139658201718703e-07,-5.7790373375610216e-08,1.0658141036401503e-14,1.0
119,spine_01,-2.7888498306274414,0.20660409331321716,-3.3846497535705566,0.0003861033183056861,0.023348243907094002,-0.01584678515791893,0.9996017217636108
119,spine_02,-16.712661743164062,-0.05241192504763603,-1.9253134727478027,-0.0001593893684912473,0.08119671791791916,0.0019284203881397843,0.9966962337493896
119,thigh_l,25.737157821655273,-1.8504587411880493,-0.38970640301704407,-0.007164380047470331,-0.13523735105991364,-0.027301719412207603,0.990411102771759
119,thigh_r,25.27945899963379,1.866356611251831,-0.8925849795341492,0.007467718329280615,-0.12422963231801987,0.02788458950817585,0.991833508014679
119,upperarm_l,30.65325355529785,-88.40145111083984,11.995677947998047,-0.16782817244529724,0.12570782005786896,0.9369292259216309,0.2796335220336914
119,upperarm_r,-42.83534622192383,101.38646697998047,27.368661880493164,0.09128540009260178,0.27560970187187195,-0.7435146570205688,0.6024054288864136
120,calf_l,-2.15217924118042,0.1404258906841278,0.22406743466854095,0.0029800082556903362,0.1565680354833603,-0.04348182678222656,0.9867051243782043
120,calf_r,-2.3402023315429688,-0.135755717754364,0.24896842241287231,-0.0025231933686882257,0.16577917337417603,0.04407651722431183,0.9851742386817932
120,clavicle_l,-31.32219886779785,2.827442169189453,1.3859491348266602,0.00821948517113924,0.13217683136463165,-0.012558495625853539,0.9911125898361206
120,clavicle_r,-31.400861740112305,-1.5087822675704956,1.3852643966674805,-0.005743538495153189,0.13229866325855255,-0.0059952689334750175,0.9911751747131348
120,foot_l,1.3888126611709595,-0.09878070652484894,-0.017077088356018066,-0.0005572882946580648,6.405416934285313e-05,-0.045454006642103195,0.9989662766456604
120,foot_r,1.3858410120010376,0.10063019394874573,-0.015817252919077873,0.0005037888186052442,3.904553523170762e-05,0.04535713419318199,0.9989707469940186
120,hand_l,145.377197265625,59.76710510253906,111.64838409423828,-0.5382490754127502,-0.5643196105957031,0.6254776120185852,0.024680251255631447
120,hand_r,102.91656494140625,125.45013427734375,117.897705078125,0.7761231064796448,-0.02877715229988098,-0.49566349387168884,0.3887448012828827
120,head,0.8635319471359253,0.6384039521217346,-3.826916217803955,0.0024992332328110933,0.027555011212825775,-0.0004429596883710474,0.9996170997619629
120,lowerarm_l,106.94734954833984,57.31545639038086,44.12532043457031,-0.3135069012641907,-0.4977894425392151,0.8003082871437073,0.11586950719356537
120,lowerarm_r,143.04722595214844,18.601476669311523,62.861854553222656,0.5107770562171936,-0.4086742699146271,-0.6925867199897766,0.303999662399292
120,neck,-18.484575271606445,1.2686030864715576,-1.584935188293457,0.004292610101401806,0.08744648844003677,-0.00199296697974205,0.9961580038070679
120,pelvis,7.876868724822998,-0.35580986738204956,-3.297412395477295,-0.0010421972256153822,-0.029298044741153717,-0.035190895199775696,0.9989505410194397
120,root,0.0,0.0,0.0,-2.1139658201718703e-07,-5.7790373375610216e-08,1.0658141036401503e-14,1.0
120,spine_01,-2.771822452545166,0.290025532245636,-3.3606350421905518,0.0005732811987400055,0.023549940437078476,-0.02354324609041214,0.9994452595710754
120,spine_02,-16.758968353271484,0.3853214681148529,-1.884317398071289,0.0007624540594406426,0.08166428655385971,-0.009327567182481289,0.996616005897522
120,thigh_l,25.67787742614746,-1.8429392576217651,-0.3703441321849823,-0.007160130422562361,-0.1351952850818634,-0.027305008843541145,0.9904168248176575
120,thigh_r,25.14190101623535,1.8609613180160522,-0.9493964910507202,0.007510375697165728,-0.12243060767650604,0.027982249855995178,0.9920541048049927
120,upperarm_l,27.6827335357666,-90.76165008544922,12.745240211486816,-0.1651783436536789,0.13471831381320953,0.9328081607818604,0.29057884216308594
120,upperarm_r,-39.7734260559082,102.20309448242188,26.984172821044922,0.09199514240026474,0.2723125219345093,-0.7566643953323364,0.5872323513031006
121,calf_l,-2.135439157485962,0.14040027558803558,0.22034405171871185,0.002943954663351178,0.1557665914297104,-0.043442998081445694,0.9868337512016296
121,calf_r,-2.3471641540527344,-0.1348971426486969,0.24803392589092255,-0.0024254124145954847,0.16613493859767914,0.04411408677697182,0.9851128458976746
121,clavicle_l,-31.278076171875,3.5855259895324707,1.43561851978302,0.00970511045306921,0.13244754076004028,-0.02349117211997509,0.990864098072052
121,clavicle_r,-31.45313835144043,-0.7610723376274109,1.4349535703659058,-0.004297511652112007,0.13272514939308167,-0.016917651519179344,0.990999162197113
121,foot_l,1.3899518251419067,-0.09772167354822159,-0.016900062561035156,-0.0005711854319088161,9.358918032376096e-05,-0.04549833759665489,0.9989643692970276
121,foot_r,1.386529803276062,0.09991137683391571,-0.015573935583233833,0.0005102356662973762,6.138305616332218e-05,0.04538557678461075,0.9989694356918335
121,hand_l,150.17715454101562,47.73563766479492,111.83724212646484,-0.5695324540138245,-0.5260563492774963,0.630809485912323,0.031255967915058136
121,hand_r,112.08404541015625,118.44732666015625,116.4647445678711,0.7707920074462891,-0.05651877820491791,-0.5171135663986206,0.36780282855033875
121,head,0.9078279137611389,0.5298335552215576,-3.80476713180542,0.002511267550289631,0.027672158554196358,-0.0008836998022161424,0.9996135234832764
121,lowerarm_l,108.31612396240234,53.593868255615234,43.213253021240234,-0.31970059871673584,-0.49031153321266174,0.8010154962539673,0.12554094195365906
121,lowerarm_r,141.70144653320312,14.518547058105469,59.166725158691406,0.49497461318969727,-0.41060853004455566,-0.7043144702911377,0.30056944489479065
121,neck,-18.44460105895996,1.1769925355911255,-1.5574336051940918,0.004330538213253021,0.0875791683793068,-0.0024324560072273016,0.9961451888084412
121,pelvis,7.928440093994141,-0.40201422572135925,-3.274744749069214,-0.001176991849206388,-0.029301486909389496,-0.039783935993909836,0.9987779855728149
121,root,0.0,0.0,0.0,-2.1139658201718703e-07,-5.7790373375610216e-08,1.0658141036401503e-14,1.0
121,spine_01,-2.746894121170044,0.371665358543396,-3.3358216285705566,0.000756556517444551,0.023708505555987358,-0.03102591261267662,0.999237060546875
121,spine_02,-16.77669906616211,0.81642746925354,-1.8456339836120605,0.001670803758315742,0.08202848583459854,-0.02031601406633854,0.9964215159416199
121,thigh_l,25.610769271850586,-1.8358508348464966,-0.3525334596633911,-0.007164641749113798,-0.13509371876716614,-0.027310414239764214,0.9904305934906006
121,thigh_r,24.99776268005371,1.8558201789855957,-1.003963589668274,0.00756014883518219,-0.12062755972146988,0.02807939052581787,0.9922718405723572
121,upperarm_l,24.49725914001465,-93.22114562988281,13.62144947052002,-0.16254745423793793,0.14439252018928528,0.9279946684837341,0.30258095264434814
121,upperarm_r,-36.66622543334961,102.97052764892578,26.60944175720215,0.09281228482723236,0.269021600484848,-0.7696036100387573,0.5715973377227783
122,calf_l,-2.1182472705841064,0.13885977864265442,0.21545228362083435,0.0028919910546392202,0.15492497384548187,-0.04340418800711632,0.9869681000709534
122,calf_r,-2.352437973022461,-0.1326320767402649,0.2458033561706543,-0.0023145026061683893,0.16639213263988495,0.04414789378643036,0.985068142414093
122,clavicle_l,-31.20005989074707,4.314287185668945,1.4792265892028809,0.011127790436148643,0.13260816037654877,-0.034072279930114746,0.9905202388763428
122,clavicle_r,-31.468114852905273,-0.028471991419792175,1.4786486625671387,-0.0028722125571221113,0.1330358386039734,-0.027495920658111572,0.9907256960868835
122,foot_l,1.3902815580368042,-0.09747166186571121,-0.01695632003247738,-0.000576675112824887,0.00010013012069975957,-0.04551021754741669,0.9989637136459351
122,foot_r,1.386455774307251,0.09992488473653793,-0.015495293773710728,0.0005091655184514821,6.394869706127793e-05,0.045384228229522705,0.9989694952964783
122,hand_l,153.7055206298828,35.57915115356445,111.84361267089844,-0.5967340469360352,-0.4877609312534332,0.6358830332756042,0.04062862694263458
122,hand_r,120.02650451660156,111.66380310058594,116.76375579833984,0.7646298408508301,-0.0701841339468956,-0.5469794869422913,0.3335098922252655
122,head,0.9476780891418457,0.4241900146007538,-3.7813544273376465,0.0025231027975678444,0.027766963467001915,-0.001311126397922635,0.9996103644371033
122,lowerarm_l,109.35743713378906,50.15055465698242,42.34926986694336,-0.3250575661659241,-0.483519047498703,0.8015670776367188,0.13430257141590118
122,lowerarm_r,140.38780212402344,10.589618682861328,56.125301361083984,0.4807906746864319,-0.4131981134414673,-0.7143546938896179,0.2963193356990814
122,neck,-18.403833389282227,1.087519884109497,-1.530313491821289,0.004366645123809576,0.08767309039831161,-0.002858963795006275,0.9961356520652771
122,pelvis,7.977898597717285,-0.4464268088340759,-3.249913454055786,-0.0013070636196061969,-0.0292983278632164,-0.04419118911027908,0.9985925555229187
122,root,0.0,0.0,0.0,-2.1139658201718703e-07,-5.7790373375610216e-08,1.0658141036401503e-14,1.0
122,spine_01,-2.713341236114502,0.4507116377353668,-3.309732675552368,0.0009341886034235358,0.023825164884328842,-0.03824825957417488,0.9989838004112244
122,spine_02,-16.763097763061523,1.2358272075653076,-1.8100261688232422,0.002555113285779953,0.082279734313488,-0.030954549089074135,0.9961252212524414
122,thigh_l,25.531450271606445,-1.8294721841812134,-0.33723577857017517,-0.007180317305028439,-0.13489721715450287,-0.02731897681951523,0.9904569387435913
122,thigh_r,24.843008041381836,1.850998044013977,-1.056809902191162,0.007617920637130737,-0.1187918558716774,0.02817721664905548,0.9924901127815247
122,upperarm_l,21.22079086303711,-95.60899353027344,14.563979148864746,-0.15947631001472473,0.15431559085845947,0.9232979416847229,0.3134883940219879
122,upperarm_r,-33.94871139526367,103.56172180175781,26.31409454345703,0.09302593767642975,0.26631876826286316,-0.7810974717140198,0.5570523738861084
123,calf_l,-2.1007578372955322,0.13541005551815033,0.20926117897033691,0.0028219486121088266,0.15404202044010162,-0.043365251272916794,0.9871081709861755
123,calf_r,-2.3561761379241943,-0.12863413989543915,0.24216678738594055,-0.002188786631450057,0.16654831171035767,0.04417746141552925,0.9850408434867859
123,clavicle_l,-31.08823013305664,5.006136894226074,1.5164713859558105,0.012472218833863735,0.13265423476696014,-0.04421874135732651,0.9900969862937927
123,clavicle_r,-31.444650650024414,0.6819504499435425,1.5159753561019897,-0.0014807356055825949,0.13322509825229645,-0.037648651748895645,0.9903693795204163
123,foot_l,1.3894293308258057,-0.09839148074388504,-0.01730945333838463,-0.0005751216667704284,7.498062768718228e-05,-0.04547695070505142,0.9989652633666992
123,foot_r,1.3852883577346802,0.1009640023112297,-0.015628056600689888,0.0005005210405215621,4.014188016299158e-05,0.04534214735031128,0.9989714026451111
123,hand_l,156.0013427734375,23.408329010009766,111.66165161132812,-0.6201873421669006,-0.4497356414794922,0.6405900120735168,0.0524410605430603
123,hand_r,128.0943145751953,103.26356506347656,115.12501525878906,0.7575848698616028,-0.098878413438797,-0.5651392340660095,0.3112969994544983
123,head,0.9850367903709412,0.3229233920574188,-3.756439685821533,0.002534927800297737,0.02783583104610443,-0.001721278647892177,0.9996078610420227
123,lowerarm_l,110.09593963623047,47.011653900146484,41.537837982177734,-0.32960495352745056,-0.4774876832962036,0.8019832968711853,0.14208753407001495
123,lowerarm_r,138.60023498535156,6.441517353057861,52.6776123046875,0.4648873805999756,-0.4148266017436981,-0.7261044383049011,0.2908110022544861
123,neck,-18.360788345336914,1.0018888711929321,-1.5034079551696777,0.004402275662869215,0.08772601187229156,-0.0032675168476998806,0.99612957239151
123,pelvis,8.025773048400879,-0.48904913663864136,-3.2226622104644775,-0.0014329716796055436,-0.029286151751875877,-0.04839709773659706,0.9983978271484375
123,root,0.0,0.0,0.0,-2.1139658201718703e-07,-5.7790373375610216e-08,1.0658141036401503e-14,1.0
123,spine_01,-2.6698851585388184,0.5264114737510681,-3.2821834087371826,0.00110468955244869,0.023897839710116386,-0.04516631364822388,0.9986929893493652
123,spine_02,-16.716922760009766,1.6384376287460327,-1.7775297164916992,0.003404810559004545,0.08241298794746399,-0.04116128757596016,0.9957420825958252
123,thigh_l,25.43768310546875,-1.824097752571106,-0.32515180110931396,-0.007208690978586674,-0.13458476960659027,-0.027332141995429993,0.9904988408088684
123,thigh_r,24.67613983154297,1.8468009233474731,-1.108154296875,0.00768554862588644,-0.11691151559352875,0.028275689110159874,0.9927099943161011
123,upperarm_l,17.849323272705078,-97.96021270751953,15.597854614257812,-0.1559479832649231,0.16462458670139313,0.9187285304069519,0.32329079508781433
123,upperarm_r,-30.760976791381836,104.31089782714844,26.011388778686523,0.09409491717815399,0.26329299807548523,-0.7937186360359192,0.5402163863182068
124,calf_l,-2.0832135677337646,0.1324150115251541,0.20322953164577484,0.0027512379456311464,0.15316195785999298,-0.043326620012521744,0.9872469902038574
124,calf_r,-2.3584272861480713,-0.12506471574306488,0.23842859268188477,-0.002064779633656144,0.16663870215415955,0.044203512370586395,0.9850245714187622
124,clavicle_l,-30.943458557128906,5.663835525512695,1.548791527748108,0.013757055625319481,0.13258616626262665,-0.05385582521557808,0.9896116852760315
124,clavicle_r,-31.382604598999023,1.3529369831085205,1.5480468273162842,-0.00017039390513673425,0.13328900933265686,-0.04728975519537926,0.9899484515190125
124,foot_l,1.3890775442123413,-0.09845693409442902,-0.01693790778517723,-0.0005534281372092664,6.011622099322267e-05,-0.04546308144927025,0.998965859413147
124,foot_r,1.3846321105957031,0.1012594923377037,-0.015123572200536728,0.00047631486086174846,2.6068160877912305e-05,0.04531882330775261,0.998972475528717
124,hand_l,157.10948181152344,11.329597473144531,111.29411315917969,-0.6402033567428589,-0.41222554445266724,0.6448320746421814,0.06634221225976944
124,hand_r,135.40255737304688,94.24429321289062,113.38456726074219,0.7493583559989929,-0.12764635682106018,-0.5819753408432007,0.28891727328300476
124,head,1.028136968612671,0.22723767161369324,-3.7284016609191895,0.002546304138377309,0.027857838198542595,-0.0021100298035889864,0.9996064305305481
124,lowerarm_l,110.55585479736328,44.20136260986328,40.7864875793457,-0.33337366580963135,-0.47229915857315063,0.8022755980491638,0.1488274335861206
124,lowerarm_r,136.57325744628906,2.232858657836914,49.37421798706055,0.4488981068134308,-0.41642260551452637,-0.7378600239753723,0.2839813530445099
124,neck,-18.31597900390625,0.9209362864494324,-1.4746546745300293,0.00443594204261899,0.08774387836456299,-0.0036550869699567556,0.9961264729499817
124,pelvis,8.075597763061523,-0.5293772220611572,-3.193861246109009,-0.0015518090222030878,-0.02927718125283718,-0.05238636955618858,0.9981964230537415
124,root,0.0,0.0,0.0,-2.1139658201718703e-07,-5.7790373375610216e-08,1.0658141036401503e-14,1.0
124,spine_01,-2.6138103008270264,0.5975228548049927,-3.2533884048461914,0.0012647297699004412,0.023916976526379585,-0.051733337342739105,0.9983737468719482
124,spine_02,-16.639450073242188,2.0196101665496826,-1.7470121383666992,0.004210290499031544,0.08243174105882645,-0.0508541502058506,0.9952895045280457
124,thigh_l,25.336393356323242,-1.8178244829177856,-0.31528133153915405,-0.007234589662402868,-0.13418877124786377,-0.027350446209311485,0.9905519485473633
124,thigh_r,24.50326156616211,1.8415642976760864,-1.1571451425552368,0.007748844102025032,-0.11501722782850266,0.028376340866088867,0.9929279088973999
124,upperarm_l,14.375948905944824,-100.31056213378906,16.752267837524414,-0.15194302797317505,0.1754639446735382,0.9142844676971436,0.33197852969169617
124,upperarm_r,-27.5181884765625,105.07681274414062,25.76608657836914,0.09531265497207642,0.26049554347991943,-0.8062198162078857,0.5225583910942078
125,calf_l,-2.064915180206299,0.1307756006717682,0.1980525702238083,0.0026870102155953646,0.15227125585079193,-0.043287113308906555,0.9873867034912109
125,calf_r,-2.358635187149048,-0.12267859280109406,0.23506222665309906,-0.0019488141406327486,0.1666497141122818,0.04422379657626152,0.9850220084190369
125,clavicle_l,-30.750577926635742,6.299313068389893,1.5728739500045776,0.015005930326879025,0.132337287068367,-0.06319750100374222,0.9890742301940918
125,clavicle_r,-31.272262573242188,1.994594693183899,1.572373867034912,0.001075047766789794,0.13317517936229706,-0.056635476648807526,0.9894724488258362
125,foot_l,1.3894315958023071,-0.09832289069890976,-0.017227286472916603,-0.0005726339877583086,7.376493158517405e-05,-0.04547858238220215,0.9989651441574097
125,foot_r,1.3846330642700195,0.10132154077291489,-0.015297666192054749,0.0004869372060056776,3.4637676435522735e-05,0.045321449637413025,0.9989723563194275
125,hand_l,157.02957153320312,-1.04219651222229,110.71947479248047,-0.6576746702194214,-0.3740276098251343,0.6486378312110901,0.08268186450004578
125,hand_r,142.06776428222656,84.30795288085938,111.49868774414062,0.7395756840705872,-0.1571672558784485,-0.5982301831245422,0.26541852951049805
125,head,1.0765209197998047,0.1357581913471222,-3.696119785308838,0.002556633437052369,0.02781843952834606,-0.0024882531724870205,0.9996066689491272
125,lowerarm_l,110.73572540283203,41.69496154785156,40.10429382324219,-0.3364545702934265,-0.4681181311607361,0.8023634552955627,0.1545206904411316
125,lowerarm_r,134.16580200195312,-2.333435535430908,46.09960174560547,0.43196335434913635,-0.4183303117752075,-0.7502176761627197,0.2749198079109192
125,neck,-18.266733169555664,0.8437044620513916,-1.4438986778259277,0.004467790015041828,0.08770234882831573,-0.004031744785606861,0.9961285591125488
125,pelvis,8.12812614440918,-0.5674375295639038,-3.162437677383423,-0.0016633564373478293,-0.029275424778461456,-0.056170664727687836,0.9979904890060425
125,root,0.0,0.0,0.0,-2.1139658201718703e-07,-5.7790373375610216e-08,1.0658141036401503e-14,1.0
125,spine_01,-2.540191173553467,0.6641644239425659,-3.2221734523773193,0.001414801925420761,0.02385716326534748,-0.0580533966422081,0.9980273842811584
125,spine_02,-16.518239974975586,2.384328603744507,-1.7195463180541992,0.004981290549039841,0.08227790147066116,-0.060249462723731995,0.9947742223739624
125,thigh_l,25.226444244384766,-1.8097344636917114,-0.3067028820514679,-0.007251064293086529,-0.13370412588119507,-0.02737530879676342,0.9906166195869446
125,thigh_r,24.3223819732666,1.8342353105545044,-1.2030988931655884,0.007800118997693062,-0.11309553682804108,0.02848081849515438,0.993145227432251
125,upperarm_l,10.54668140411377,-102.87905883789062,18.169679641723633,-0.14705635607242584,0.18789631128311157,0.9097294807434082,0.3397965431213379
125,upperarm_r,-24.034162521362305,105.96807098388672,25.611833572387695,0.09684177488088608,0.2579941153526306,-0.8193101286888123,0.5027839541435242
126,calf_l,-2.0455405712127686,0.13006271421909332,0.1930091232061386,0.0026277988217771053,0.15133866667747498,-0.0432438962161541,0.9875321388244629
126,calf_r,-2.356555938720703,-0.12112413346767426,0.23153796792030334,-0.0018392723286524415,0.1665574014186859,0.04423827305436134,0.9850372672080994
126,clavicle_l,-30.504268646240234,6.925918102264404,1.5876697301864624,0.016245482489466667,0.13188046216964722,-0.07247480005025864,0.9884791970252991
126,clavicle_r,-31.107526779174805,2.620387077331543,1.5869925022125244,0.002282744739204645,0.13284946978092194,-0.06591577082872391,0.9889392852783203
126,foot_l,1.3906581401824951,-0.09724760800600052,-0.017182977870106697,-0.0005834647454321384,9.606539970263839e-05,-0.04552191123366356,0.9989631772041321
126,foot_r,1.38546884059906,0.10059136152267456,-0.015233478508889675,0.0004924153327010572,5.030749161960557e-05,0.045351237058639526,0.9989709854125977
126,hand_l,155.688232421875,-14.095963478088379,110.15380859375,-0.6736395955085754,-0.33261194825172424,0.652373731136322,0.09993814677000046
126,hand_r,148.0653533935547,73.38081359863281,109.80281829833984,0.7282681465148926,-0.18528279662132263,-0.615683913230896,0.2371269315481186
126,head,1.1338226795196533,0.04721013829112053,-3.658127784729004,0.002566638868302107,0.02769453451037407,-0.002862642053514719,0.9996090531349182
126,lowerarm_l,110.75650787353516,39.31324005126953,39.5292854309082,-0.3394618034362793,-0.46459999680519104,0.8022515773773193,0.15907607972621918
126,lowerarm_r,131.4781036376953,-7.060648441314697,42.97549819946289,0.41492703557014465,-0.4194440245628357,-0.7640419602394104,0.26104065775871277
126,neck,-18.21562957763672,0.7692832946777344,-1.4098048210144043,0.004499208182096481,0.08759726583957672,-0.00440459419041872,0.9961361289024353
126,pelvis,8.181056022644043,-0.6033692955970764,-3.127872943878174,-0.0017678928561508656,-0.029276657849550247,-0.05977147817611694,0.9977810978889465
126,root,0.0,0.0,0.0,-2.1139658201718703e-07,-5.7790373375610216e-08,1.0658141036401503e-14,1.0
126,spine_01,-2.447368860244751,0.7263407111167908,-3.1886160373687744,0.0015544622438028455,0.02370287850499153,-0.0642419382929802,0.9976516366004944
126,spine_02,-16.34748077392578,2.738844871520996,-1.6957879066467285,0.005731722339987755,0.08191967755556107,-0.06957848370075226,0.9941908121109009
126,thigh_l,25.104507446289062,-1.7998497486114502,-0.29934725165367126,-0.007257658056914806,-0.13312222063541412,-0.02740737982094288,0.9906940460205078
126,thigh_r,24.13013458251953,1.824996829032898,-1.2461060285568237,0.007840295322239399,-0.1111321672797203,0.02858990803360939,0.9933633804321289
126,upperarm_l,6.2742414474487305,-105.8659896850586,20.03708267211914,-0.14154137670993805,0.20276124775409698,0.9046211242675781,0.3471521735191345
126,upperarm_r,-19.743030548095703,107.59111785888672,25.872833251953125,0.10117880254983902,0.25697988271713257,-0.8328613638877869,0.47965213656425476
127,calf_l,-2.0249764919281006,0.1266086995601654,0.1861722469329834,0.002546213334426284,0.1503109186887741,-0.04319872707128525,0.9876912832260132
127,calf_r,-2.3520891666412354,-0.11710061132907867,0.2261945903301239,-0.0017110543558374047,0.16631615161895752,0.044245462864637375,0.9850778579711914
127,clavicle_l,-30.2132511138916,7.52335786819458,1.5919990539550781,0.017414376139640808,0.13124196231365204,-0.08162558078765869,0.9878307580947876
127,clavicle_r,-30.895030975341797,3.238271951675415,1.591394066810608,0.003486843081191182,0.13233903050422668,-0.07508227974176407,0.9883505702018738
127,foot_l,1.3901617527008057,-0.09774663299322128,-0.017344120889902115,-0.0005781644722446799,7.870239642215893e-05,-0.04550211504101753,0.9989640712738037
127,foot_r,1.3846932649612427,0.10120934247970581,-0.015179422684013844,0.0004825428477488458,3.496584395179525e-05,0.04532331973314285,0.9989722371101379
127,hand_l,152.80972290039062,-26.344533920288086,107.48583984375,-0.6826409697532654,-0.3036460280418396,0.6506902575492859,0.1356559544801712
127,hand_r,153.25973510742188,61.41560745239258,107.95475006103516,0.715192973613739,-0.21435116231441498,-0.6321731209754944,0.20714661478996277
127,head,1.186715841293335,-0.037227291613817215,-3.6177992820739746,0.0025764063466340303,0.027530064806342125,-0.0032325820066034794,0.9996124505996704
127,lowerarm_l,110.10267639160156,37.09735107421875,38.43605422973633,-0.3402197062969208,-0.4604020416736603,0.8036202192306519,0.16271191835403442
127,lowerarm_r,128.26905822753906,-12.048225402832031,39.74789047241211,0.3964814245700836,-0.42059966921806335,-0.778203547000885,0.24555574357509613
127,neck,-18.159631729125977,0.6991913318634033,-1.3762712478637695,0.004531489219516516,0.0874224379658699,-0.004772912710905075,0.9961495995521545
127,pelvis,8.230826377868652,-0.6379141807556152,-3.089350461959839,-0.001870226114988327,-0.029266580939292908,-0.06318562477827072,0.9975708723068237
127,root,0.0,0.0,0.0,-2.1139658201718703e-07,-5.7790373375610216e-08,1.0658141036401503e-14,1.0
127,spine_01,-2.3405001163482666,0.7839380502700806,-3.152531385421753,0.0016838640440255404,0.02347620390355587,-0.07027510553598404,0.997249960899353
127,spine_02,-16.131929397583008,3.0785694122314453,-1.6770601272583008,0.0064512379467487335,0.08137489855289459,-0.07878617197275162,0.993543803691864
127,thigh_l,24.96079444885254,-1.791189193725586,-0.2949553430080414,-0.007278097327798605,-0.13239042460918427,-0.027445195242762566,0.9907909035682678
127,thigh_r,23.918935775756836,1.8164640665054321,-1.2870632410049438,0.007890868000686169,-0.10908924788236618,0.028700973838567734,0.9935862421989441
127,upperarm_l,1.8705658912658691,-108.87798309326172,22.160425186157227,-0.13505791127681732,0.218514546751976,0.9000096321105957,0.3521270453929901
127,upperarm_r,-15.021835327148438,108.9575424194336,26.001813888549805,0.10555833578109741,0.2550331950187683,-0.8470335602760315,0.4542572796344757
128,calf_l,-2.0036802291870117,0.12493377923965454,0.1802978515625,0.002476676367223263,0.14927388727664948,-0.04315105080604553,0.9878509044647217
128,calf_r,-2.3457493782043457,-0.11467691510915756,0.22137896716594696,-0.0015960216987878084,0.16600540280342102,0.044247567653656006,0.9851303696632385
128,clavicle_l,-29.8850154876709,8.104598999023438,1.5901379585266113,0.01856268383562565,0.13045507669448853,-0.09060477465391159,0.9871310591697693
128,clavicle_r,-30.645349502563477,3.8273837566375732,1.5895142555236816,0.00462389038875699,0.13168010115623474,-0.08407247066497803,0.9877098798751831
128,foot_l,1.3908429145812988,-0.09720020741224289,-0.01736273616552353,-0.0005865997518412769,9.123988274950534e-05,-0.04552638903260231,0.9989629983901978
128,foot_r,1.385062336921692,0.10089845955371857,-0.015128499828279018,0.00048558920389041305,4.221527706249617e-05,0.04533647745847702,0.9989716410636902
128,hand_l,148.81378173828125,-39.64501190185547,106.55445098876953,-0.6941134929656982,-0.260867178440094,0.652204692363739,0.15742890536785126
128,hand_r,157.4634552001953,48.607723236083984,105.9696044921875,0.7003720998764038,-0.24400381743907928,-0.6472686529159546,0.1760236769914627
128,head,1.2454524040222168,-0.11684811115264893,-3.573441505432129,0.002585875103250146,0.027302948758006096,-0.003595447400584817,0.9996173977851868
128,lowerarm_l,109.72711181640625,34.711509704589844,37.72868347167969,-0.34246987104415894,-0.4567764401435852,0.8039694428443909,0.16644182801246643
128,lowerarm_r,124.5574951171875,-17.0562744140625,36.43513107299805,0.3769584000110626,-0.4213632047176361,-0.7923698425292969,0.2291407436132431
128,neck,-18.10395050048828,0.6331267952919006,-1.340329647064209,0.004561454989016056,0.08720333129167557,-0.005134051665663719,0.9961668848991394
128,pelvis,8.280670166015625,-0.6702297329902649,-3.049325942993164,-0.001964714378118515,-0.02926473692059517,-0.06641663610935211,0.9973608255386353
128,root,0.0,0.0,0.0,-2.1139658201718703e-07,-5.7790373375610216e-08,1.0658141036401503e-14,1.0
128,spine_01,-2.2213633060455322,0.8362960815429688,-3.114938735961914,0.0018012026557698846,0.023180920630693436,-0.0761270672082901,0.9968270659446716
128,spine_02,-15.883578300476074,3.401278257369995,-1.6605377197265625,0.007135477382689714,0.08068832755088806,-0.08781763911247253,0.99283766746521
128,thigh_l,24.8131046295166,-1.7804566621780396,-0.29048463702201843,-0.007284871302545071,-0.13161863386631012,-0.027487747371196747,0.9908924698829651
128,thigh_r,23.70436668395996,1.805808424949646,-1.324219822883606,0.007926486432552338,-0.10706058889627457,0.028814800083637238,0.9938032627105713
128,upperarm_l,-3.0421223640441895,-112.13095092773438,24.749881744384766,-0.1282278597354889,0.2361687868833542,0.8939945101737976,0.35854673385620117
128,upperarm_r,-9.947452545166016,109.87273406982422,25.902362823486328,0.10981401056051254,0.2517092823982239,-0.8614187836647034,0.42724817991256714
129,calf_l,-1.9817590713500977,0.12277586758136749,0.174082413315773,0.0024031915236264467,0.14819912612438202,-0.043101586401462555,0.9880149960517883
129,calf_r,-2.3376810550689697,-0.1118689775466919,0.2160162627696991,-0.0014800787903368473,0.16560274362564087,0.04424426704645157,0.985198438167572
129,clavicle_l,-29.5293025970459,8.656893730163574,1.5822374820709229,0.019652681425213814,0.12955066561698914,-0.09935355931520462,0.9863870739936829
129,clavicle_r,-30.36589241027832,4.391594409942627,1.5816503763198853,0.005712821148335934,0.1309008002281189,-0.09283564984798431,0.9870227575302124
129,foot_l,1.3912307024002075,-0.09687873721122742,-0.017437493428587914,-0.0005920937401242554,9.62444901233539e-05,-0.04554057493805885,0.99896240234375
129,foot_r,1.3851618766784668,0.10077694803476334,-0.01511120330542326,0.00048633196274749935,4.417679883772507e-05,0.04534057527780533,0.9989714622497559
129,hand_l,143.52244567871094,-52.61424255371094,105.52976989746094,-0.7027921080589294,-0.21803297102451324,0.6526174545288086,0.18065279722213745
129,hand_r,160.53323364257812,35.1934814453125,103.85877227783203,0.6838655471801758,-0.27390825748443604,-0.6606408953666687,0.14441554248332977
129,head,1.303169846534729,-0.1911432445049286,-3.527092933654785,0.0025945676025003195,0.027039162814617157,-0.003949472680687904,0.9996232390403748
129,lowerarm_l,109.20420837402344,32.21544647216797,36.91743469238281,-0.3444671034812927,-0.452625036239624,0.8047025203704834,0.1700790673494339
129,lowerarm_r,120.39559936523438,-21.866741180419922,33.0673942565918,0.3567306399345398,-0.42136895656585693,-0.806265115737915,0.21243375539779663
129,neck,-18.048120498657227,0.572188675403595,-1.3039350509643555,0.004590629134327173,0.08694367110729218,-0.0054861134849488735,0.9961875677108765
129,pelvis,8.327789306640625,-0.7007830142974854,-3.0075430870056152,-0.002054445445537567,-0.029261035844683647,-0.06946323066949844,0.9971531629562378
129,root,0.0,0.0,0.0,-2.1139658201718703e-07,-5.7790373375610216e-08,1.0658141036401503e-14,1.0
129,spine_01,-2.0945348739624023,0.8833325505256653,-3.076183795928955,0.0019061346538364887,0.022835684940218925,-0.08177406340837479,0.9963874816894531
129,spine_02,-15.609068870544434,3.7041923999786377,-1.6467690467834473,0.007778510916978121,0.07988420128822327,-0.09661771357059479,0.9920801520347595
129,thigh_l,24.656373977661133,-1.7695531845092773,-0.28701210021972656,-0.007291747722774744,-0.13078206777572632,-0.027533534914255142,0.9910019636154175
129,thigh_r,23.482820510864258,1.7946538925170898,-1.3582149744033813,0.007959575392305851,-0.10503104329109192,0.02892845682799816,0.9940162897109985
129,upperarm_l,-8.116833686828613,-115.33798217773438,27.650741577148438,-0.12104343622922897,0.2544907033443451,0.8874910473823547,0.3646130859851837
129,upperarm_r,-4.651487350463867,110.18079376220703,25.505680084228516,0.11373671889305115,0.2467094212770462,-0.8756439685821533,0.3993069529533386
130,calf_l,-1.95927894115448,0.11930009722709656,0.16700774431228638,0.0023206849582493305,0.14707998931407928,-0.043050799518823624,0.9881845712661743
130,calf_r,-2.327977180480957,-0.10790799558162689,0.20972084999084473,-0.0013580156955868006,0.165105402469635,0.044235844165086746,0.9852824807167053
130,clavicle_l,-29.156251907348633,9.17388916015625,1.5691919326782227,0.02066706120967865,0.12856200337409973,-0.10781534016132355,0.9856066703796387
130,clavicle_r,-30.064260482788086,4.930590629577637,1.5685632228851318,0.0067579313181340694,0.13002930581569672,-0.10131819546222687,0.9862968921661377
130,foot_l,1.3908259868621826,-0.09720087796449661,-0.01747073233127594,-0.0005827386048622429,7.991069287527353e-05,-0.04552379623055458,0.9989631772041321
130,foot_r,1.3845582008361816,0.10120244324207306,-0.014995614998042583,0.00047448716941289604,3.062515679630451e-05,0.045318908989429474,0.998972475528717
130,hand_l,137.07081604003906,-64.98687744140625,104.4642562866211,-0.708733081817627,-0.17562514543533325,0.6518786549568176,0.20471307635307312
130,hand_r,162.3795928955078,21.439977645874023,101.63180541992188,0.6657710075378418,-0.30376794934272766,-0.6720788478851318,0.11306709796190262
130,head,1.3567156791687012,-0.259568452835083,-3.4800291061401367,0.0026027809362858534,0.02675451524555683,-0.004291859921067953,0.9996294379234314
130,lowerarm_l,108.57119750976562,29.559131622314453,35.9967041015625,-0.34630441665649414,-0.4477333426475525,0.8058571815490723,0.17378830909729004
130,lowerarm_r,115.86661529541016,-26.293498992919922,29.684803009033203,0.3361997604370117,-0.42033663392066956,-0.819675624370575,0.19600695371627808
130,neck,-17.992895126342773,0.5171500444412231,-1.2682080268859863,0.004620160907506943,0.08665184676647186,-0.005827027373015881,0.9962109327316284
130,pelvis,8.370664596557617,-0.7296891212463379,-2.964341640472412,-0.002140234224498272,-0.02925163507461548,-0.07232540845870972,0.9969497323036194
130,root,0.0,0.0,0.0,-2.1139658201718703e-07,-5.7790373375610216e-08,1.0658141036401503e-14,1.0
130,spine_01,-1.963921070098877,0.9252225756645203,-3.036665916442871,0.001999346073716879,0.022455740720033646,-0.08719134330749512,0.9959364533424377
130,spine_02,-15.316298484802246,3.9853296279907227,-1.6355633735656738,0.008375847712159157,0.07899130135774612,-0.10513146966695786,0.9912807941436768
130,thigh_l,24.49004364013672,-1.7592804431915283,-0.2847599983215332,-0.007303989492356777,-0.129882350564003,-0.027582300826907158,0.9911187887191772
130,thigh_r,23.254589080810547,1.7837988138198853,-1.3892344236373901,0.007995348423719406,-0.10300753265619278,0.02904127724468708,0.994224488735199
130,upperarm_l,-13.248777389526367,-118.40616607666016,30.808738708496094,-0.11371437460184097,0.27303943037986755,0.8805171251296997,0.3704160749912262
130,upperarm_r,0.6938397884368896,109.7814712524414,24.777631759643555,0.11710454523563385,0.23990480601787567,-0.889381468296051,0.371123731136322
131,calf_l,-1.936640977859497,0.11735150963068008,0.16093435883522034,0.0022506099194288254,0.14597474038600922,-0.042999267578125,0.9883508682250977
131,calf_r,-2.3171260356903076,-0.10521258413791656,0.2040630728006363,-0.0012491425732150674,0.16456934809684753,0.04422270134091377,0.9853729009628296
131,clavicle_l,-28.773372650146484,9.662151336669922,1.553865909576416,0.02163207158446312,0.1275191456079483,-0.11594033986330032,0.9847988486289978
131,clavicle_r,-29.751619338989258,5.432618618011475,1.5532554388046265,0.007723680697381496,0.12910239398479462,-0.10946054011583328,0.9855411648750305
131,foot_l,1.3913309574127197,-0.09689561277627945,-0.0176581759005785,-0.00059385976055637,8.731683919904754e-05,-0.045541271567344666,0.9989622831344604
131,foot_r,1.384769320487976,0.10110193490982056,-0.015125292353332043,0.0004805475764442235,3.4257314837304875e-05,0.04532589390873909,0.9989721775054932
131,hand_l,129.64987182617188,-76.5322494506836,103.40966796875,-0.7120736837387085,-0.13411004841327667,0.6500198245048523,0.2289973646402359
131,hand_r,162.9742431640625,7.633626461029053,99.30059051513672,0.6462283134460449,-0.33330419659614563,-0.6815042495727539,0.08276068419218063
131,head,1.4098964929580688,-0.3220892548561096,-3.4319162368774414,0.0026101151015609503,0.026444928720593452,-0.004620043560862541,0.9996362328529358
131,lowerarm_l,107.86512756347656,26.723480224609375,34.981407165527344,-0.3480720520019531,-0.44200560450553894,0.8074116110801697,0.1776607632637024
131,lowerarm_r,111.07901000976562,-30.195236206054688,26.336959838867188,0.3157755434513092,-0.4181014895439148,-0.8324387073516846,0.18034078180789948
131,neck,-17.940866470336914,0.46730396151542664,-1.232004165649414,0.004647461231797934,0.08634357154369354,-0.0061537520959973335,0.9962356090545654
131,pelvis,8.41103458404541,-0.756480872631073,-2.921348810195923,-0.0022188606671988964,-0.02924857661128044,-0.07500471919775009,0.9967516660690308
131,root,0.0,0.0,0.0,-2.1139658201718703e-07,-5.7790373375610216e-08,1.0658141036401503e-14,1.0
131,spine_01,-1.8321917057037354,0.9618606567382812,-2.997159957885742,0.0020803066436201334,0.022049786522984505,-0.09235411882400513,0.995479941368103
131,spine_02,-15.015472412109375,4.244234085083008,-1.6251921653747559,0.008927013725042343,0.07804720848798752,-0.1133040115237236,0.9904500842094421
131,thigh_l,24.32638931274414,-1.7476850748062134,-0.28171655535697937,-0.007304901722818613,-0.12899662554264069,-0.02763229049742222,0.9912331104278564
131,thigh_r,23.030990600585938,1.7717024087905884,-1.4161800146102905,0.008019188418984413,-0.10105931013822556,0.029151931405067444,0.9944208860397339
131,upperarm_l,-18.33565902709961,-121.25862884521484,34.152557373046875,-0.10644680261611938,0.291396826505661,0.8731322884559631,0.376027911901474
131,upperarm_r,5.897411823272705,108.6406478881836,23.72121810913086,0.11971591413021088,0.23134100437164307,-0.9023560881614685,0.3433699905872345
132,calf_l,-1.9140008687973022,0.11511407792568207,0.15474575757980347,0.0021802966948598623,0.1448645144701004,-0.04294731840491295,0.9885166883468628
132,calf_r,-2.3053321838378906,-0.10237856954336166,0.19817017018795013,-0.001143143163062632,0.1639816015958786,0.0442066565155983,0.9854717254638672
132,clavicle_l,-28.39093780517578,10.115084648132324,1.5368494987487793,0.02252766862511635,0.12645487487316132,-0.12367252260446548,0.9839749932289124
132,clavicle_r,-29.435813903808594,5.90045166015625,1.5362879037857056,0.008622954599559307,0.12814883887767792,-0.11721041798591614,0.9847666025161743
132,foot_l,1.3916597366333008,-0.09660413861274719,-0.0176524855196476,-0.0005943984724581242,8.91516319825314e-05,-0.04555211588740349,0.9989618062973022
132,foot_r,1.3848429918289185,0.10096558928489685,-0.015030570328235626,0.0004777367867063731,3.484651824692264e-05,0.04532916843891144,0.9989719986915588
132,hand_l,121.49908447265625,-87.06047821044922,102.41368103027344,-0.7130275964736938,-0.09396819770336151,0.6471409201622009,0.2529236674308777
132,hand_r,162.352783203125,-5.932949542999268,96.88257598876953,0.6254273653030396,-0.36224308609962463,-0.6889669895172119,0.05426837131381035
132,head,1.4596149921417236,-0.3784879148006439,-3.384077548980713,0.0026169605553150177,0.026125919073820114,-0.004933138843625784,0.999643087387085
132,lowerarm_l,107.12025451660156,23.722074508666992,33.902069091796875,-0.34984150528907776,-0.43546152114868164,0.8092986345291138,0.18171390891075134
132,lowerarm_r,106.1549301147461,-33.48313903808594,23.079317092895508,0.29584455490112305,-0.41462960839271545,-0.8444322943687439,0.16580845415592194
132,neck,-17.89293670654297,0.42280834913253784,-1.1963844299316406,0.004672789014875889,0.08602774143218994,-0.006465204060077667,0.9962608218193054
132,pelvis,8.446629524230957,-0.7814831733703613,-2.8787612915039062,-0.002292447257786989,-0.029244495555758476,-0.07750095427036285,0.9965606927871704
132,root,0.0,0.0,0.0,-2.1139658201718703e-07,-5.7790373375610216e-08,1.0658141036401503e-14,1.0
132,spine_01,-1.7033789157867432,0.9935531616210938,-2.9581308364868164,0.002149616600945592,0.021633757278323174,-0.09723848104476929,0.9950237274169922
132,spine_02,-14.714381217956543,4.480015754699707,-1.615762710571289,0.009429418481886387,0.07708016782999039,-0.12108101695775986,0.9896005988121033
132,thigh_l,24.162250518798828,-1.7363197803497314,-0.27869394421577454,-0.007305911276489496,-0.12811169028282166,-0.027681713923811913,0.9913464784622192
132,thigh_r,22.809877395629883,1.7596440315246582,-1.4397776126861572,0.008040809072554111,-0.09917957335710526,0.029258836060762405,0.9946068525314331
132,upperarm_l,-23.276880264282227,-123.83592987060547,37.595672607421875,-0.09943889081478119,0.30916786193847656,0.8654454350471497,0.3814857304096222
132,upperarm_r,10.772140502929688,106.79496765136719,22.376516342163086,0.12141243368387222,0.2212373912334442,-0.9143521189689636,0.316659539937973
133,calf_l,-1.891654372215271,0.11349918693304062,0.1491653323173523,0.0021172224078327417,0.14377807080745697,-0.04289541766047478,0.9886776208877563
133,calf_r,-2.2928762435913086,-0.10008085519075394,0.19264324009418488,-0.0010462430072948337,0.1633709967136383,0.04418797418475151,0.9855741858482361
133,clavicle_l,-28.01750373840332,10.533927917480469,1.5198391675949097,0.023360351100564003,0.12539973855018616,-0.1309586465358734,0.9831475615501404
133,clavicle_r,-29.125843048095703,6.329801082611084,1.5192370414733887,0.009444071911275387,0.1271989643573761,-0.12451323121786118,0.9839856624603271
133,foot_l,1.3922191858291626,-0.09626967459917068,-0.017940718680620193,-0.0006110041867941618,0.00010187562293140218,-0.04557305946946144,0.9989609122276306
133,foot_r,1.385201096534729,0.10080654174089432,-0.01524091325700283,0.0004892206634394825,4.223765427013859e-05,0.045341890305280685,0.9989714026451111
133,hand_l,112.8912353515625,-96.43743896484375,101.52047729492188,-0.7118844985961914,-0.05564894899725914,0.6434099674224854,0.275948166847229
133,hand_r,160.61537170410156,-18.973487854003906,94.40510559082031,0.6036232709884644,-0.39029574394226074,-0.6946275234222412,0.028300130739808083
133,head,1.5055917501449585,-0.4289698898792267,-3.3371329307556152,0.0026232332456856966,0.025804992765188217,-0.005228650290518999,0.9996498823165894
133,lowerarm_l,106.36897277832031,20.605979919433594,32.80342102050781,-0.3516577482223511,-0.4282476007938385,0.8114097714424133,0.1858898103237152
133,lowerarm_r,101.22256469726562,-36.12443923950195,19.972524642944336,0.27675947546958923,-0.41003257036209106,-0.8555509448051453,0.15267635881900787
133,neck,-17.850872039794922,0.38325750827789307,-1.1614203453063965,0.004695579409599304,0.08571654558181763,-0.0067588998936116695,0.9962856769561768
133,pelvis,8.477546691894531,-0.8044723272323608,-2.837473154067993,-0.002359547885134816,-0.02924337238073349,-0.07981430739164352,0.9963780045509338
133,root,0.0,0.0,0.0,-2.1139658201718703e-07,-5.7790373375610216e-08,1.0658141036401503e-14,1.0
133,spine_01,-1.5808228254318237,1.02070152759552,-2.9201090335845947,0.0022082810755819082,0.021220099180936813,-0.1018194705247879,0.9945741295814514
133,spine_02,-14.421781539916992,4.693280220031738,-1.6064763069152832,0.009885033592581749,0.07612256705760956,-0.12840846180915833,0.988746166229248
133,thigh_l,24.004011154174805,-1.72478187084198,-0.27472925186157227,-0.007302138488739729,-0.12726977467536926,-0.02772991545498371,0.9914535880088806
133,thigh_r,22.5976619720459,1.7473723888397217,-1.4595779180526733,0.008055953308939934,-0.09740982204675674,0.0293605737388134,0.994778573513031
133,upperarm_l,-27.969467163085938,-126.09513092041016,41.0351676940918,-0.09288479387760162,0.3259631097316742,0.8576241731643677,0.3867834508419037
133,upperarm_r,15.154342651367188,104.34561157226562,20.813098907470703,0.12209836393594742,0.20996131002902985,-0.9252092242240906,0.29154106974601746
134,calf_l,-1.8695693016052246,0.10967124253511429,0.14228273928165436,0.0020409864373505116,0.14266835153102875,-0.042843710631132126,0.9888408184051514
134,calf_r,-2.279855966567993,-0.09593859314918518,0.18602856993675232,-0.0009406813187524676,0.16270329058170319,0.04416600242257118,0.9856857061386108
134,clavicle_l,-27.665992736816406,10.90759563446045,1.502721905708313,0.02409212850034237,0.12439179420471191,-0.13774041831493378,0.982330858707428
134,clavicle_r,-28.828948974609375,6.730412483215332,1.5020663738250732,0.010222022421658039,0.1262819617986679,-0.13131818175315857,0.983211100101471
134,foot_l,1.3914463520050049,-0.09691186994314194,-0.017948046326637268,-0.0005952812498435378,7.221374835353345e-05,-0.04554169252514839,0.9989622831344604
134,foot_r,1.3843022584915161,0.10146994888782501,-0.015098790638148785,0.00047248907503671944,2.01015700440621e-05,0.045308928936719894,0.9989728927612305
134,hand_l,104.1250228881836,-104.57958221435547,100.76770782470703,-0.7090098261833191,-0.019620364531874657,0.6390354037284851,0.2975800633430481
134,hand_r,157.92266845703125,-31.22359275817871,91.90740966796875,0.5811478495597839,-0.41716843843460083,-0.6987187266349792,0.005470770876854658
134,head,1.5392452478408813,-0.4737815856933594,-3.2933473587036133,0.002628789283335209,0.025513064116239548,-0.005503657273948193,0.9996559023857117
134,lowerarm_l,105.64099884033203,17.460424423217773,31.735998153686523,-0.3535293936729431,-0.42061662673950195,0.8136179447174072,0.1900649517774582
134,lowerarm_r,96.40884399414062,-38.14044189453125,17.07884407043457,0.2588300406932831,-0.40456533432006836,-0.8656900525093079,0.14111930131912231
134,neck,-17.813451766967773,0.34980905055999756,-1.1294960975646973,0.004720281809568405,0.08541087061166763,-0.007032666355371475,0.9963098168373108
134,pelvis,8.500204086303711,-0.8260685205459595,-2.796989679336548,-0.00242446456104517,-0.029231486842036247,-0.0819423496723175,0.9962053894996643
134,root,0.0,0.0,0.0,-2.1139658201718703e-07,-5.7790373375610216e-08,1.0658141036401503e-14,1.0
134,spine_01,-1.4691168069839478,1.0443880558013916,-2.8834104537963867,0.002259685192257166,0.02082817815244198,-0.10607284307479858,0.9941376447677612
134,spine_02,-14.144042015075684,4.8834967613220215,-1.598358154296875,0.01029166765511036,0.07519739121198654,-0.13523153960704803,0.9879028797149658
134,thigh_l,23.842975616455078,-1.715179681777954,-0.27161502838134766,-0.007310046814382076,-0.1264246106147766,-0.027776135131716728,0.9915603399276733
134,thigh_r,22.38849639892578,1.736861228942871,-1.4766255617141724,0.008080560714006424,-0.09572234749794006,0.029455771669745445,0.994939386844635
134,upperarm_l,-32.30703353881836,-128.01177978515625,44.35565948486328,-0.08697182685136795,0.34140264987945557,0.8498975038528442,0.39186015725135803
134,upperarm_r,18.917322158813477,101.44979858398438,19.12216567993164,0.1217474415898323,0.19800834357738495,-0.9348191022872925,0.2684837281703949
135,calf_l,-1.8483871221542358,0.10916244983673096,0.13773280382156372,0.001992925303056836,0.1416512131690979,-0.04279313609004021,0.9889892339706421
135,calf_r,-2.2669763565063477,-0.09475375711917877,0.18128781020641327,-0.0008638918516226113,0.16208218038082123,0.04414328560233116,0.9857890605926514
135,clavicle_l,-27.339920043945312,11.253947257995605,1.4891847372055054,0.024786146357655525,0.12345341593027115,-0.14397232234477997,0.9815381169319153
135,clavicle_r,-28.558549880981445,7.082355976104736,1.4886035919189453,0.010890280827879906,0.12543709576129913,-0.13756266236305237,0.9824578762054443
135,foot_l,1.3925859928131104,-0.09602703899145126,-0.018154650926589966,-0.0006160343182273209,9.684875112725422e-05,-0.04558378458023071,0.9989604353904724
135,foot_r,1.3852214813232422,0.10080572962760925,-0.015282118692994118,0.0004877077299170196,3.6435132642509416e-05,0.045340992510318756,0.9989714622497559
135,hand_l,95.7287826538086,-110.6805419921875,98.15313720703125,-0.7067117691040039,0.0003937057626899332,0.6248781085014343,0.33179154992103577
135,hand_r,154.48951721191406,-42.44923400878906,89.4439697265625,-0.5584319829940796,0.44254356622695923,0.7015125751495361,0.01375186163932085
135,head,1.5717103481292725,-0.5134482979774475,-3.2509446144104004,0.002633618423715234,0.02522512525320053,-0.005756039638072252,0.9996618628501892
135,lowerarm_l,104.62519836425781,14.264840126037598,30.248605728149414,-0.3539893329143524,-0.4114277958869934,0.8170776963233948,0.1944294422864914
135,lowerarm_r,91.83876037597656,-39.6040153503418,14.461773872375488,0.24233590066432953,-0.3986324071884155,-0.8747234344482422,0.13124187290668488
135,neck,-17.786340713500977,0.31913119554519653,-1.0976314544677734,0.0047380817122757435,0.08513735979795456,-0.007283701095730066,0.9963313341140747
135,pelvis,8.519013404846191,-0.8452706933021545,-2.760094404220581,-0.0024799550883471966,-0.029233751818537712,-0.08389123529195786,0.9960429668426514
135,root,0.0,0.0,0.0,-2.1139658201718703e-07,-5.7790373375610216e-08,1.0658141036401503e-14,1.0
135,spine_01,-1.3697819709777832,1.0643410682678223,-2.849090099334717,0.002301943488419056,0.02046080306172371,-0.10997478663921356,0.9937211275100708
135,spine_02,-13.893040657043457,5.053585529327393,-1.5886187553405762,0.010656619444489479,0.074349544942379,-0.1414961963891983,0.9870853424072266
135,thigh_l,23.702939987182617,-1.7037547826766968,-0.2653782367706299,-0.007298185024410486,-0.12572138011455536,-0.027817120775580406,0.9916486740112305
135,thigh_r,22.20246124267578,1.7248613834381104,-1.4891788959503174,0.008085178211331367,-0.09423558413982391,0.0295428317040205,0.9950787425041199
135,upperarm_l,-35.85440444946289,-129.49478149414062,47.21260452270508,-0.08204638957977295,0.3541277348995209,0.8434876799583435,0.39546236395835876
135,upperarm_r,21.97764015197754,98.30701446533203,17.40465545654297,0.12040764093399048,0.18596874177455902,-0.9431152939796448,0.24789388477802277
136,calf_l,-1.828002691268921,0.10681217908859253,0.13233307003974915,0.0019362866878509521,0.1406444013118744,-0.04274452477693558,0.9891351461410522
136,calf_r,-2.254201650619507,-0.09201063215732574,0.17583952844142914,-0.0007823402411304414,0.16144178807735443,0.044118911027908325,0.9858952760696411
136,clavicle_l,-27.054231643676758,11.55693531036377,1.478279709815979,0.02538566291332245,0.12262634187936783,-0.14959383010864258,0.9807854294776917
136,clavicle_r,-28.31912612915039,7.403782844543457,1.4776126146316528,0.011511710472404957,0.12468763440847397,-0.14320063591003418,0.9817403554916382
136,foot_l,1.3925737142562866,-0.0959230363368988,-0.017923099920153618,-0.0006035466794855893,8.895781502360478e-05,-0.0455813892185688,0.998960554599762
136,foot_r,1.385016679763794,0.10083133727312088,-0.015076089650392532,0.00047571383765898645,2.9834580345777795e-05,0.04533349722623825,0.9989718198776245
136,hand_l,87.57078552246094,-116.35912322998047,97.75889587402344,-0.7023392915725708,0.03071223385632038,0.6195560693740845,0.3491798937320709
136,hand_r,150.57540893554688,-52.45508575439453,87.08550262451172,-0.5360186696052551,0.46609294414520264,0.7032753825187683,0.029070012271404266
136,head,1.5896193981170654,-0.5482504963874817,-3.213226795196533,0.0026381530333310366,0.024985577911138535,-0.0059842695482075214,0.9996664524078369
136,lowerarm_l,104.04707336425781,11.422050476074219,29.410612106323242,-0.35592079162597656,-0.4040781855583191,0.8190305829048157,0.19806595146656036
136,lowerarm_r,87.6318588256836,-40.62909698486328,12.181303977966309,0.22752635180950165,-0.39275869727134705,-0.8825072050094604,0.12309914082288742
136,neck,-17.766542434692383,0.29340124130249023,-1.069486141204834,0.004757366608828306,0.08489029109477997,-0.007511074189096689,0.9963506460189819
136,pelvis,8.528621673583984,-0.8629997968673706,-2.725452184677124,-0.002532662358134985,-0.029227890074253082,-0.0856558308005333,0.9958927631378174
136,root,0.0,0.0,0.0,-2.1139658201718703e-07,-5.7790373375610216e-08,1.0658141036401503e-14,1.0
136,spine_01,-1.288187861442566,1.0821826457977295,-2.8172194957733154,0.002340177306905389,0.020141690969467163,-0.11350103467702866,0.9933309555053711
136,spine_02,-13.67362117767334,5.203426837921143,-1.5792131423950195,0.010978730395436287,0.07359685748815536,-0.14714987576007843,0.9863112568855286
136,thigh_l,23.567989349365234,-1.694577693939209,-0.25908851623535156,-0.007297398056834936,-0.12507107853889465,-0.027853677049279213,0.9917299747467041
136,thigh_r,22.027738571166992,1.7149608135223389,-1.4989562034606934,0.008098505437374115,-0.092888243496418,0.02961963787674904,0.9952029585838318
136,upperarm_l,-39.143882751464844,-130.73025512695312,49.90121841430664,-0.07799394428730011,0.3657170236110687,0.8368575572967529,0.39979681372642517
136,upperarm_r,24.294246673583984,95.14884948730469,15.765693664550781,0.11818825453519821,0.1745147407054901,-0.950065553188324,0.2301122099161148
137,calf_l,-1.8087648153305054,0.1005183756351471,0.12458612024784088,0.0018571101827546954,0.13962800800800323,-0.04269762337207794,0.9892812967300415
137,calf_r,-2.2419636249542236,-0.08604350686073303,0.16871267557144165,-0.0006844217423349619,0.16077487170696259,0.04409407451748848,0.986005425453186
137,clavicle_l,-26.81831169128418,11.812933921813965,1.470261812210083,0.025878138840198517,0.12194006145000458,-0.1545490026473999,0.9800896048545837
137,clavicle_r,-28.117265701293945,7.696881294250488,1.4695184230804443,0.012095135636627674,0.12405823171138763,-0.1481805294752121,0.981073796749115
137,foot_l,1.3899186849594116,-0.09834063053131104,-0.018405959010124207,-0.00056713871890679,2.70866735263553e-07,-0.04547587409615517,0.998965322971344
137,foot_r,1.382542610168457,0.1029103547334671,-0.015117033384740353,0.0004422347992658615,-3.459697472862899e-05,0.045241184532642365,0.9989760518074036
137,hand_l,80.14678192138672,-120.85238647460938,97.58660888671875,-0.697628378868103,0.05748090147972107,0.6143958568572998,0.36404451727867126
137,hand_r,146.4761962890625,-61.08357238769531,84.92161560058594,-0.5145931839942932,0.4874635636806488,0.7042310237884521,0.04039495810866356
137,head,1.5926249027252197,-0.5790107846260071,-3.1807541847229004,0.0026417640037834644,0.02480161376297474,-0.006185989361256361,0.9996697902679443
137,lowerarm_l,103.58769989013672,8.986944198608398,28.757417678833008,-0.3577411472797394,-0.397622287273407,0.8206737041473389,0.20102877914905548
137,lowerarm_r,83.91040802001953,-41.36215591430664,10.295516014099121,0.21465849876403809,-0.3875786364078522,-0.8888641595840454,0.11672671884298325
137,neck,-17.756196975708008,0.27215611934661865,-1.0453581809997559,0.004778687842190266,0.08468235284090042,-0.0077122850343585014,0.9963667392730713
137,pelvis,8.52601432800293,-0.8801250457763672,-2.6933372020721436,-0.002588089555501938,-0.029203569516539574,-0.08723518252372742,0.9957562685012817
137,root,0.0,0.0,0.0,-2.1139658201718703e-07,-5.7790373375610216e-08,1.0658141036401503e-14,1.0
137,spine_01,-1.2283086776733398,1.0989106893539429,-2.788269519805908,0.002376995049417019,0.019886571913957596,-0.11662691831588745,0.9929738640785217
137,spine_02,-13.493521690368652,5.334509372711182,-1.5700459480285645,0.011261004954576492,0.07296840846538544,-0.15213841199874878,0.9855977296829224
137,thigh_l,23.43450927734375,-1.6893830299377441,-0.2540239691734314,-0.007319264579564333,-0.12445797026157379,-0.027884822338819504,0.9918060898780823
137,thigh_r,21.86334800720215,1.7087492942810059,-1.506809115409851,0.00813146773725748,-0.09168113768100739,0.029684744775295258,0.9953126907348633
137,upperarm_l,-41.72690963745117,-131.64236450195312,52.07474136352539,-0.07512220740318298,0.3748074769973755,0.83133465051651,0.4034336507320404
137,upperarm_r,25.86391258239746,92.22402954101562,14.30550765991211,0.11525952070951462,0.16436560451984406,-0.9556578397750854,0.2154468446969986
138,calf_l,-1.7901990413665771,0.10362325608730316,0.12332405894994736,0.0018473316449671984,0.13879618048667908,-0.04265282675623894,0.989400327205658
138,calf_r,-2.2300548553466797,-0.08800971508026123,0.1666780561208725,-0.0006502642063423991,0.1602482944726944,0.044070806354284286,0.986092209815979
138,clavicle_l,-26.60590362548828,12.070453643798828,1.4691696166992188,0.026411056518554688,0.12133350968360901,-0.15911239385604858,0.9794201850891113
138,clavicle_r,-27.95159912109375,7.942686080932617,1.4686708450317383,0.012550975196063519,0.12353202700614929,-0.1527433544397354,0.9804345369338989
138,foot_l,1.3929506540298462,-0.09579867869615555,-0.018331430852413177,-0.00061712262686342,9.07702196855098e-05,-0.045593149960041046,0.998960018157959
138,foot_r,1.3851178884506226,0.10087061673402786,-0.015266234055161476,0.0004828731471206993,2.967796172015369e-05,0.04533574730157852,0.998971700668335
138,hand_l,73.19158935546875,-124.51726531982422,97.5489501953125,-0.6925770044326782,0.08184235543012619,0.6093093752861023,0.37733423709869385
138,hand_r,142.15272521972656,-68.7768783569336,82.83938598632812,-0.4933340549468994,0.507505476474762,0.7047730684280396,0.04852569103240967
138,head,1.5990369319915771,-0.6072832345962524,-3.1485438346862793,0.002645286498591304,0.02461365796625614,-0.006370880641043186,0.9996732473373413
138,lowerarm_l,103.2232894897461,6.8784074783325195,28.265350341796875,-0.35952308773994446,-0.3919762670993805,0.8220187425613403,0.20342814922332764
138,lowerarm_r,80.45838165283203,-41.980987548828125,8.686882019042969,0.20288507640361786,-0.3831106722354889,-0.8942307829856873,0.11142339557409286
138,neck,-17.75798225402832,0.2493893802165985,-1.0192036628723145,0.004788295365869999,0.08451852202415466,-0.00789577979594469,0.9963791370391846
138,pelvis,8.525912284851074,-0.8934532999992371,-2.6663780212402344,-0.002622452797368169,-0.02922092378139496,-0.08871053904294968,0.9956253170967102
138,root,0.0,0.0,0.0,-2.1139658201718703e-07,-5.7790373375610216e-08,1.0658141036401503e-14,1.0
138,spine_01,-1.1795295476913452,1.1130170822143555,-2.761995792388916,0.0024059596471488476,0.019652726128697395,-0.1195092648267746,0.9926356673240662
138,spine_02,-13.344876289367676,5.45673942565918,-1.55714750289917,0.011525502428412437,0.07244128733873367,-0.1567213386297226,0.9849151372909546
138,thigh_l,23.34303092956543,-1.677778959274292,-0.2411908507347107,-0.007288595195859671,-0.12411632388830185,-0.02790847420692444,0.991848349571228
138,thigh_r,21.737531661987305,1.6972812414169312,-1.5089936256408691,0.008115237578749657,-0.09074733406305313,0.02974318526685238,0.995396614074707
138,upperarm_l,-43.836669921875,-132.35433959960938,53.89487838745117,-0.07305772602558136,0.38224026560783386,0.8265842795372009,0.40658748149871826
138,upperarm_r,26.895118713378906,89.48135375976562,12.97606372833252,0.11170394718647003,0.15517862141132355,-0.9603870511054993,0.20272797346115112
139,calf_l,-1.7714693546295166,0.10304178297519684,0.11955604702234268,0.001812987495213747,0.13788993656635284,-0.04260656237602234,0.9895290732383728
139,calf_r,-2.2178404331207275,-0.08704883605241776,0.162655770778656,-0.0005962702562101185,0.15965327620506287,0.04404566064476967,0.9861899018287659
139,clavicle_l,-26.403825759887695,12.31135082244873,1.4677315950393677,0.02689981833100319,0.1207471638917923,-0.1635572910308838,0.9787470102310181
139,clavicle_r,-27.789127349853516,8.188674926757812,1.4671729803085327,0.013021226041018963,0.123012475669384,-0.15719790756702423,0.9797893762588501
139,foot_l,1.393725872039795,-0.09526947885751724,-0.01860252022743225,-0.0006346753216348588,0.00010412820847705007,-0.04562145471572876,0.9989585876464844
139,foot_r,1.385750651359558,0.10045100748538971,-0.015521193854510784,0.0004957968485541642,3.789696347666904e-05,0.045357540249824524,0.9989706873893738
139,hand_l,66.2823486328125,-127.67842864990234,97.5528564453125,-0.6868800520896912,0.10522415488958359,0.6040729284286499,0.3901534080505371
139,hand_r,137.36959838867188,-76.0553970336914,80.66182708740234,-0.4708443582057953,0.5272535085678101,0.7052487134933472,0.05416320636868477
139,head,1.598853588104248,-0.634344756603241,-3.117227554321289,0.0026486068964004517,0.02443830855190754,-0.006551967468112707,0.9996763467788696
139,lowerarm_l,102.90142059326172,4.896430492401123,27.87544059753418,-0.36137911677360535,-0.38670268654823303,0.8231736421585083,0.20555131137371063
139,lowerarm_r,76.96578979492188,-42.56336212158203,7.195599555969238,0.19113041460514069,-0.37892118096351624,-0.8991996049880981,0.10643341392278671
139,neck,-17.763587951660156,0.228785440325737,-0.9940028190612793,0.0048008575104177,0.08435880392789841,-0.008075790479779243,0.9963911771774292
139,pelvis,8.518301010131836,-0.9076063632965088,-2.6386380195617676,-0.00266362470574677,-0.029221298173069954,-0.09014340490102768,0.9954964518547058
139,root,0.0,0.0,0.0,-2.1139658201718703e-07,-5.7790373375610216e-08,1.0658141036401503e-14,1.0
139,spine_01,-1.1375356912612915,1.1269614696502686,-2.735626697540283,0.002435336820781231,0.01943303644657135,-0.12231766432523727,0.9922977685928345
139,spine_02,-13.202743530273438,5.573422431945801,-1.544785499572754,0.011778390035033226,0.07192602753639221,-0.1611899584531784,0.9842284917831421
139,thigh_l,23.240236282348633,-1.6689488887786865,-0.23009483516216278,-0.00727749103680253,-0.12372642755508423,-0.027931958436965942,0.9918965101242065
139,thigh_r,21.60483741760254,1.6881319284439087,-1.5111026763916016,0.008116439916193485,-0.08980501443147659,0.029798749834299088,0.9954804182052612
139,upperarm_l,-45.800201416015625,-132.9855194091797,55.622684478759766,-0.07128060609102249,0.38916581869125366,0.8220052719116211,0.40960511565208435
139,upperarm_r,27.587696075439453,86.7225341796875,11.676587104797363,0.10746777057647705,0.14617101848125458,-0.964767575263977,0.19054774940013885
140,calf_l,-1.7521053552627563,0.0999658852815628,0.11423979699611664,0.0017619837308302522,0.13692273199558258,-0.0425586923956871,0.9896655082702637
140,calf_r,-2.2049129009246826,-0.08377894759178162,0.15736603736877441,-0.0005268117529340088,0.15899784862995148,0.04401792958378792,0.9862971305847168
140,clavicle_l,-26.213043212890625,12.534624099731445,1.465742588043213,0.027340373024344444,0.1201832965016365,-0.16787688434123993,0.9780725240707397
140,clavicle_r,-27.630922317504883,8.4346284866333,1.4651325941085815,0.013505338691174984,0.1225036233663559,-0.1615326851606369,0.9791412949562073
140,foot_l,1.3929612636566162,-0.09594368934631348,-0.018644161522388458,-0.0006209131679497659,7.917994662420824e-05,-0.045590415596961975,0.9989601373672485
140,foot_r,1.3849294185638428,0.10112360864877701,-0.015450553968548775,0.00048204802442342043,2.0146309907431714e-05,0.04532730579376221,0.9989720582962036
140,hand_l,59.45124053955078,-130.36801147460938,97.59872436523438,-0.6806240081787109,0.1276460438966751,0.5987142324447632,0.40249067544937134
140,hand_r,132.14088439941406,-82.91622161865234,78.39362335205078,-0.4470174312591553,0.5466543436050415,0.7057434916496277,0.05718984454870224
140,head,1.5875890254974365,-0.659921407699585,-3.087794780731201,0.002652170602232218,0.024288911372423172,-0.006727857980877161,0.9996788501739502
140,lowerarm_l,102.62020874023438,3.0368387699127197,27.57856559753418,-0.3632972240447998,-0.38179028034210205,0.8241569399833679,0.2074047029018402
140,lowerarm_r,73.4222640991211,-43.11912155151367,5.815745830535889,0.17934636771678925,-0.37502020597457886,-0.9037961363792419,0.10172142088413239
140,neck,-17.769912719726562,0.21065771579742432,-0.9710311889648438,0.004817235749214888,0.08419322967529297,-0.008251124992966652,0.9964037537574768
140,pelvis,8.505090713500977,-0.921698272228241,-2.6102066040039062,-0.002706401515752077,-0.029211631044745445,-0.09152785688638687,0.9953702688217163
140,root,0.0,0.0,0.0,-2.1139658201718703e-07,-5.7790373375610216e-08,1.0658141036401503e-14,1.0
140,spine_01,-1.101487159729004,1.1405253410339355,-2.7092456817626953,0.002464532619342208,0.01922525465488434,-0.12504616379737854,0.9919615983963013
140,spine_02,-13.066490173339844,5.684223175048828,-1.5332818031311035,0.012018971145153046,0.07142062485218048,-0.1655348837375641,0.9835410118103027
140,thigh_l,23.129220962524414,-1.661980152130127,-0.21982818841934204,-0.007280133198946714,-0.12330339848995209,-0.02795499563217163,0.9919484853744507
140,thigh_r,21.467485427856445,1.6807396411895752,-1.5124077796936035,0.008130460977554321,-0.08886473625898361,0.029851701110601425,0.9955630898475647
140,upperarm_l,-47.630615234375,-133.5492401123047,57.26667785644531,-0.06976304948329926,0.39564383029937744,0.8175898790359497,0.4124873876571655
140,upperarm_r,27.95182991027832,83.97210693359375,10.415545463562012,0.10256931930780411,0.13738645613193512,-0.9688208103179932,0.1788596212863922
141,calf_l,-1.7328367233276367,0.09894835203886032,0.11027157306671143,0.0017267725197598338,0.13598600029945374,-0.04251086339354515,0.9897968173027039
141,calf_r,-2.1919362545013428,-0.08244244754314423,0.15316233038902283,-0.00047371661639772356,0.15835970640182495,0.04398934915661812,0.9864010214805603
141,clavicle_l,-26.027673721313477,12.755435943603516,1.4654322862625122,0.027787350118160248,0.11963203549385071,-0.17206867039203644,0.9773989319801331
141,clavicle_r,-27.48176383972168,8.664515495300293,1.4648165702819824,0.013948187232017517,0.12201401591300964,-0.16573409736156464,0.978493869304657
141,foot_l,1.393490195274353,-0.09551206231117249,-0.018684078007936478,-0.0006272420287132263,8.659358718432486e-05,-0.04560919106006622,0.9989591836929321
141,foot_r,1.385257601737976,0.10079571604728699,-0.015453440137207508,0.00048574572429060936,2.4718221538932994e-05,0.04533960297703743,0.9989715218544006
141,hand_l,52.7231330871582,-132.61915588378906,97.68721771240234,-0.673884391784668,0.14914417266845703,0.5932617783546448,0.41433843970298767
141,hand_r,127.80636596679688,-88.72960662841797,77.66645812988281,-0.43134039640426636,0.5571176409721375,0.7056369781494141,0.07511250674724579
141,head,1.5776209831237793,-0.6843517422676086,-3.0578255653381348,0.0026551818009465933,0.024131009355187416,-0.006899168714880943,0.9996814727783203
141,lowerarm_l,102.37763977050781,1.2950971126556396,27.36615562438965,-0.3652666509151459,-0.3772270083427429,0.8249850273132324,0.20899710059165955
141,lowerarm_r,70.31793212890625,-43.620567321777344,4.722682952880859,0.16902777552604675,-0.3719257116317749,-0.9074337482452393,0.09831047803163528
141,neck,-17.781742095947266,0.1926383078098297,-0.9469509124755859,0.004829986020922661,0.0840400978922844,-0.008421672508120537,0.9964150786399841
141,pelvis,8.49030590057373,-0.9349597692489624,-2.5828778743743896,-0.0027452968060970306,-0.029210055246949196,-0.09286639839410782,0.9952462315559387
141,root,0.0,0.0,0.0,-2.1139658201718703e-07,-5.7790373375610216e-08,1.0658141036401503e-14,1.0
141,spine_01,-1.0695888996124268,1.1529302597045898,-2.6833415031433105,0.0024906997568905354,0.019020898267626762,-0.12768909335136414,0.9916287064552307
141,spine_02,-12.938693046569824,5.790212631225586,-1.5207171440124512,0.012249539606273174,0.07093554735183716,-0.16974852979183197,0.9828548431396484
141,thigh_l,23.027099609375,-1.653543472290039,-0.20760837197303772,-0.007270001340657473,-0.12294618785381317,-0.02797669731080532,0.9919922947883606
141,thigh_r,21.339004516601562,1.6720004081726074,-1.5118300914764404,0.008131911046802998,-0.08800141513347626,0.029901904985308647,0.9956382513046265
141,upperarm_l,-49.33950424194336,-134.0561065673828,58.833641052246094,-0.0684795156121254,0.40172380208969116,0.8133309483528137,0.4152365028858185
141,upperarm_r,27.979045867919922,81.43545532226562,9.282734870910645,0.09761524200439453,0.12939360737800598,-0.9721229076385498,0.16942764818668365
142,calf_l,-1.7133477926254272,0.09737315028905869,0.10598299652338028,0.0016888530226424336,0.1350318342447281,-0.04246187582612038,0.9899295568466187
142,calf_r,-2.178568124771118,-0.08053898066282272,0.148667111992836,-0.00041839017649181187,0.15769824385643005,0.04395927116274834,0.9865083694458008
142,clavicle_l,-25.851198196411133,12.964381217956543,1.4654349088668823,0.028207750990986824,0.11909853667020798,-0.1761188507080078,0.9767302870750427
142,clavicle_r,-27.339290618896484,8.886789321899414,1.464955449104309,0.014379646629095078,0.1215396374464035,-0.16979457437992096,0.9778503775596619
142,foot_l,1.3936920166015625,-0.0952511802315712,-0.018504170700907707,-0.0006199723575264215,8.607899508206174e-05,-0.04561527445912361,0.9989590048789978
142,foot_r,1.3853118419647217,0.10069040954113007,-0.015320912934839725,0.0004795576387550682,2.3495074856327847e-05,0.04534091427922249,0.9989714622497559
142,hand_l,46.46082305908203,-133.8408660888672,95.74459075927734,-0.6716872453689575,0.1575307697057724,0.5759716033935547,0.4384940266609192
142,hand_r,121.80059814453125,-94.77643585205078,75.17771911621094,-0.4048869013786316,0.5761638879776001,0.706279993057251,0.07259748876094818
142,head,1.5623592138290405,-0.7073556184768677,-3.028690814971924,0.0026582127902656794,0.023983845487236977,-0.00706412922590971,0.9996838569641113
142,lowerarm_l,101.87684631347656,-0.6378263235092163,26.755460739135742,-0.36613431572914124,-0.37114226818084717,0.8268338441848755,0.21105694770812988
142,lowerarm_r,66.65047454833984,-44.13201141357422,3.533174753189087,0.1570725440979004,-0.36853063106536865,-0.9114074110984802,0.09407465159893036
142,neck,-17.79583740234375,0.17624107003211975,-0.9237051010131836,0.004843821283429861,0.08388841897249222,-0.008585648611187935,0.9964264035224915
142,pelvis,8.472126960754395,-0.9476297497749329,-2.5556981563568115,-0.002782421186566353,-0.029206255450844765,-0.09415192902088165,0.9951254725456238
142,root,0.0,0.0,0.0,-2.1139658201718703e-07,-5.7790373375610216e-08,1.0658141036401503e-14,1.0
142,spine_01,-1.0422465801239014,1.1644766330718994,-2.657681703567505,0.0025150098372250795,0.018823759630322456,-0.1302400529384613,0.9913005828857422
142,spine_02,-12.817229270935059,5.890556335449219,-1.508188247680664,0.012468516826629639,0.07046283781528473,-0.17382074892520905,0.9821741580963135
142,thigh_l,22.92408561706543,-1.6454938650131226,-0.19526037573814392,-0.007262076251208782,-0.12259478867053986,-0.027997033670544624,0.9920352697372437
142,thigh_r,21.212020874023438,1.6637911796569824,-1.5101584196090698,0.008135536685585976,-0.0871722400188446,0.02995028719305992,0.9957097172737122
142,upperarm_l,-50.656150817871094,-134.46836853027344,60.10054397583008,-0.06766844540834427,0.40653538703918457,0.8100114464759827,0.41717076301574707
142,upperarm_r,27.744644165039062,78.76512908935547,8.119312286376953,0.09150661528110504,0.12115690857172012,-0.975602388381958,0.15857979655265808
143,calf_l,-1.693891167640686,0.09580334275960922,0.10176671296358109,0.0016525362152606249,0.13407811522483826,-0.042413242161273956,0.990061342716217
143,calf_r,-2.1650307178497314,-0.07873467355966568,0.14422908425331116,-0.00036589649971574545,0.15702873468399048,0.043928660452365875,0.9866166114807129
143,clavicle_l,-25.681867599487305,13.163532257080078,1.4658178091049194,0.02860969305038452,0.11857842653989792,-0.18002153933048248,0.9760702252388
143,clavicle_r,-27.201704025268555,9.098299980163574,1.4652068614959717,0.014790292829275131,0.12107282876968384,-0.17370885610580444,0.9772143363952637
143,foot_l,1.39371657371521,-0.09544330835342407,-0.018971357494592667,-0.0006330644828267395,8.114156662486494e-05,-0.045614778995513916,0.9989590048789978
143,foot_r,1.3853009939193726,0.10086142271757126,-0.015580535866320133,0.00048796230112202466,1.958694883796852e-05,0.045338865369558334,0.9989715814590454
143,hand_l,40.002601623535156,-135.336181640625,95.91144561767578,-0.664584219455719,0.1774568110704422,0.5701782703399658,0.4491477906703949
143,hand_r,115.3621826171875,-100.40900421142578,72.63534545898438,-0.3767285943031311,0.5946007966995239,0.7071216106414795,0.06711515784263611
143,head,1.5460848808288574,-0.7289085388183594,-2.9998302459716797,0.002661198377609253,0.0238359272480011,-0.0072234999388456345,0.9996863007545471
143,lowerarm_l,101.69828796386719,-2.181406259536743,26.68094253540039,-0.3681696951389313,-0.36716794967651367,0.8274099826812744,0.21220646798610687
143,lowerarm_r,62.910823822021484,-44.64147186279297,2.449709892272949,0.14498770236968994,-0.3654603660106659,-0.9150475859642029,0.09002906084060669
143,neck,-17.813566207885742,0.1606793999671936,-0.900423526763916,0.004855928011238575,0.08374407887458801,-0.008744537830352783,0.996437132358551
143,pelvis,8.451180458068848,-0.9599891304969788,-2.529025077819824,-0.0028192910831421614,-0.029202258214354515,-0.0953831896185875,0.9950082302093506
143,root,0.0,0.0,0.0,-2.1139658201718703e-07,-5.7790373375610216e-08,1.0658141036401503e-14,1.0
143,spine_01,-1.0189403295516968,1.175101637840271,-2.6324689388275146,0.0025371776428073645,0.018632354214787483,-0.1326935738325119,0.9909788370132446
143,spine_02,-12.70250415802002,5.985331058502197,-1.4955639839172363,0.012675775215029716,0.07000445574522018,-0.17774437367916107,0.9815017580986023
143,thigh_l,22.82290267944336,-1.6376335620880127,-0.1825433224439621,-0.007253581192344427,-0.12226344645023346,-0.02801675535738468,0.9920756816864014
143,thigh_r,21.088743209838867,1.655630350112915,-1.5073957443237305,0.008137395605444908,-0.08638880401849747,0.029996123164892197,0.9957765936851501
143,upperarm_l,-52.166290283203125,-134.8950958251953,61.54487228393555,-0.06676045060157776,0.4119979739189148,0.8060184717178345,0.4196843206882477
143,upperarm_r,27.215778350830078,76.1592788696289,7.014364242553711,0.08479497581720352,0.11323433369398117,-0.9788013696670532,0.14810721576213837
144,calf_l,-1.6744133234024048,0.09403291344642639,0.09747331589460373,0.0016161316307261586,0.13312041759490967,-0.042364079505205154,0.9901927709579468
144,calf_r,-2.1512668132781982,-0.0767366886138916,0.13971155881881714,-0.0003142091154586524,0.15634533762931824,0.04389640688896179,0.9867265224456787
144,clavicle_l,-25.520387649536133,13.35152816772461,1.4663740396499634,0.028988482430577278,0.11807284504175186,-0.1837681233882904,0.9754218459129333
144,clavicle_r,-27.070539474487305,9.300132751464844,1.46575129032135,0.015183535404503345,0.12061922997236252,-0.17746609449386597,0.9765890836715698
144,foot_l,1.3936939239501953,-0.09552743285894394,-0.01907706819474697,-0.000632679439149797,7.423514034599066e-05,-0.045612040907144547,0.9989591240882874
144,foot_r,1.3851927518844604,0.10098233073949814,-0.01564747840166092,0.0004860360932070762,1.4008178368385416e-05,0.04533349350094795,0.9989718794822693
144,hand_l,33.7049446105957,-136.486572265625,96.12166595458984,-0.6571820974349976,0.19655205309391022,0.5643746256828308,0.45930424332618713
144,hand_r,108.48570251464844,-105.62969207763672,70.07107543945312,-0.3467487394809723,0.6122579574584961,0.7081495523452759,0.05856442078948021
144,head,1.5258527994155884,-0.7491154670715332,-2.9717326164245605,0.0026636291295289993,0.023696208372712135,-0.007376983296126127,0.999688446521759
144,lowerarm_l,101.54361724853516,-3.623941421508789,26.660400390625,-0.3701958656311035,-0.3634805977344513,0.8278953433036804,0.21313446760177612
144,lowerarm_r,59.096527099609375,-45.158164978027344,1.4748022556304932,0.13275602459907532,-0.3627378046512604,-0.9183545708656311,0.0861516073346138
144,neck,-17.833019256591797,0.14660106599330902,-0.877845287322998,0.004868353717029095,0.08360113948583603,-0.008897107094526291,0.9964476823806763
144,pelvis,8.427703857421875,-0.9717734456062317,-2.5027036666870117,-0.0028546282555907965,-0.029197456315159798,-0.09655430167913437,0.9948952794075012
144,root,0.0,0.0,0.0,-2.1139658201718703e-07,-5.7790373375610216e-08,1.0658141036401503e-14,1.0
144,spine_01,-0.999295711517334,1.1848399639129639,-2.6076197624206543,0.002557542873546481,0.018446367233991623,-0.13504432141780853,0.990664541721344
144,spine_02,-12.593719482421875,6.074081897735596,-1.4831066131591797,0.012870153412222862,0.06955761462450027,-0.1815115362405777,0.980841338634491
144,thigh_l,22.722305297851562,-1.6299599409103394,-0.16969074308872223,-0.007245216518640518,-0.12194226682186127,-0.02803577296435833,0.9921147227287292
144,thigh_r,20.968027114868164,1.6477752923965454,-1.5036181211471558,0.008139523677527905,-0.08564324676990509,0.030039187520742416,0.9958396553993225
144,upperarm_l,-53.586334228515625,-135.2892303466797,62.93668746948242,-0.06599941104650497,0.4171968400478363,0.802162230014801,0.4220505952835083
144,upperarm_r,26.405805587768555,73.63174438476562,5.973440170288086,0.0775054544210434,0.10564231872558594,-0.9817302227020264,0.13797956705093384
145,calf_l,-1.6551015377044678,0.09323260188102722,0.09388702362775803,0.0015881778672337532,0.13218382000923157,-0.042315058410167694,0.9903203845024109
145,calf_r,-2.1374847888946533,-0.07560236006975174,0.13572731614112854,-0.0002713209541980177,0.1556699424982071,0.04386376962065697,0.9868347644805908
145,clavicle_l,-25.36553382873535,13.530860900878906,1.467445731163025,0.02935365028679371,0.11757943779230118,-0.18735052645206451,0.9747888445854187
145,clavicle_r,-26.946500778198242,9.488844871520996,1.4668951034545898,0.015547992661595345,0.12017934024333954,-0.18105736374855042,0.9759781956672668
145,foot_l,1.39423668384552,-0.09513236582279205,-0.019185036420822144,-0.0006411873619072139,8.253633131971583e-05,-0.04563133418560028,0.998958170413971
145,foot_r,1.3855454921722412,0.10070519149303436,-0.015738477930426598,0.0004918274353258312,1.9482527932268567e-05,0.04534677788615227,0.9989712238311768
145,hand_l,27.58026123046875,-137.3224639892578,96.37506103515625,-0.6495352983474731,0.21485289931297302,0.5585834980010986,0.46896347403526306
145,hand_r,101.16729736328125,-110.43930053710938,67.52971649169922,-0.3148640990257263,0.628913164138794,0.7093167304992676,0.0468904934823513
145,head,1.5050179958343506,-0.7676500082015991,-2.943885326385498,0.0026664778124541044,0.023555831983685493,-0.0075232358649373055,0.9996906518936157
145,lowerarm_l,101.40725708007812,-4.971962928771973,26.683595657348633,-0.3721922039985657,-0.360055536031723,0.8283098936080933,0.21385911107063293
145,lowerarm_r,55.208824157714844,-45.69283676147461,0.6132040023803711,0.12037206441164017,-0.3603946268558502,-0.9213208556175232,0.08242709934711456
145,neck,-17.85503387451172,0.13331305980682373,-0.8553147315979004,0.004878803621977568,0.08346351981163025,-0.009042833000421524,0.9964578747749329
145,pelvis,8.40289306640625,-0.9826571941375732,-2.477174997329712,-0.0028862934559583664,-0.02919621393084526,-0.09766406565904617,0.9947869181632996
145,root,0.0,0.0,0.0,-2.1139658201718703e-07,-5.7790373375610216e-08,1.0658141036401503e-14,1.0
145,spine_01,-0.9826833605766296,1.1933860778808594,-2.5832951068878174,0.002574979094788432,0.018263762816786766,-0.1372857391834259,0.9903598427772522
145,spine_02,-12.491029739379883,6.1569695472717285,-1.4704465866088867,0.01305230800062418,0.0691232830286026,-0.1851118505001068,0.9801965355873108
145,thigh_l,22.626651763916016,-1.621680736541748,-0.1560717076063156,-0.007230376824736595,-0.12165489047765732,-0.02805393375456333,0.9921496510505676
145,thigh_r,20.85329818725586,1.6393885612487793,-1.4986343383789062,0.008134865202009678,-0.0849534124135971,0.030079947784543037,0.9958975911140442
145,upperarm_l,-54.92494201660156,-135.65643310546875,64.28258514404297,-0.06535957753658295,0.42216628789901733,0.7984368801116943,0.42426684498786926
145,upperarm_r,25.329784393310547,71.19432830810547,5.001678943634033,0.06967023760080338,0.09839142113924026,-0.9843963384628296,0.12817592918872833
146,calf_l,-1.6358593702316284,0.09097424149513245,0.08946429193019867,0.0015510132070630789,0.13122960925102234,-0.04226559400558472,0.9904494881629944
146,calf_r,-2.123512029647827,-0.0732925683259964,0.13114945590496063,-0.00022193552285898477,0.15497013926506042,0.04383012652397156,0.9869464039802551
146,clavicle_l,-25.21929359436035,13.6958646774292,1.4680379629135132,0.029685402289032936,0.11710039526224136,-0.19075703620910645,0.9741755723953247
146,clavicle_r,-26.82617950439453,9.669133186340332,1.4673457145690918,0.01590151898562908,0.11974412947893143,-0.18447621166706085,0.9753856062889099
146,foot_l,1.3938301801681519,-0.09547252953052521,-0.019266143441200256,-0.000633831019513309,6.59638099023141e-05,-0.045614514499902725,0.998958945274353
146,foot_r,1.3851463794708252,0.10102884471416473,-0.015734007582068443,0.00048482685815542936,7.609007298015058e-06,0.04533125460147858,0.9989718794822693
146,hand_l,22.04765510559082,-137.30718994140625,94.59500885009766,-0.6478176116943359,0.2208438515663147,0.5399411916732788,0.4899224042892456
146,hand_r,93.40992736816406,-114.83665466308594,65.07068634033203,-0.28104665875434875,0.6442963480949402,0.7105379104614258,0.032107699662446976
146,head,1.4808521270751953,-0.7848690152168274,-2.9171228408813477,0.002668345347046852,0.023423021659255028,-0.007661713287234306,0.9996927380561829
146,lowerarm_l,101.01472473144531,-6.61750602722168,26.29123878479004,-0.3731764256954193,-0.3548450171947479,0.8297511339187622,0.21526136994361877
146,lowerarm_r,51.25308609008789,-46.25529861450195,-0.12914016842842102,0.10784351825714111,-0.35846221446990967,-0.9239359498023987,0.07884818315505981
146,neck,-17.878263473510742,0.12200605124235153,-0.8338332176208496,0.004890838637948036,0.0833270251750946,-0.00918090995401144,0.9964680671691895
146,pelvis,8.375151634216309,-0.9932147264480591,-2.451813220977783,-0.002918308600783348,-0.029189685359597206,-0.09870591014623642,0.9946841597557068
146,root,0.0,0.0,0.0,-2.1139658201718703e-07,-5.7790373375610216e-08,1.0658141036401503e-14,1.0
146,spine_01,-0.9693130850791931,1.2009705305099487,-2.559441328048706,0.0025902632623910904,0.018087051808834076,-0.1394115835428238,0.9900659322738647
146,spine_02,-12.393224716186523,6.233214378356934,-1.4584660530090332,0.01322006806731224,0.06869692355394363,-0.18853770196437836,0.9795711040496826
146,thigh_l,22.527677536010742,-1.6146339178085327,-0.14338067173957825,-0.007223472930490971,-0.12135069817304611,-0.028071129694581032,0.992186427116394
146,thigh_r,20.73853874206543,1.6321135759353638,-1.493166446685791,0.008136607706546783,-0.08428473770618439,0.03011912666261196,0.9959532022476196
146,upperarm_l,-55.93699264526367,-135.96505737304688,65.36174774169922,-0.06513143330812454,0.4260734021663666,0.795520007610321,0.42587247490882874
146,upperarm_r,24.00423240661621,68.857177734375,4.104351997375488,0.06132713332772255,0.09148874878883362,-0.9868044853210449,0.11868330836296082
147,calf_l,-1.616997241973877,0.0910714641213417,0.08661355823278427,0.001532631111331284,0.13032780587673187,-0.04221738502383232,0.9905705451965332
147,calf_r,-2.1096231937408447,-0.07295618206262589,0.1277594417333603,-0.00018989760428667068,0.15430200099945068,0.04379641264677048,0.9870525598526001
147,clavicle_l,-25.077930450439453,13.854474067687988,1.4693260192871094,0.03001263551414013,0.11662916094064713,-0.1939854621887207,0.9735844135284424
147,clavicle_r,-26.71428871154785,9.832298278808594,1.4687262773513794,0.016212953254580498,0.11932449042797089,-0.1877114474773407,0.9748144745826721
147,foot_l,1.3948626518249512,-0.09470319002866745,-0.01943599432706833,-0.0006521700997836888,8.707852975931019e-05,-0.04565227031707764,0.9989572763442993
147,foot_r,1.3860092163085938,0.10042677074670792,-0.015928734093904495,0.0004992055473849177,2.1481337171280757e-05,0.04536033421754837,0.9989705681800842
147,hand_l,16.291635513305664,-137.62220764160156,94.92688751220703,-0.6401684880256653,0.23784571886062622,0.5340468883514404,0.4984051585197449
147,hand_r,85.22695922851562,-118.8202133178711,62.76693344116211,-0.2453370988368988,0.6581040024757385,0.7116908431053162,0.014317819848656654
147,head,1.4585270881652832,-0.8002781271934509,-2.8902649879455566,0.002670709742233157,0.023283813148736954,-0.007793969940394163,0.9996948838233948
147,lowerarm_l,100.89382934570312,-7.819235324859619,26.36915397644043,-0.37506115436553955,-0.35180601477622986,0.8300875425338745,0.2156769335269928
147,lowerarm_r,47.24072265625,-46.85614013671875,-0.7449820637702942,0.09519752115011215,-0.35697656869888306,-0.9261844158172607,0.07541670650243759
147,neck,-17.903894424438477,0.11123828589916229,-0.8119583129882812,0.004899769090116024,0.08319711685180664,-0.009312198497354984,0.9964775443077087
147,pelvis,8.34778881072998,-1.002633810043335,-2.4276912212371826,-0.0029451134614646435,-0.029192162677645683,-0.09968121349811554,0.9945867657661438
147,root,0.0,0.0,0.0,-2.1139658201718703e-07,-5.7790373375610216e-08,1.0658141036401503e-14,1.0
147,spine_01,-0.9578790664672852,1.207357406616211,-2.5362789630889893,0.002602931344881654,0.01791093684732914,-0.14141778647899628,0.9897845387458801
147,spine_02,-12.301347732543945,6.303527355194092,-1.446080207824707,0.013375351205468178,0.06828325986862183,-0.19178201258182526,0.9789679050445557
147,thigh_l,22.438814163208008,-1.6059550046920776,-0.12920048832893372,-0.007201623171567917,-0.12110621482133865,-0.02808801643550396,0.9922159910202026
147,thigh_r,20.633787155151367,1.6235560178756714,-1.4862589836120605,0.008124894462525845,-0.08369196951389313,0.03015502542257309,0.996002197265625
147,upperarm_l,-57.149696350097656,-136.29666137695312,66.6448974609375,-0.0646435022354126,0.430721640586853,0.7920101881027222,0.4278084337711334
147,upperarm_r,22.449209213256836,66.62712860107422,3.2855300903320312,0.05252807214856148,0.08493080735206604,-0.9889575839042664,0.10950125008821487
148,calf_l,-1.598389983177185,0.09052082896232605,0.08347514271736145,0.0015111988177523017,0.12942761182785034,-0.04216926172375679,0.9906906485557556
148,calf_r,-2.0957090854644775,-0.0720907524228096,0.1241530328989029,-0.00015646236715838313,0.153624027967453,0.04376266524195671,0.9871599078178406
148,clavicle_l,-24.944616317749023,13.999213218688965,1.4701746702194214,0.030308878049254417,0.11617067456245422,-0.19702276587486267,0.9730199575424194
148,clavicle_r,-26.607025146484375,9.984991073608398,1.4695723056793213,0.01650688797235489,0.11891130357980728,-0.1907576322555542,0.9742685556411743
148,foot_l,1.395435094833374,-0.09425473213195801,-0.01951008103787899,-0.0006611409480683506,9.706534183351323e-05,-0.04567328840494156,0.9989563226699829
148,foot_r,1.3864496946334839,0.10011428594589233,-0.0160087738186121,0.0005059367977082729,2.8432436010916717e-05,0.04537626728415489,0.9989698529243469
148,hand_l,10.731422424316406,-137.7054901123047,95.3017349243164,-0.6324055194854736,0.25415709614753723,0.5282264947891235,0.5064032673835754
148,hand_r,76.6532974243164,-122.38398742675781,60.70079803466797,0.20788711309432983,-0.6699986457824707,-0.712632954120636,0.006251433864235878
148,head,1.433838129043579,-0.8141798973083496,-2.864348888397217,0.0026723744813352823,0.023150760680437088,-0.007918398827314377,0.9996970295906067
148,lowerarm_l,100.77107238769531,-8.94905948638916,26.459375381469727,-0.376846045255661,-0.348939448595047,0.8304174542427063,0.21595190465450287
148,lowerarm_r,43.18807601928711,-47.50205993652344,-1.2278069257736206,0.08247556537389755,-0.3559609353542328,-0.9280542731285095,0.07214516401290894
148,neck,-17.9300537109375,0.10208450257778168,-0.7910609245300293,0.004908793140202761,0.08306777477264404,-0.009436058811843395,0.9964871406555176
148,pelvis,8.318612098693848,-1.0114539861679077,-2.4039626121520996,-0.0029707439243793488,-0.02919175662100315,-0.10058161616325378,0.9944960474967957
148,root,0.0,0.0,0.0,-2.1139658201718703e-07,-5.7790373375610216e-08,1.0658141036401503e-14,1.0
148,spine_01,-0.9487884044647217,1.2125226259231567,-2.513653039932251,0.0026125721633434296,0.0177388284355402,-0.14329645037651062,0.9895173907279968
148,spine_02,-12.21382999420166,6.366763114929199,-1.434338092803955,0.013515066355466843,0.06787612289190292,-0.19483442604541779,0.9783914089202881
148,thigh_l,22.34932518005371,-1.5979435443878174,-0.11563149839639664,-0.007182980887591839,-0.12085641175508499,-0.028104253113269806,0.9922460913658142
148,thigh_r,20.530925750732422,1.6155619621276855,-1.47878897190094,0.008114835247397423,-0.0831284299492836,0.030189553275704384,0.9960484504699707
148,upperarm_l,-58.30386734008789,-136.61277770996094,67.90139770507812,-0.0641978532075882,0.4352290630340576,0.7886165976524353,0.42957910895347595
148,upperarm_r,20.687244415283203,64.5105209350586,2.549609661102295,0.04333493113517761,0.07871527224779129,-0.9908568263053894,0.10064171999692917
149,calf_l,-1.580094337463379,0.08889620751142502,0.07976426184177399,0.0014837498310953379,0.1285272240638733,-0.04212174564599991,0.990809977054596
149,calf_r,-2.0818140506744385,-0.07038813084363937,0.12011677026748657,-0.0001194306169054471,0.15293361246585846,0.043727997690439224,0.9872685670852661
149,clavicle_l,-24.819124221801758,14.12933349609375,1.4703224897384644,0.030571958050131798,0.11572340130805969,-0.19986146688461304,0.9724859595298767
149,clavicle_r,-26.503816604614258,10.126752853393555,1.4696749448776245,0.016782646998763084,0.11850243806838989,-0.19360576570034027,0.9737517833709717
149,foot_l,1.395334243774414,-0.09431403875350952,-0.019523682072758675,-0.0006554233841598034,8.78169375937432e-05,-0.04566777125000954,0.9989565014839172
149,foot_r,1.3863221406936646,0.10020842403173447,-0.016006315127015114,0.0005006641149520874,2.090705129376147e-05,0.04537063464522362,0.998970091342926
149,hand_l,5.849507808685303,-137.0574951171875,93.64622497558594,-0.6313507556915283,0.2587057054042816,0.508860170841217,0.5249085426330566
149,hand_r,67.74884033203125,-125.52225494384766,58.958744049072266,0.16896739602088928,-0.6796538829803467,-0.7132080793380737,0.029238412156701088
149,head,1.407123327255249,-0.8262931108474731,-2.839493751525879,0.002674045041203499,0.023023491725325584,-0.008034133352339268,0.999699056148529
149,lowerarm_l,100.3919448852539,-10.45836353302002,26.12594985961914,-0.37769174575805664,-0.3440777063369751,0.8317710757255554,0.21706312894821167
149,lowerarm_r,39.11906051635742,-48.19620132446289,-1.5727721452713013,0.06974339485168457,-0.35542529821395874,-0.9295373558998108,0.06905805319547653
149,neck,-17.956113815307617,0.09457729756832123,-0.7712244987487793,0.004917950369417667,0.08293765783309937,-0.009551377035677433,0.996496856212616
149,pelvis,8.287665367126465,-1.01968252658844,-2.3806095123291016,-0.0029954088386148214,-0.029187455773353577,-0.10140438377857208,0.9944125413894653
149,root,0.0,0.0,0.0,-2.1139658201718703e-07,-5.7790373375610216e-08,1.0658141036401503e-14,1.0
149,spine_01,-0.9417800307273865,1.2167173624038696,-2.491605281829834,0.0026203650049865246,0.017570864409208298,-0.14504320919513702,0.9892659187316895
149,spine_02,-12.130374908447266,6.42299222946167,-1.423323154449463,0.01363970898091793,0.06747496873140335,-0.197688028216362,0.9778448343276978
149,thigh_l,22.258176803588867,-1.59092378616333,-0.10306990891695023,-0.007169651333242655,-0.12059307098388672,-0.028120437636971474,0.9922778606414795
149,thigh_r,20.42913246154785,1.6084166765213013,-1.4710485935211182,0.008108718320727348,-0.08258858323097229,0.030221711844205856,0.9960923790931702
149,upperarm_l,-59.17403030395508,-136.8844757080078,68.91265869140625,-0.0641317367553711,0.43879199028015137,0.7859278321266174,0.43088993430137634
149,upperarm_r,18.745344161987305,62.51096725463867,1.8999546766281128,0.033827103674411774,0.0728326067328453,-0.9925032258033752,0.09213288873434067
150,calf_l,-1.5621873140335083,0.08706270158290863,0.0760938972234726,0.001456673489883542,0.1276436150074005,-0.04207528382539749,0.9909262657165527
150,calf_r,-2.068020820617676,-0.06852425634860992,0.11615446209907532,-8.410824375459924e-05,0.15224550664424896,0.04369229078292847,0.9873764514923096
150,clavicle_l,-24.70060920715332,14.245867729187012,1.4699163436889648,0.03080606460571289,0.11528520286083221,-0.20249409973621368,0.9719858765602112
150,clavicle_r,-26.405498504638672,10.256484985351562,1.469272255897522,0.01703626662492752,0.11809997260570526,-0.19624856114387512,0.9732670187950134
150,foot_l,1.395050287246704,-0.09465594589710236,-0.019672976806759834,-0.0006528843659907579,7.401149196084589e-05,-0.045654378831386566,0.998957097530365
150,foot_r,1.3859622478485107,0.10049864649772644,-0.016040371730923653,0.000496886670589447,1.170356699731201e-05,0.045357417315244675,0.9989706873893738
150,hand_l,0.6831005215644836,-136.77297973632812,94.09765625,-0.6237748265266418,0.27391931414604187,0.5030814409255981,0.531772792339325
150,hand_r,58.60017013549805,-128.2317352294922,57.622535705566406,0.12896741926670074,-0.6867955923080444,-0.713265061378479,0.054149527102708817
150,head,1.3794862031936646,-0.8366033434867859,-2.8155088424682617,0.0026755474973469973,0.0228994432836771,-0.008142364211380482,0.9997011423110962
150,lowerarm_l,100.2411117553711,-11.489859580993652,26.207901000976562,-0.3792191743850708,-0.34140461683273315,0.8321504592895508,0.21716651320457458
150,lowerarm_r,35.062767028808594,-48.93518829345703,-1.778799295425415,0.057083144783973694,-0.35535281896591187,-0.930637001991272,0.06618685275316238
150,neck,-17.981800079345703,0.08871331810951233,-0.7523417472839355,0.004926921334117651,0.08280674368143082,-0.00965922512114048,0.9965066313743591
150,pelvis,8.255852699279785,-1.0272483825683594,-2.3578643798828125,-0.0030185759533196688,-0.02918209135532379,-0.10214672982692719,0.9943366646766663
150,root,0.0,0.0,0.0,-2.1139658201718703e-07,-5.7790373375610216e-08,1.0658141036401503e-14,1.0
150,spine_01,-0.9361844658851624,1.2197918891906738,-2.470231056213379,0.0026258931029587984,0.01740507408976555,-0.14665190875530243,0.9890315532684326
150,spine_02,-12.050732612609863,6.471840858459473,-1.412975788116455,0.013748059049248695,0.06707894802093506,-0.20033444464206696,0.977331817150116
150,thigh_l,22.168354034423828,-1.5842700004577637,-0.09100686013698578,-0.007156670093536377,-0.12033148854970932,-0.02813650295138359,0.9923092722892761
150,thigh_r,20.330921173095703,1.6017237901687622,-1.462774395942688,0.00810275599360466,-0.08208538591861725,0.030251072719693184,0.9961331486701965
150,upperarm_l,-60.243900299072266,-137.1806640625,70.14204406738281,-0.06368336081504822,0.443132221698761,0.7827220559120178,0.4323478639125824
150,upperarm_r,16.654682159423828,60.629791259765625,1.3384073972702026,0.024099422618746758,0.06726912409067154,-0.993899405002594,0.08401221036911011
151,calf_l,-1.5447336435317993,0.0841902494430542,0.07185892015695572,0.001424086862243712,0.12676632404327393,-0.04202980920672417,0.9910407662391663
151,calf_r,-2.054321765899658,-0.06585665047168732,0.11177421361207962,-4.537142376648262e-05,0.15155038237571716,0.043656960129737854,0.9874849915504456
151,clavicle_l,-24.589862823486328,14.347235679626465,1.4685419797897339,0.03100583329796791,0.11485730856657028,-0.20491094887256622,0.9715235829353333
151,clavicle_r,-26.310993194580078,10.373976707458496,1.4678653478622437,0.017268341034650803,0.11770021170377731,-0.1986767053604126,0.9728186130523682
151,foot_l,1.3941271305084229,-0.0953599140048027,-0.019550276920199394,-0.0006280551897361875,4.186592195765115e-05,-0.04561636224389076,0.9989588260650635
151,foot_r,1.3851087093353271,0.10110191255807877,-0.01586059294641018,0.00047717627603560686,-1.111118672270095e-05,0.04532533138990402,0.9989721775054932
151,hand_l,-4.281717300415039,-136.32749938964844,94.5907211303711,-0.616182804107666,0.2885459363460541,0.49742287397384644,0.5381733775138855
151,hand_r,49.319393157958984,-130.5122833251953,56.755794525146484,0.0883808508515358,-0.6912327408790588,-0.7126882076263428,0.08038472384214401
151,head,1.351440668106079,-0.8451300859451294,-2.7924537658691406,0.002676720032468438,0.02277780883014202,-0.00824121292680502,0.9997031092643738
151,lowerarm_l,100.0662841796875,-12.476012229919434,26.27074432373047,-0.3805757462978363,-0.3387996256351471,0.8325850963592529,0.21720729768276215
151,lowerarm_r,31.052640914916992,-49.708316802978516,-1.8498443365097046,0.044590987265110016,-0.35569632053375244,-0.9313704967498779,0.06356734782457352
151,neck,-18.007240295410156,0.08452609181404114,-0.7344484329223633,0.004935811273753643,0.0826762393116951,-0.009757829830050468,0.9965164661407471
151,pelvis,8.222887992858887,-1.0342410802841187,-2.3356616497039795,-0.003041026648133993,-0.029173070564866066,-0.1028037741780281,0.9942691326141357
151,root,0.0,0.0,0.0,-2.1139658201718703e-07,-5.7790373375610216e-08,1.0658141036401503e-14,1.0
151,spine_01,-0.9318144917488098,1.2215113639831543,-2.4495720863342285,0.002628035144880414,0.017241571098566055,-0.1481170356273651,0.9888160824775696
151,spine_02,-11.974457740783691,6.5132222175598145,-1.403498649597168,0.013840142637491226,0.06668681651353836,-0.20276455581188202,0.9768561124801636
151,thigh_l,22.077144622802734,-1.5786306858062744,-0.08011839538812637,-0.007148910313844681,-0.120053730905056,-0.028152858838438988,0.9923424124717712
151,thigh_r,20.234201431274414,1.5958452224731445,-1.4543253183364868,0.008100287988781929,-0.08160596340894699,0.03027839958667755,0.9961717128753662
151,upperarm_l,-61.27358627319336,-137.4669189453125,71.36004638671875,-0.06320507079362869,0.4473963975906372,0.779620349407196,0.4336286187171936
151,upperarm_r,14.449378967285156,58.86667251586914,0.865444540977478,0.014257391914725304,0.062010325491428375,-0.9950507283210754,0.07632524520158768
152,calf_l,-1.5282608270645142,0.08613979816436768,0.07077774405479431,0.00142788200173527,0.1260029822587967,-0.041986510157585144,0.9911400079727173
152,calf_r,-2.0410900115966797,-0.06720049679279327,0.10985136032104492,-3.9956117689143866e-05,0.15093296766281128,0.043622639030218124,0.9875810742378235
152,clavicle_l,-24.481353759765625,14.444613456726074,1.4680293798446655,0.031212622299790382,0.11443006992340088,-0.20710760354995728,0.9711015224456787
152,clavicle_r,-26.225603103637695,10.467613220214844,1.4674361944198608,0.01743755303323269,0.11731372028589249,-0.20087748765945435,0.972410261631012
152,foot_l,1.3959823846817017,-0.09400290250778198,-0.01998884603381157,-0.0006705119740217924,8.816754416329786e-05,-0.045687321573495865,0.9989555478096008
152,foot_r,1.3867424726486206,0.09999726712703705,-0.0163542702794075,0.000511001911945641,2.035513534792699e-05,0.04538317397236824,0.998969554901123
152,hand_l,-9.0446195602417,-135.74237060546875,95.1246109008789,-0.6086059212684631,0.3026169538497925,0.4918932616710663,0.5441165566444397
152,hand_r,42.20365905761719,-132.06259155273438,56.46665573120117,0.06038618087768555,-0.6929621696472168,-0.7128381729125977,0.08954785019159317
152,head,1.3298637866973877,-0.8518470525741577,-2.7689695358276367,0.0026776434388011694,0.022639714181423187,-0.008330801501870155,0.9997054934501648
152,lowerarm_l,99.86138153076172,-13.426898002624512,26.30545425415039,-0.3817442059516907,-0.3362262547016144,0.8330915570259094,0.2172134965658188
152,lowerarm_r,27.55248260498047,-50.08030700683594,-1.9465018510818481,0.03369983285665512,-0.3550446927547455,-0.9321754574775696,0.062100719660520554
152,neck,-18.034866333007812,0.08063148707151413,-0.7154941558837891,0.004940127953886986,0.08255585283041,-0.009846958331763744,0.9965255856513977
152,pelvis,8.193696975708008,-1.0392926931381226,-2.3154914379119873,-0.00305349612608552,-0.02918209508061409,-0.10337887704372406,0.9942092299461365
152,root,0.0,0.0,0.0,-2.1139658201718703e-07,-5.7790373375610216e-08,1.0658141036401503e-14,1.0
152,spine_01,-0.9269975423812866,1.2214187383651733,-2.4299681186676025,0.00262558925896883,0.017073236405849457,-0.14943213760852814,0.988621175289154
152,spine_02,-11.903088569641113,6.5478434562683105,-1.3934731483459473,0.013917331583797932,0.06630513817071915,-0.20497021079063416,0.9764206409454346
152,thigh_l,22.00534439086914,-1.5695834159851074,-0.06666996330022812,-0.007112087681889534,-0.11987961828708649,-0.02816697210073471,0.9923633337020874
152,thigh_r,20.1546630859375,1.587203860282898,-1.4440840482711792,0.008070945739746094,-0.08123602718114853,0.03030429594218731,0.9962013959884644
152,upperarm_l,-62.268211364746094,-137.74415588378906,72.57026672363281,-0.06267813593149185,0.45160046219825745,0.7766178846359253,0.43473348021507263
152,upperarm_r,12.33647632598877,57.41505432128906,0.5285471677780151,0.00532368803396821,0.05768280848860741,-0.9958317279815674,0.07045236974954605
153,calf_l,-1.5122627019882202,0.08541359752416611,0.06818410754203796,0.0014145048335194588,0.12522368133068085,-0.041944362223148346,0.9912405014038086
153,calf_r,-2.027953863143921,-0.06634581089019775,0.10677827894687653,-2.094125738949515e-05,0.15028896927833557,0.043587759137153625,0.9876807928085327
153,clavicle_l,-24.382007598876953,14.522530555725098,1.465894103050232,0.03137025237083435,0.11401442438364029,-0.20907126367092133,0.9707244038581848
153,clavicle_r,-26.14251708984375,10.552369117736816,1.465311884880066,0.017597846686840057,0.11692696064710617,-0.20284868776798248,0.9720446467399597
153,foot_l,1.3962057828903198,-0.0938698872923851,-0.02009832113981247,-0.000674233480822295,8.865235577104613e-05,-0.04569455608725548,0.998955249786377
153,foot_r,1.386915683746338,0.09987780451774597,-0.016423510387539864,0.000513432256411761,2.042225969489664e-05,0.04538833349943161,0.998969316482544
153,hand_l,-13.073836326599121,-134.583984375,93.62244415283203,-0.6086919903755188,0.3056285083293915,0.4721265435218811,0.5596264600753784
153,hand_r,33.04987716674805,-133.55224609375,56.41424560546875,0.020328814163804054,-0.6928741931915283,-0.7112857103347778,0.11655360460281372
153,head,1.305384874343872,-0.8565409183502197,-2.7471542358398438,0.00267844763584435,0.022512286901474,-0.008411142975091934,0.9997076988220215
153,lowerarm_l,99.38279724121094,-14.870810508728027,25.898229598999023,-0.38202425837516785,-0.3313422203063965,0.8346433639526367,0.21826650202274323
153,lowerarm_r,23.71889877319336,-50.8176383972168,-1.8151253461837769,0.02179570682346821,-0.3557610511779785,-0.9323937892913818,0.06000722944736481
153,neck,-18.059904098510742,0.0789012759923935,-0.6985306739807129,0.004945468157529831,0.08242923766374588,-0.009926180355250835,0.9965352416038513
153,pelvis,8.162577629089355,-1.0440057516098022,-2.2954225540161133,-0.0030672696884721518,-0.02918098494410515,-0.10385993123054504,0.9941590428352356
153,root,0.0,0.0,0.0,-2.1139658201718703e-07,-5.7790373375610216e-08,1.0658141036401503e-14,1.0
153,spine_01,-0.9230794310569763,1.220238208770752,-2.411007881164551,0.0026210304349660873,0.01690853200852871,-0.15059128403663635,0.9884480834007263
153,spine_02,-11.833746910095215,6.573928356170654,-1.3850212097167969,0.013975300826132298,0.06592261046171188,-0.20694346725940704,0.9760293960571289
153,thigh_l,21.926536560058594,-1.5629045963287354,-0.05563318356871605,-0.0070905000902712345,-0.11965197324752808,-0.028182784095406532,0.992390513420105
153,thigh_r,20.072296142578125,1.5805144309997559,-1.4342654943466187,0.008054106496274471,-0.08086354285478592,0.030327212065458298,0.9962311387062073
153,upperarm_l,-63.038028717041016,-137.99038696289062,73.57416534423828,-0.06246064975857735,0.455035924911499,0.7741758227348328,0.4355373680591583
153,upperarm_r,10.016969680786133,55.882781982421875,0.22186040878295898,-0.004417615942656994,0.05300823971629143,-0.9965513348579407,0.06368761509656906
154,calf_l,-1.4971061944961548,0.08564012497663498,0.06635671108961105,0.001410005264915526,0.12449733912944794,-0.04190392419695854,0.9913337230682373
154,calf_r,-2.0152316093444824,-0.06635651737451553,0.10436446964740753,-1.1816955520771444e-05,0.149674192070961,0.04355338215827942,0.9877757430076599
154,clavicle_l,-24.287691116333008,14.588323593139648,1.4631398916244507,0.03150640055537224,0.1136024221777916,-0.21079668402671814,0.9703950881958008
154,clavicle_r,-26.06416130065918,10.619624137878418,1.4625027179718018,0.01771961897611618,0.11654270440340042,-0.20458048582077026,0.971725583076477
154,foot_l,1.396955966949463,-0.09329372644424438,-0.0202111154794693,-0.0006874322425574064,0.00010243554424960166,-0.045721884816884995,0.9989539980888367
154,foot_r,1.3875856399536133,0.09941595792770386,-0.01656598411500454,0.0005242620245553553,3.003597703354899e-05,0.045411162078380585,0.998968243598938
154,hand_l,-17.44989585876465,-133.79730224609375,94.23002624511719,-0.6014834046363831,0.31886133551597595,0.4667767882347107,0.5645038485527039
154,hand_r,24.126829147338867,-134.6604766845703,56.85873794555664,-0.018740512430667877,-0.690247118473053,-0.7090522646903992,0.14301252365112305
154,head,1.2839995622634888,-0.8592591881752014,-2.7257442474365234,0.0026791151612997055,0.022379133850336075,-0.008481591008603573,0.9997100234031677
154,lowerarm_l,99.08824920654297,-15.801172256469727,25.84402847290039,-0.3827483654022217,-0.3286582827568054,0.8353590369224548,0.2183178961277008
154,lowerarm_r,20.03126335144043,-51.51908874511719,-1.593367338180542,0.010355556383728981,-0.3565831482410431,-0.9323902726173401,0.05822039023041725
154,neck,-18.084514617919922,0.07865279912948608,-0.6819605827331543,0.00494961254298687,0.08230502158403397,-0.00999657902866602,0.9965447783470154
154,pelvis,8.13270092010498,-1.0476722717285156,-2.276510000228882,-0.003077393863350153,-0.029183387756347656,-0.1042478084564209,0.994118332862854
154,root,0.0,0.0,0.0,-2.1139658201718703e-07,-5.7790373375610216e-08,1.0658141036401503e-14,1.0
154,spine_01,-0.9187882542610168,1.217498540878296,-2.3930370807647705,0.0026127351447939873,0.01674218475818634,-0.15159007906913757,0.988298237323761
154,spine_02,-11.767271995544434,6.592349529266357,-1.3771295547485352,0.014016639441251755,0.06554345786571503,-0.20867614448070526,0.9756853580474854
154,thigh_l,21.85390281677246,-1.555769681930542,-0.04475845396518707,-0.007062438875436783,-0.11944618076086044,-0.028197569772601128,0.9924150705337524
154,thigh_r,19.997209548950195,1.573533058166504,-1.423943281173706,0.008030646480619907,-0.08054347336292267,0.030348539352416992,0.9962567090988159
154,upperarm_l,-63.99054718017578,-138.2555694580078,74.79450988769531,-0.0617523118853569,0.45921897888183594,0.7713282704353333,0.4362996816635132
154,upperarm_r,7.692362308502197,54.4544677734375,-0.007602572441101074,-0.01393787283450365,0.04857968911528587,-0.9970674514770508,0.05746585875749588
155,calf_l,-1.4826219081878662,0.08463660627603531,0.06392765790224075,0.0013988317223265767,0.12378707528114319,-0.041864920407533646,0.9914243221282959
155,calf_r,-2.002748966217041,-0.06536785513162613,0.10150289535522461,1.8676031459108344e-06,0.1490567922592163,0.0435192696750164,0.9878705143928528
155,clavicle_l,-24.20099639892578,14.635671615600586,1.458788275718689,0.03159837797284126,0.11319761723279953,-0.21227258443832397,0.9701176285743713
155,clavicle_r,-25.988601684570312,10.67463493347168,1.4581775665283203,0.017821911722421646,0.11615800112485886,-0.20606395602226257,0.9714562892913818
155,foot_l,1.3968857526779175,-0.09341777861118317,-0.02033676952123642,-0.000688200059812516,9.608843538444489e-05,-0.045717764645814896,0.998954176902771
155,foot_r,1.3874973058700562,0.09950347989797592,-0.016655996441841125,0.000524519186001271,2.5687797460705042e-05,0.04540779069066048,0.9989684224128723
155,hand_l,-21.631349563598633,-132.92489624023438,94.87667846679688,-0.5943548679351807,0.3316349685192108,0.4615829288959503,0.5689480304718018
155,hand_r,15.53635025024414,-135.41810607910156,57.75545120239258,-0.05640619993209839,-0.6853509545326233,-0.7062116861343384,0.1684560626745224
155,head,1.261573314666748,-0.8599158525466919,-2.705812454223633,0.0026793689467012882,0.02225254662334919,-0.00854147132486105,0.9997124075889587
155,lowerarm_l,98.73922729492188,-16.729522705078125,25.731611251831055,-0.3832137882709503,-0.3258777856826782,0.8362072110176086,0.21842259168624878
155,lowerarm_r,16.51711082458496,-52.15422439575195,-1.305118203163147,-0.0005364135140553117,-0.35737326741218567,-0.9322367310523987,0.05673375353217125
155,neck,-18.106231689453125,0.08035507053136826,-0.6670713424682617,0.004953758791089058,0.08217525482177734,-0.01005612500011921,0.9965548515319824
155,pelvis,8.102686882019043,-1.0505551099777222,-2.258104085922241,-0.0030860998667776585,-0.029181312769651413,-0.10453558713197708,0.9940881729125977
155,root,0.0,0.0,0.0,-2.1139658201718703e-07,-5.7790373375610216e-08,1.0658141036401503e-14,1.0
155,spine_01,-0.914395809173584,1.2134593725204468,-2.375847101211548,0.0026017038617283106,0.01657715067267418,-0.15242122113704681,0.9881731867790222
155,spine_02,-11.70232105255127,6.6019816398620605,-1.3706326484680176,0.014038283377885818,0.06516242772340775,-0.2101588100194931,0.9753922820091248
155,thigh_l,21.779573440551758,-1.5498645305633545,-0.03555505722761154,-0.007040699478238821,-0.11921359598636627,-0.02821318991482258,0.9924427270889282
155,thigh_r,19.9232120513916,1.5675766468048096,-1.4137368202209473,0.00801161676645279,-0.08024003356695175,0.03036775253713131,0.9962806701660156
155,upperarm_l,-64.9214859008789,-138.5135040283203,76.02071380615234,-0.06093292310833931,0.46339118480682373,0.7685672640800476,0.43687543272972107
155,upperarm_r,5.397329330444336,53.121131896972656,-0.16785264015197754,-0.023134466260671616,0.04437180235981941,-0.9974027872085571,0.051803622394800186
156,calf_l,-1.4690659046173096,0.08430948108434677,0.06204773485660553,0.0013947169063612819,0.1231306716799736,-0.041828762739896774,0.9915075898170471
156,calf_r,-1.9906262159347534,-0.06497695297002792,0.09913332760334015,7.51874767956906e-06,0.14846652746200562,0.04348546639084816,0.987960934638977
156,clavicle_l,-24.1197509765625,14.669090270996094,1.4534447193145752,0.031663164496421814,0.1127965897321701,-0.21349267661571503,0.9698944687843323
156,clavicle_r,-25.917266845703125,10.712414741516113,1.4528449773788452,0.017887603491544724,0.11577467620372772,-0.20729167759418488,0.9712397456169128
156,foot_l,1.397136926651001,-0.09330613911151886,-0.020584721118211746,-0.0006969018140807748,9.906438208417967e-05,-0.04572629928588867,0.9989538788795471
156,foot_r,1.3877449035644531,0.0994100496172905,-0.016842927783727646,0.0005314702866598964,2.6940788302454166e-05,0.045414552092552185,0.9989681243896484
156,hand_l,-25.03317642211914,-131.5906219482422,93.49009704589844,-0.5954141616821289,0.33378228545188904,0.4417002201080322,0.582213282585144
156,hand_r,9.445686340332031,-135.7122039794922,58.416236877441406,-0.07989634573459625,-0.6818711757659912,-0.7056713700294495,0.1752033531665802
156,head,1.2417957782745361,-0.8585007190704346,-2.686762809753418,0.00267937988974154,0.02212267369031906,-0.008591660298407078,0.9997148513793945
156,lowerarm_l,98.10697174072266,-18.23769760131836,25.178396224975586,-0.3828584551811218,-0.32054781913757324,0.8380895853042603,0.2197144776582718
156,lowerarm_r,13.543994903564453,-52.15172576904297,-1.224789023399353,-0.009706255048513412,-0.3561056852340698,-0.9327071309089661,0.05614282935857773
156,neck,-18.12628746032715,0.08392129093408585,-0.6530523300170898,0.004957589320838451,0.08204521238803864,-0.010105972178280354,0.9965651631355286
156,pelvis,8.074228286743164,-1.0523862838745117,-2.2408008575439453,-0.003091430524364114,-0.02918143756687641,-0.10472247749567032,0.9940685033798218
156,root,0.0,0.0,0.0,-2.1139658201718703e-07,-5.7790373375610216e-08,1.0658141036401503e-14,1.0
156,spine_01,-0.9089469909667969,1.20791757106781,-2.3596644401550293,0.0025874029379338026,0.01640990749001503,-0.15307959914207458,0.9880742430686951
156,spine_02,-11.639348983764648,6.603189468383789,-1.3650059700012207,0.01404110062867403,0.0647820308804512,-0.211384117603302,0.9751527905464172
156,thigh_l,21.710439682006836,-1.5437641143798828,-0.026907259598374367,-0.00701411347836256,-0.11899269372224808,-0.028228867799043655,0.9924690127372742
156,thigh_r,19.855735778808594,1.5615376234054565,-1.4031823873519897,0.007987587712705135,-0.07998238503932953,0.030384568497538567,0.9963011145591736
156,upperarm_l,-65.66340637207031,-138.74386596679688,77.06131744384766,-0.06040479242801666,0.4668884873390198,0.7662562727928162,0.4372847378253937
156,upperarm_r,3.339733123779297,52.07997512817383,-0.23513734340667725,-0.03108469769358635,0.04108259081840515,-0.9975300431251526,0.04774726182222366
157,calf_l,-1.4563395977020264,0.0819183737039566,0.05903511866927147,0.0013782011810690165,0.12248162925243378,-0.04179385304450989,0.9915894865989685
157,calf_r,-1.9788689613342285,-0.0628189742565155,0.09585898369550705,2.3076108845998533e-05,0.14786623418331146,0.04345211759209633,0.9880524277687073
157,clavicle_l,-24.046167373657227,14.682978630065918,1.4462271928787231,0.03168069198727608,0.11240226030349731,-0.2144467830657959,0.9697291851043701
157,clavicle_r,-25.84760284423828,10.737654685974121,1.4455426931381226,0.017934193834662437,0.11538726091384888,-0.20825563371181488,0.971078634262085
157,foot_l,1.3963288068771362,-0.09361132979393005,-0.019814955070614815,-0.0006494385888800025,6.436045077862218e-05,-0.04569145292043686,0.998955488204956
157,foot_r,1.3869472742080688,0.09972786158323288,-0.016208374872803688,0.0004948414862155914,3.0519647680193884e-06,0.04538484662771225,0.9989694952964783
157,hand_l,-28.85051727294922,-130.61370849609375,94.20826721191406,-0.5887359976768494,0.345895916223526,0.43677040934562683,0.5856428742408752
157,hand_r,1.6583412885665894,-135.91506958007812,59.863494873046875,-0.11412995308637619,-0.6742444038391113,-0.7022824287414551,0.19790969789028168
157,head,1.2208328247070312,-0.8549375534057617,-2.669405937194824,0.0026789256371557713,0.022000852972269058,-0.008631093427538872,0.999717116355896
157,lowerarm_l,97.62052917480469,-19.215534210205078,24.924365997314453,-0.38275444507598877,-0.3173903822898865,0.8392542600631714,0.2200334519147873
157,lowerarm_r,10.411736488342285,-52.5469856262207,-0.8981473445892334,-0.019379526376724243,-0.3563369810581207,-0.932529866695404,0.05510426312685013
157,neck,-18.142263412475586,0.08985400199890137,-0.6410837173461914,0.004962402395904064,0.0819070115685463,-0.010145355947315693,0.9965760111808777
157,pelvis,8.045440673828125,-1.0535645484924316,-2.223825454711914,-0.003096564905717969,-0.029173575341701508,-0.10480131208896637,0.9940603971481323
157,root,0.0,0.0,0.0,-2.1139658201718703e-07,-5.7790373375610216e-08,1.0658141036401503e-14,1.0
157,spine_01,-0.9028423428535461,1.2010918855667114,-2.3442089557647705,0.0025705015286803246,0.016243891790509224,-0.15355923771858215,0.988002598285675
157,spine_02,-11.576931953430176,6.595142364501953,-1.3610482215881348,0.014023242518305779,0.06439705193042755,-0.21234345436096191,0.9749701023101807
157,thigh_l,21.636632919311523,-1.5395451784133911,-0.020736806094646454,-0.006998648401349783,-0.11872345209121704,-0.028245646506547928,0.9925008416175842
157,thigh_r,19.787195205688477,1.557159423828125,-1.3932220935821533,0.007972624152898788,-0.07972719520330429,0.03040037304162979,0.9963212609291077
157,upperarm_l,-66.57401275634766,-138.9906463623047,78.32062530517578,-0.05929968133568764,0.47111931443214417,0.7636224031448364,0.43750545382499695
157,upperarm_r,1.1911859512329102,50.90985107421875,-0.2895623445510864,-0.03940901905298233,0.037258293479681015,-0.9975970983505249,0.04311375319957733
158,calf_l,-1.4449985027313232,0.08337751775979996,0.058713555335998535,0.0013910889392718673,0.12195617705583572,-0.04176321253180504,0.9916555881500244
158,calf_r,-1.9679006338119507,-0.06403504312038422,0.09483268857002258,1.0095453944813926e-05,0.14735032618045807,0.043420448899269104,0.9881308078765869
158,clavicle_l,-23.9742374420166,14.688557624816895,1.4389164447784424,0.031693167984485626,0.11200399696826935,-0.21513019502162933,0.9696235060691833
158,clavicle_r,-25.784751892089844,10.737874031066895,1.4382169246673584,0.017917748540639877,0.11500526964664459,-0.20894305408000946,0.9709766507148743
158,foot_l,1.3973792791366577,-0.09308794885873795,-0.020530221983790398,-0.0006930343806743622,9.461920853937045e-05,-0.0457325354218483,0.9989535808563232
158,foot_r,1.387956976890564,0.09922080487012863,-0.016833413392305374,0.0005296503659337759,2.4419892724836245e-05,0.04542079567909241,0.9989678263664246
158,hand_l,-32.48615264892578,-129.5939483642578,94.96673583984375,-0.5821754336357117,0.35765230655670166,0.4320264160633087,0.5886508822441101
158,hand_r,-5.664730072021484,-135.8829803466797,61.591087341308594,-0.1464674174785614,-0.6653019785881042,-0.6985344886779785,0.21902097761631012
158,head,1.2096517086029053,-0.8490405082702637,-2.6516079902648926,0.002678799210116267,0.021856652572751045,-0.008658324368298054,0.99972003698349
158,lowerarm_l,97.05677032470703,-20.229137420654297,24.588525772094727,-0.3823377192020416,-0.3139963150024414,0.8405997157096863,0.2204909771680832
158,lowerarm_r,7.505989074707031,-52.80702209472656,-0.5744748115539551,-0.028332268819212914,-0.35620421171188354,-0.9324005246162415,0.05426937714219093
158,neck,-18.15903091430664,0.09599123150110245,-0.6282448768615723,0.004961441736668348,0.08177877962589264,-0.010171966627240181,0.996586263179779
158,pelvis,8.021530151367188,-1.0528876781463623,-2.209120988845825,-0.0030928393825888634,-0.029180847108364105,-0.10477624088525772,0.9940628409385681
158,root,0.0,0.0,0.0,-2.1139658201718703e-07,-5.7790373375610216e-08,1.0658141036401503e-14,1.0
158,spine_01,-0.8940208554267883,1.1919440031051636,-2.330303192138672,0.0025473253335803747,0.016069604083895683,-0.15385426580905914,0.987959623336792
158,spine_02,-11.516904830932617,6.578964710235596,-1.3572335243225098,0.01398719847202301,0.06401550024747849,-0.2130277007818222,0.9748464822769165
158,thigh_l,21.580801010131836,-1.5329116582870483,-0.012999586760997772,-0.006960882339626551,-0.1185368075966835,-0.028260814025998116,0.9925230145454407
158,thigh_r,19.73514747619629,1.550662636756897,-1.3820128440856934,0.007935776375234127,-0.0795711800456047,0.030412890017032623,0.9963335394859314
158,upperarm_l,-67.47168731689453,-139.2304229736328,79.59584045410156,-0.05804222822189331,0.4753723442554474,0.761059045791626,0.43754011392593384
158,upperarm_r,-0.844794511795044,49.79845428466797,-0.3067821264266968,-0.047172706574201584,0.03355849161744118,-0.9975600838661194,0.039018869400024414
159,calf_l,-1.4345614910125732,0.08273476362228394,0.05722327530384064,0.0013913108268752694,0.1214442178606987,-0.0417344868183136,0.9917196035385132
159,calf_r,-1.9572490453720093,-0.06346669793128967,0.0928596556186676,6.857148491690168e-06,0.14682626724243164,0.04338935762643814,0.9882103204727173
159,clavicle_l,-23.909780502319336,14.672453880310059,1.4292008876800537,0.03165202587842941,0.111610546708107,-0.2155298888683319,0.9695814251899719
159,clavicle_r,-25.722806930541992,10.725399017333984,1.4285972118377686,0.01788298226892948,0.11461730301380157,-0.2093498259782791,0.970935583114624
159,foot_l,1.3972309827804565,-0.09331568330526352,-0.020737621933221817,-0.0006955069839023054,8.776490722084418e-05,-0.04572596773505211,0.9989538192749023
159,foot_r,1.3878742456436157,0.09939248859882355,-0.017034253105521202,0.0005318175535649061,1.915434404509142e-05,0.045416466891765594,0.9989680051803589
159,hand_l,-35.30873107910156,-128.21563720703125,93.693603515625,-0.5842667818069458,0.35913416743278503,0.4122195839881897,0.599774956703186
159,hand_r,-10.577580451965332,-135.60333251953125,62.52485656738281,-0.16482144594192505,-0.6606653332710266,-0.6980549693107605,0.2215277999639511
159,head,1.1972553730010986,-0.8410324454307556,-2.6357412338256836,0.00267779896967113,0.021721765398979187,-0.008674073033034801,0.999722957611084
159,lowerarm_l,96.20169067382812,-21.87551498413086,23.829057693481445,-0.3811492323875427,-0.307905375957489,0.8429373502731323,0.22220756113529205
159,lowerarm_r,5.1199421882629395,-52.33403015136719,-0.5570322275161743,-0.0355948731303215,-0.3535694479942322,-0.9331675171852112,0.054037805646657944
159,neck,-18.170814514160156,0.10496173053979874,-0.6177186965942383,0.00496265571564436,0.0816408097743988,-0.010187601670622826,0.996597409248352
159,pelvis,7.997866153717041,-1.051518201828003,-2.1947741508483887,-0.0030889082700014114,-0.029180100187659264,-0.10463613271713257,0.9940776824951172
159,root,0.0,0.0,0.0,-2.1139658201718703e-07,-5.7790373375610216e-08,1.0658141036401503e-14,1.0
159,spine_01,-0.8837735056877136,1.181553602218628,-2.3172199726104736,0.002521912567317486,0.015895603224635124,-0.15395820140838623,0.9879462718963623
159,spine_02,-11.45643424987793,6.552974224090576,-1.355302333831787,0.013929122127592564,0.06362660229206085,-0.2134288102388382,0.9747850298881531
159,thigh_l,21.520421981811523,-1.5281291007995605,-0.007920758798718452,-0.00693398667499423,-0.11829809844493866,-0.028277268633246422,0.9925512075424194
159,thigh_r,19.68201446533203,1.5459063053131104,-1.371504306793213,0.007908347062766552,-0.07941495627164841,0.030424339696764946,0.9963458776473999
159,upperarm_l,-68.18993377685547,-139.4443817138672,80.68407440185547,-0.05709625780582428,0.4789615571498871,0.7589030265808105,0.4374954402446747
159,upperarm_r,-2.581218719482422,48.97215270996094,-0.26858747005462646,-0.05357740446925163,0.030798759311437607,-0.9974289536476135,0.036282025277614594
160,calf_l,-1.4255962371826172,0.08305755257606506,0.056546296924352646,0.0014015855267643929,0.12101440876722336,-0.04170870780944824,0.9917731285095215
160,calf_r,-1.9474360942840576,-0.06385944783687592,0.09168025851249695,-8.13614678918384e-06,0.14635144174098969,0.04335968196392059,0.9882819652557373
160,clavicle_l,-23.85154151916504,14.639754295349121,1.4180288314819336,0.0315798744559288,0.1112184226512909,-0.21559682488441467,0.9696139693260193
160,clavicle_r,-25.665929794311523,10.690346717834473,1.4173563718795776,0.017799366265535355,0.11422751843929291,-0.20942170917987823,0.9709674715995789
160,foot_l,1.3976283073425293,-0.09294934570789337,-0.020697683095932007,-0.0006981368060223758,9.558881720295176e-05,-0.04574064910411835,0.9989532232284546
160,foot_r,1.3882709741592407,0.09904783219099045,-0.01704154908657074,0.0005354894092306495,2.5076218662434258e-05,0.0454307422041893,0.9989673495292664
160,hand_l,-38.61431121826172,-127.00858306884766,94.53193664550781,-0.5784088373184204,0.3701479434967041,0.40743571519851685,0.6020215153694153
160,hand_r,-16.969499588012695,-135.085205078125,64.52072143554688,-0.19303585588932037,-0.6508881449699402,-0.6942923665046692,0.23883049190044403
160,head,1.189442753791809,-0.8303515911102295,-2.6209115982055664,0.0026765738148242235,0.021578190848231316,-0.008676324039697647,0.9997259378433228
160,lowerarm_l,95.61848449707031,-22.104602813720703,23.457483291625977,-0.37956342101097107,-0.30657002329826355,0.8442561626434326,0.22176124155521393
160,lowerarm_r,2.706846237182617,-52.90819549560547,-0.09273998439311981,-0.04299885407090187,-0.35535311698913574,-0.9322088360786438,0.05349791795015335
160,neck,-18.180782318115234,0.11563058942556381,-0.608217716217041,0.004961384925991297,0.08150257915258408,-0.01018966268748045,0.9966087937355042
160,pelvis,7.9764323234558105,-1.0487641096115112,-2.182227373123169,-0.0030803820118308067,-0.02918311581015587,-0.10436557233333588,0.9941059947013855
160,root,0.0,0.0,0.0,-2.1139658201718703e-07,-5.7790373375610216e-08,1.0658141036401503e-14,1.0
160,spine_01,-0.8716456890106201,1.1690982580184937,-2.305734157562256,0.002491631545126438,0.01571628265082836,-0.15383781492710114,0.9879680275917053
160,spine_02,-11.397608757019043,6.5164475440979,-1.3547897338867188,0.013847576454281807,0.06323444098234177,-0.2134937196969986,0.9747974872589111
160,thigh_l,21.46900177001953,-1.523294448852539,-0.0034141121432185173,-0.0069015901535749435,-0.11808773130178452,-0.028292959555983543,0.9925760626792908
160,thigh_r,19.639406204223633,1.5410126447677612,-1.3606328964233398,0.007873732596635818,-0.0793299600481987,0.03043236769735813,0.9963526725769043
160,upperarm_l,-68.55419921875,-139.70181274414062,81.52001953125,-0.056009721010923386,0.48164039850234985,0.7581323385238647,0.43602848052978516
160,upperarm_r,-4.38967227935791,48.72100830078125,-0.08232593536376953,-0.060247570276260376,0.029914818704128265,-0.9971932172775269,0.03287924453616142
161,calf_l,-1.4179342985153198,0.08246372640132904,0.05544202774763107,0.0014085022266954184,0.1206318661570549,-0.041686613112688065,0.991820752620697
161,calf_r,-1.9382635354995728,-0.06339842826128006,0.0902147963643074,-2.1483490854734555e-05,0.14589527249336243,0.04333049803972244,0.9883506894111633
161,clavicle_l,-23.80276107788086,14.582744598388672,1.4038037061691284,0.03145208954811096,0.11082866787910461,-0.21529455482959747,0.9697299003601074
161,clavicle_r,-25.613420486450195,10.635589599609375,1.4032042026519775,0.01768014021217823,0.11383240669965744,-0.20912638306617737,0.9710797071456909
161,foot_l,1.3973159790039062,-0.09328017383813858,-0.020895715802907944,-0.0006954988930374384,8.145511674229056e-05,-0.04572707787156105,0.9989537596702576
161,foot_r,1.3880385160446167,0.09929978102445602,-0.017196588218212128,0.000533649988938123,1.497024732088903e-05,0.045420289039611816,0.9989678263664246
161,hand_l,-41.747127532958984,-125.77813720703125,95.40595245361328,-0.572760283946991,0.38080504536628723,0.4028273820877075,0.6038736701011658
161,hand_r,-22.891599655151367,-134.42059326171875,66.63465881347656,-0.21930740773677826,-0.640691876411438,-0.6904100775718689,0.2544644773006439
161,head,1.1812180280685425,-0.8167530298233032,-2.6083946228027344,0.0026751570403575897,0.021438097581267357,-0.008663404732942581,0.9997290968894958
161,lowerarm_l,94.95069885253906,-22.252466201782227,22.997066497802734,-0.3774922490119934,-0.30533358454704285,0.8457545042037964,0.2212924063205719
161,lowerarm_r,0.5216667652130127,-53.386688232421875,0.3431547284126282,-0.04964718222618103,-0.35692864656448364,-0.9313017129898071,0.05304976552724838
161,neck,-18.187400817871094,0.128985196352005,-0.6014585494995117,0.004960206802934408,0.08135616034269333,-0.010176845826208591,0.9966208338737488
161,pelvis,7.954739093780518,-1.0448068380355835,-2.1710574626922607,-0.0030692368745803833,-0.02918163314461708,-0.10395148396492004,0.9941494464874268
161,root,0.0,0.0,0.0,-2.1139658201718703e-07,-5.7790373375610216e-08,1.0658141036401503e-14,1.0
161,spine_01,-0.8590556383132935,1.1548857688903809,-2.2959232330322266,0.0024578336160629988,0.015535043552517891,-0.15347126126289368,0.9880279302597046
161,spine_02,-11.34062385559082,6.467875003814697,-1.3567805290222168,0.013738909736275673,0.06283538788557053,-0.21318893134593964,0.9748915433883667
161,thigh_l,21.42009925842285,-1.5197087526321411,-0.0005702488124370575,-0.00687387865036726,-0.11787097156047821,-0.028308885172009468,0.9926015734672546
161,thigh_r,19.60306167602539,1.537359356880188,-1.3497577905654907,0.007842553779482841,-0.07929903268814087,0.030436120927333832,0.9963552951812744
161,upperarm_l,-68.85548400878906,-139.97467041015625,82.3396224975586,-0.05473732203245163,0.48424455523490906,0.7576443552970886,0.43414977192878723
161,upperarm_r,-6.038463115692139,48.58607482910156,0.12102723121643066,-0.06625136733055115,0.02936204895377159,-0.9969246983528137,0.02982955053448677
162,calf_l,-1.411710500717163,0.08243703842163086,0.055052828043699265,0.0014227775391191244,0.12032712250947952,-0.041667647659778595,0.9918584823608398
162,calf_r,-1.9299283027648926,-0.06354520469903946,0.08940177410840988,-4.40639050793834e-05,0.14548571407794952,0.043303266167640686,0.9884122610092163
162,clavicle_l,-23.761564254760742,14.507661819458008,1.387905240058899,0.03128882125020027,0.11044095456600189,-0.21464620530605316,0.9699231386184692
162,clavicle_r,-25.566497802734375,10.558334350585938,1.3872566223144531,0.01751335710287094,0.11343492567539215,-0.20848365128040314,0.9712674021720886
162,foot_l,1.3973027467727661,-0.09326191991567612,-0.020799173042178154,-0.0006910843658261001,7.783033652231097e-05,-0.0457252636551857,0.9989538192749023
162,foot_r,1.388105869293213,0.09924042969942093,-0.0171352569013834,0.0005318197072483599,1.323993183177663e-05,0.045422062277793884,0.9989677667617798
162,hand_l,-44.0135498046875,-124.3033676147461,94.24423217773438,-0.5762731432914734,0.38130325078964233,0.3828635811805725,0.6131335496902466
162,hand_r,-26.572158813476562,-133.69619750976562,67.5380859375,-0.23203149437904358,-0.6372010111808777,-0.6904325485229492,0.25187158584594727
162,head,1.1765406131744385,-0.8008015155792236,-2.5971293449401855,0.0026727912481874228,0.021290235221385956,-0.008635022677481174,0.999732494354248
162,lowerarm_l,94.00553894042969,-22.997825622558594,22.142372131347656,-0.37468212842941284,-0.3015535771846771,0.8481751084327698,0.2219858467578888
162,lowerarm_r,-1.2052552700042725,-53.128456115722656,0.4216045141220093,-0.05474650859832764,-0.35596367716789246,-0.9313907027244568,0.05295350030064583
162,neck,-18.193138122558594,0.14417767524719238,-0.595855712890625,0.004957359284162521,0.08121009171009064,-0.010148349218070507,0.9966330528259277
162,pelvis,7.934206008911133,-1.0394090414047241,-2.1617472171783447,-0.0030533287208527327,-0.02918286807835102,-0.10340405255556107,0.9942065477371216
162,root,0.0,0.0,0.0,-2.1139658201718703e-07,-5.7790373375610216e-08,1.0658141036401503e-14,1.0
162,spine_01,-0.8456233739852905,1.13863205909729,-2.287846803665161,0.0024190242402255535,0.015349479392170906,-0.15287230908870697,0.9881237745285034
162,spine_02,-11.286345481872559,6.408882141113281,-1.3602852821350098,0.013606996275484562,0.06243427097797394,-0.2125363051891327,0.9750616550445557
162,thigh_l,21.380355834960938,-1.5163328647613525,0.0019199447706341743,-0.006842649541795254,-0.11768872290849686,-0.028322452679276466,0.992622971534729
162,thigh_r,19.577980041503906,1.5339819192886353,-1.3383135795593262,0.007806809619069099,-0.0793493315577507,0.030436022207140923,0.9963515400886536
162,upperarm_l,-68.97917175292969,-140.236572265625,82.96827697753906,-0.05376865714788437,0.48620209097862244,0.7575830221176147,0.43218573927879333
162,upperarm_r,-7.366019248962402,48.772308349609375,0.3537029027938843,-0.07090911269187927,0.029892301186919212,-0.99664705991745,0.027804046869277954
163,calf_l,-1.406818151473999,0.08371114730834961,0.05560270696878433,0.0014492437476292253,0.12010232359170914,-0.04165176302194595,0.9918864369392395
163,calf_r,-1.9222368001937866,-0.06482938677072525,0.08938538283109665,-7.972450839588419e-05,0.14512261748313904,0.04327721893787384,0.988466739654541
163,clavicle_l,-23.727155685424805,14.416826248168945,1.37051260471344,0.031096119433641434,0.11005553603172302,-0.21367645263671875,0.970187246799469
163,clavicle_r,-25.526199340820312,10.460001945495605,1.3699331283569336,0.017300749197602272,0.1130402535200119,-0.2075171321630478,0.971524178981781
163,foot_l,1.3979653120040894,-0.09278419613838196,-0.020938608795404434,-0.000704741629306227,9.261294326279312e-05,-0.045749928802251816,0.9989526867866516
163,foot_r,1.3887906074523926,0.09878142923116684,-0.01732456311583519,0.0005439811502583325,2.3323520508711226e-05,0.045445166528224945,0.9989667534828186
163,hand_l,-46.77583694458008,-123.10962677001953,95.17227172851562,-0.5714941024780273,0.391193687915802,0.37856870889663696,0.6140422224998474
163,hand_r,-31.632619857788086,-132.8773193359375,69.69235229492188,-0.2547391653060913,-0.6274363994598389,-0.6865637898445129,0.26469191908836365
163,head,1.1746935844421387,-0.7821491956710815,-2.5870323181152344,0.002671340946108103,0.021136529743671417,-0.008594977669417858,0.9997361898422241
163,lowerarm_l,93.16572570800781,-23.020992279052734,21.51439094543457,-0.37169861793518066,-0.3004198670387268,0.8500109910964966,0.22151605784893036
163,lowerarm_r,-2.954266309738159,-53.41792678833008,0.7669217586517334,-0.05993302911520004,-0.3570827841758728,-0.9306668639183044,0.05252730846405029
163,neck,-18.197961807250977,0.16080141067504883,-0.5914449691772461,0.004952164366841316,0.08106397837400436,-0.010107983835041523,0.9966453909873962
163,pelvis,7.915118217468262,-1.032500982284546,-2.1542131900787354,-0.003031939035281539,-0.02918849140405655,-0.10273264348506927,0.9942760467529297
163,root,0.0,0.0,0.0,-2.1139658201718703e-07,-5.7790373375610216e-08,1.0658141036401503e-14,1.0
163,spine_01,-0.831459105014801,1.120611310005188,-2.2813141345977783,0.0023760965559631586,0.015160110779106617,-0.15205667912960052,0.9882526397705078
163,spine_02,-11.234756469726562,6.340546131134033,-1.3651490211486816,0.01345446240156889,0.0620323121547699,-0.21155858039855957,0.97530198097229
163,thigh_l,21.35064125061035,-1.5125566720962524,0.004411791451275349,-0.006803666241466999,-0.1175471842288971,-0.02833520993590355,0.9926396608352661
163,thigh_r,19.56428337097168,1.5303400754928589,-1.326204776763916,0.007762754335999489,-0.07948033511638641,0.030432650819420815,0.9963415861129761
163,upperarm_l,-69.17532348632812,-140.5366973876953,83.76325988769531,-0.052120525389909744,0.4886898696422577,0.7575893402099609,0.42956268787384033
163,upperarm_r,-8.677982330322266,48.84211349487305,0.5655378103256226,-0.07556676119565964,0.02993791736662388,-0.9963697791099548,0.02531188167631626
164,calf_l,-1.4028282165527344,0.08343298733234406,0.055385567247867584,0.0014672301476821303,0.11990146338939667,-0.041638389229774475,0.9919111728668213
164,calf_r,-1.915006160736084,-0.06488382071256638,0.08886940777301788,-0.00011003981489920989,0.1447634994983673,0.04325159266591072,0.9885205626487732
164,clavicle_l,-23.701866149902344,14.305840492248535,1.3510311841964722,0.030855732038617134,0.10967747122049332,-0.21240361034870148,0.9705171585083008
164,clavicle_r,-25.489213943481445,10.347357749938965,1.350497841835022,0.017064839601516724,0.11264260858297348,-0.20624922215938568,0.971844494342804
164,foot_l,1.3976422548294067,-0.09302813559770584,-0.02090352587401867,-0.0006966455257497728,8.135820098686963e-05,-0.04573678970336914,0.9989534020423889
164,foot_r,1.3885698318481445,0.09892703592777252,-0.017328234389424324,0.0005391836166381836,1.6081525245681405e-05,0.04543684795498848,0.9989671111106873
164,hand_l,-49.32492446899414,-121.9548568725586,96.12415313720703,-0.567190408706665,0.4005512297153473,0.37441524863243103,0.6145461797714233
164,hand_r,-36.24217987060547,-132.02598571777344,71.89420318603516,-0.2757180333137512,-0.6178699135780334,-0.6825491189956665,0.27630242705345154
164,head,1.1716246604919434,-0.7616914510726929,-2.5788426399230957,0.0026686403434723616,0.0209882240742445,-0.008541704155504704,0.9997397065162659
164,lowerarm_l,92.24022674560547,-22.985004425048828,20.80633544921875,-0.36827102303504944,-0.2993302047252655,0.8520058989524841,0.2210516780614853
164,lowerarm_r,-4.475589275360107,-53.631568908691406,1.0646909475326538,-0.06436168402433395,-0.3580256700515747,-0.9300332069396973,0.05209106579422951
164,neck,-18.20016860961914,0.17958106100559235,-0.5891919136047363,0.004947676323354244,0.08091148734092712,-0.010054923593997955,0.9966583251953125
164,pelvis,7.895274639129639,-1.0247650146484375,-2.147543430328369,-0.0030094776302576065,-0.029188599437475204,-0.10194136202335358,0.9943576455116272
164,root,0.0,0.0,0.0,-2.1139658201718703e-07,-5.7790373375610216e-08,1.0658141036401503e-14,1.0
164,spine_01,-0.8173230886459351,1.101454496383667,-2.2760093212127686,0.002331160008907318,0.01497084554284811,-0.1510387361049652,0.9884117841720581
164,spine_02,-11.184903144836426,6.262939453125,-1.3718485832214355,0.01328106876462698,0.06162659451365471,-0.21027760207653046,0.97560715675354
164,thigh_l,21.32047462463379,-1.5103079080581665,0.005167210474610329,-0.006772535387426615,-0.1173863485455513,-0.0283476784825325,0.9926585555076599
164,thigh_r,19.553796768188477,1.5281033515930176,-1.3141794204711914,0.0077248732559382915,-0.0796457901597023,0.03042575903236866,0.9963289499282837
164,upperarm_l,-69.31434631347656,-140.84970092773438,84.53941345214844,-0.05030138045549393,0.49109458923339844,0.7578439712524414,0.4265775978565216
164,upperarm_r,-9.808913230895996,48.99363708496094,0.769495964050293,-0.0795157253742218,0.03022364154458046,-0.996107816696167,0.02308790571987629
165,calf_l,-1.400064468383789,0.08517991751432419,0.05652138590812683,0.0015022109728306532,0.11978389322757721,-0.04162786528468132,0.9919257760047913
165,calf_r,-1.908433437347412,-0.06659164279699326,0.08946878463029861,-0.0001564573176437989,0.14445628225803375,0.04322710633277893,0.988566517829895
165,clavicle_l,-23.68112564086914,14.183944702148438,1.3308743238449097,0.030599797144532204,0.1092999130487442,-0.21085208654403687,0.9709060788154602
165,clavicle_r,-25.457931518554688,10.21444034576416,1.3303017616271973,0.016782252117991447,0.11224693804979324,-0.2047014832496643,0.9722224473953247
165,foot_l,1.3984376192092896,-0.09241695702075958,-0.021018316969275475,-0.0007109176367521286,9.880346624413505e-05,-0.04576621204614639,0.9989519715309143
165,foot_r,1.3893425464630127,0.09836366027593613,-0.01749732531607151,0.0005531068309210241,2.9357273888308555e-05,0.04546442627906799,0.998965859413147
165,hand_l,-50.92775344848633,-120.70902252197266,95.03192901611328,-0.5726238489151001,0.39964497089385986,0.3546466827392578,0.6217809319496155
165,hand_r,-40.4158821105957,-131.17770385742188,74.13473510742188,-0.2950960397720337,-0.6086406707763672,-0.6783454418182373,0.28691866993904114
165,head,1.1728860139846802,-0.7394446134567261,-2.571094036102295,0.002665597014129162,0.02082950435578823,-0.00847790576517582,0.999743640422821
165,lowerarm_l,91.06165313720703,-23.621265411376953,19.751081466674805,-0.36431989073753357,-0.2955290675163269,0.8548356294631958,0.22178740799427032
165,lowerarm_r,-5.771573543548584,-53.778900146484375,1.312217116355896,-0.06803910434246063,-0.3588159382343292,-0.9294931888580322,0.051615726202726364
165,neck,-18.202966690063477,0.19931448996067047,-0.5871772766113281,0.004940809216350317,0.08076362311840057,-0.009990746155381203,0.9966710209846497
165,pelvis,7.877209186553955,-1.0156326293945312,-2.1425962448120117,-0.002981519792228937,-0.02919561043381691,-0.10104362666606903,0.9944490790367126
165,root,0.0,0.0,0.0,-2.1139658201718703e-07,-5.7790373375610216e-08,1.0658141036401503e-14,1.0
165,spine_01,-0.8025712966918945,1.0807418823242188,-2.27200984954834,0.0022822858300060034,0.01477787271142006,-0.14983363449573517,0.9885982275009155
165,spine_02,-11.137986183166504,6.1778998374938965,-1.379227638244629,0.013091200962662697,0.061223261058330536,-0.20871597528457642,0.9759702682495117
165,thigh_l,21.301895141601562,-1.5071227550506592,0.006500771269202232,-0.006730284541845322,-0.11727848649024963,-0.02835921198129654,0.9926712512969971
165,thigh_r,19.555419921875,1.5250637531280518,-1.301233172416687,0.007675474975258112,-0.07989448308944702,0.030415596440434456,0.9963096380233765
165,upperarm_l,-69.31193542480469,-141.14158630371094,85.13380432128906,-0.04884665086865425,0.492899090051651,0.7583671808242798,0.4237261116504669
165,upperarm_r,-10.755614280700684,49.216007232666016,0.9591013193130493,-0.08275249600410461,0.030719580128788948,-0.995872974395752,0.021106015890836716
166,calf_l,-1.3980019092559814,0.08529698103666306,0.05684194713830948,0.0015276081394404173,0.11967850476503372,-0.04161924123764038,0.9919388890266418
166,calf_r,-1.9020792245864868,-0.06705693900585175,0.08946787565946579,-0.00019691683701239526,0.14414247870445251,0.04320274665951729,0.988613486289978
166,clavicle_l,-23.66865348815918,14.044780731201172,1.3090472221374512,0.03030267171561718,0.10893116891384125,-0.20904044806957245,0.9713484644889832
166,clavicle_r,-25.4295711517334,10.070656776428223,1.3084462881088257,0.016484202817082405,0.11185099929571152,-0.2028946578502655,0.9726517200469971
166,foot_l,1.398193597793579,-0.09263840317726135,-0.02104579657316208,-0.0007065419340506196,9.080799645744264e-05,-0.04575648158788681,0.9989523887634277
166,foot_r,1.3892512321472168,0.09846417605876923,-0.017535384744405746,0.0005506279412657022,2.3599479391123168e-05,0.04545958340167999,0.9989660382270813
166,hand_l,-53.027469635009766,-119.72196960449219,96.00690460205078,-0.5697600841522217,0.4078080952167511,0.35069218277931213,0.6213541626930237
166,hand_r,-42.621742248535156,-130.50350952148438,74.86386108398438,-0.30193033814430237,-0.6082969903945923,-0.6783137917518616,0.28054100275039673
166,head,1.1718556880950928,-0.7153736352920532,-2.5650501251220703,0.002662941347807646,0.020678995177149773,-0.008401772007346153,0.9997473359107971
166,lowerarm_l,89.96363830566406,-23.509519577026367,18.897235870361328,-0.3600730895996094,-0.29440832138061523,0.8571311235427856,0.22135351598262787
166,lowerarm_r,-6.681712627410889,-53.183956146240234,1.1691339015960693,-0.07037343084812164,-0.3569856882095337,-0.9300457239151001,0.05122460797429085
166,neck,-18.203264236450195,0.22070938348770142,-0.587165355682373,0.004934646189212799,0.08060921728610992,-0.009914872236549854,0.9966842532157898
166,pelvis,7.858193874359131,-1.005773663520813,-2.1381735801696777,-0.0029526452999562025,-0.02919703535735607,-0.1000424325466156,0.994550347328186
166,root,0.0,0.0,0.0,-2.1139658201718703e-07,-5.7790373375610216e-08,1.0658141036401503e-14,1.0
166,spine_01,-0.7882086634635925,1.0592375993728638,-2.2688984870910645,0.0022321781143546104,0.014586475677788258,-0.14845483005046844,0.9888091683387756
166,spine_02,-11.09268569946289,6.085592269897461,-1.3881325721740723,0.012885463424026966,0.060818277299404144,-0.20689432322978973,0.9763861298561096
166,thigh_l,21.281442642211914,-1.5054479837417603,0.006197858601808548,-0.006696417462080717,-0.11714588850736618,-0.02837103046476841,0.992686927318573
166,thigh_r,19.558237075805664,1.5234084129333496,-1.2883838415145874,0.007632992696017027,-0.08016446977853775,0.030403083190321922,0.9962887167930603
166,upperarm_l,-69.3521957397461,-141.4778594970703,85.87895965576172,-0.046709094196558,0.49516531825065613,0.7590456604957581,0.42009443044662476
166,upperarm_r,-11.390068054199219,49.71959686279297,1.153630018234253,-0.08474276959896088,0.03219340369105339,-0.9956843256950378,0.019874319434165955
167,calf_l,-1.3966659307479858,0.084968201816082,0.057046230882406235,0.001551789348013699,0.11960013955831528,-0.0416114516556263,0.9919485449790955
167,calf_r,-1.8959890604019165,-0.06707141548395157,0.08936931937932968,-0.00023684778716415167,0.14383570849895477,0.04317881166934967,0.988659143447876
167,clavicle_l,-23.662046432495117,13.89134693145752,1.2860479354858398,0.029973892495036125,0.1085670068860054,-0.2069936990737915,0.9718376398086548
167,clavicle_r,-25.404399871826172,9.915048599243164,1.2855684757232666,0.016165049746632576,0.11145603656768799,-0.20085303485393524,0.9731260538101196
167,foot_l,1.3975938558578491,-0.09311328083276749,-0.02102956362068653,-0.0006951853283680975,7.355670095421374e-05,-0.045732978731393814,0.9989534616470337
167,foot_r,1.3888311386108398,0.09881395101547241,-0.017518669366836548,0.0005430876044556499,1.1531970812939107e-05,0.045443322509527206,0.9989668130874634
167,hand_l,-54.09385681152344,-118.7620849609375,94.94097137451172,-0.5768985748291016,0.40544453263282776,0.33089911937713623,0.6271432638168335
167,hand_r,-46.03253936767578,-129.7713623046875,77.1144790649414,-0.3186357319355011,-0.6004235744476318,-0.6737146377563477,0.28995072841644287
167,head,1.1702977418899536,-0.6900005340576172,-2.560102939605713,0.0026597734540700912,0.020531637594103813,-0.00831728894263506,0.9997511506080627
167,lowerarm_l,88.64433288574219,-24.119749069213867,17.742076873779297,-0.35550180077552795,-0.29047614336013794,0.8601755499839783,0.2221265733242035
167,lowerarm_r,-7.55615234375,-53.21698760986328,1.3107962608337402,-0.07263834029436111,-0.35750818252563477,-0.9297065734863281,0.050569187849760056
167,neck,-18.202302932739258,0.24325521290302277,-0.588381290435791,0.004928018432110548,0.08045241236686707,-0.009831060655415058,0.9966977834701538
167,pelvis,7.838925838470459,-0.9950465559959412,-2.1344423294067383,-0.002921528648585081,-0.02919657900929451,-0.09894829243421555,0.9946599006652832
167,root,0.0,0.0,0.0,-2.1139658201718703e-07,-5.7790373375610216e-08,1.0658141036401503e-14,1.0
167,spine_01,-0.7741680145263672,1.0369642972946167,-2.266561985015869,0.0021806424483656883,0.01439601555466652,-0.14691781997680664,0.9890415668487549
167,spine_02,-11.049410820007324,5.987138748168945,-1.3979434967041016,0.012666336260735989,0.06041450425982475,-0.2048361599445343,0.9768479466438293
167,thigh_l,21.26256561279297,-1.5044198036193848,0.0051069073379039764,-0.006664817221462727,-0.11701048165559769,-0.028381966054439545,0.9927027821540833
167,thigh_r,19.564714431762695,1.522426962852478,-1.275283694267273,0.007591994013637304,-0.08046870678663254,0.030388344079256058,0.9962648749351501
167,upperarm_l,-69.26910400390625,-141.78404235839844,86.43853759765625,-0.04502232000231743,0.49682995676994324,0.7598865032196045,0.41677993535995483
167,upperarm_r,-11.973597526550293,50.05674362182617,1.3022959232330322,-0.08660208433866501,0.03303445130586624,-0.9955276250839233,0.018264396116137505
168,calf_l,-1.3962041139602661,0.08662205934524536,0.05851604416966438,0.001591566833667457,0.11958982050418854,-0.04160653054714203,0.9919500350952148
168,calf_r,-1.8903188705444336,-0.06893520802259445,0.09034988284111023,-0.00029323564376682043,0.14357095956802368,0.04315543919801712,0.9886986017227173
168,clavicle_l,-23.660255432128906,13.73277759552002,1.2635551691055298,0.02964293211698532,0.10821176320314407,-0.20473334193229675,0.9723660945892334
168,clavicle_r,-25.385051727294922,9.743722915649414,1.2628306150436401,0.015808546915650368,0.11106923967599869,-0.19859476387500763,0.9736394882202148
168,foot_l,1.3982031345367432,-0.09255220741033554,-0.020955871790647507,-0.0007012589485384524,8.769041596679017e-05,-0.045756835490465164,0.9989523887634277
168,foot_r,1.3895114660263062,0.09825201332569122,-0.017590997740626335,0.0005508842878043652,2.239869354525581e-05,0.04546746239066124,0.9989656805992126
168,hand_l,-55.68787384033203,-118.0334701538086,95.9101333618164,-0.5758981108665466,0.41204115748405457,0.32698559761047363,0.6258145570755005
168,hand_r,-49.04545593261719,-129.13409423828125,79.4179916381836,-0.33411645889282227,-0.5931010246276855,-0.6687201261520386,0.29901638627052307
168,head,1.1730148792266846,-0.6635215282440186,-2.5551557540893555,0.002656401600688696,0.020373601466417313,-0.008223491720855236,0.9997550845146179
168,lowerarm_l,87.37773895263672,-23.973548889160156,16.761837005615234,-0.35052022337913513,-0.28920426964759827,0.8627467751502991,0.22173060476779938
168,lowerarm_r,-8.21377182006836,-53.21291732788086,1.4037806987762451,-0.07418347895145416,-0.35795700550079346,-0.929452121257782,0.04982338100671768
168,neck,-18.203100204467773,0.266126811504364,-0.5891919136047363,0.004919249564409256,0.08030349761247635,-0.009737081825733185,0.9967107772827148
168,pelvis,7.821268081665039,-0.9831859469413757,-2.1320581436157227,-0.0028857113793492317,-0.029203571379184723,-0.09777195006608963,0.9947761297225952
168,root,0.0,0.0,0.0,-2.1139658201718703e-07,-5.7790373375610216e-08,1.0658141036401503e-14,1.0
168,spine_01,-0.759897768497467,1.0136563777923584,-2.2651493549346924,0.0021264313254505396,0.014203280210494995,-0.14523662626743317,0.9892928004264832
168,spine_02,-11.00911808013916,5.883933067321777,-1.4078497886657715,0.012436996214091778,0.06001679226756096,-0.20256175100803375,0.9773495197296143
168,thigh_l,21.253833770751953,-1.5022095441818237,0.004804483614861965,-0.006621551234275103,-0.11692386865615845,-0.028392251580953598,0.9927129149436951
168,thigh_r,19.581321716308594,1.520354986190796,-1.261197805404663,0.007538978010416031,-0.08084248751401901,0.030371174216270447,0.9962355494499207
168,upperarm_l,-69.21107482910156,-142.1416015625,87.14584350585938,-0.04263605549931526,0.4989354908466339,0.7609361410140991,0.4125794470310211
168,upperarm_r,-12.371521949768066,50.43365478515625,1.4238417148590088,-0.08775999397039413,0.033996518701314926,-0.9954188466072083,0.016845444217324257
169,calf_l,-1.3959262371063232,0.08581113070249557,0.05859455466270447,0.0016153602628037333,0.11955763399600983,-0.04160153120756149,0.99195396900177
169,calf_r,-1.8845524787902832,-0.06860941648483276,0.09022818505764008,-0.0003355536318849772,0.14327403903007507,0.04313173145055771,0.9887427091598511
169,clavicle_l,-23.664995193481445,13.558024406433105,1.2395520210266113,0.029269957914948463,0.10786394029855728,-0.20227870345115662,0.9729295969009399
169,clavicle_r,-25.367481231689453,9.567845344543457,1.2390633821487427,0.015452349558472633,0.11068519204854965,-0.196143239736557,0.9741857647895813
169,foot_l,1.3972148895263672,-0.0935620665550232,-0.021230999380350113,-0.0006940961466170847,5.874432099517435e-05,-0.045716285705566406,0.9989542365074158
169,foot_r,1.3887168169021606,0.09903208911418915,-0.017746487632393837,0.0005457015358842909,1.5453350670213695e-06,0.045437004417181015,0.9989671111106873
169,hand_l,-56.999088287353516,-117.45597076416016,96.86656951904297,-0.5759417414665222,0.41768965125083923,0.3230046331882477,0.6240950226783752
169,hand_r,-51.669681549072266,-128.61740112304688,81.78423309326172,-0.34849268198013306,-0.5863669514656067,-0.6632517576217651,0.3079346716403961
169,head,1.170814037322998,-0.6358030438423157,-2.5518298149108887,0.0026536176446825266,0.020230982452630997,-0.008121575228869915,0.9997588396072388
169,lowerarm_l,86.02598571777344,-23.822711944580078,15.722624778747559,-0.3451880216598511,-0.2878152132034302,0.8654536008834839,0.22135424613952637
169,lowerarm_r,-8.657459259033203,-53.1806755065918,1.4506254196166992,-0.07502114027738571,-0.35835668444633484,-0.9292759299278259,0.048975564539432526
169,neck,-18.200971603393555,0.2900788486003876,-0.5920529365539551,0.004911270923912525,0.08014583587646484,-0.009635069407522678,0.996724545955658
169,pelvis,7.801504611968994,-0.9709995985031128,-2.1294236183166504,-0.00285091670230031,-0.0292007215321064,-0.0965162143111229,0.9948989152908325
169,root,0.0,0.0,0.0,-2.1139658201718703e-07,-5.7790373375610216e-08,1.0658141036401503e-14,1.0
169,spine_01,-0.746810793876648,0.990248441696167,-2.2639811038970947,0.002072814851999283,0.014015624299645424,-0.14342541992664337,0.9895597696304321
169,spine_02,-10.970122337341309,5.775918960571289,-1.4188885688781738,0.012197469361126423,0.05961966887116432,-0.20009441673755646,0.9778849482536316
169,thigh_l,21.23810386657715,-1.502039909362793,0.0024701468646526337,-0.006591964513063431,-0.11678711324930191,-0.028403038159012794,0.9927289485931396
169,thigh_r,19.594215393066406,1.520121693611145,-1.2474380731582642,0.007497990503907204,-0.08120755851268768,0.030352918431162834,0.9962067604064941
169,upperarm_l,-69.09815216064453,-142.5105743408203,87.82955169677734,-0.040157612413167953,0.5009428858757019,0.7621634602546692,0.4081059396266937
169,upperarm_r,-12.584214210510254,50.84123611450195,1.5161409378051758,-0.08822252601385117,0.035052817314863205,-0.9953615665435791,0.015605156309902668
170,calf_l,-1.3964581489562988,0.08865199238061905,0.06095939129590988,0.0016659657703712583,0.11961256712675095,-0.041599009186029434,0.9919474124908447
170,calf_r,-1.879151701927185,-0.07147172838449478,0.09195315837860107,-0.00040327696478925645,0.14303746819496155,0.043108921498060226,0.9887779355049133
170,clavicle_l,-23.670833587646484,13.38326644897461,1.2167247533798218,0.028910629451274872,0.10751859098672867,-0.1996566206216812,0.9735199809074402
170,clavicle_r,-25.354719161987305,9.375121116638184,1.2161146402359009,0.015051237307488918,0.11030695587396622,-0.19352398812770844,0.9747586250305176
170,foot_l,1.3984763622283936,-0.09245732426643372,-0.021168898791074753,-0.0007109316647984087,9.256822522729635e-05,-0.04576563462615013,0.9989519715309143
170,foot_r,1.390037178993225,0.09800034761428833,-0.017878420650959015,0.000563157896976918,2.6724495910457335e-05,0.045483462512493134,0.9989649653434753
170,hand_l,-58.013671875,-117.05036163330078,97.80284881591797,-0.5771477222442627,0.42230024933815,0.31890586018562317,0.6219824552536011
170,hand_r,-52.55441665649414,-128.44851684570312,82.52204895019531,-0.3511533737182617,-0.5897749662399292,-0.6619215607643127,0.3011922240257263
170,head,1.175748586654663,-0.6076468825340271,-2.5474190711975098,0.002650025999173522,0.02006942220032215,-0.008013788610696793,0.999763011932373
170,lowerarm_l,84.5926513671875,-23.681215286254883,14.631043434143066,-0.33953857421875,-0.28626981377601624,0.8682876825332642,0.22099705040454865
170,lowerarm_r,-8.783097267150879,-52.412391662597656,1.1110018491744995,-0.07473168522119522,-0.35611626505851746,-0.9302077889442444,0.04806135594844818
170,neck,-18.202796936035156,0.31396207213401794,-0.5931735038757324,0.004900961648672819,0.08000332862138748,-0.009527466259896755,0.996737003326416
170,pelvis,7.784710884094238,-0.9574645161628723,-2.128380537033081,-0.0028091741260141134,-0.029212651774287224,-0.0951971784234047,0.9950257539749146
170,root,0.0,0.0,0.0,-2.1139658201718703e-07,-5.7790373375610216e-08,1.0658141036401503e-14,1.0
170,spine_01,-0.7333433032035828,0.96587073802948,-2.2636711597442627,0.002016416983678937,0.01382444892078638,-0.14150065183639526,0.9898396134376526
170,spine_02,-10.93472957611084,5.665085315704346,-1.4290571212768555,0.011952013708651066,0.05923320725560188,-0.19745643436908722,0.9784476161003113
170,thigh_l,21.237289428710938,-1.499358892440796,0.002202647738158703,-0.0065414803102612495,-0.1167299747467041,-0.028412820771336555,0.992735743522644
170,thigh_r,19.62059783935547,1.5177106857299805,-1.2321645021438599,0.0074370671063661575,-0.08165911585092545,0.0303325355052948,0.9961708784103394
170,upperarm_l,-68.93128967285156,-142.8903350830078,88.4881591796875,-0.03761215880513191,0.5028494000434875,0.7635483741760254,0.40338781476020813
170,upperarm_r,-12.51563549041748,51.48347473144531,1.6075223684310913,-0.08758959174156189,0.03694109618663788,-0.9953595995903015,0.014925241470336914
171,calf_l,-1.397098183631897,0.08943241089582443,0.06213947385549545,0.0017028753645718098,0.11964333057403564,-0.04159612953662872,0.9919437170028687
171,calf_r,-1.8735768795013428,-0.07260973751544952,0.09266887605190277,-0.00045966400648467243,0.14276725053787231,0.04308544471859932,0.9888179898262024
171,clavicle_l,-23.683019638061523,13.197379112243652,1.1934655904769897,0.028522640466690063,0.10718579590320587,-0.19688346982002258,0.9741327166557312
171,clavicle_r,-25.344038009643555,9.179699897766113,1.1928308010101318,0.014652675949037075,0.10993528366088867,-0.19075405597686768,0.9753524661064148
171,foot_l,1.3984421491622925,-0.09249595552682877,-0.021175567060709,-0.000709919782821089,8.94878976396285e-05,-0.04576318338513374,0.9989520907402039
171,foot_r,1.3901467323303223,0.09793946146965027,-0.017987938597798347,0.0005649594822898507,2.5299963454017416e-05,0.04548710584640503,0.998964786529541
171,hand_l,-58.71315002441406,-116.83824157714844,98.71019744873047,-0.5796410441398621,0.4257591664791107,0.3146357834339142,0.6194754242897034
171,hand_r,-54.47900390625,-128.2474822998047,85.0167236328125,-0.3637743890285492,-0.5845265984535217,-0.6553732752799988,0.3106168508529663
171,head,1.176577091217041,-0.578894853591919,-2.5441765785217285,0.0026463849935680628,0.019920730963349342,-0.007898627780377865,0.9997668862342834
171,lowerarm_l,83.07950592041016,-23.56407356262207,13.492873191833496,-0.3335988223552704,-0.28452277183532715,0.8712459802627563,0.22065597772598267
171,lowerarm_r,-8.825090408325195,-52.34576416015625,1.0770808458328247,-0.07424681633710861,-0.35647326707839966,-0.930165708065033,0.04696832224726677
171,neck,-18.202835083007812,0.3383258283138275,-0.5956649780273438,0.004890800453722477,0.07985557615756989,-0.009412702172994614,0.9967501163482666
171,pelvis,7.76594877243042,-0.9437029361724854,-2.1269500255584717,-0.0027684264350682497,-0.029216302558779716,-0.09381575882434845,0.9951569437980652
171,root,0.0,0.0,0.0,-2.1139658201718703e-07,-5.7790373375610216e-08,1.0658141036401503e-14,1.0
171,spine_01,-0.7213122844696045,0.9415252804756165,-2.263331413269043,0.0019605616107583046,0.01363902073353529,-0.1394745409488678,0.990129828453064
171,spine_02,-10.900904655456543,5.550957679748535,-1.439833641052246,0.011699476279318333,0.058850206434726715,-0.1946684867143631,0.9790322184562683
171,thigh_l,21.22986602783203,-1.4982426166534424,0.0002898508682847023,-0.006501960568130016,-0.11662790179252625,-0.02842298150062561,0.9927476048469543
171,thigh_r,19.6426944732666,1.5166255235671997,-1.2171130180358887,0.007385450880974531,-0.08209691941738129,0.03031153976917267,0.996135950088501
171,upperarm_l,-68.71039581298828,-143.2807159423828,89.12088012695312,-0.03502478823065758,0.5046530365943909,0.7650736570358276,0.3984481394290924
171,upperarm_r,-12.374446868896484,51.927207946777344,1.6407757997512817,-0.0867365226149559,0.0381091833114624,-0.9954040050506592,0.013977696187794209
172,calf_l,-1.3979448080062866,0.09117275476455688,0.0638720840215683,0.0017469583544880152,0.11969688534736633,-0.0415944829583168,0.9919372797012329
172,calf_r,-1.8680013418197632,-0.07449318468570709,0.0939297005534172,-0.000522847578395158,0.1425052136182785,0.043060995638370514,0.9888567924499512
172,clavicle_l,-23.69853401184082,13.007134437561035,1.1707227230072021,0.028128616511821747,0.10686154663562775,-0.19398505985736847,0.9747611284255981
172,clavicle_r,-25.33627700805664,8.977456092834473,1.1700581312179565,0.014240233227610588,0.10957112163305283,-0.18785785138607025,0.9759615063667297
172,foot_l,1.3989806175231934,-0.09209462255239487,-0.021246451884508133,-0.0007197773084044456,0.00010070540884044021,-0.04578307643532753,0.9989511370658875
172,foot_r,1.3907074928283691,0.09752414375543594,-0.018113499507308006,0.0005753673613071442,3.469743751338683e-05,0.045507024973630905,0.9989638924598694
172,hand_l,-59.080230712890625,-116.83840942382812,99.58390808105469,-0.5835224390029907,0.42796221375465393,0.31015920639038086,0.6165640950202942
172,hand_r,-56.025909423828125,-128.22764587402344,87.63475036621094,-0.3756554424762726,-0.5798162817955017,-0.6480394601821899,0.3205324113368988
172,head,1.1776700019836426,-0.5497264862060547,-2.540874481201172,0.0026429633144289255,0.019772503525018692,-0.007779606617987156,0.9997707605361938
172,lowerarm_l,81.49162292480469,-23.486583709716797,12.315535545349121,-0.3274073600769043,-0.2825327515602112,0.8743190765380859,0.22033143043518066
172,lowerarm_r,-8.658788681030273,-52.28175354003906,1.0117053985595703,-0.07308599352836609,-0.3568691611289978,-0.9301655292510986,0.0457705482840538
172,neck,-18.203880310058594,0.3628385365009308,-0.5979537963867188,0.00488028209656477,0.07971221953630447,-0.009293469600379467,0.9967626929283142
172,pelvis,7.747487545013428,-0.9292822480201721,-2.1258294582366943,-0.002725230762735009,-0.029222803190350533,-0.09238405525684357,0.9952908158302307
172,root,0.0,0.0,0.0,-2.1139658201718703e-07,-5.7790373375610216e-08,1.0658141036401503e-14,1.0
172,spine_01,-0.710111677646637,0.9171045422554016,-2.2631466388702393,0.0019047996029257774,0.013456074520945549,-0.13736394047737122,0.9904274344444275
172,spine_02,-10.869585990905762,5.43526029586792,-1.4503002166748047,0.01144441869109869,0.058475691825151443,-0.19175463914871216,0.9796324968338013
172,thigh_l,21.225704193115234,-1.4965052604675293,-0.0012607080861926079,-0.006456952542066574,-0.1165400892496109,-0.02843378111720085,0.9927579164505005
172,thigh_r,19.66834259033203,1.5150537490844727,-1.2013013362884521,0.0073286788538098335,-0.0825640931725502,0.0302890632301569,0.996098518371582
172,upperarm_l,-68.4371566772461,-143.68075561523438,89.72681427001953,-0.03242193162441254,0.5063530802726746,0.7667169570922852,0.3933199346065521
172,upperarm_r,-12.05477523803711,52.37538146972656,1.6430467367172241,-0.08521892875432968,0.039293449372053146,-0.9954996109008789,0.013200893066823483
173,calf_l,-1.3986374139785767,0.0902731642127037,0.06407172977924347,0.0017728612292557955,0.11970745027065277,-0.04159141704440117,0.9919360876083374
173,calf_r,-1.8620342016220093,-0.0741986557841301,0.09389714896678925,-0.0005707049858756363,0.1421964019536972,0.04303593561053276,0.9889023303985596
173,clavicle_l,-23.71959686279297,12.807829856872559,1.1478497982025146,0.027709603309631348,0.10655079782009125,-0.19098152220249176,0.9754000306129456
173,clavicle_r,-25.329816818237305,8.775437355041504,1.1472314596176147,0.013836517930030823,0.10921395570039749,-0.1848571002483368,0.9765801429748535
173,foot_l,1.3978923559188843,-0.09297360479831696,-0.021182924509048462,-0.0006993457209318876,7.078220369294286e-05,-0.04574071988463402,0.998953104019165
173,foot_r,1.3898954391479492,0.09816037118434906,-0.018022632226347923,0.0005597298149950802,1.3471108104567975e-05,0.04547646641731262,0.998965322971344
173,hand_l,-59.09365463256836,-117.06903076171875,100.42139434814453,-0.5888783931732178,0.42879289388656616,0.3054604232311249,0.6132315993309021
173,hand_r,-57.19264602661133,-128.40200805664062,90.40229034423828,-0.3869321048259735,-0.5755839943885803,-0.6397878527641296,0.3311466574668884
173,head,1.1744074821472168,-0.5204419493675232,-2.5384068489074707,0.002639282727614045,0.019637765362858772,-0.007655749097466469,0.9997743964195251
173,lowerarm_l,79.83464813232422,-23.464008331298828,11.107027053833008,-0.321004182100296,-0.2802586853504181,0.8774980902671814,0.22001981735229492
173,lowerarm_r,-8.283977508544922,-52.23060989379883,0.9214594960212708,-0.07125478982925415,-0.3573341369628906,-0.9301919937133789,0.044476039707660675
173,neck,-18.203426361083984,0.3878885805606842,-0.6013154983520508,0.004871199373155832,0.07956437021493912,-0.009170166216790676,0.99677574634552
173,pelvis,7.726702690124512,-0.9148861169815063,-2.12399959564209,-0.002683951985090971,-0.02922023832798004,-0.09090644121170044,0.9954270124435425
173,root,0.0,0.0,0.0,-2.1139658201718703e-07,-5.7790373375610216e-08,1.0658141036401503e-14,1.0
173,spine_01,-0.7006824016571045,0.893016517162323,-2.262699604034424,0.001850358908995986,0.013280094601213932,-0.1351819485425949,0.9907301068305969
173,spine_02,-10.84006118774414,5.317903518676758,-1.4609932899475098,0.011186057701706886,0.058107443153858185,-0.1887352019548416,0.9802435636520386
173,thigh_l,21.21216583251953,-1.4966976642608643,-0.004646671004593372,-0.006426398176699877,-0.11639411747455597,-0.028445128351449966,0.9927749037742615
173,thigh_r,19.68720245361328,1.5151361227035522,-1.1859227418899536,0.0072845881804823875,-0.08300166577100754,0.030267026275396347,0.9960630536079407
173,upperarm_l,-68.11268615722656,-144.0895538330078,90.30488586425781,-0.029832983389496803,0.507948100566864,0.7684571743011475,0.38803648948669434
173,upperarm_r,-11.558672904968262,52.81982421875,1.6151189804077148,-0.0830455794930458,0.04046911373734474,-0.9956439733505249,0.012601420283317566
174,calf_l,-1.3994156122207642,0.09109669923782349,0.06524638831615448,0.0018110295059159398,0.11974522471427917,-0.04158945381641388,0.9919316172599792
174,calf_r,-1.8559176921844482,-0.07532216608524323,0.09460616856813431,-0.0006297157960943878,0.14189985394477844,0.04301014915108681,0.9889459609985352
174,clavicle_l,-23.74228286743164,12.609006881713867,1.1263293027877808,0.027298366650938988,0.10624809563159943,-0.18789619207382202,0.9760436415672302
174,clavicle_r,-25.326549530029297,8.56719970703125,1.125693917274475,0.01341700367629528,0.10886696726083755,-0.18177419900894165,0.9772033095359802
174,foot_l,1.3978358507156372,-0.09301488846540451,-0.021228719502687454,-0.0006980560719966888,6.793309148633853e-05,-0.04573862627148628,0.9989532232284546
174,foot_r,1.3899890184402466,0.09813059866428375,-0.018129022791981697,0.000561265682335943,1.1755696505133528e-05,0.045478373765945435,0.9989652037620544
174,hand_l,-58.73108673095703,-117.54542541503906,101.22702026367188,-0.5957610607147217,0.4281459450721741,0.30056139826774597,0.6094445586204529
174,hand_r,-57.97407150268555,-128.7808837890625,93.35505676269531,-0.397769957780838,-0.5717248320579529,-0.6304492950439453,0.34270045161247253
174,head,1.1725932359695435,-0.4911623001098633,-2.5353312492370605,0.002635739976540208,0.019500145688652992,-0.0075293187983334064,0.9997779726982117
174,lowerarm_l,78.11811065673828,-23.50955581665039,9.877447128295898,-0.3144398629665375,-0.2776705026626587,0.8807679414749146,0.21971456706523895
174,lowerarm_r,-7.699506759643555,-52.20587921142578,0.814935564994812,-0.06875597685575485,-0.3579097390174866,-0.9302235245704651,0.043097592890262604
174,neck,-18.205238342285156,0.4125012159347534,-0.6036281585693359,0.004861007910221815,0.07942506670951843,-0.009043917991220951,0.9967880845069885
174,pelvis,7.706734657287598,-0.8998013734817505,-2.122443914413452,-0.002639338606968522,-0.02922387793660164,-0.0893963873386383,0.995563805103302
174,root,0.0,0.0,0.0,-2.1139658201718703e-07,-5.7790373375610216e-08,1.0658141036401503e-14,1.0
174,spine_01,-0.6922401189804077,0.8689700365066528,-2.2621214389801025,0.001796053838916123,0.013106749393045902,-0.132944256067276,0.9910353422164917
174,spine_02,-10.81362247467041,5.200388431549072,-1.4706850051879883,0.01092785969376564,0.05775138735771179,-0.18563419580459595,0.9808594584465027
174,thigh_l,21.203781127929688,-1.4955949783325195,-0.007043825462460518,-0.006385705899447203,-0.11627640575170517,-0.02845711261034012,0.9927887320518494
174,thigh_r,19.71034812927246,1.5140246152877808,-1.169593334197998,0.007230570539832115,-0.08347071707248688,0.030244410037994385,0.9960249066352844
174,upperarm_l,-67.73873138427734,-144.5057373046875,90.853271484375,-0.02728988416492939,0.5094352960586548,0.7702720761299133,0.3826380968093872
174,upperarm_r,-10.888680458068848,53.25313186645508,1.558634638786316,-0.08022534847259521,0.0416141003370285,-0.9958330988883972,0.012192153371870518
175,calf_l,-1.4001741409301758,0.09358161687850952,0.06747094541788101,0.0018607636447995901,0.11980494111776352,-0.041586678475141525,0.9919243454933167
175,calf_r,-1.8495980501174927,-0.07798722386360168,0.09623046219348907,-0.0007003920036368072,0.14161351323127747,0.042984142899513245,0.9889882206916809
175,clavicle_l,-23.767086029052734,12.41185188293457,1.1064594984054565,0.026896759867668152,0.10595649480819702,-0.1847507655620575,0.9766867160797119
175,clavicle_r,-25.32733154296875,8.354084968566895,1.1058369874954224,0.012983889319002628,0.10853438824415207,-0.1786303073167801,0.9778256416320801
175,foot_l,1.3988527059555054,-0.09220366179943085,-0.021318335086107254,-0.0007162882247939706,9.374670480610803e-05,-0.04577716812491417,0.9989514350891113
175,foot_r,1.3910716772079468,0.09733372926712036,-0.018291493877768517,0.0005794652970507741,3.169920455547981e-05,0.04551704600453377,0.9989634156227112
175,hand_l,-57.96769714355469,-118.279052734375,102.00875854492188,-0.6041886210441589,0.42591655254364014,0.29551422595977783,0.6051632761955261
175,hand_r,-57.253170013427734,-129.6094970703125,94.6612319946289,-0.39769837260246277,-0.578715443611145,-0.6252254247665405,0.34061363339424133
175,head,1.1725530624389648,-0.4620421528816223,-2.5313854217529297,0.002632435644045472,0.019358590245246887,-0.0073994724079966545,0.9997817873954773
175,lowerarm_l,76.35232543945312,-23.636096954345703,8.636872291564941,-0.3077670633792877,-0.2747403681278229,0.8841133117675781,0.219410240650177
175,lowerarm_r,-6.883845329284668,-51.462791442871094,0.3586232662200928,-0.06543360650539398,-0.3558586835861206,-0.9313182234764099,0.04158616438508034
175,neck,-18.20982551574707,0.43629083037376404,-0.604712963104248,0.00484906742349267,0.07929585874080658,-0.008914126083254814,0.9967995285987854
175,pelvis,7.687629699707031,-0.8842600584030151,-2.1210134029388428,-0.0025924216024577618,-0.029234446585178375,-0.08786088228225708,0.9957002997398376
175,root,0.0,0.0,0.0,-2.1139658201718703e-07,-5.7790373375610216e-08,1.0658141036401503e-14,1.0
175,spine_01,-0.6850203275680542,0.8450803160667419,-2.2613823413848877,0.0017420528456568718,0.012936917133629322,-0.13066501915454865,0.9913406372070312
175,spine_02,-10.790363311767578,5.083383560180664,-1.4793157577514648,0.010671334341168404,0.05740855634212494,-0.1824721097946167,0.9814755916595459
175,thigh_l,21.199928283691406,-1.4930593967437744,-0.008327607065439224,-0.006334622856229544,-0.11618492007255554,-0.02846812643110752,0.9927993416786194
175,thigh_r,19.737287521362305,1.5116435289382935,-1.1522071361541748,0.007166554685682058,-0.0839676782488823,0.030221983790397644,0.9959843158721924
175,upperarm_l,-67.3173599243164,-144.92752075195312,91.37020111083984,-0.024825038388371468,0.5108125805854797,0.7721394896507263,0.37716689705848694
175,upperarm_r,-9.99950885772705,53.8604850769043,1.5139669179916382,-0.07656911760568619,0.043382517993450165,-0.996045708656311,0.012169238179922104
176,calf_l,-1.4005964994430542,0.09528454393148422,0.0690712109208107,0.0019047774840146303,0.11983582377433777,-0.04158329218626022,0.9919206500053406
176,calf_r,-1.842878818511963,-0.07994749397039413,0.09726935625076294,-0.0007653763750568032,0.14129586517810822,0.04295719042420387,0.9890347719192505
176,clavicle_l,-23.794736862182617,12.21367073059082,1.0878169536590576,0.02649344876408577,0.10567733645439148,-0.18156786262989044,0.9773246645927429
176,clavicle_r,-25.33041763305664,8.141268730163574,1.0872480869293213,0.012553529813885689,0.10821399837732315,-0.17544858157634735,0.9784426689147949
176,foot_l,1.3993858098983765,-0.09180079400539398,-0.021450577303767204,-0.0007258572150021791,0.00010204050340689719,-0.0457962341606617,0.9989505410194397
176,foot_r,1.3917324542999268,0.09685245156288147,-0.018517490476369858,0.000590748677495867,3.915752313332632e-05,0.04553975537419319,0.9989623427391052
176,hand_l,-57.6158332824707,-119.09010314941406,104.79842376708984,-0.6046729683876038,0.43273475766181946,0.30587834119796753,0.5946005582809448
176,hand_r,-57.31052017211914,-130.40155029296875,98.08319854736328,-0.4083142876625061,-0.5753219127655029,-0.6133224368095398,0.35513341426849365
176,head,1.1709914207458496,-0.4334954619407654,-2.527010440826416,0.0026285622734576464,0.019222574308514595,-0.007268760818988085,0.9997853636741638
176,lowerarm_l,74.57093048095703,-23.054698944091797,7.519522190093994,-0.30048906803131104,-0.27423226833343506,0.8871289491653442,0.21795688569545746
176,lowerarm_r,-5.894598007202148,-51.53386688232422,0.2520143985748291,-0.061668526381254196,-0.3567917048931122,-0.9312845468521118,0.040072523057460785
176,neck,-18.215375900268555,0.4598819613456726,-0.6052613258361816,0.00483779376372695,0.07917051762342453,-0.00878346897661686,0.9968106746673584
176,pelvis,7.666977405548096,-0.8685829043388367,-2.1189749240875244,-0.0025455038994550705,-0.029240820556879044,-0.08630719780921936,0.9958361387252808
176,root,0.0,0.0,0.0,-2.1139658201718703e-07,-5.7790373375610216e-08,1.0658141036401503e-14,1.0
176,spine_01,-0.6796026825904846,0.821580171585083,-2.260005474090576,0.0016890683909878135,0.012773212045431137,-0.1283586472272873,0.9916442036628723
176,spine_02,-10.770030975341797,4.967350006103516,-1.4869928359985352,0.010417457669973373,0.057078663259744644,-0.17927268147468567,0.9820869565010071
176,thigh_l,21.191097259521484,-1.4909485578536987,-0.01017875038087368,-0.006287508178502321,-0.11606565862894058,-0.02848040498793125,0.992813229560852
176,thigh_r,19.760021209716797,1.5095957517623901,-1.1347543001174927,0.007106216624379158,-0.08444713056087494,0.030199958011507988,0.9959449172019958
176,upperarm_l,-66.85364532470703,-145.42813110351562,92.032958984375,-0.021768396720290184,0.5125864744186401,0.7742394208908081,0.3705867826938629
176,upperarm_r,-9.002338409423828,54.24695587158203,1.4092952013015747,-0.0725356712937355,0.04438440501689911,-0.9963037967681885,0.012139381840825081
177,calf_l,-1.4004017114639282,0.09539168328046799,0.06981999427080154,0.0019372474635019898,0.11981996148824692,-0.04157877340912819,0.9919227361679077
177,calf_r,-1.8354787826538086,-0.08044475317001343,0.09750914573669434,-0.0008197117131203413,0.14093053340911865,0.042927756905555725,0.9890880584716797
177,clavicle_l,-23.82669448852539,12.013059616088867,1.0702733993530273,0.026080988347530365,0.10541526973247528,-0.17836937308311462,0.9779528379440308
177,clavicle_r,-25.33468246459961,7.9333977699279785,1.069702386856079,0.012140311300754547,0.10790499299764633,-0.17225195467472076,0.9790497422218323
177,foot_l,1.3989425897598267,-0.09217150509357452,-0.02139127254486084,-0.0007173462072387338,9.172548016067594e-05,-0.04577955976128578,0.9989513158798218
177,foot_r,1.3914690017700195,0.09708390384912491,-0.01850462704896927,0.0005857142386958003,3.1781244615558535e-05,0.045529309660196304,0.9989628791809082
177,hand_l,-56.00324249267578,-120.3196029663086,105.57154083251953,-0.6161862015724182,0.42737698554992676,0.3008071482181549,0.5892186760902405
177,hand_r,-56.953758239746094,-131.38906860351562,101.8624267578125,-0.41926121711730957,-0.5715830326080322,-0.5995644330978394,0.37153106927871704
177,head,1.1648107767105103,-0.40522637963294983,-2.5227904319763184,0.002625495893880725,0.01910090260207653,-0.007137985434383154,0.9997886419296265
177,lowerarm_l,72.7216567993164,-23.38003158569336,6.272348880767822,-0.2936939597129822,-0.270529568195343,0.8906103372573853,0.21764858067035675
177,lowerarm_r,-4.679173946380615,-51.689815521240234,0.16662850975990295,-0.057209569960832596,-0.3580322861671448,-0.9311572909355164,0.03854963183403015
177,neck,-18.220712661743164,0.4832617938518524,-0.6059408187866211,0.004827652592211962,0.07904474437236786,-0.00865301862359047,0.996821939945221
177,pelvis,7.6446146965026855,-0.8530264496803284,-2.115809917449951,-0.0024999447632580996,-0.029242586344480515,-0.08474145829677582,0.9959706664085388
177,root,0.0,0.0,0.0,-2.1139658201718703e-07,-5.7790373375610216e-08,1.0658141036401503e-14,1.0
177,spine_01,-0.6765760183334351,0.7989025712013245,-2.2578179836273193,0.0016385311027988791,0.012618574313819408,-0.12604093551635742,0.9919434785842896
177,spine_02,-10.752182960510254,4.852761268615723,-1.4940142631530762,0.010167412459850311,0.056760646402835846,-0.17605812847614288,0.9826894998550415
177,thigh_l,21.17427635192871,-1.4898552894592285,-0.012813881039619446,-0.0062489621341228485,-0.11590196937322617,-0.02849440649151802,0.9928321838378906
177,thigh_r,19.775659561157227,1.5084245204925537,-1.1173521280288696,0.007053694687783718,-0.08489153534173965,0.030178308486938477,0.9959081411361694
177,upperarm_l,-66.34545135498047,-145.86058044433594,92.49626159667969,-0.0195150263607502,0.5137771964073181,0.7761421799659729,0.3650418817996979
177,upperarm_r,-7.835768222808838,54.60015106201172,1.283392310142517,-0.06786569207906723,0.04528620094060898,-0.9965893030166626,0.01237948052585125
178,calf_l,-1.3998029232025146,0.09674927592277527,0.07112696766853333,0.001977594569325447,0.11979855597019196,-0.04157297685742378,0.9919254779815674
178,calf_r,-1.8276300430297852,-0.08209347724914551,0.09827127307653427,-0.0008815269684419036,0.1405557543039322,0.04289805516600609,0.9891425967216492
178,clavicle_l,-23.860164642333984,11.817158699035645,1.0549067258834839,0.025683430954813957,0.10516615957021713,-0.17517729103565216,0.9785670638084412
178,clavicle_r,-25.342269897460938,7.72491979598999,1.0543212890625,0.01172267273068428,0.1076117604970932,-0.16906128823757172,0.9796431064605713
178,foot_l,1.3993269205093384,-0.09190551936626434,-0.021503515541553497,-0.0007249817135743797,9.734169725561514e-05,-0.04579290747642517,0.998950719833374
178,foot_r,1.3919826745986938,0.09675270318984985,-0.01870717480778694,0.0005955006345175207,3.749432653421536e-05,0.04554629325866699,0.9989620447158813
178,hand_l,-54.75328063964844,-121.57278442382812,108.42933654785156,-0.6196954846382141,0.4314373731613159,0.31097063422203064,0.5771799683570862
178,hand_r,-55.28392791748047,-132.79051208496094,104.22699737548828,-0.420630544424057,-0.5779305100440979,-0.5893206000328064,0.3765203356742859
178,head,1.1588785648345947,-0.37771257758140564,-2.5173544883728027,0.0026223587337881327,0.01897984743118286,-0.00700657581910491,0.9997919201850891
178,lowerarm_l,70.83656311035156,-23.048370361328125,5.137288570404053,-0.2862776219844818,-0.2690790295600891,0.8938063979148865,0.21622149646282196
178,lowerarm_r,-3.282127618789673,-51.19426345825195,-0.2144400030374527,-0.052112843841314316,-0.35686933994293213,-0.9319688677787781,0.03691302239894867
178,neck,-18.22872543334961,0.5055293440818787,-0.6050467491149902,0.004816281609237194,0.07892860472202301,-0.008521822281181812,0.9968323111534119
178,pelvis,7.622204780578613,-0.8373286724090576,-2.11220383644104,-0.002453349996358156,-0.029248181730508804,-0.08317573368549347,0.9961026310920715
178,root,0.0,0.0,0.0,-2.1139658201718703e-07,-5.7790373375610216e-08,1.0658141036401503e-14,1.0
178,spine_01,-0.6753990650177002,0.7767292261123657,-2.254897356033325,0.0015890711219981313,0.012469694949686527,-0.12372583150863647,0.992236852645874
178,spine_02,-10.738078117370605,4.740664005279541,-1.4993906021118164,0.009923228062689304,0.05645977333188057,-0.1728503555059433,0.9832785129547119
178,thigh_l,21.158077239990234,-1.4874753952026367,-0.014563393779098988,-0.006202300079166889,-0.1157461553812027,-0.028508717194199562,0.9928502440452576
178,thigh_r,19.791030883789062,1.5060113668441772,-1.099149465560913,0.006993280723690987,-0.08533847332000732,0.030158068984746933,0.9958709478378296
178,upperarm_l,-65.79872131347656,-146.37832641601562,93.13013458251953,-0.0166828203946352,0.515438437461853,0.7782079577445984,0.3583815395832062
178,upperarm_r,-6.495246887207031,55.09138107299805,1.1824548244476318,-0.06254018843173981,0.04667991027235985,-0.9968664646148682,0.01292345765978098
179,calf_l,-1.3982595205307007,0.09539121389389038,0.07076217234134674,0.0019976990297436714,0.11969596892595291,-0.041564613580703735,0.9919381737709045
179,calf_r,-1.8188695907592773,-0.08132012188434601,0.09751135855913162,-0.0009247814305126667,0.14010636508464813,0.04286511614918709,0.9892077445983887
179,clavicle_l,-23.898189544677734,11.618258476257324,1.0405364036560059,0.025271160528063774,0.10493584722280502,-0.17201437056064606,0.979163408279419
179,clavicle_r,-25.35041046142578,7.526824474334717,1.0400272607803345,0.011337161995470524,0.1073312759399414,-0.16589966416358948,0.980218768119812
179,foot_l,1.3980892896652222,-0.09281425923109055,-0.021274004131555557,-0.00069618527777493,6.38160781818442e-05,-0.045744888484478,0.9989529252052307
179,foot_r,1.390989899635315,0.09746383875608444,-0.018518080934882164,0.0005731136188842356,1.257609710592078e-05,0.04550960659980774,0.9989637732505798
179,hand_l,-52.2303581237793,-123.1443862915039,109.29866790771484,-0.634722888469696,0.4225202798843384,0.3051348924636841,0.5705228447914124
179,hand_r,-53.36243438720703,-134.2051544189453,107.21844482421875,-0.42348721623420715,-0.5832226276397705,-0.5766788721084595,0.3846447765827179
179,head,1.1465944051742554,-0.3512205481529236,-2.5121212005615234,0.0026187151670455933,0.018878143280744553,-0.006876632105559111,0.9997947216033936
179,lowerarm_l,69.03018188476562,-23.11555290222168,3.951664686203003,-0.2792675495147705,-0.2659870684146881,0.8971654176712036,0.21530155837535858
179,lowerarm_r,-1.686142921447754,-51.3072509765625,-0.3638364374637604,-0.04644979164004326,-0.3583354949951172,-0.9317662119865417,0.03535543382167816
179,neck,-18.23592758178711,0.5275229811668396,-0.6044745445251465,0.004806783050298691,0.07880986481904984,-0.008392278105020523,0.9968428015708923
179,pelvis,7.596912860870361,-0.8220369815826416,-2.1068453788757324,-0.0024095564149320126,-0.02924441546201706,-0.0816131979227066,0.9962321519851685
179,root,0.0,0.0,0.0,-2.1139658201718703e-07,-5.7790373375610216e-08,1.0658141036401503e-14,1.0
179,spine_01,-0.6772382259368896,0.7556663155555725,-2.250772714614868,0.0015428452752530575,0.012332386337220669,-0.12142787873744965,0.9925224184989929
179,spine_02,-10.726573944091797,4.631139755249023,-1.504075527191162,0.009685249999165535,0.056172195822000504,-0.1696721315383911,0.9838507771492004
179,thigh_l,21.127994537353516,-1.486803650856018,-0.017787493765354156,-0.006170777138322592,-0.11551452428102493,-0.028524838387966156,0.9928770661354065
179,thigh_r,19.79408836364746,1.5051156282424927,-1.0814824104309082,0.006947028916329145,-0.0857192799448967,0.030139444395899773,0.9958391189575195
179,upperarm_l,-64.93095397949219,-146.80316162109375,93.162841796875,-0.0150435920804739,0.5152775049209595,0.7811113595962524,0.3523177206516266
179,upperarm_r,-5.033057689666748,56.06256866455078,1.2061208486557007,-0.056789059191942215,0.049732595682144165,-0.9970552325248718,0.0135116595774889
180,calf_l,-1.3960206508636475,0.09468860179185867,0.07069038599729538,0.0020217294804751873,0.1195695549249649,-0.04155438020825386,0.9919537901878357
180,calf_r,-1.809435486793518,-0.08109204471111298,0.09699205309152603,-0.0009707333520054817,0.13963323831558228,0.0428314283490181,0.9892760515213013
180,clavicle_l,-23.93793296813965,11.426729202270508,1.0288909673690796,0.024879049509763718,0.10472182929515839,-0.1689031422138214,0.9797377586364746
180,clavicle_r,-25.361902236938477,7.331360816955566,1.0282843112945557,0.010954339057207108,0.10706884413957596,-0.1627904623746872,0.9807729125022888
180,foot_l,1.397209882736206,-0.09368385374546051,-0.02147606946527958,-0.0006893633981235325,3.9337610360234976e-05,-0.04570970684289932,0.9989545345306396
180,foot_r,1.3903406858444214,0.09812352061271667,-0.018648384138941765,0.0005691830301657319,-5.525182132259943e-06,0.045484043657779694,0.9989649057388306
180,hand_l,-50.04631423950195,-124.48207092285156,112.20681762695312,-0.642251193523407,0.42272713780403137,0.31307530403137207,0.5574936270713806
180,hand_r,-51.20698165893555,-135.52267456054688,110.90445709228516,-0.42823466658592224,-0.58701491355896,-0.561432957649231,0.3960072994232178
180,head,1.1341840028762817,-0.32546958327293396,-2.5054097175598145,0.0026160648558288813,0.018778270110487938,-0.006749489810317755,0.9997974634170532
180,lowerarm_l,67.3817367553711,-21.773021697998047,2.9746248722076416,-0.27148622274398804,-0.26748350262641907,0.8998011946678162,0.21238073706626892
180,lowerarm_r,0.11225491762161255,-52.23848342895508,-0.18536224961280823,-0.04022428020834923,-0.36337679624557495,-0.9301565885543823,0.0338856540620327
180,neck,-18.24598503112793,0.5484256148338318,-0.6020665168762207,0.004796962719410658,0.07870142161846161,-0.008265376091003418,0.996852457523346
180,pelvis,7.571089267730713,-0.8067869544029236,-2.100658416748047,-0.002365411724895239,-0.029242970049381256,-0.080066978931427,0.9963576793670654
180,root,0.0,0.0,0.0,-2.1139658201718703e-07,-5.7790373375610216e-08,1.0658141036401503e-14,1.0
180,spine_01,-0.681401789188385,0.7353581786155701,-2.2455692291259766,0.0014983736909925938,0.012202585116028786,-0.11916259676218033,0.9927986264228821
180,spine_02,-10.719164848327637,4.525407791137695,-1.5067815780639648,0.009456082247197628,0.05590403452515602,-0.16654613614082336,0.9844022393226624
180,thigh_l,21.096054077148438,-1.4852406978607178,-0.02024983987212181,-0.006134311202913523,-0.11527920514345169,-0.028542162850499153,0.9929040670394897
180,thigh_r,19.794221878051758,1.5033522844314575,-1.0632091760635376,0.0068963803350925446,-0.0860859677195549,0.030122453346848488,0.9958083629608154
180,upperarm_l,-63.62615966796875,-147.27464294433594,92.80437469482422,-0.01336040161550045,0.5138453841209412,0.7855851054191589,0.34444260597229004
180,upperarm_r,-3.4643850326538086,57.717872619628906,1.4232397079467773,-0.05065605044364929,0.05515914410352707,-0.9970914125442505,0.014147177338600159
181,calf_l,-1.3933089971542358,0.09877900779247284,0.07330582290887833,0.0020787410903722048,0.1194843202829361,-0.04154345393180847,0.9919643998146057
181,calf_r,-1.7995985746383667,-0.08505421876907349,0.09867027401924133,-0.0010464274091646075,0.13919401168823242,0.04279634729027748,0.9893394112586975
181,clavicle_l,-23.976390838623047,11.250068664550781,1.0209875106811523,0.0245321374386549,0.10451901704072952,-0.16586770117282867,0.9802866578102112
181,clavicle_r,-25.380329132080078,7.133358955383301,1.0206201076507568,0.010553305968642235,0.10683424770832062,-0.15975438058376312,0.98130202293396
181,foot_l,1.3993515968322754,-0.09214342385530472,-0.0219890046864748,-0.0007371610845439136,8.982361759990454e-05,-0.045790672302246094,0.9989508986473083
181,foot_r,1.3924328088760376,0.09667209535837173,-0.01928328163921833,0.000612687028478831,3.4205215342808515e-05,0.04555892199277878,0.9989615678787231
181,hand_l,-46.64203643798828,-126.16081237792969,113.22811889648438,-0.6601476669311523,0.4100899398326874,0.30640503764152527,0.5496792793273926
181,hand_r,-48.07085418701172,-137.05409240722656,113.52952575683594,-0.4252952039241791,-0.5987169742584229,-0.5490120649337769,0.3990586996078491
181,head,1.125894546508789,-0.30122584104537964,-2.4964451789855957,0.0026126233860850334,0.01866823248565197,-0.006625079084187746,0.9998003244400024
181,lowerarm_l,65.7603530883789,-21.240741729736328,1.9238572120666504,-0.26442697644233704,-0.26613855361938477,0.9027487635612488,0.21045978367328644
181,lowerarm_r,2.0158209800720215,-52.74043273925781,-0.17412453889846802,-0.03363760933279991,-0.36692535877227783,-0.9290817379951477,0.0322723388671875
181,neck,-18.261667251586914,0.5678250193595886,-0.5964398384094238,0.004785957280546427,0.07861289381980896,-0.008141360245645046,0.9968605041503906
181,pelvis,7.547770977020264,-0.7910773158073425,-2.0944595336914062,-0.0023170248605310917,-0.02925868332386017,-0.07854915410280228,0.9964781403541565
181,root,0.0,0.0,0.0,-2.1139658201718703e-07,-5.7790373375610216e-08,1.0658141036401503e-14,1.0
181,spine_01,-0.6873523592948914,0.7155449390411377,-2.2393405437469482,0.00145448069088161,0.012077177874743938,-0.11694441735744476,0.9930639863014221
181,spine_02,-10.717150688171387,4.424449443817139,-1.5065312385559082,0.009237593971192837,0.05566061660647392,-0.1634957641363144,0.9849293231964111
181,thigh_l,21.075454711914062,-1.4796080589294434,-0.019326969981193542,-0.00606868090108037,-0.1151186153292656,-0.028559518977999687,0.9929226040840149
181,thigh_r,19.802186965942383,1.4979549646377563,-1.042951226234436,0.006818988360464573,-0.08649781346321106,0.030106691643595695,0.9957736730575562
181,upperarm_l,-62.26301956176758,-147.62939453125,92.13322448730469,-0.012603974901139736,0.5115036964416504,0.7900255918502808,0.337734580039978
181,upperarm_r,-1.799480676651001,59.584815979003906,1.7306983470916748,-0.044143639504909515,0.06134004145860672,-0.9970278143882751,0.014975836500525475
182,calf_l,-1.3896206617355347,0.09868666529655457,0.07341180741786957,0.0021056702826172113,0.11929775774478912,-0.04152989387512207,0.9919873476028442
182,calf_r,-1.7887427806854248,-0.0853901356458664,0.09820915013551712,-0.001095239189453423,0.1386590152978897,0.042758550494909286,0.9894161820411682
182,clavicle_l,-24.021480560302734,11.067034721374512,1.0140758752822876,0.024162285029888153,0.10433750599622726,-0.16281536221504211,0.980826735496521
182,clavicle_r,-25.398298263549805,6.943353176116943,1.0135204792022705,0.010181103833019733,0.10660552233457565,-0.15670326352119446,0.981822669506073
182,foot_l,1.399050235748291,-0.09222295880317688,-0.02167344279587269,-0.000719187839422375,8.010528108570725e-05,-0.04577843099832535,0.9989513754844666
182,foot_r,1.392306923866272,0.09664960950613022,-0.019040148705244064,0.0006003534072078764,2.7530011720955372e-05,0.04555331543087959,0.9989617466926575
182,hand_l,-43.71002960205078,-127.55448913574219,116.39380645751953,-0.6694722771644592,0.40829959511756897,0.3145894408226013,0.5349130034446716
182,hand_r,-44.96189880371094,-138.42311096191406,117.26609802246094,-0.4272215664386749,-0.6057919859886169,-0.532473623752594,0.40861940383911133
182,head,1.110766053199768,-0.2772687077522278,-2.4874091148376465,0.0026096526999026537,0.018578441813588142,-0.006500657182186842,0.9998028874397278
182,lowerarm_l,64.10462951660156,-19.958023071289062,0.9939335584640503,-0.256693571805954,-0.2673555612564087,0.905357301235199,0.2072620391845703
182,lowerarm_r,4.108252048492432,-53.669010162353516,0.06415359675884247,-0.02651570923626423,-0.3721730411052704,-0.9272764921188354,0.030699599534273148
182,neck,-18.276323318481445,0.5870971083641052,-0.5911111831665039,0.004776118788868189,0.07852043211460114,-0.008016940206289291,0.9968688488006592
182,pelvis,7.520421028137207,-0.7757726907730103,-2.0863354206085205,-0.0022722354624420404,-0.029260480776429176,-0.07701244205236435,0.9965981841087341
182,root,0.0,0.0,0.0,-2.1139658201718703e-07,-5.7790373375610216e-08,1.0658141036401503e-14,1.0
182,spine_01,-0.6966482996940613,0.6965816020965576,-2.2319376468658447,0.0014132583746686578,0.011963562108576298,-0.1147114560008049,0.9933258295059204
182,spine_02,-10.718125343322754,4.32444429397583,-1.505732536315918,0.00902167335152626,0.05542922765016556,-0.16042892634868622,0.9854485392570496
182,thigh_l,21.0366153717041,-1.4768036603927612,-0.020833570510149002,-0.006026068702340126,-0.11485546827316284,-0.028578946366906166,0.992952823638916
182,thigh_r,19.794574737548828,1.4949489831924438,-1.0236141681671143,0.0067623029462993145,-0.08682943880558014,0.030092429369688034,0.9957456588745117
182,upperarm_l,-60.81532287597656,-148.0565643310547,91.58399963378906,-0.011323307640850544,0.5094856023788452,0.7947118878364563,0.32974115014076233
182,upperarm_r,-0.04311315715312958,61.49958419799805,2.0926265716552734,-0.03722142428159714,0.06770534813404083,-0.9968804121017456,0.01612641103565693
183,calf_l,-1.385847568511963,0.10010579973459244,0.07435716688632965,0.002143408637493849,0.11912474036216736,-0.04151621460914612,0.9920087456703186
183,calf_r,-1.7774549722671509,-0.0870746374130249,0.09840847551822662,-0.0011549008777365088,0.13811960816383362,0.04271957278251648,0.9894932508468628
183,clavicle_l,-24.069761276245117,10.881210327148438,1.0085035562515259,0.023791853338479996,0.10416488349437714,-0.1596471220254898,0.9813748598098755
183,clavicle_r,-25.42121124267578,6.745462894439697,1.007996678352356,0.009790205396711826,0.1063905879855156,-0.15353551506996155,0.9823502898216248
183,foot_l,1.3996641635894775,-0.09164752066135406,-0.021579187363386154,-0.0007228149333968759,9.158383181784302e-05,-0.045801229774951935,0.9989503622055054
183,foot_r,1.3930379152297974,0.09603025019168854,-0.019067347049713135,0.0006064223125576973,3.68230976164341e-05,0.045577969402074814,0.9989606142044067
183,hand_l,-40.437870025634766,-128.8872528076172,119.71670532226562,-0.6792636513710022,0.4059390425682068,0.3229844272136688,0.5191296935081482
183,hand_r,-41.94261932373047,-139.5102081298828,122.3515853881836,-0.435751736164093,-0.6066975593566895,-0.5107980370521545,0.42558664083480835
183,head,1.0963771343231201,-0.25304871797561646,-2.4776697158813477,0.0026066075079143047,0.018486404791474342,-0.006371085532009602,0.9998054504394531
183,lowerarm_l,62.458221435546875,-18.7017879486084,0.0977981835603714,-0.2490130364894867,-0.26847729086875916,0.9079405069351196,0.20385465025901794
183,lowerarm_r,6.430356979370117,-55.09514617919922,0.5893104076385498,-0.01872694119811058,-0.3794167935848236,-0.9245743155479431,0.029232559725642204
183,neck,-18.293479919433594,0.6062036156654358,-0.5846381187438965,0.004765055608004332,0.07843570411205292,-0.007887965999543667,0.99687659740448
183,pelvis,7.493061065673828,-0.759772002696991,-2.0781099796295166,-0.00222467677667737,-0.029267074540257454,-0.07542312890291214,0.9967195391654968
183,root,0.0,0.0,0.0,-2.1139658201718703e-07,-5.7790373375610216e-08,1.0658141036401503e-14,1.0
183,spine_01,-0.7075296640396118,0.6773959994316101,-2.224099636077881,0.001371588557958603,0.011852679774165154,-0.11239618808031082,0.993591845035553
183,spine_02,-10.722951889038086,4.222967624664307,-1.5038132667541504,0.008803247474133968,0.05520978569984436,-0.15724533796310425,0.9859758615493774
183,thigh_l,21.000450134277344,-1.472670078277588,-0.02151213213801384,-0.005973519757390022,-0.11460640281438828,-0.028599286451935768,0.9929813742637634
183,thigh_r,19.78961181640625,1.490704894065857,-1.0030449628829956,0.0066956691443920135,-0.08718903362751007,0.030077673494815826,0.9957152009010315
183,upperarm_l,-59.29422378540039,-148.47006225585938,90.97173309326172,-0.010253677144646645,0.5072755813598633,0.7994367480278015,0.3216632306575775
183,upperarm_r,1.8049474954605103,63.4539794921875,2.5108754634857178,-0.02982526645064354,0.07421981543302536,-0.9966374635696411,0.017766214907169342
184,calf_l,-1.3814163208007812,0.09739875048398972,0.0728817880153656,0.0021519134752452374,0.11886636912822723,-0.04150013253092766,0.9920403361320496
184,calf_r,-1.7653148174285889,-0.08504746109247208,0.09652404487133026,-0.0011875784257426858,0.13749054074287415,0.042678192257881165,0.9895825386047363
184,clavicle_l,-24.125381469726562,10.682069778442383,1.00272798538208,0.02338237129151821,0.10400944948196411,-0.15637056529521942,0.9819285869598389
184,clavicle_r,-25.444360733032227,6.551179885864258,1.0021113157272339,0.009420809336006641,0.10617967694997787,-0.15025962889194489,0.982883095741272
184,foot_l,1.3976645469665527,-0.09328897297382355,-0.021464191377162933,-0.0006878768908791244,3.8547041185665876e-05,-0.04572395607829094,0.9989538788795471
184,foot_r,1.3913565874099731,0.09736835211515427,-0.01890427991747856,0.0005783517262898386,-3.7128561416466255e-06,0.04551571235060692,0.998963475227356
184,hand_l,-36.014930725097656,-130.47296142578125,121.21721649169922,-0.6982800364494324,0.39041146636009216,0.3179454803466797,0.5088169574737549
184,hand_r,-38.281288146972656,-140.55276489257812,126.95346069335938,-0.4403137266635895,-0.6115509271621704,-0.4900774657726288,0.43812495470046997
184,head,1.0738499164581299,-0.2283371090888977,-2.4689674377441406,0.002604077337309718,0.018417295068502426,-0.006237608380615711,0.9998075366020203
184,lowerarm_l,60.91963577270508,-18.236751556396484,-0.8430611491203308,-0.24225696921348572,-0.2668977677822113,0.91079181432724,0.2013346403837204
184,lowerarm_r,8.873361587524414,-56.27413558959961,1.0674231052398682,-0.010533238761126995,-0.3858536183834076,-0.922082781791687,0.027738628908991814
184,neck,-18.307954788208008,0.6260691285133362,-0.5797386169433594,0.004755856469273567,0.07834070175886154,-0.0077547067776322365,0.9968851804733276
184,pelvis,7.461607456207275,-0.7437260746955872,-2.068227529525757,-0.0021792263723909855,-0.0292586088180542,-0.07377858459949493,0.9968429803848267
184,root,0.0,0.0,0.0,-2.1139658201718703e-07,-5.7790373375610216e-08,1.0658141036401503e-14,1.0
184,spine_01,-0.7212814092636108,0.6585268974304199,-2.215456962585449,0.00133128697052598,0.011751539073884487,-0.11000429093837738,0.9938607811927795
184,spine_02,-10.729578018188477,4.119406223297119,-1.502227783203125,0.008580815978348255,0.054995033890008926,-0.15395373106002808,0.9865090847015381
184,thigh_l,20.947568893432617,-1.4714550971984863,-0.024801749736070633,-0.005944058299064636,-0.11425826698541641,-0.028621483594179153,0.9930209517478943
184,thigh_r,19.77091407775879,1.4890596866607666,-0.9832643270492554,0.006650015711784363,-0.08748327940702438,0.03006402589380741,0.9956900477409363
184,upperarm_l,-57.729331970214844,-148.76182556152344,90.08296203613281,-0.010142605751752853,0.5042610168457031,0.8040453195571899,0.31484776735305786
184,upperarm_r,3.703043222427368,65.54259490966797,3.0244290828704834,-0.022105829790234566,0.08120796084403992,-0.9962555766105652,0.019789526239037514
185,calf_l,-1.3772623538970947,0.10000015795230865,0.0746857151389122,0.0021984546910971403,0.11869633197784424,-0.04148570075631142,0.9920611381530762
185,calf_r,-1.7531086206436157,-0.08775343745946884,0.09745992720127106,-0.0012561801122501493,0.1369253695011139,0.04263761267066002,0.9896625280380249
185,clavicle_l,-24.180984497070312,10.48935604095459,0.9996099472045898,0.023003552109003067,0.10385865718126297,-0.15299609303474426,0.9824848771095276
185,clavicle_r,-25.473979949951172,6.341800212860107,0.9990983605384827,0.00900611374527216,0.10598544776439667,-0.14688420295715332,0.9834180474281311
185,foot_l,1.399091124534607,-0.09198062866926193,-0.0210746880620718,-0.0006978519959375262,7.331068627536297e-05,-0.0457773320376873,0.9989514350891113
185,foot_r,1.3928102254867554,0.09614003449678421,-0.018688172101974487,0.0005904327845200896,2.5038934836629778e-05,0.04556799307465553,0.9989610910415649
185,hand_l,-32.18699645996094,-131.5517578125,124.8709716796875,-0.7082778215408325,0.3872729241847992,0.32731032371520996,0.4911520779132843
185,hand_r,-34.06268310546875,-141.5244140625,131.02662658691406,-0.44072943925857544,-0.6203944683074951,-0.4706546366214752,0.44648921489715576
185,head,1.0580778121948242,-0.2036537081003189,-2.4581313133239746,0.0026009513530880213,0.018329020589590073,-0.006099398247897625,0.9998100399971008
185,lowerarm_l,59.341949462890625,-17.054262161254883,-1.6548606157302856,-0.23486407101154327,-0.2678287923336029,0.9132896065711975,0.19750645756721497
185,lowerarm_r,11.399969100952148,-57.18997573852539,1.4888323545455933,-0.0020494642667472363,-0.3914048373699188,-0.9198428392410278,0.026215247809886932
185,neck,-18.32818031311035,0.6452710628509521,-0.5718231201171875,0.004744088742882013,0.0782649964094162,-0.007616625167429447,0.9968922138214111
185,pelvis,7.4334330558776855,-0.7264897227287292,-2.059406042098999,-0.002127156127244234,-0.029269933700561523,-0.07209336012601852,0.9969660639762878
185,root,0.0,0.0,0.0,-2.1139658201718703e-07,-5.7790373375610216e-08,1.0658141036401503e-14,1.0
185,spine_01,-0.7354196310043335,0.6391628384590149,-2.2067666053771973,0.0012895367108285427,0.011647982522845268,-0.10754233598709106,0.9941314458847046
185,spine_02,-10.740716934204102,4.014964580535889,-1.4986276626586914,0.008356657810509205,0.0547957643866539,-0.15056319534778595,0.9870452880859375
185,thigh_l,20.912355422973633,-1.4661957025527954,-0.024590175598859787,-0.005883067846298218,-0.1140122339129448,-0.028642501682043076,0.9930489659309387
185,thigh_r,19.767410278320312,1.4838048219680786,-0.9608472585678101,0.006574749015271664,-0.08787421137094498,0.030049340799450874,0.9956565499305725
185,upperarm_l,-56.088905334472656,-149.13894653320312,89.37448120117188,-0.00952662993222475,0.5017582178115845,0.808740496635437,0.30673566460609436
185,upperarm_r,5.619339466094971,67.74862670898438,3.6379337310791016,-0.014169754460453987,0.08861085027456284,-0.9957192540168762,0.02214829809963703
186,calf_l,-1.3728787899017334,0.10219374299049377,0.07581301033496857,0.0022415423300117254,0.1185019463300705,-0.04147036373615265,0.9920849204063416
186,calf_r,-1.7404651641845703,-0.09013333916664124,0.09776043891906738,-0.0013222487177699804,0.13632673025131226,0.04259425401687622,0.9897470474243164
186,clavicle_l,-24.238977432250977,10.292434692382812,0.9972526431083679,0.022617507725954056,0.10371481627225876,-0.1495314985513687,0.9830422401428223
186,clavicle_r,-25.50520896911621,6.128603935241699,0.9967907071113586,0.008585521019995213,0.10579732060432434,-0.14341969788074493,0.9839532971382141
186,foot_l,1.39995539188385,-0.09165716171264648,-0.0221315398812294,-0.0007403549971058965,9.169572149403393e-05,-0.045810095965862274,0.9989498853683472
186,foot_r,1.3938122987747192,0.09569362550973892,-0.01971939578652382,0.0006300128879956901,4.036581231048331e-05,0.045602865517139435,0.998959481716156
186,hand_l,-28.125930786132812,-132.42288208007812,128.6913604736328,-0.7180911898612976,0.38415858149528503,0.3370027542114258,0.47243672609329224
186,hand_r,-29.87218475341797,-142.06431579589844,136.18809509277344,-0.44687163829803467,-0.62380051612854,-0.4467526376247406,0.45999011397361755
186,head,1.0419822931289673,-0.17893044650554657,-2.4468541145324707,0.0025973895099014044,0.018241576850414276,-0.0059586442075669765,0.9998124837875366
186,lowerarm_l,57.81922149658203,-15.919892311096191,-2.415177583694458,-0.22770178318023682,-0.2686649560928345,0.9157161116600037,0.19348135590553284
186,lowerarm_r,14.135986328125,-58.4475212097168,2.1741390228271484,0.007052416913211346,-0.39840784668922424,-0.91684490442276,0.024838101118803024
186,neck,-18.349956512451172,0.6646573543548584,-0.5632877349853516,0.004732476081699133,0.07819389551877975,-0.0074761053547263145,0.9968989491462708
186,pelvis,7.40411376953125,-0.7089698910713196,-2.0502030849456787,-0.0020747242961078882,-0.029279666021466255,-0.07036633789539337,0.9970892667770386
186,root,0.0,0.0,0.0,-2.1139658201718703e-07,-5.7790373375610216e-08,1.0658141036401503e-14,1.0
186,spine_01,-0.7511199712753296,0.6197933554649353,-2.197694778442383,0.001247940119355917,0.011548394337296486,-0.10501759499311447,0.9944025278091431
186,spine_02,-10.754368782043457,3.9093897342681885,-1.4944195747375488,0.008130699396133423,0.05460497736930847,-0.1470824033021927,0.9875824451446533
186,thigh_l,20.872180938720703,-1.4609637260437012,-0.02516987733542919,-0.0058235665783286095,-0.11373578011989594,-0.028665097430348396,0.9930803775787354
186,thigh_r,19.760080337524414,1.4785292148590088,-0.938403308391571,0.006500356364995241,-0.08825328201055527,0.030034661293029785,0.9956239461898804
186,upperarm_l,-54.39841842651367,-149.49551391601562,88.62989807128906,-0.009166641160845757,0.49914851784706116,0.8133634924888611,0.29867473244667053
186,upperarm_r,7.569523334503174,70.01456451416016,4.338464260101318,-0.005878583062440157,0.09622658789157867,-0.9950246810913086,0.025139134377241135
187,calf_l,-1.3680448532104492,0.10198785364627838,0.07568585872650146,0.002267561387270689,0.11825747042894363,-0.041453372687101364,0.9921148419380188
187,calf_r,-1.7271995544433594,-0.09031925350427628,0.09695953130722046,-0.0013724853051826358,0.13567161560058594,0.042550258338451385,0.9898387789726257
187,clavicle_l,-24.301908493041992,10.08662223815918,0.9949491620063782,0.022206321358680725,0.10358460247516632,-0.14598535001277924,0.9835982918739319
187,clavicle_r,-25.536048889160156,5.917597770690918,0.9943111538887024,0.008179489523172379,0.10561171174049377,-0.13987360894680023,0.9844871163368225
187,foot_l,1.3996174335479736,-0.09188291430473328,-0.021950148046016693,-0.0007264018058776855,7.736062252661213e-05,-0.04579497128725052,0.9989506006240845
187,foot_r,1.39361572265625,0.09581893682479858,-0.019637595862150192,0.0006206451216712594,3.0073309972067364e-05,0.04559433460235596,0.9989599585533142
187,hand_l,-23.009605407714844,-133.47691345214844,130.69866943359375,-0.7362054586410522,0.3674478828907013,0.334187775850296,0.45967623591423035
187,hand_r,-25.444053649902344,-142.2666015625,141.59893798828125,-0.4539852738380432,-0.6262487769126892,-0.42127713561058044,0.47353506088256836
187,head,1.0196212530136108,-0.1537037044763565,-2.4364352226257324,0.002594792516902089,0.01817186549305916,-0.005814270116388798,0.9998146295547485
187,lowerarm_l,56.481231689453125,-15.569869995117188,-3.2030646800994873,-0.22168487310409546,-0.2668783962726593,0.918364942073822,0.1903616338968277
187,lowerarm_r,17.011070251464844,-59.70458984375,2.9664368629455566,0.016590509563684464,-0.40556854009628296,-0.9136105179786682,0.02355382777750492
187,neck,-18.369693756103516,0.6841442584991455,-0.5559325218200684,0.004720922093838453,0.0781150609254837,-0.007332323584705591,0.9969062209129333
187,pelvis,7.3722310066223145,-0.691366970539093,-2.039867639541626,-0.002023418666794896,-0.02928054705262184,-0.06859929859638214,0.9972124695777893
187,root,0.0,0.0,0.0,-2.1139658201718703e-07,-5.7790373375610216e-08,1.0658141036401503e-14,1.0
187,spine_01,-0.768957257270813,0.6007781624794006,-2.188020944595337,0.0012078654253855348,0.011456283740699291,-0.10243494808673859,0.9946730136871338
187,spine_02,-10.769399642944336,3.802445411682129,-1.490342617034912,0.007902354001998901,0.05441894754767418,-0.143519788980484,0.9881185293197632
187,thigh_l,20.822275161743164,-1.4574941396713257,-0.027129612863063812,-0.005777902435511351,-0.11340146511793137,-0.02868884988129139,0.9931182265281677
187,thigh_r,19.74448013305664,1.474755048751831,-0.916247546672821,0.006438251119107008,-0.08859474956989288,0.030020587146282196,0.9955944418907166
187,upperarm_l,-52.688079833984375,-149.71255493164062,87.61445617675781,-0.009799231775105,0.4957394301891327,0.8178345561027527,0.29204970598220825
187,upperarm_r,9.512596130371094,72.37506866455078,5.145329475402832,0.0026311231777071953,0.10417231172323227,-0.9941419959068298,0.02868700958788395
188,calf_l,-1.3632848262786865,0.10346432775259018,0.07658568024635315,0.002304956316947937,0.1180386021733284,-0.04143740236759186,0.9921414256095886
188,calf_r,-1.7137248516082764,-0.09207446128129959,0.09704151004552841,-0.0014342600479722023,0.13502921164035797,0.04250558838248253,0.9899284243583679
188,clavicle_l,-24.365581512451172,9.881692886352539,0.9940295219421387,0.021804392337799072,0.10345962643623352,-0.14236611127853394,0.984150767326355
188,clavicle_r,-25.570661544799805,5.699346542358398,0.9934400916099548,0.00775345740839839,0.10543880611658096,-0.13625390827655792,0.9850164651870728
188,foot_l,1.4002503156661987,-0.09140989184379578,-0.022090855985879898,-0.00073920504655689,9.066650090971962e-05,-0.04581855237483978,0.9989495277404785
188,foot_r,1.3944207429885864,0.09527427703142166,-0.019873466342687607,0.0006352457567118108,4.129813169129193e-05,0.0456218495965004,0.9989585876464844
188,hand_l,-18.62873649597168,-133.84336853027344,134.80738830566406,-0.7452225089073181,0.3645803928375244,0.34470903873443604,0.4392041862010956
188,hand_r,-21.042722702026367,-141.78936767578125,148.3883514404297,-0.46921098232269287,-0.6208509206771851,-0.38975733518600464,0.4924168586730957
188,head,1.0004773139953613,-0.12873141467571259,-2.424788475036621,0.002591150114312768,0.018093131482601166,-0.005666864104568958,0.9998169541358948
188,lowerarm_l,55.11159896850586,-14.545414924621582,-3.856919765472412,-0.21512384712696075,-0.2675199806690216,0.9206337928771973,0.1859789490699768
188,lowerarm_r,20.168127059936523,-61.332916259765625,4.1030988693237305,0.026972783729434013,-0.41439974308013916,-0.9094158411026001,0.022542104125022888
188,neck,-18.393003463745117,0.7036870121955872,-0.5469322204589844,0.004709367174655199,0.07804805785417557,-0.007185060530900955,0.9969125986099243
188,pelvis,7.341038227081299,-0.6731746792793274,-2.029860019683838,-0.001969313947483897,-0.02928779274225235,-0.06680088490247726,0.9973345398902893
188,root,0.0,0.0,0.0,-2.1139658201718703e-07,-5.7790373375610216e-08,1.0658141036401503e-14,1.0
188,spine_01,-0.7875332832336426,0.5814698338508606,-2.1782517433166504,0.0011666918871924281,0.011364812031388283,-0.0998024195432663,0.9949417114257812
188,spine_02,-10.787178993225098,3.694960594177246,-1.4851570129394531,0.0076732756569981575,0.054243285208940506,-0.13988454639911652,0.9886511564254761
188,thigh_l,20.777387619018555,-1.4525964260101318,-0.028020165860652924,-0.005721950437873602,-0.11309569329023361,-0.02871239371597767,0.9931526780128479
188,thigh_r,19.7335147857666,1.4697362184524536,-0.8930302858352661,0.0063664293847978115,-0.08897046744823456,0.030006110668182373,0.9955618381500244
188,upperarm_l,-50.91794204711914,-150.0220947265625,86.8185806274414,-0.009972965344786644,0.4929753839969635,0.8222540020942688,0.2842079997062683
188,upperarm_r,11.460776329040527,74.82755279541016,6.063753128051758,0.01153473649173975,0.11242982000112534,-0.9930378794670105,0.03320318087935448
189,calf_l,-1.3582167625427246,0.10421460121870041,0.07696391642093658,0.002336878562346101,0.11779768019914627,-0.041420500725507736,0.9921706914901733
189,calf_r,-1.699829339981079,-0.09318208694458008,0.09667722135782242,-0.0014910799218341708,0.13435734808444977,0.04245995730161667,0.990021824836731
189,clavicle_l,-24.431350708007812,9.672384262084961,0.9936003684997559,0.021392451599240303,0.10334230214357376,-0.1386832743883133,0.9846977591514587
189,clavicle_r,-25.60567855834961,5.4799346923828125,0.993084728717804,0.007328724954277277,0.10527053475379944,-0.13257010281085968,0.9855402708053589
189,foot_l,1.4004918336868286,-0.09128087759017944,-0.02221515402197838,-0.0007427224772982299,9.141982445726171e-05,-0.04582557827234268,0.9989491701126099
189,foot_r,1.3948017358779907,0.0950067788362503,-0.0200126301497221,0.0006407391629181802,4.34535977547057e-05,0.04563397914171219,0.9989580512046814
189,hand_l,-13.247515678405762,-134.37066650390625,137.0892333984375,-0.7619786262512207,0.34771397709846497,0.34320664405822754,0.42507994174957275
189,hand_r,-16.404788970947266,-140.64759826660156,155.93865966796875,-0.4890417754650116,-0.6104725003242493,-0.35417523980140686,0.5125636458396912
189,head,0.9786885380744934,-0.10344675183296204,-2.413308620452881,0.0025881952606141567,0.018021976575255394,-0.005516751203685999,0.9998190402984619
189,lowerarm_l,53.970916748046875,-14.290637016296387,-4.531493186950684,-0.20982174575328827,-0.26560312509536743,0.9230988621711731,0.18253327906131744
189,lowerarm_r,23.57801628112793,-63.04380798339844,5.463148593902588,0.038137633353471756,-0.42384085059165955,-0.9046705365180969,0.021811533719301224
189,neck,-18.41603660583496,0.7230433821678162,-0.5380868911743164,0.004697185941040516,0.07797969877719879,-0.007035158574581146,0.9969191551208496
189,pelvis,7.308734893798828,-0.6548449397087097,-2.0193099975585938,-0.001915456959977746,-0.02929248847067356,-0.06497243791818619,0.9974552392959595
189,root,0.0,0.0,0.0,-2.1139658201718703e-07,-5.7790373375610216e-08,1.0658141036401503e-14,1.0
189,spine_01,-0.8074702024459839,0.5624176263809204,-2.168095111846924,0.0011266338406130672,0.011277793906629086,-0.0971245989203453,0.9952077865600586
189,spine_02,-10.806331634521484,3.5867300033569336,-1.4797210693359375,0.00744324317201972,0.05407335236668587,-0.13618503510951996,0.9891787171363831
189,thigh_l,20.728374481201172,-1.4481816291809082,-0.029438942670822144,-0.005670411977916956,-0.11276489496231079,-0.028736470267176628,0.9931899905204773
189,thigh_r,19.71883201599121,1.4650291204452515,-0.8697782754898071,0.00629795016720891,-0.0893319845199585,0.029991600662469864,0.995530366897583
189,upperarm_l,-49.136837005615234,-150.17953491210938,85.7452392578125,-0.01115457247942686,0.48937633633613586,0.826535165309906,0.2778957486152649
189,upperarm_r,13.371816635131836,77.40858459472656,7.115572929382324,0.020738635212183,0.1211194396018982,-0.9916653633117676,0.038728438317775726
190,calf_l,-1.353192925453186,0.10570777952671051,0.07782310992479324,0.002373459516093135,0.11756544560194016,-0.041403405368328094,0.9921988248825073
190,calf_r,-1.685788869857788,-0.09494707733392715,0.09673531353473663,-0.0015524449991062284,0.13368520140647888,0.04241383075714111,0.9901146292686462
190,clavicle_l,-24.498111724853516,9.462479591369629,0.9939584732055664,0.02098311483860016,0.10323116928339005,-0.13494466245174408,0.9852375388145447
190,clavicle_r,-25.64162254333496,5.256712436676025,0.9934141039848328,0.006895211525261402,0.10510769486427307,-0.1288313865661621,0.9860564470291138
190,foot_l,1.4011317491531372,-0.09079007804393768,-0.022362634539604187,-0.0007566253771074116,0.00010503897647140548,-0.045849889516830444,0.9989480972290039
190,foot_r,1.39559805393219,0.09447890520095825,-0.020264673978090286,0.000656896096188575,5.637896538246423e-05,0.04566283896565437,0.9989567995071411
190,hand_l,-8.721009254455566,-134.1309814453125,141.4047088623047,-0.7698286771774292,0.34559497237205505,0.354157030582428,0.4031139016151428
190,hand_r,-11.414192199707031,-138.76731872558594,164.04153442382812,-0.5125391483306885,-0.595483124256134,-0.3150307834148407,0.5324087738990784
190,head,0.9574320316314697,-0.07818136364221573,-2.401292324066162,0.002585154492408037,0.017949486151337624,-0.005364487413316965,0.9998211860656738
190,lowerarm_l,52.80146026611328,-13.386667251586914,-5.074553489685059,-0.2040220946073532,-0.26606041193008423,0.925176739692688,0.1778617650270462
190,lowerarm_r,27.244382858276367,-64.7028579711914,7.000361442565918,0.05011049285531044,-0.43342989683151245,-0.899537980556488,0.02142217755317688
190,neck,-18.44074058532715,0.7423915863037109,-0.5286216735839844,0.004684972111135721,0.07791674882173538,-0.00688342796638608,0.9969251155853271
190,pelvis,7.276478290557861,-0.6361392736434937,-2.0087599754333496,-0.00186002510599792,-0.02929968573153019,-0.06312032788991928,0.9975740313529968
190,root,0.0,0.0,0.0,-2.1139658201718703e-07,-5.7790373375610216e-08,1.0658141036401503e-14,1.0
190,spine_01,-0.8282803297042847,0.5433265566825867,-2.157747745513916,0.0010864004725590348,0.011193075217306614,-0.09440865367650986,0.9954700469970703
190,spine_02,-10.827302932739258,3.4780349731445312,-1.473677158355713,0.007212517783045769,0.05391117185354233,-0.1324295699596405,0.9896989464759827
190,thigh_l,20.680904388427734,-1.4431053400039673,-0.030421419069170952,-0.005614502355456352,-0.11244228482246399,-0.02876097895205021,0.9932260513305664
190,thigh_r,19.70562171936035,1.4597495794296265,-0.8459340929985046,0.006225322838872671,-0.08970766514539719,0.029977519065141678,0.9954975247383118
190,upperarm_l,-47.30590057373047,-150.43629455566406,84.91543579101562,-0.011900591664016247,0.4865061938762665,0.8306896090507507,0.2704162001609802
190,upperarm_r,15.204611778259277,80.14178466796875,8.318146705627441,0.03018001839518547,0.1303175389766693,-0.9899736046791077,0.04537416249513626
191,calf_l,-1.3478528261184692,0.10564257204532623,0.07769551873207092,0.0023982494603842497,0.1172991693019867,-0.04138601943850517,0.992231011390686
191,calf_r,-1.6712311506271362,-0.0952785462141037,0.09588340669870377,-0.0016027421224862337,0.13297340273857117,0.042366720736026764,0.9902123808860779
191,clavicle_l,-24.566673278808594,9.246729850769043,0.9943785071372986,0.020557206124067307,0.10312709212303162,-0.13116131722927094,0.98576819896698
191,clavicle_r,-25.677562713623047,5.034672260284424,0.9939489960670471,0.006469551473855972,0.10494976490736008,-0.12504425644874573,0.9865635633468628
191,foot_l,1.400870442390442,-0.09100250899791718,-0.022365741431713104,-0.0007499831262975931,9.55219948082231e-05,-0.04583917558193207,0.9989485740661621
191,foot_r,1.3955423831939697,0.09454497694969177,-0.02032160758972168,0.0006540463073179126,4.9114514695247635e-05,0.04565833508968353,0.9989569187164307
191,hand_l,-3.2612204551696777,-134.06063842773438,143.86033630371094,-0.7849720120429993,0.32904815673828125,0.35357365012168884,0.3879845440387726
191,hand_r,55.534767150878906,-108.670166015625,210.0097198486328,-0.773203432559967,0.11650823056697845,0.15249793231487274,0.6044228076934814
191,head,0.9321328401565552,-0.05281371995806694,-2.389860153198242,0.002582255285233259,0.01788872666656971,-0.005211205687373877,0.9998230934143066
191,lowerarm_l,51.888126373291016,-13.236906051635742,-5.63873815536499,-0.19953729212284088,-0.26400360465049744,0.9274436831474304,0.17417000234127045
191,lowerarm_r,52.925880432128906,-59.499202728271484,9.672225952148438,0.1278248131275177,-0.4293118715286255,-0.8922419548034668,0.05706518515944481
191,neck,-18.464210510253906,0.7616965174674988,-0.5198121070861816,0.004672684706747532,0.07784935086965561,-0.006730296649038792,0.9969314932823181
191,pelvis,7.242679595947266,-0.6173903346061707,-1.9975364208221436,-0.0018052164232358336,-0.029301507398486137,-0.06124691665172577,0.9976909160614014
191,root,0.0,0.0,0.0,-2.1139658201718703e-07,-5.7790373375610216e-08,1.0658141036401503e-14,1.0
191,spine_01,-0.85036700963974,0.5245226621627808,-2.1470725536346436,0.0010472130961716175,0.011113250628113747,-0.09166131913661957,0.9957277774810791
191,spine_02,-10.848873138427734,3.3689281940460205,-1.4676928520202637,0.006981479935348034,0.05375276878476143,-0.12862907350063324,0.9902104139328003
191,thigh_l,20.626794815063477,-1.439090371131897,-0.032402925193309784,-0.005567818880081177,-0.11208033561706543,-0.028786275535821915,0.9932665228843689
191,thigh_r,19.686355590820312,1.455444097518921,-0.8225324749946594,0.006161449011415243,-0.09005387127399445,0.02996315062046051,0.9954670071601868
191,upperarm_l,-45.47083282470703,-150.52975463867188,83.80196380615234,-0.013643287122249603,0.48276108503341675,0.8347363471984863,0.2645200490951538
191,upperarm_r,20.395475387573242,86.58724975585938,11.603805541992188,0.07333339005708694,0.14900371432304382,-0.9788784980773926,0.1192353367805481
192,calf_l,-1.342332363128662,0.10534200072288513,0.07741649448871613,0.0024204934015870094,0.1170232892036438,-0.041368115693330765,0.9922642707824707
192,calf_r,-1.6564812660217285,-0.09543705731630325,0.09495243430137634,-0.0016510839341208339,0.13224822282791138,0.04231922701001167,0.9903115034103394
192,clavicle_l,-24.63622283935547,9.029523849487305,0.99534672498703,0.02012951485812664,0.10302966833114624,-0.12733879685401917,0.9862883687019348
192,clavicle_r,-25.713220596313477,4.812600612640381,0.9948455691337585,0.006046614609658718,0.1047954112291336,-0.12122087180614471,0.9870597124099731
192,foot_l,1.4005019664764404,-0.09131906926631927,-0.02237151935696602,-0.0007420087931677699,8.229071681853384e-05,-0.045823220163583755,0.9989492893218994
192,foot_r,1.3953781127929688,0.09470507502555847,-0.020323097705841064,0.000649761117529124,3.954544081352651e-05,0.04565063863992691,0.9989572763442993
192,hand_l,1.235325574874878,-133.1774444580078,148.2746124267578,-0.7914445400238037,0.32803764939308167,0.36447492241859436,0.36491766571998596
192,hand_r,80.25479888916016,-103.41484832763672,200.05587768554688,-0.7504407167434692,0.3049589991569519,0.27058714628219604,0.5202128291130066
192,head,0.9060982465744019,-0.027720630168914795,-2.3783087730407715,0.0025787099730223417,0.017830349504947662,-0.005055116955190897,0.9998249411582947
192,lowerarm_l,50.95165252685547,-12.451645851135254,-6.0733256340026855,-0.19460035860538483,-0.26429951190948486,0.9293107986450195,0.16928665339946747
192,lowerarm_r,56.41447448730469,-50.109066009521484,5.658744812011719,0.1401752233505249,-0.39789536595344543,-0.9043139219284058,0.0651652067899704
192,neck,-18.48822593688965,0.7811142206192017,-0.5108475685119629,0.00466103944927454,0.07778377085924149,-0.006575061473995447,0.9969378113746643
192,pelvis,7.208307266235352,-0.598453938961029,-1.9861102104187012,-0.00174988794606179,-0.02930210903286934,-0.05935743823647499,0.997805118560791
192,root,0.0,0.0,0.0,-2.1139658201718703e-07,-5.7790373375610216e-08,1.0658141036401503e-14,1.0
192,spine_01,-0.8732564449310303,0.5058886408805847,-2.1361827850341797,0.0010086531983688474,0.011036330834031105,-0.08888829499483109,0.9959799647331238
192,spine_02,-10.871405601501465,3.2595555782318115,-1.4614105224609375,0.006750140339136124,0.05359974130988121,-0.12478969246149063,0.9907113909721375
192,thigh_l,20.57101821899414,-1.4352056980133057,-0.034555863589048386,-0.0055231135338544846,-0.11170820146799088,-0.028811711817979813,0.9933079481124878
192,thigh_r,19.665544509887695,1.4512019157409668,-0.7990373969078064,0.006098967511206865,-0.09039507806301117,0.029949545860290527,0.9954369068145752
192,upperarm_l,-43.5927734375,-150.72857666015625,82.94819641113281,-0.014976694248616695,0.47980448603630066,0.8386024236679077,0.2575061321258545
192,upperarm_r,20.90306282043457,90.33988189697266,13.563974380493164,0.08170966058969498,0.1614927500486374,-0.9746924638748169,0.13121838867664337
193,calf_l,-1.3367786407470703,0.10501742362976074,0.07708697021007538,0.0024418102111667395,0.11674385517835617,-0.04135077819228172,0.9922979474067688
193,calf_r,-1.6415592432022095,-0.09547360986471176,0.09387948364019394,-0.001698021893389523,0.1315133273601532,0.04227104410529137,0.9904113411903381
193,clavicle_l,-24.705448150634766,8.811186790466309,0.9966589212417603,0.01970064640045166,0.10293520241975784,-0.12348915636539459,0.9867962002754211
193,clavicle_r,-25.74859619140625,4.589259147644043,0.9961760640144348,0.005621288903057575,0.10464436560869217,-0.11737121641635895,0.9875434041023254
193,foot_l,1.4001035690307617,-0.0916813462972641,-0.022392164915800095,-0.0007340043666772544,6.848516204627231e-05,-0.045806869864463806,0.9989500641822815
193,foot_r,1.395137906074524,0.09493550658226013,-0.02045607380568981,0.0006460613803938031,2.917086021625437e-05,0.04564044252038002,0.9989577531814575
193,hand_l,6.5938920974731445,-132.50672912597656,150.78746032714844,-0.8048569560050964,0.31217679381370544,0.36440587043762207,0.34922680258750916
193,hand_r,88.1078872680664,-98.62589263916016,198.04351806640625,-0.74920254945755,0.3405472934246063,0.2998164892196655,0.4825279712677002
193,head,0.8797444105148315,-0.0024845823645591736,-2.366626262664795,0.0025758137926459312,0.017773231491446495,-0.004900006577372551,0.9998267292976379
193,lowerarm_l,50.28141784667969,-12.404187202453613,-6.534248352050781,-0.19097965955734253,-0.26211100816726685,0.9313746094703674,0.16542646288871765
193,lowerarm_r,58.6512336730957,-47.13412094116211,5.084175109863281,0.14840678870677948,-0.39074888825416565,-0.905980110168457,0.06701361387968063
193,neck,-18.51307487487793,0.8004355430603027,-0.5016326904296875,0.004649351350963116,0.07772105187177658,-0.006419715471565723,0.9969436526298523
193,pelvis,7.173673629760742,-0.5794152617454529,-1.974576711654663,-0.001694306032732129,-0.029302729293704033,-0.05745619535446167,0.9979164600372314
193,root,0.0,0.0,0.0,-2.1139658201718703e-07,-5.7790373375610216e-08,1.0658141036401503e-14,1.0
193,spine_01,-0.8967856764793396,0.4873390793800354,-2.1252036094665527,0.0009702310780994594,0.01096185203641653,-0.08609667420387268,0.9962260127067566
193,spine_02,-10.894695281982422,3.150379180908203,-1.4548063278198242,0.006519827526062727,0.05345192551612854,-0.1209227591753006,0.9912003874778748
193,thigh_l,20.514427185058594,-1.4313362836837769,-0.03675944358110428,-0.005479353480041027,-0.11133086681365967,-0.028838103637099266,0.9933497905731201
193,thigh_r,19.643625259399414,1.4469609260559082,-0.7755473256111145,0.006037409417331219,-0.09073279052972794,0.029935354366898537,0.995406985282898
193,upperarm_l,-41.7155647277832,-150.7547149658203,81.80587005615234,-0.017269346863031387,0.47593313455581665,0.8424025774002075,0.25208598375320435
193,upperarm_r,20.951662063598633,93.78883361816406,15.450562477111816,0.08686929941177368,0.1734803318977356,-0.9712827205657959,0.13772524893283844
194,calf_l,-1.33146333694458,0.10704251378774643,0.07819148898124695,0.002479068236425519,0.11650683730840683,-0.041332799941301346,0.9923263788223267
194,calf_r,-1.6267290115356445,-0.09774535149335861,0.09413263946771622,-0.0017604725435376167,0.13081370294094086,0.042223893105983734,0.9905058741569519
194,clavicle_l,-24.772974014282227,8.597661018371582,0.9992745518684387,0.0192908626049757,0.10284189879894257,-0.11961764097213745,0.9872908592224121
194,clavicle_r,-25.78466033935547,4.3601555824279785,0.9987128973007202,0.005177597515285015,0.10449870675802231,-0.11350013315677643,0.9880136251449585
194,foot_l,1.4011034965515137,-0.09101848304271698,-0.022783013060688972,-0.0007626446313224733,9.194941958412528e-05,-0.045844461768865585,0.998948335647583
194,foot_r,1.3963048458099365,0.0942142903804779,-0.02093808352947235,0.000674460839945823,4.9688842409523204e-05,0.04568162560462952,0.9989558458328247
194,hand_l,10.898509979248047,-131.00538635253906,155.1858673095703,-0.8098346590995789,0.3125406503677368,0.3748566806316376,0.3255283832550049
194,hand_r,92.1949234008789,-93.1951904296875,199.5009002685547,-0.7600094676017761,0.3357342779636383,0.3078419268131256,0.46357473731040955
194,head,0.8569609522819519,0.022573862224817276,-2.353954315185547,0.002572842175140977,0.0177064910531044,-0.004742198623716831,0.9998286962509155
194,lowerarm_l,49.592960357666016,-11.721794128417969,-6.86728048324585,-0.18694038689136505,-0.2622903287410736,0.9330211877822876,0.16040121018886566
194,lowerarm_r,61.072425842285156,-45.81411361694336,5.506562232971191,0.15710517764091492,-0.39031535387039185,-0.9046195149421692,0.06808464229106903
194,neck,-18.54097557067871,0.8191482424736023,-0.49097537994384766,0.004636178724467754,0.07766908407211304,-0.006262465380132198,0.996948778629303
194,pelvis,7.1406707763671875,-0.560093343257904,-1.9636929035186768,-0.001636970671825111,-0.02931208536028862,-0.055549513548612595,0.9980243444442749
194,root,0.0,0.0,0.0,-2.1139658201718703e-07,-5.7790373375610216e-08,1.0658141036401503e-14,1.0
194,spine_01,-0.920224666595459,0.4688011109828949,-2.1143078804016113,0.0009316983632743359,0.010886622592806816,-0.08329220861196518,0.9964653253555298
194,spine_02,-10.919205665588379,3.0415854454040527,-1.4473438262939453,0.006290597841143608,0.053311217576265335,-0.11703511327505112,0.9916759133338928
194,thigh_l,20.466190338134766,-1.425629734992981,-0.03748857229948044,-0.005422236397862434,-0.11100215464830399,-0.028862405568361282,0.9933862090110779
194,thigh_r,19.629024505615234,1.4410476684570312,-0.7509704828262329,0.005963101051747799,-0.09111368656158447,0.02992137521505356,0.9953731298446655
194,upperarm_l,-39.79957962036133,-150.89089965820312,80.93254089355469,-0.01917542703449726,0.4728878140449524,0.8459880948066711,0.24558822810649872
194,upperarm_r,20.77407455444336,97.27326202392578,17.456890106201172,0.09164866805076599,0.18578465282917023,-0.9675574898719788,0.14462755620479584
195,calf_l,-1.3257932662963867,0.10699035972356796,0.0779598280787468,0.0025003741029649973,0.11622732877731323,-0.04131551831960678,0.9923598170280457
195,calf_r,-1.6115949153900146,-0.09809893369674683,0.0932350754737854,-0.0018079495057463646,0.1300724297761917,0.0421757809817791,0.9906054735183716
195,clavicle_l,-24.842016220092773,8.379154205322266,1.0015076398849487,0.018864315003156662,0.10275675356388092,-0.11573761701583862,0.9877703189849854
195,clavicle_r,-25.819862365722656,4.135961055755615,1.0009698867797852,0.004751194268465042,0.1043572947382927,-0.10961843281984329,0.9884689450263977
195,foot_l,1.4010233879089355,-0.09094709157943726,-0.022509798407554626,-0.0007469552219845355,8.434183109784499e-05,-0.04583964869379997,0.9989485144615173
195,foot_r,1.3963596820831299,0.09404108673334122,-0.020706092938780785,0.0006638877093791962,4.493786400416866e-05,0.045682668685913086,0.9989559054374695
195,hand_l,15.996530532836914,-129.7949981689453,157.63546752929688,-0.8214791417121887,0.29764753580093384,0.3749880790710449,0.3097772002220154
195,hand_r,94.2239761352539,-87.38854217529297,202.82257080078125,-0.7768228054046631,0.30877965688705444,0.30595800280570984,0.4556218087673187
195,head,0.8298393487930298,0.04739472642540932,-2.3421406745910645,0.002569540636613965,0.017652520909905434,-0.004585376940667629,0.9998303651809692
195,lowerarm_l,49.16327667236328,-11.764994621276855,-7.235262393951416,-0.18416664004325867,-0.2599871754646301,0.934888482093811,0.15643811225891113
195,lowerarm_r,63.600521087646484,-45.25792694091797,6.444893836975098,0.16612762212753296,-0.39310702681541443,-0.9017317891120911,0.06890812516212463
195,neck,-18.566747665405273,0.8381115198135376,-0.4815340042114258,0.00462425546720624,0.07761003077030182,-0.00610626395791769,0.9969543814659119
195,pelvis,7.106035232543945,-0.5409393906593323,-1.952117681503296,-0.001581012038514018,-0.029314063489437103,-0.053638674318790436,0.9981288313865662
195,root,0.0,0.0,0.0,-2.1139658201718703e-07,-5.7790373375610216e-08,1.0658141036401503e-14,1.0
195,spine_01,-0.9445445537567139,0.45065417885780334,-2.1032094955444336,0.0008944461587816477,0.010816041380167007,-0.08048167079687119,0.9966970086097717
195,spine_02,-10.94325065612793,2.9330010414123535,-1.440262794494629,0.006062165834009647,0.05317184329032898,-0.11313746124505997,0.99213707447052
195,thigh_l,20.40970230102539,-1.4213981628417969,-0.039561301469802856,-0.0053779263980686665,-0.11062498390674591,-0.02888805978000164,0.9934277534484863
195,thigh_r,19.60666847229004,1.4364789724349976,-0.7273485660552979,0.005900947842746973,-0.09145113825798035,0.029908107593655586,0.9953428506851196
195,upperarm_l,-37.8880729675293,-150.8475341796875,79.77014923095703,-0.021979428827762604,0.4688979685306549,0.8495519757270813,0.2406514585018158
195,upperarm_r,20.362428665161133,100.76533508300781,19.57305145263672,0.09606689214706421,0.1983223408460617,-0.9634949564933777,0.15204234421253204
196,calf_l,-1.3201838731765747,0.10681669414043427,0.07768801599740982,0.0025199223309755325,0.11594659835100174,-0.04129765182733536,0.9923933744430542
196,calf_r,-1.596350908279419,-0.09830980747938156,0.0922764390707016,-0.001853225170634687,0.1293271780014038,0.042127881199121475,0.9907049536705017
196,clavicle_l,-24.90984535217285,8.160993576049805,1.0039758682250977,0.01843981258571148,0.10267303138971329,-0.11185404658317566,0.9882342219352722
196,clavicle_r,-25.853422164916992,3.9124040603637695,1.003347635269165,0.004327188711613417,0.10421604663133621,-0.10573458671569824,0.9889087677001953
196,foot_l,1.4006983041763306,-0.09127883613109589,-0.022663360461592674,-0.0007464970694854856,7.461601489922032e-05,-0.04582712799310684,0.9989491105079651
196,foot_r,1.3962746858596802,0.09422977268695831,-0.0209217332303524,0.0006663056556135416,3.736015787580982e-05,0.0456773117184639,0.9989561438560486
196,hand_l,20.93547248840332,-128.35366821289062,160.02105712890625,-0.8320968747138977,0.28318315744400024,0.3753126263618469,0.2942151427268982
196,hand_r,97.14058685302734,-81.78077697753906,204.64205932617188,-0.7884535193443298,0.29600775241851807,0.3102027177810669,0.4410155415534973
196,head,0.8026622533798218,0.0720771998167038,-2.330291271209717,0.0025664286222308874,0.017599312588572502,-0.004427704960107803,0.999832034111023
196,lowerarm_l,48.848541259765625,-11.840478897094727,-7.559581279754639,-0.18178759515285492,-0.2576523721218109,0.9366587400436401,0.15244325995445251
196,lowerarm_r,65.89566040039062,-43.90056610107422,6.964483261108398,0.1745527684688568,-0.392689973115921,-0.9002076387405396,0.07037138938903809
196,neck,-18.59309959411621,0.856772780418396,-0.4719257354736328,0.004612097516655922,0.07755336165428162,-0.0059486147947609425,0.9969598054885864
196,pelvis,7.071202278137207,-0.5217629671096802,-1.9405484199523926,-0.0015249561984091997,-0.029315145686268806,-0.051728855818510056,0.9982296824455261
196,root,0.0,0.0,0.0,-2.1139658201718703e-07,-5.7790373375610216e-08,1.0658141036401503e-14,1.0
196,spine_01,-0.9691750407218933,0.4326895475387573,-2.0920395851135254,0.0008575737592764199,0.010747567750513554,-0.07767124474048615,0.9969208240509033
196,spine_02,-10.967370986938477,2.8250908851623535,-1.4330625534057617,0.005835674703121185,0.053036149591207504,-0.10923699289560318,0.9925826787948608
196,thigh_l,20.352890014648438,-1.4173293113708496,-0.041682690382003784,-0.005335710011422634,-0.1102459654211998,-0.028913749381899834,0.9934693574905396
196,thigh_r,19.58361053466797,1.4320231676101685,-0.7038275599479675,0.005840735975652933,-0.09178432077169418,0.029894838109612465,0.9953129291534424
196,upperarm_l,-35.95890808105469,-150.76571655273438,78.59495544433594,-0.025012832134962082,0.46482616662979126,0.8530211448669434,0.2359362691640854
196,upperarm_r,19.790489196777344,104.05831146240234,21.67343521118164,0.10003700107336044,0.21032685041427612,-0.9593450427055359,0.1594124436378479
197,calf_l,-1.3145112991333008,0.10653214156627655,0.07737714052200317,0.002537578111514449,0.11566420644521713,-0.04127989336848259,0.9924269914627075
197,calf_r,-1.5810980796813965,-0.0984339714050293,0.09126847237348557,-0.001896758214570582,0.12858064472675323,0.042080335319042206,0.9908040761947632
197,clavicle_l,-24.97585678100586,7.94290828704834,1.0064520835876465,0.018015732988715172,0.10258906334638596,-0.10797733813524246,0.988681972026825
197,clavicle_r,-25.886165618896484,3.690070390701294,1.0059938430786133,0.003906400874257088,0.10407822579145432,-0.10185765475034714,0.9893319606781006
197,foot_l,1.4003938436508179,-0.09156246483325958,-0.022678134962916374,-0.0007419686298817396,6.434574606828392e-05,-0.04581468179821968,0.9989497065544128
197,foot_r,1.396162748336792,0.09436609596014023,-0.020992938429117203,0.0006649979040957987,3.002858102263417e-05,0.04567183554172516,0.9989563822746277
197,hand_l,25.687360763549805,-126.71415710449219,162.31283569335938,-0.8417077660560608,0.26920822262763977,0.3758043348789215,0.278973251581192
197,hand_r,99.55860137939453,-76.19512939453125,206.50997924804688,-0.7999361157417297,0.280541330575943,0.31320276856422424,0.4281390905380249
197,head,0.7747430205345154,0.09659803658723831,-2.3186206817626953,0.0025635301135480404,0.017548948526382446,-0.004270668141543865,0.9998336434364319
197,lowerarm_l,48.639766693115234,-11.945796012878418,-7.8438310623168945,-0.1797732561826706,-0.2552831172943115,0.9383400678634644,0.14842535555362701
197,lowerarm_r,68.10004425048828,-42.48189926147461,7.491292953491211,0.182759627699852,-0.39207249879837036,-0.8987131714820862,0.07206050306558609
197,neck,-18.619409561157227,0.8752559423446655,-0.4624366760253906,0.004600068088620901,0.07749715447425842,-0.00579196447506547,0.9969651699066162
197,pelvis,7.036373138427734,-0.5026824474334717,-1.928943395614624,-0.00146934250369668,-0.029315978288650513,-0.049824681133031845,0.9983265995979309
197,root,0.0,0.0,0.0,-2.1139658201718703e-07,-5.7790373375610216e-08,1.0658141036401503e-14,1.0
197,spine_01,-0.9939723610877991,0.41498494148254395,-2.08091139793396,0.0008213412947952747,0.01068094465881586,-0.07486777007579803,0.9971359372138977
197,spine_02,-10.991199493408203,2.718027114868164,-1.4258265495300293,0.005611412227153778,0.05290307104587555,-0.1053437739610672,0.9930118322372437
197,thigh_l,20.29586410522461,-1.413297176361084,-0.04385029897093773,-0.005294858943670988,-0.10986597836017609,-0.028938964009284973,0.9935109615325928
197,thigh_r,19.559961318969727,1.4276483058929443,-0.6804678440093994,0.005782122258096933,-0.09211289882659912,0.02988124080002308,0.9952834248542786
197,upperarm_l,-34.013221740722656,-150.64602661132812,77.41091918945312,-0.028254369273781776,0.46067890524864197,0.8563998937606812,0.23142163455486298
197,upperarm_r,19.03326416015625,107.2269287109375,23.79374885559082,0.10358031839132309,0.22208856046199799,-0.9550309777259827,0.16692456603050232
198,calf_l,-1.3089159727096558,0.10725285112857819,0.07753162831068039,0.0025613345205783844,0.11539951711893082,-0.04126329720020294,0.9924584627151489
198,calf_r,-1.5659756660461426,-0.09947267919778824,0.09072490781545639,-0.001945700030773878,0.12785077095031738,0.04203313961625099,0.9909003973007202
198,clavicle_l,-25.040742874145508,7.728537082672119,1.0096161365509033,0.01760322041809559,0.10250872373580933,-0.10411716252565384,0.989111602306366
198,clavicle_r,-25.91798973083496,3.4668564796447754,1.0091012716293335,0.003480933140963316,0.10394281893968582,-0.09799657016992569,0.9897375702857971
198,foot_l,1.4007689952850342,-0.09129103273153305,-0.02274608425796032,-0.0007462523062713444,6.902220047777519e-05,-0.045827075839042664,0.9989491105079651
198,foot_r,1.3966606855392456,0.09399454295635223,-0.021135404706001282,0.0006718887016177177,3.524198109516874e-05,0.04568871110677719,0.9989555478096008
198,hand_l,29.200571060180664,-124.32492065429688,166.3240966796875,-0.8436816930770874,0.272648423910141,0.3852519690990448,0.2558220624923706
198,hand_r,101.5269775390625,-70.70327758789062,208.36468505859375,-0.8109618425369263,0.2629638910293579,0.3153427243232727,0.41683319211006165
198,head,0.7490348219871521,0.12090475857257843,-2.306485176086426,0.002560867927968502,0.017493074759840965,-0.004114645067602396,0.9998352527618408
198,lowerarm_l,48.3941764831543,-11.42006778717041,-8.016029357910156,-0.17731209099292755,-0.2552792429924011,0.9396113753318787,0.1432598978281021
198,lowerarm_r,70.19951629638672,-40.985836029052734,8.004762649536133,0.19070467352867126,-0.39116591215133667,-0.897300124168396,0.07398270070552826
198,neck,-18.647296905517578,0.8933747410774231,-0.45228004455566406,0.004587691277265549,0.07744712382555008,-0.005636042449623346,0.996969997882843
198,pelvis,7.002429008483887,-0.48354846239089966,-1.9177794456481934,-0.001412993180565536,-0.02932038903236389,-0.04793176427483559,0.9984192252159119
198,root,0.0,0.0,0.0,-2.1139658201718703e-07,-5.7790373375610216e-08,1.0658141036401503e-14,1.0
198,spine_01,-1.0184766054153442,0.39749079942703247,-2.0699501037597656,0.0007856285665184259,0.010614292696118355,-0.07207685708999634,0.9973423480987549
198,spine_02,-11.014991760253906,2.6118996143341064,-1.4182686805725098,0.005389169789850712,0.05277379974722862,-0.10146700590848923,0.9934235215187073
198,thigh_l,20.242305755615234,-1.4085525274276733,-0.045459017157554626,-0.005249532870948315,-0.10950606316328049,-0.02896406501531601,0.993550181388855
198,thigh_r,19.538848876953125,1.4225109815597534,-0.6569576859474182,0.005718798842281103,-0.09245303273200989,0.029868463054299355,0.9952525496482849
198,upperarm_l,-32.043148040771484,-150.65533447265625,76.5286636352539,-0.031095832586288452,0.45748504996299744,0.8594991564750671,0.22583559155464172
198,upperarm_r,18.101266860961914,110.2568359375,25.91822052001953,0.10668958723545074,0.23355989158153534,-0.9505836963653564,0.17452165484428406
199,calf_l,-1.3034887313842773,0.10861733555793762,0.07808469235897064,0.0025886844377964735,0.11515031009912491,-0.04124682769179344,0.9924880266189575
199,calf_r,-1.5509930849075317,-0.10108724236488342,0.09058832377195358,-0.0019976168405264616,0.1271364688873291,0.041986335068941116,0.9909942150115967
199,clavicle_l,-25.103214263916016,7.517477989196777,1.013067603111267,0.017200669273734093,0.10242772102355957,-0.10028184950351715,0.9895232915878296
199,clavicle_r,-25.9488582611084,3.243842363357544,1.0126755237579346,0.003053641878068447,0.1038103848695755,-0.09416074305772781,0.9901251792907715
199,foot_l,1.4015390872955322,-0.09069393575191498,-0.022863108664751053,-0.0007585497805848718,8.401369268540293e-05,-0.0458555705845356,0.99894779920578
199,foot_r,1.397565484046936,0.0933297872543335,-0.021295391023159027,0.000686513667460531,4.944276952301152e-05,0.045719847083091736,0.998954176902771
199,hand_l,33.48836135864258,-122.40848541259766,168.32916259765625,-0.8515966534614563,0.26003381609916687,0.3857845664024353,0.24152818322181702
199,hand_r,104.62901306152344,-65.47590637207031,208.59922790527344,-0.8174242377281189,0.2623561918735504,0.32311707735061646,0.3982238471508026
199,head,0.7239080667495728,0.14462219178676605,-2.294313907623291,0.0025574592873454094,0.017436495050787926,-0.0039597367867827415,0.9998368620872498
199,lowerarm_l,48.36811065673828,-11.581954002380371,-8.233865737915039,-0.17593872547149658,-0.25283336639404297,0.9411398768424988,0.1392000913619995
199,lowerarm_r,72.03636169433594,-38.66934585571289,8.044319152832031,0.19794204831123352,-0.3868686854839325,-0.8973679542541504,0.07669663429260254
199,neck,-18.675596237182617,0.9113513827323914,-0.4419565200805664,0.004575855564326048,0.07739944010972977,-0.005481567233800888,0.9969746470451355
199,pelvis,6.969226837158203,-0.46454742550849915,-1.9068658351898193,-0.0013569509610533714,-0.0293273888528347,-0.04605346545577049,0.9985074996948242
199,root,0.0,0.0,0.0,-2.1139658201718703e-07,-5.7790373375610216e-08,1.0658141036401503e-14,1.0
199,spine_01,-1.0427310466766357,0.3803183436393738,-2.059108018875122,0.0007507472182624042,0.010548251681029797,-0.06930597871541977,0.9975394010543823
199,spine_02,-11.038390159606934,2.5071299076080322,-1.410520076751709,0.005170318763703108,0.0526474229991436,-0.09761518239974976,0.9938173294067383
199,thigh_l,20.191774368286133,-1.4033491611480713,-0.04662966728210449,-0.005201478023082018,-0.10916422307491302,-0.028988689184188843,0.99358731508255
199,thigh_r,19.519878387451172,1.417022705078125,-0.633366584777832,0.005653591826558113,-0.092802032828331,0.02985512465238571,0.9952208399772644
199,upperarm_l,-30.07259750366211,-150.4701385498047,75.3489990234375,-0.034693557769060135,0.4532570540904999,0.8626827597618103,0.22165954113006592
199,upperarm_r,17.082826614379883,113.0198745727539,27.94550323486328,0.1094181090593338,0.2442033290863037,-0.9462043046951294,0.1819061040878296
200,calf_l,-1.2981419563293457,0.10989958047866821,0.07854718714952469,0.0026144557632505894,0.11490308493375778,-0.04123041406273842,0.992517352104187
200,calf_r,-1.5361266136169434,-0.10263849049806595,0.0903107225894928,-0.00204766565002501,0.1264273077249527,0.04194105789065361,0.9910867214202881
200,clavicle_l,-25.16390037536621,7.308859348297119,1.0165413618087769,0.016804035753011703,0.10234791785478592,-0.09648003429174423,0.9899162650108337
200,clavicle_r,-25.97727394104004,3.0230376720428467,1.016037106513977,0.0026309683453291655,0.10367643088102341,-0.09035886824131012,0.9904946088790894
200,foot_l,1.4023051261901855,-0.09000927954912186,-0.02284259721636772,-0.0007644934230484068,9.697653877083212e-05,-0.045883145183324814,0.9989465475082397
200,foot_r,1.3985011577606201,0.09258323907852173,-0.02140219695866108,0.0006951418472453952,6.173423025757074e-05,0.04575267806649208,0.9989525675773621
200,hand_l,37.70539093017578,-120.33055877685547,170.24818420410156,-0.858758270740509,0.24769873917102814,0.38667556643486023,0.22729197144508362
200,hand_r,105.97822570800781,-60.120445251464844,210.32379150390625,-0.8275147676467896,0.24195367097854614,0.3244001567363739,0.38915589451789856
200,head,0.6994969844818115,0.1680987924337387,-2.2821903228759766,0.0025544092059135437,0.017378874123096466,-0.003806120716035366,0.9998385906219482
200,lowerarm_l,48.42466354370117,-11.760843276977539,-8.424367904663086,-0.1748400330543518,-0.2503276467323303,0.9426048398017883,0.13514135777950287
200,lowerarm_r,73.94963836669922,-36.94256591796875,8.493523597717285,0.20545721054077148,-0.3851757347583771,-0.8961820006370544,0.07927703857421875
200,neck,-18.70427703857422,0.9289652109146118,-0.4316568374633789,0.004563883878290653,0.07735408842563629,-0.00532848946750164,0.9969791173934937
200,pelvis,6.936191082000732,-0.4457094371318817,-1.8961548805236816,-0.0013013724237680435,-0.02933373674750328,-0.04419397562742233,0.9985914826393127
200,root,0.0,0.0,0.0,-2.1139658201718703e-07,-5.7790373375610216e-08,1.0658141036401503e-14,1.0
200,spine_01,-1.0667210817337036,0.3633921444416046,-2.0484328269958496,0.0007162586553022265,0.010483087971806526,-0.06656055897474289,0.99772709608078
200,spine_02,-11.061039924621582,2.4037022590637207,-1.4028549194335938,0.004954441916197538,0.05252277851104736,-0.09379714727401733,0.9941926002502441
200,thigh_l,20.14154815673828,-1.3982776403427124,-0.04789114370942116,-0.005155444610863924,-0.10882475972175598,-0.029012273997068405,0.9936241507530212
200,thigh_r,19.500646591186523,1.4115726947784424,-0.6101720929145813,0.0055900332517921925,-0.09314510971307755,0.029841875657439232,0.9951895475387573
200,upperarm_l,-28.06660270690918,-150.22607421875,74.11917877197266,-0.0384814590215683,0.4487953782081604,0.865878164768219,0.21761630475521088
200,upperarm_r,15.78812313079834,115.822265625,30.09271240234375,0.11166943609714508,0.25531062483787537,-0.9414460062980652,0.1898050308227539
201,calf_l,-1.2924402952194214,0.10815522074699402,0.07730808854103088,0.0026171619538217783,0.1146019771695137,-0.04121343418955803,0.9925528764724731
201,calf_r,-1.5210055112838745,-0.10135426372289658,0.08852984756231308,-0.002075510798022151,0.12567207217216492,0.041894566267728806,0.9911847114562988
201,clavicle_l,-25.223112106323242,7.0943603515625,1.0186457633972168,0.01638416014611721,0.10226771980524063,-0.09272050112485886,0.9902907609939575
201,clavicle_r,-26.002777099609375,2.81300687789917,1.0183415412902832,0.002241369104012847,0.10354187339544296,-0.0865989476442337,0.9908454418182373
201,foot_l,1.4011011123657227,-0.09105859696865082,-0.02290269173681736,-0.0007496588514186442,6.800041592214257e-05,-0.04583752900362015,0.9989486932754517
201,foot_r,1.3975238800048828,0.09344248473644257,-0.021508121863007545,0.0006839691777713597,3.762121923500672e-05,0.04571504145860672,0.9989542961120605
201,hand_l,41.98713302612305,-118.01973724365234,172.15647888183594,-0.865386426448822,0.23534604907035828,0.38798823952674866,0.21256457269191742
201,hand_r,107.18453979492188,-54.62886047363281,211.9586944580078,-0.8370887637138367,0.22014474868774414,0.32597658038139343,0.3802078366279602
201,head,0.6686896085739136,0.1912975162267685,-2.2716879844665527,0.0025516024325042963,0.017340492457151413,-0.0036535225808620453,0.999839723110199
201,lowerarm_l,48.56912612915039,-11.961328506469727,-8.590022087097168,-0.1740327775478363,-0.2477109581232071,0.9440109729766846,0.13113056123256683
201,lowerarm_r,75.8225326538086,-35.00856018066406,8.902223587036133,0.21296881139278412,-0.38294029235839844,-0.8951027989387512,0.08241408318281174
201,neck,-18.72886085510254,0.9463767409324646,-0.42335987091064453,0.0045524886809289455,0.07729577273130417,-0.005176573060452938,0.9969844222068787
201,pelvis,6.901292324066162,-0.427350252866745,-1.884615421295166,-0.0012482968159019947,-0.029329130426049232,-0.04235544428229332,0.9986712336540222
201,root,0.0,0.0,0.0,-2.1139658201718703e-07,-5.7790373375610216e-08,1.0658141036401503e-14,1.0
201,spine_01,-1.091133952140808,0.34702324867248535,-2.0376503467559814,0.0006833513616584241,0.010422859340906143,-0.06384778767824173,0.9979050159454346
201,spine_02,-11.081581115722656,2.3015637397766113,-1.39617919921875,0.004741496406495571,0.052395183593034744,-0.09002174437046051,0.9945493340492249
201,thigh_l,20.08094596862793,-1.395445466041565,-0.05086350813508034,-0.005128209479153156,-0.10842526704072952,-0.029037149623036385,0.9936672449111938
201,thigh_r,19.47139549255371,1.4082916975021362,-0.5885764956474304,0.005545074585825205,-0.09342538565397263,0.029829952865839005,0.9951638579368591
201,upperarm_l,-26.011625289916992,-149.89773559570312,72.79547119140625,-0.0424908883869648,0.4439376890659332,0.8691555857658386,0.21373456716537476
201,upperarm_r,14.223472595214844,118.61000061035156,32.331485748291016,0.11343079060316086,0.26670652627944946,-0.9363340139389038,0.19819165766239166
202,calf_l,-1.28717839717865,0.10921493917703629,0.07765255868434906,0.002639155136421323,0.11435887217521667,-0.04119754582643509,0.9925814270973206
202,calf_r,-1.5064802169799805,-0.10270577669143677,0.08825258910655975,-0.002121333498507738,0.12497620284557343,0.041850488632917404,0.9912745356559753
202,clavicle_l,-25.27942657470703,6.8904876708984375,1.0219475030899048,0.0159967802464962,0.10218815505504608,-0.08901273459196091,0.9906454682350159
202,clavicle_r,-26.02716636657715,2.598996639251709,1.021515965461731,0.001833370071835816,0.10340868681669235,-0.08289122581481934,0.9911772608757019
202,foot_l,1.401737928390503,-0.09056539088487625,-0.022972075268626213,-0.0007586797582916915,7.912098953966051e-05,-0.04585948958992958,0.9989476203918457
202,foot_r,1.398288607597351,0.0928826630115509,-0.02159767411649227,0.0006951828836463392,4.892069409834221e-05,0.045742183923721313,0.9989530444145203
202,hand_l,45.23160934448242,-114.84719848632812,175.85989379882812,-0.8654122352600098,0.24058550596237183,0.3969813585281372,0.18864282965660095
202,hand_r,109.78243255615234,-49.015907287597656,211.9894561767578,-0.8431917428970337,0.21595123410224915,0.33306723833084106,0.3625727593898773
202,head,0.6438732147216797,0.2140773981809616,-2.2600531578063965,0.0025490117259323597,0.017286406829953194,-0.003503563813865185,0.9998412132263184
202,lowerarm_l,48.696659088134766,-11.523863792419434,-8.652386665344238,-0.1728639006614685,-0.24744658172130585,0.9449854493141174,0.12605886161327362
202,lowerarm_r,77.49345397949219,-32.15478515625,8.84239673614502,0.22003819048404694,-0.3771856725215912,-0.895426332950592,0.08675196766853333
202,neck,-18.75687599182129,0.9632511138916016,-0.4135608673095703,0.004540672060102224,0.07725071161985397,-0.0050266822800040245,0.9969887137413025
202,pelvis,6.868950843811035,-0.4090683162212372,-1.8742024898529053,-0.0011945526348426938,-0.02933472767472267,-0.0405459851026535,0.9987462759017944
202,root,0.0,0.0,0.0,-2.1139658201718703e-07,-5.7790373375610216e-08,1.0658141036401503e-14,1.0
202,spine_01,-1.114345908164978,0.3307878375053406,-2.0273149013519287,0.0006503423792310059,0.010359620675444603,-0.06117328256368637,0.9980732202529907
202,spine_02,-11.10195255279541,2.2014963626861572,-1.3888239860534668,0.004533239174634218,0.0522720031440258,-0.0862981379032135,0.9948868155479431
202,thigh_l,20.03166389465332,-1.3906904458999634,-0.052191175520420074,-0.005086550954729319,-0.1080925390124321,-0.029059726744890213,0.9937030076980591
202,thigh_r,19.45156478881836,1.40312922000885,-0.5661937594413757,0.005486048758029938,-0.09375270456075668,0.029817653819918633,0.9951338768005371
202,upperarm_l,-23.919937133789062,-149.66275024414062,71.6996841430664,-0.04619457945227623,0.43979308009147644,0.8722408413887024,0.20891164243221283
202,upperarm_r,12.487397193908691,121.22639465332031,34.53837585449219,0.1147800013422966,0.2777288258075714,-0.9310883283615112,0.20680147409439087
203,calf_l,-1.281934142112732,0.10946682095527649,0.07754822820425034,0.0026540779508650303,0.11410600692033768,-0.04118208959698677,0.9926111102104187
203,calf_r,-1.4920556545257568,-0.1032639741897583,0.08754609525203705,-0.002159669529646635,0.12427762895822525,0.04180632159113884,0.9913641214370728
203,clavicle_l,-25.332767486572266,6.687941551208496,1.0246522426605225,0.015609369613230228,0.10210592299699783,-0.08536654710769653,0.9909809827804565
203,clavicle_r,-26.049116134643555,2.39131498336792,1.0242239236831665,0.0014415805926546454,0.10327516496181488,-0.07924441248178482,0.9914900660514832
203,foot_l,1.401835322380066,-0.09051412343978882,-0.023054547607898712,-0.0007615623180754483,8.071709453361109e-05,-0.04586334154009819,0.9989474415779114
203,foot_r,1.3985298871994019,0.09271630644798279,-0.021739555522799492,0.0007010236149653792,5.120297646499239e-05,0.045750509947538376,0.9989527463912964
203,hand_l,49.508358001708984,-112.0829086303711,177.72247314453125,-0.871254026889801,0.2285379320383072,0.39843133091926575,0.1730297952890396
203,hand_r,110.6257095336914,-43.281612396240234,213.50462341308594,-0.8519749045372009,0.19157862663269043,0.3347932994365692,0.3540480434894562
203,head,0.6173186302185059,0.23644645512104034,-2.2491931915283203,0.0025466519873589277,0.01723851077258587,-0.003356765955686569,0.9998425245285034
203,lowerarm_l,49.02189636230469,-11.790057182312012,-8.766519546508789,-0.17269903421401978,-0.24456904828548431,0.9462626576423645,0.12226205319166183
203,lowerarm_r,79.24584197998047,-29.82989501953125,9.17431354522705,0.22746050357818604,-0.3739035129547119,-0.8945193290710449,0.09106656163930893
203,neck,-18.783069610595703,0.9797619581222534,-0.40465593338012695,0.004529096651822329,0.07720086723566055,-0.004880119115114212,0.996993362903595
203,pelvis,6.836578369140625,-0.39115968346595764,-1.8637478351593018,-0.001142165856435895,-0.02933751791715622,-0.03876861557364464,0.9988169074058533
203,root,0.0,0.0,0.0,-2.1139658201718703e-07,-5.7790373375610216e-08,1.0658141036401503e-14,1.0
203,spine_01,-1.1371352672576904,0.315077006816864,-2.0171523094177246,0.0006187572726048529,0.01029784232378006,-0.05854445695877075,0.9982315301895142
203,spine_02,-11.120595932006836,2.103318452835083,-1.381981372833252,0.004329076036810875,0.052147697657346725,-0.08263663202524185,0.9952050447463989
203,thigh_l,19.98044776916504,-1.3865530490875244,-0.053908560425043106,-0.00505077326670289,-0.10774920135736465,-0.02908255159854889,0.9937398433685303
203,thigh_r,19.4293155670166,1.3986433744430542,-0.5446049571037292,0.0054336595349013805,-0.09405849874019623,0.02980523742735386,0.9951056241989136
203,upperarm_l,-21.80961036682129,-149.17074584960938,70.23077392578125,-0.05059178173542023,0.4342672526836395,0.8755763173103333,0.20547164976596832
203,upperarm_r,10.394989013671875,123.88349914550781,36.902896881103516,0.11551079154014587,0.2894023358821869,-0.9253197312355042,0.21607175469398499
204,calf_l,-1.2769207954406738,0.11013668030500412,0.07761348783969879,0.0026708864606916904,0.11386774480342865,-0.04116743057966232,0.9926390647888184
204,calf_r,-1.4779977798461914,-0.10416907072067261,0.08700930327177048,-0.002198986243456602,0.12360069155693054,0.04176441207528114,0.9914503693580627
204,clavicle_l,-25.38318634033203,6.490967273712158,1.027365803718567,0.015235739760100842,0.10202253609895706,-0.08178842067718506,0.9912971258163452
204,clavicle_r,-26.068815231323242,2.1860809326171875,1.0269109010696411,0.0010519110364839435,0.1031409427523613,-0.07566726952791214,0.9917839169502258
204,foot_l,1.402252197265625,-0.09023702889680862,-0.023172715678811073,-0.0007697524852119386,8.469993190374225e-05,-0.04587708041071892,0.9989467859268188
204,foot_r,1.3990721702575684,0.09237965941429138,-0.02197415381669998,0.0007111879531294107,5.625233825412579e-05,0.04576892778277397,0.9989519119262695
204,hand_l,53.74409484863281,-109.09956359863281,179.56234741210938,-0.8766112923622131,0.21661029756069183,0.3999388813972473,0.15710362792015076
204,hand_r,112.81180572509766,-37.41349411010742,213.44175720214844,-0.8577807545661926,0.18514415621757507,0.3413023352622986,0.33681830763816833
204,head,0.5929291248321533,0.2581555247306824,-2.2382259368896484,0.0025439762976020575,0.01718602329492569,-0.0032113646157085896,0.999843955039978
204,lowerarm_l,49.430015563964844,-12.096181869506836,-8.852977752685547,-0.17284241318702698,-0.24153849482536316,0.9474769234657288,0.11862590163946152
204,lowerarm_r,80.75715637207031,-26.617586135864258,9.053750038146973,0.23435483872890472,-0.36717358231544495,-0.8949441313743591,0.09662513434886932
204,neck,-18.810209274291992,0.9959466457366943,-0.3954648971557617,0.004518084228038788,0.07715605944395065,-0.004735481925308704,0.9969976544380188
204,pelvis,6.804964065551758,-0.37356314063072205,-1.853787899017334,-0.001090527162887156,-0.029340926557779312,-0.03702712804079056,0.9988828897476196
204,root,0.0,0.0,0.0,-2.1139658201718703e-07,-5.7790373375610216e-08,1.0658141036401503e-14,1.0
204,spine_01,-1.1591206789016724,0.2996908128261566,-2.007347345352173,0.0005877031944692135,0.010235884226858616,-0.05596694350242615,0.9983800053596497
204,spine_02,-11.137965202331543,2.0074167251586914,-1.3751864433288574,0.00413005193695426,0.05202415585517883,-0.0790439322590828,0.9955041408538818
204,thigh_l,19.931983947753906,-1.3822025060653687,-0.055438049137592316,-0.0050141713581979275,-0.10742300748825073,-0.02910471521317959,0.9937746524810791
204,thigh_r,19.408870697021484,1.3939088582992554,-0.5233882069587708,0.005380481015890837,-0.09436603635549545,0.02979329600930214,0.9950771331787109
204,upperarm_l,-19.683847427368164,-148.59466552734375,68.70350646972656,-0.05514092370867729,0.4284316599369049,0.8789167404174805,0.20226521790027618
204,upperarm_r,8.164695739746094,126.30085754394531,39.180545806884766,0.1158350482583046,0.3004540205001831,-0.9194946885108948,0.22547532618045807
205,calf_l,-1.2718496322631836,0.10955588519573212,0.07702861726284027,0.002677969168871641,0.11361492425203323,-0.041152749210596085,0.992668628692627
205,calf_r,-1.4640671014785767,-0.1038968414068222,0.08589799702167511,-0.002228439785540104,0.12291824817657471,0.04172229766845703,0.9915369153022766
205,clavicle_l,-25.430965423583984,6.294854164123535,1.0292972326278687,0.014858619309961796,0.10193774849176407,-0.07829079777002335,0.9915939569473267
205,clavicle_r,-26.085399627685547,1.989070177078247,1.0288116931915283,0.0006834458326920867,0.10300441831350327,-0.07216872274875641,0.9920591711997986
205,foot_l,1.4018962383270264,-0.09050348401069641,-0.023085886612534523,-0.0007596145733259618,7.518294296460226e-05,-0.0458625927567482,0.9989474415779114
205,foot_r,1.3988783359527588,0.0925283432006836,-0.021889742463827133,0.000704352161847055,4.883123256149702e-05,0.04576001316308975,0.998952329158783
205,hand_l,57.90606689453125,-105.90892791748047,181.3755645751953,-0.881503164768219,0.20484711229801178,0.40140822529792786,0.14093033969402313
205,hand_r,113.18968200683594,-31.56965446472168,214.8701171875,-0.8654893636703491,0.15844225883483887,0.34302279353141785,0.328876256942749
205,head,0.565889835357666,0.27931728959083557,-2.2282838821411133,0.0025413203984498978,0.017142562195658684,-0.003070638282224536,0.9998451471328735
205,lowerarm_l,49.91631317138672,-12.446593284606934,-8.911003112792969,-0.17328830063343048,-0.2383461445569992,0.9486280083656311,0.1151835098862648
205,lowerarm_r,82.32826232910156,-23.947324752807617,9.311347961425781,0.24154861271381378,-0.3629174828529358,-0.8941574692726135,0.10211566090583801
205,neck,-18.834613800048828,1.0117242336273193,-0.38753747940063477,0.004507359582930803,0.07710373401641846,-0.0045947604812681675,0.997002363204956
205,pelvis,6.773360729217529,-0.35646626353263855,-1.8437325954437256,-0.0010407539084553719,-0.029340945184230804,-0.03532526642084122,0.9989445805549622
205,root,0.0,0.0,0.0,-2.1139658201718703e-07,-5.7790373375610216e-08,1.0658141036401503e-14,1.0
205,spine_01,-1.1805099248886108,0.28489819169044495,-1.9977152347564697,0.0005582068697549403,0.010175331495702267,-0.05344773456454277,0.9985186457633972
205,spine_02,-11.153148651123047,1.9138339757919312,-1.3690471649169922,0.003935989923775196,0.051898255944252014,-0.07553111016750336,0.9957842826843262
205,thigh_l,19.880828857421875,-1.3789150714874268,-0.05755552649497986,-0.004986488725990057,-0.10708218067884445,-0.029126061126589775,0.9938109517097473
205,thigh_r,19.384994506835938,1.3902727365493774,-0.5032278299331665,0.005336770787835121,-0.09464410692453384,0.029781730845570564,0.9950513243675232
205,upperarm_l,-17.552661895751953,-147.93605041503906,67.1291275024414,-0.05981577932834625,0.42231470346450806,0.8822410106658936,0.1993068903684616
205,upperarm_r,5.581480979919434,128.7021484375,41.59230422973633,0.11548321694135666,0.31202900409698486,-0.9131628274917603,0.2354467511177063
206,calf_l,-1.267212152481079,0.11044985055923462,0.07721856236457825,0.0026945825666189194,0.11339917033910751,-0.04113917797803879,0.9926937818527222
206,calf_r,-1.4507559537887573,-0.10507530719041824,0.08554891496896744,-0.0022667753510177135,0.12228187173604965,0.04168259724974632,0.9916172027587891
206,clavicle_l,-25.474929809570312,6.108036041259766,1.031535267829895,0.014506570063531399,0.10184986889362335,-0.07487954199314117,0.9918715953826904
206,clavicle_r,-26.100370407104492,1.7928428649902344,1.031082272529602,0.0003096854779869318,0.10286879539489746,-0.0687585398554802,0.9923155903816223
206,foot_l,1.40247642993927,-0.09003018587827682,-0.023147275671362877,-0.0007668398902751505,8.481930854031816e-05,-0.04588363319635391,0.998946487903595
206,foot_r,1.399607539176941,0.09196367859840393,-0.022016847506165504,0.0007138516521081328,5.876582508790307e-05,0.04578552767634392,0.9989510774612427
206,hand_l,60.880428314208984,-101.83904266357422,184.9355010986328,-0.8803712129592896,0.21138399839401245,0.4085826575756073,0.11542880535125732
206,hand_r,114.88040924072266,-25.569307327270508,214.746826171875,-0.8708111643791199,0.15002262592315674,0.3488485813140869,0.31222718954086304
206,head,0.5434799790382385,0.2998591363430023,-2.2178292274475098,0.002538788365200162,0.017087699845433235,-0.00293295388109982,0.9998465776443481
206,lowerarm_l,50.413177490234375,-12.148348808288574,-8.861676216125488,-0.17350861430168152,-0.23761571943759918,0.949292004108429,0.11080819368362427
206,lowerarm_r,83.62267303466797,-20.434749603271484,9.139086723327637,0.24814148247241974,-0.3553275465965271,-0.8946027755737305,0.10887623578310013
206,neck,-18.861120223999023,1.026892900466919,-0.3788113594055176,0.004496483132243156,0.07706071436405182,-0.004457456525415182,0.9970064163208008
206,pelvis,6.743472099304199,-0.33975499868392944,-1.8345892429351807,-0.0009917902061715722,-0.029345422983169556,-0.03366922214627266,0.999001681804657
206,root,0.0,0.0,0.0,-2.1139658201718703e-07,-5.7790373375610216e-08,1.0658141036401503e-14,1.0
206,spine_01,-1.2005679607391357,0.2703796923160553,-1.9886255264282227,0.000528850476257503,0.010112764313817024,-0.050992533564567566,0.9986477494239807
206,spine_02,-11.167057991027832,1.8229451179504395,-1.3628125190734863,0.0037477004807442427,0.05177340283989906,-0.07210599631071091,0.9960452914237976
206,thigh_l,19.836776733398438,-1.3747307062149048,-0.0588257797062397,-0.004952257964760065,-0.1067838966846466,-0.029146362096071243,0.9938426613807678
206,thigh_r,19.366880416870117,1.3856598138809204,-0.4830795228481293,0.005286479368805885,-0.09494426846504211,0.0297702606767416,0.9950233101844788
206,upperarm_l,-15.441852569580078,-147.38685607910156,65.82057189941406,-0.06416258215904236,0.41705867648124695,0.8852531909942627,0.1956322342157364
206,upperarm_r,2.908676862716675,130.8078155517578,43.858116149902344,0.11476325988769531,0.3227463364601135,-0.9068673253059387,0.24547068774700165
207,calf_l,-1.262735366821289,0.1114121526479721,0.07747875154018402,0.0027108187787234783,0.1131935715675354,-0.04112640395760536,0.9927177429199219
207,calf_r,-1.4378522634506226,-0.10625673830509186,0.08530139178037643,-0.0023036058992147446,0.1216667965054512,0.04164418578147888,0.9916943311691284
207,clavicle_l,-25.515052795410156,5.926185131072998,1.0332229137420654,0.014163805171847343,0.1017577052116394,-0.07156510651111603,0.9921306371688843
207,clavicle_r,-26.11236000061035,1.6030845642089844,1.0328013896942139,-5.0431786803528666e-05,0.10273080319166183,-0.06544457376003265,0.9925540685653687
207,foot_l,1.40304696559906,-0.08964648097753525,-0.023338109254837036,-0.0007800472667440772,9.602193313185126e-05,-0.04590437188744545,0.9989455342292786
207,foot_r,1.4002796411514282,0.09149811416864395,-0.02228047139942646,0.0007288522901944816,7.046811515465379e-05,0.04580998793244362,0.9989499449729919
207,hand_l,64.7851791381836,-98.28382873535156,186.6751708984375,-0.8846085667610168,0.20023147761821747,0.40938350558280945,0.09889482706785202
207,hand_r,114.7330322265625,-19.765214920043945,216.11451721191406,-0.8771701455116272,0.12131977081298828,0.3504665791988373,0.30500364303588867
207,head,0.5213689208030701,0.31963568925857544,-2.207827568054199,0.0025359727442264557,0.01703384518623352,-0.002799193374812603,0.9998478293418884
207,lowerarm_l,51.046539306640625,-12.589221954345703,-8.863848686218262,-0.17455290257930756,-0.2341236174106598,0.9503106474876404,0.10782899707555771
207,lowerarm_r,84.96121978759766,-17.49281120300293,9.331707954406738,0.2549830973148346,-0.35025352239608765,-0.8938504457473755,0.1154879480600357
207,neck,-18.886470794677734,1.0417054891586304,-0.37058591842651367,0.004486372694373131,0.07701605558395386,-0.004324065055698156,0.9970104098320007
207,pelvis,6.714554309844971,-0.3235195279121399,-1.825803518295288,-0.0009441637084819376,-0.029350364580750465,-0.03206273913383484,0.9990543723106384
207,root,0.0,0.0,0.0,-2.1139658201718703e-07,-5.7790373375610216e-08,1.0658141036401503e-14,1.0
207,spine_01,-1.2195019721984863,0.2564905285835266,-1.9799292087554932,0.0005011906032450497,0.010049765929579735,-0.04860907047986984,0.9987673163414001
207,spine_02,-11.178898811340332,1.73476243019104,-1.3570189476013184,0.00356500968337059,0.05164693668484688,-0.06877853721380234,0.9962878227233887
207,thigh_l,19.794721603393555,-1.3706034421920776,-0.06000164523720741,-0.004919216502457857,-0.10649848729372025,-0.029165659099817276,0.993872880935669
207,thigh_r,19.34981918334961,1.38115656375885,-0.46348637342453003,0.005238079931586981,-0.09523871541023254,0.02975841611623764,0.9949958920478821
207,upperarm_l,-13.332737922668457,-146.57786560058594,64.18692779541016,-0.06902265548706055,0.4104938507080078,0.8884784579277039,0.19322717189788818
207,upperarm_r,-0.09491369128227234,132.84783935546875,46.23188781738281,0.11333809047937393,0.33386147022247314,-0.9001025557518005,0.25594237446784973
208,calf_l,-1.2581026554107666,0.10932286083698273,0.0760294497013092,0.0027037833351641893,0.11294177174568176,-0.04111335054039955,0.9927469491958618
208,calf_r,-1.4250632524490356,-0.10454973578453064,0.08346512913703918,-0.002317627891898155,0.12102033197879791,0.04160575941205025,0.9917750358581543
208,clavicle_l,-25.552305221557617,5.743381500244141,1.0333656072616577,0.01380910724401474,0.10166294872760773,-0.06835626810789108,0.9923716187477112
208,clavicle_r,-26.120365142822266,1.4263213872909546,1.032942295074463,-0.0003754369099624455,0.10258793085813522,-0.062236957252025604,0.9927749633789062
208,foot_l,1.401731014251709,-0.09075196087360382,-0.02332521602511406,-0.000760856841225177,6.480079173343256e-05,-0.0458545908331871,0.9989478588104248
208,foot_r,1.399126648902893,0.09244198352098465,-0.02225431613624096,0.0007125559495761991,4.2931624193442985e-05,0.04576686769723892,0.9989519119262695
208,hand_l,68.53143310546875,-94.57614135742188,188.37921142578125,-0.8884363770484924,0.18936927616596222,0.4099296033382416,0.08232756704092026
208,hand_r,115.88550567626953,-13.771075248718262,215.95663452148438,-0.8818256258964539,0.11125295609235764,0.35556846857070923,0.2890975773334503
208,head,0.4938460886478424,0.33898264169692993,-2.1996259689331055,0.002533898688852787,0.016997352242469788,-0.0026699244044721127,0.9998487830162048
208,lowerarm_l,51.736576080322266,-13.076716423034668,-8.837153434753418,-0.17584805190563202,-0.23047596216201782,0.9512677192687988,0.10510999709367752
208,lowerarm_r,85.990966796875,-13.76436996459961,9.120513916015625,0.26115718483924866,-0.34199270606040955,-0.8942128419876099,0.12337477505207062
208,neck,-18.907207489013672,1.0559842586517334,-0.36472082138061523,0.004476515110582113,0.07695794850587845,-0.004195189569145441,0.9970155954360962
208,pelvis,6.684316158294678,-0.30790355801582336,-1.8165171146392822,-0.0008988866466097534,-0.029344169422984123,-0.030507810413837433,0.999103307723999
208,root,0.0,0.0,0.0,-2.1139658201718703e-07,-5.7790373375610216e-08,1.0658141036401503e-14,1.0
208,spine_01,-1.2380530834197998,0.24317073822021484,-1.9713997840881348,0.00047469313722103834,0.009990379214286804,-0.04630275070667267,0.9988774061203003
208,spine_02,-11.187532424926758,1.6494008302688599,-1.3524889945983887,0.003388275858014822,0.0515148751437664,-0.06555688381195068,0.9965124726295471
208,thigh_l,19.74363899230957,-1.3688713312149048,-0.062896728515625,-0.004905715584754944,-0.10616207867860794,-0.029185334220528603,0.9939083456993103
208,thigh_r,19.32337188720703,1.3789286613464355,-0.4460334777832031,0.0052090296521782875,-0.09546647220849991,0.029747674241662025,0.9949744343757629
208,upperarm_l,-11.24124526977539,-145.6954803466797,62.535797119140625,-0.07393044233322144,0.4037292003631592,0.8916429877281189,0.19107559323310852
208,upperarm_r,-3.1290597915649414,134.5529327392578,48.400657653808594,0.11160846054553986,0.3439077138900757,-0.8934792280197144,0.26639434695243835
209,calf_l,-1.254246473312378,0.11106100678443909,0.07679508626461029,0.00272373273037374,0.11277477443218231,-0.04110224172472954,0.9927663803100586
209,calf_r,-1.4132646322250366,-0.10650327056646347,0.08374196290969849,-0.0023570796474814415,0.12046821415424347,0.04157077148556709,0.9918437004089355
209,clavicle_l,-25.58477020263672,5.57564115524292,1.0343892574310303,0.013496804051101208,0.1015632301568985,-0.06526181101799011,0.9925944209098816
209,clavicle_r,-26.126846313476562,1.2473920583724976,1.0339559316635132,-0.0007179307867772877,0.10244566202163696,-0.05914320424199104,0.992978572845459
209,foot_l,1.4028253555297852,-0.08988320082426071,-0.023427050560712814,-0.0007798221195116639,8.900352258933708e-05,-0.04589584842324257,0.998945951461792
209,foot_r,1.4003446102142334,0.09150989353656769,-0.022446945309638977,0.0007325957994908094,6.596324237762019e-05,0.045810915529727936,0.9989498853683472
209,hand_l,72.0951919555664,-90.74027252197266,190.04530334472656,-0.8918745517730713,0.1788473129272461,0.4101754128932953,0.0657993033528328
209,hand_r,115.19695281982422,-8.16423511505127,217.28460693359375,-0.8865942358970642,0.08095412701368332,0.35702741146087646,0.28271639347076416
209,head,0.47495102882385254,0.3573627769947052,-2.1901965141296387,0.002531365491449833,0.016938459128141403,-0.0025447739753872156,0.9998500943183899
209,lowerarm_l,52.473915100097656,-13.60975170135498,-8.781837463378906,-0.17736904323101044,-0.2266819179058075,0.9521636962890625,0.10266385972499847
209,lowerarm_r,87.05924987792969,-10.651040077209473,9.261483192443848,0.2675365209579468,-0.336334228515625,-0.8933899402618408,0.13098829984664917
209,neck,-18.93187713623047,1.069588541984558,-0.35692453384399414,0.004466758109629154,0.07691609859466553,-0.004070112481713295,0.997019350528717
209,pelvis,6.657993793487549,-0.2927436828613281,-1.8089115619659424,-0.0008542368304915726,-0.029351918026804924,-0.029012583196163177,0.9991476535797119
209,root,0.0,0.0,0.0,-2.1139658201718703e-07,-5.7790373375610216e-08,1.0658141036401503e-14,1.0
209,spine_01,-1.254268765449524,0.23020146787166595,-1.963663101196289,0.00044858147157356143,0.00992520060390234,-0.04408009722828865,0.9989786148071289
209,spine_02,-11.195070266723633,1.567592978477478,-1.3473749160766602,0.003219335339963436,0.05138496682047844,-0.06245030090212822,0.996719241142273
209,thigh_l,19.708984375,-1.3645089864730835,-0.06342155486345291,-0.004871621262282133,-0.10592276602983475,-0.029202448204159737,0.9939336180686951
209,thigh_r,19.311180114746094,1.3742181062698364,-0.4274888336658478,0.0051605659537017345,-0.09576182812452316,0.02973649837076664,0.9949466586112976
209,upperarm_l,-9.173816680908203,-144.7441864013672,60.876346588134766,-0.07886095345020294,0.3967934250831604,0.8947349190711975,0.18917037546634674
209,upperarm_r,-6.453499794006348,136.15475463867188,50.65131378173828,0.1091783195734024,0.35423627495765686,-0.8864452838897705,0.2771492600440979
210,calf_l,-1.2502496242523193,0.11027637124061584,0.07607115060091019,0.002724647056311369,0.11257144808769226,-0.04109065607190132,0.9927899241447449
210,calf_r,-1.4016664028167725,-0.10599109530448914,0.08263035863637924,-0.0023766171652823687,0.1198970153927803,0.04153682291507721,0.9919142127037048
210,clavicle_l,-25.613903045654297,5.4088568687438965,1.0338629484176636,0.013177492655813694,0.10145998746156693,-0.06229175627231598,0.9928001165390015
210,clavicle_r,-26.129695892333984,1.0818134546279907,1.033436894416809,-0.0010257085086777806,0.1022995114326477,-0.05617367848753929,0.9931657910346985
210,foot_l,1.4023826122283936,-0.09024855494499207,-0.023434720933437347,-0.0007710981881245971,7.632411870872602e-05,-0.04587789624929428,0.9989467859268188
210,foot_r,1.4000439643859863,0.09179113060235977,-0.022452646866440773,0.0007266848115250468,5.535737000172958e-05,0.045798659324645996,0.9989504814147949
210,hand_l,75.45701599121094,-86.80307006835938,191.67062377929688,-0.8949458003044128,0.16870446503162384,0.41008761525154114,0.04938631132245064
210,hand_r,115.80708312988281,-2.3197314739227295,217.11497497558594,-0.890436053276062,0.0696290135383606,0.36139896512031555,0.267705500125885
210,head,0.45191460847854614,0.3751888871192932,-2.1825194358825684,0.0025295449886471033,0.016893545165657997,-0.0024252303410321474,0.9998511672019958
210,lowerarm_l,53.24875259399414,-14.186291694641113,-8.698623657226562,-0.17908719182014465,-0.2227531373500824,0.9529999494552612,0.10049883276224136
210,lowerarm_r,87.79426574707031,-6.817519664764404,9.026987075805664,0.2731945514678955,-0.32767054438591003,-0.893552839756012,0.13985729217529297
210,neck,-18.95220184326172,1.0827504396438599,-0.3512859344482422,0.0044578006491065025,0.0768621489405632,-0.003950737416744232,0.9970239400863647
210,pelvis,6.63086462020874,-0.2783246338367462,-1.8010079860687256,-0.0008123111911118031,-0.02935026027262211,-0.02757853828370571,0.9991884231567383
210,root,0.0,0.0,0.0,-2.1139658201718703e-07,-5.7790373375610216e-08,1.0658141036401503e-14,1.0
210,spine_01,-1.2696419954299927,0.21799074113368988,-1.9562244415283203,0.0004243912117090076,0.00986220221966505,-0.04194768890738487,0.9990710616111755
210,spine_02,-11.19929027557373,1.488959789276123,-1.343536376953125,0.0030568598303943872,0.051249340176582336,-0.05946763977408409,0.9969092011451721
210,thigh_l,19.667377471923828,-1.3621407747268677,-0.06542422622442245,-0.004853847436606884,-0.10564462095499039,-0.02921944670379162,0.9939627647399902
210,thigh_r,19.291479110717773,1.371494174003601,-0.4109869599342346,0.005129105877131224,-0.0959990993142128,0.029726145789027214,0.9949242472648621
210,upperarm_l,-7.136355876922607,-143.72894287109375,59.217559814453125,-0.083788201212883,0.3897162973880768,0.8977439403533936,0.18750108778476715
210,upperarm_r,-9.74309253692627,137.4012451171875,52.64146423339844,0.106532022356987,0.36331820487976074,-0.8796628713607788,0.28782644867897034
211,calf_l,-1.246585726737976,0.10988973081111908,0.07559598982334137,0.0027276715263724327,0.11238895356655121,-0.04108092188835144,0.9928109645843506
211,calf_r,-1.3907556533813477,-0.1057841032743454,0.08176115900278091,-0.002396996133029461,0.11936250329017639,0.04150399565696716,0.9919800758361816
211,clavicle_l,-25.639175415039062,5.25075101852417,1.0329508781433105,0.012876851484179497,0.10135320574045181,-0.059454288333654404,0.9929888844490051
211,clavicle_r,-26.129467010498047,0.9225846529006958,1.032413125038147,-0.0013234360376372933,0.10214987397193909,-0.05333695560693741,0.9933373332023621
211,foot_l,1.4021683931350708,-0.09043619781732559,-0.023429077118635178,-0.0007666242308914661,6.993967690505087e-05,-0.045869339257478714,0.9989471435546875
211,foot_r,1.3999260663986206,0.09191755950450897,-0.022533047944307327,0.0007249627960845828,5.0114096666220576e-05,0.04579287767410278,0.998950719833374
211,hand_l,78.59953308105469,-82.79399871826172,193.25291442871094,-0.8976725935935974,0.15898504853248596,0.40964341163635254,0.033166222274303436
211,hand_r,114.60379028320312,2.9338183403015137,218.42050170898438,-0.8934317827224731,0.038195692002773285,0.3626673221588135,0.26228487491607666
211,head,0.4307866096496582,0.39202165603637695,-2.1751046180725098,0.002527267672121525,0.016845649108290672,-0.0023109044414013624,0.9998522400856018
211,lowerarm_l,54.05093002319336,-14.803025245666504,-8.588326454162598,-0.18097274005413055,-0.21870647370815277,0.9537773132324219,0.09861665964126587
211,lowerarm_r,88.5749282836914,-3.655972957611084,9.131750106811523,0.2790222465991974,-0.32173100113868713,-0.8925520777702332,0.14827860891819
211,neck,-18.971860885620117,1.0953373908996582,-0.3459930419921875,0.004449331201612949,0.07680901885032654,-0.0038369065150618553,0.9970285296440125
211,pelvis,6.605259418487549,-0.264529287815094,-1.7937779426574707,-0.0007720194989815354,-0.029350068420171738,-0.026211578398942947,0.9992252588272095
211,root,0.0,0.0,0.0,-2.1139658201718703e-07,-5.7790373375610216e-08,1.0658141036401503e-14,1.0
211,spine_01,-1.2833865880966187,0.20632578432559967,-1.9493579864501953,0.0004011897835880518,0.009797746315598488,-0.039912302047014236,0.9991551041603088
211,spine_02,-11.201062202453613,1.4139479398727417,-1.340186595916748,0.002901866566389799,0.05111122876405716,-0.05661885440349579,0.997082531452179
211,thigh_l,19.629737854003906,-1.3597604036331177,-0.06715471297502518,-0.004836049396544695,-0.10539139062166214,-0.029235316440463066,0.9939892292022705
211,thigh_r,19.274517059326172,1.3686997890472412,-0.39513614773750305,0.005097819026559591,-0.09623611718416214,0.029715456068515778,0.9949018359184265
211,upperarm_l,-5.134214401245117,-142.6557159423828,57.568145751953125,-0.08868809044361115,0.38252919912338257,0.9006609320640564,0.18605302274227142
211,upperarm_r,-13.266754150390625,138.52320861816406,54.6916618347168,0.10322222113609314,0.37258854508399963,-0.8725479245185852,0.29863524436950684
212,calf_l,-1.2430099248886108,0.1080314889550209,0.07429558038711548,0.0027194637805223465,0.1121923103928566,-0.04107077792286873,0.99283367395401
212,calf_r,-1.3800785541534424,-0.10424637794494629,0.08016331493854523,-0.0024065847974270582,0.11882273107767105,0.04147300869226456,0.992046058177948
212,clavicle_l,-25.66124725341797,5.092987537384033,1.0309374332427979,0.012572652660310268,0.1012396439909935,-0.05667617544531822,0.9931668043136597
212,clavicle_r,-26.12691307067871,0.7696148157119751,1.0304781198501587,-0.001605266472324729,0.10199668258428574,-0.050560642033815384,0.9934977293014526
212,foot_l,1.4010848999023438,-0.09125114977359772,-0.0232105515897274,-0.000742411008104682,4.0971084672492e-05,-0.045827336609363556,0.9989491105079651
212,foot_r,1.3989911079406738,0.09259865432977676,-0.022318683564662933,0.0007033129222691059,2.4472099539707415e-05,0.04575692117214203,0.9989524483680725
212,hand_l,80.25434112548828,-77.90234375,196.6365509033203,-0.8948314785957336,0.17015357315540314,0.41264545917510986,0.006954226642847061
212,hand_r,114.45270538330078,8.39716911315918,218.49984741210938,-0.8961894512176514,0.02278725802898407,0.36594611406326294,0.24981728196144104
212,head,0.40890759229660034,0.40866005420684814,-2.1683812141418457,0.002525684656575322,0.016800353303551674,-0.00219841580837965,0.9998533725738525
212,lowerarm_l,54.5306396484375,-14.537310600280762,-8.494270324707031,-0.1817711889743805,-0.21814553439617157,0.9538425207138062,0.09775572270154953
212,lowerarm_r,88.96578216552734,0.008249282836914062,8.903607368469238,0.28394293785095215,-0.31362831592559814,-0.8921363353729248,0.15845030546188354
212,neck,-18.990190505981445,1.107400894165039,-0.34154653549194336,0.004440438002347946,0.07675206661224365,-0.0037247147411108017,0.9970333576202393
212,pelvis,6.579061508178711,-0.2512069046497345,-1.7866015434265137,-0.0007336179842241108,-0.029344113543629646,-0.024877306073904037,0.9992595911026001
212,root,0.0,0.0,0.0,-2.1139658201718703e-07,-5.7790373375610216e-08,1.0658141036401503e-14,1.0
212,spine_01,-1.29640793800354,0.195003479719162,-1.94283127784729,0.0003786868182942271,0.009733101353049278,-0.03792254254221916,0.9992332458496094
212,spine_02,-11.200401306152344,1.3406888246536255,-1.337587833404541,0.002750665182247758,0.0509674958884716,-0.05383002758026123,0.9972447752952576
212,thigh_l,19.58930206298828,-1.3585683107376099,-0.06962579488754272,-0.004827922210097313,-0.10512328147888184,-0.0292504895478487,0.9940173029899597
212,thigh_r,19.25432777404785,1.36710524559021,-0.3804299831390381,0.0050764684565365314,-0.09644675254821777,0.029705766588449478,0.9948819279670715
212,upperarm_l,-3.841639995574951,-141.5897979736328,56.05139923095703,-0.09125792235136032,0.37612485885620117,0.9032875895500183,0.18513143062591553
212,upperarm_r,-16.889629364013672,139.20004272460938,56.366092681884766,0.09914404153823853,0.38033515214920044,-0.8658044338226318,0.30967456102371216
213,calf_l,-1.2402153015136719,0.11105872690677643,0.07584614306688309,0.0027462844736874104,0.11209259927272797,-0.04106234386563301,0.9928452372550964
213,calf_r,-1.3700698614120483,-0.10741740465164185,0.08126213401556015,-0.002450337400659919,0.11837498098611832,0.04144398868083954,0.992100715637207
213,clavicle_l,-25.680246353149414,4.945194721221924,1.0300228595733643,0.012303878553211689,0.10111890733242035,-0.05388518050312996,0.9933378100395203
213,clavicle_r,-26.123491287231445,0.6060571074485779,1.0296753644943237,-0.001922476920299232,0.10184027254581451,-0.0477716289460659,0.9936512112617493
213,foot_l,1.4029040336608887,-0.08995002508163452,-0.023727841675281525,-0.0007864348590373993,8.491628977935761e-05,-0.04589689150452614,0.9989458918571472
213,foot_r,1.400919795036316,0.09126001596450806,-0.022908048704266548,0.0007477366598322988,6.570224650204182e-05,0.045828383415937424,0.9989490509033203
213,hand_l,82.80809783935547,-73.77361297607422,198.24282836914062,0.896736204624176,-0.16301041841506958,-0.41134321689605713,0.009411721490323544
213,hand_r,114.08545684814453,13.675559997558594,218.5699462890625,-0.8985196948051453,0.0073561156168580055,0.3688541054725647,0.23781272768974304
213,head,0.39468592405319214,0.42486754059791565,-2.1602272987365723,0.0025229244492948055,0.016731999814510345,-0.002085903426632285,0.9998546838760376
213,lowerarm_l,55.022422790527344,-15.039864540100098,-8.453924179077148,-0.1829696148633957,-0.2146797776222229,0.9543566107749939,0.09817448258399963
213,lowerarm_r,89.24744415283203,3.653818368911743,8.694826126098633,0.28871285915374756,-0.30544042587280273,-0.8915712237358093,0.16867679357528687
213,neck,-19.013263702392578,1.119620680809021,-0.33496618270874023,0.004432106390595436,0.07671026885509491,-0.003612529719248414,0.9970370531082153
213,pelvis,6.55657958984375,-0.2376195341348648,-1.7810285091400146,-0.0006933814147487283,-0.029356250539422035,-0.023544849827885628,0.9992915391921997
213,root,0.0,0.0,0.0,-2.1139658201718703e-07,-5.7790373375610216e-08,1.0658141036401503e-14,1.0
213,spine_01,-1.3078745603561401,0.1836765855550766,-1.9368886947631836,0.0003562079509720206,0.009660977870225906,-0.03592757135629654,0.9993076324462891
213,spine_02,-11.199959754943848,1.2676162719726562,-1.3341426849365234,0.0025999995414167643,0.05082486942410469,-0.051029179245233536,0.9973998069763184
213,thigh_l,19.567340850830078,-1.3538422584533691,-0.06924751400947571,-0.0047918506897985935,-0.10496221482753754,-0.02926318533718586,0.9940341114997864
213,thigh_r,19.251585006713867,1.3620835542678833,-0.363320529460907,0.005027661100029945,-0.09675730019807816,0.02969416230916977,0.9948522448539734
213,upperarm_l,-2.514178991317749,-140.288818359375,54.28125762939453,-0.09418268501758575,0.3685704171657562,0.9061098098754883,0.18506896495819092
213,upperarm_r,-20.443788528442383,139.66673278808594,57.90961837768555,0.09508829563856125,0.38741442561149597,-0.8591306805610657,0.3205663561820984
214,calf_l,-1.2369043827056885,0.10999215394258499,0.0750071108341217,0.0027430823538452387,0.11192041635513306,-0.04105338081717491,0.9928650259971619
214,calf_r,-1.3596588373184204,-0.10657940059900284,0.0800776332616806,-0.0024642515927553177,0.11785753816366196,0.04141325131058693,0.9921635389328003
214,clavicle_l,-25.69930648803711,4.788181304931641,1.0274195671081543,0.012003576382994652,0.10099795460700989,-0.05109109729528427,0.9935014247894287
214,clavicle_r,-26.117473602294922,0.45178550481796265,1.0270577669143677,-0.0022079069167375565,0.10167791694402695,-0.04497798904776573,0.9937976002693176
214,foot_l,1.4023138284683228,-0.09034653007984161,-0.023519843816757202,-0.0007696700049564242,6.924605986569077e-05,-0.0458737276494503,0.9989469647407532
214,foot_r,1.400464415550232,0.09158448874950409,-0.02274828962981701,0.0007337580900639296,5.195634366828017e-05,0.045809995383024216,0.9989499449729919
214,hand_l,85.12096405029297,-69.67684173583984,199.77967834472656,0.898426353931427,-0.15623199939727783,-0.40961483120918274,0.025246458128094673
214,hand_r,113.52227020263672,18.74095344543457,218.6348419189453,-0.9004348516464233,-0.007975821383297443,0.3714011013507843,0.22630660235881805
214,head,0.3730796277523041,0.4414096474647522,-2.1538257598876953,0.0025212557520717382,0.01668366603553295,-0.0019733100198209286,0.9998556971549988
214,lowerarm_l,55.51626205444336,-15.56581974029541,-8.396476745605469,-0.18421193957328796,-0.21116410195827484,0.9548477530479431,0.09869885444641113
214,lowerarm_r,89.42247009277344,7.247473239898682,8.508448600769043,0.2933042347431183,-0.2972538471221924,-0.8908510804176331,0.17887744307518005
214,neck,-19.031492233276367,1.1316250562667847,-0.33097267150878906,0.004423254169523716,0.07665076106786728,-0.0035003446973860264,0.9970420598983765
214,pelvis,6.531022548675537,-0.22424273192882538,-1.774454116821289,-0.0006544882780872285,-0.02935321070253849,-0.02221488580107689,0.9993220567703247
214,root,0.0,0.0,0.0,-2.1139658201718703e-07,-5.7790373375610216e-08,1.0658141036401503e-14,1.0
214,spine_01,-1.319962739944458,0.17246808111667633,-1.9308269023895264,0.00033393074409104884,0.00959247536957264,-0.03393230214715004,0.9993781447410583
214,spine_02,-11.19701862335205,1.1945998668670654,-1.3319849967956543,0.002449612133204937,0.05067392811179161,-0.04822347313165665,0.9975473284721375
214,thigh_l,19.531450271606445,-1.3522435426712036,-0.07126503437757492,-0.004780779127031565,-0.1047205701470375,-0.02927783690392971,0.994059145450592
214,thigh_r,19.235210418701172,1.3600610494613647,-0.34839364886283875,0.005003380589187145,-0.09698911756277084,0.029683196917176247,0.9948301911354065
214,upperarm_l,-1.200768232345581,-138.96884155273438,52.55720520019531,-0.09708809852600098,0.3610648214817047,0.9088190197944641,0.1850786805152893
214,upperarm_r,-23.899429321289062,139.936767578125,59.31278610229492,0.09109916538000107,0.39380908012390137,-0.8525797724723816,0.3312448561191559
215,calf_l,-1.2337113618850708,0.10845071077346802,0.07386847585439682,0.0027360133826732635,0.11174533516168594,-0.04104457423090935,0.9928851127624512
215,calf_r,-1.3493843078613281,-0.1052844449877739,0.07861705869436264,-0.0024742786772549152,0.11733855307102203,0.04138312116265297,0.9922263026237488
215,clavicle_l,-25.716712951660156,4.630956172943115,1.0244030952453613,0.011702282354235649,0.10087335854768753,-0.04830007255077362,0.9936572909355164
215,clavicle_r,-26.110136032104492,0.2987309992313385,1.0240386724472046,-0.0024900163989514112,0.10151313245296478,-0.04218863323330879,0.9939361214637756
215,foot_l,1.4014787673950195,-0.09091843664646149,-0.023232676088809967,-0.000744320685043931,4.454369263839908e-05,-0.045840367674827576,0.9989485144615173
215,foot_r,1.3997045755386353,0.09205657988786697,-0.022490279749035835,0.000711220724042505,3.0155399144859985e-05,0.045781210064888,0.998951256275177
215,hand_l,87.19116973876953,-65.64451599121094,201.2464599609375,0.899917721748352,-0.14985348284244537,-0.40749654173851013,0.040480222553014755
215,hand_r,112.78563690185547,23.56734848022461,218.69854736328125,-0.9019530415534973,-0.023098492994904518,0.3735995590686798,0.21533866226673126
215,head,0.351107120513916,0.45795440673828125,-2.147829532623291,0.0025199393276125193,0.01663578301668167,-0.001861394615843892,0.99985671043396
215,lowerarm_l,56.0067253112793,-16.10624122619629,-8.323113441467285,-0.185477614402771,-0.2076372355222702,0.9553132057189941,0.09930536150932312
215,lowerarm_r,89.49779510498047,10.755414962768555,8.347314834594727,0.2976965308189392,-0.2891606390476227,-0.8899742364883423,0.18896767497062683
215,neck,-19.049556732177734,1.143746018409729,-0.32733678817749023,0.004415126517415047,0.0765901431441307,-0.003388330340385437,0.9970471262931824
215,pelvis,6.505174160003662,-0.2109190970659256,-1.7679691314697266,-0.0006157664465717971,-0.02934834361076355,-0.02089143916964531,0.9993507266044617
215,root,0.0,0.0,0.0,-2.1139658201718703e-07,-5.7790373375610216e-08,1.0658141036401503e-14,1.0
215,spine_01,-1.3317254781723022,0.161453977227211,-1.9249498844146729,0.00031224553822539747,0.009523159824311733,-0.0319427065551281,0.9994443655014038
215,spine_02,-11.192864418029785,1.121929407119751,-1.3302206993103027,0.00229989574290812,0.050519686192274094,-0.04542185366153717,0.9976869821548462
215,thigh_l,19.49477767944336,-1.351083755493164,-0.07361159473657608,-0.004773457534611225,-0.1044749766588211,-0.02929183840751648,0.9940845966339111
215,thigh_r,19.21794319152832,1.3585023880004883,-0.33385780453681946,0.004983034450560808,-0.09721445292234421,0.02967218868434429,0.994808554649353
215,upperarm_l,0.09410697966814041,-137.64041137695312,50.88974380493164,-0.09995764493942261,0.3536573350429535,0.9114046096801758,0.18513961136341095
215,upperarm_r,-27.228412628173828,140.027099609375,60.56827926635742,0.08722098171710968,0.3995108902454376,-0.8462042212486267,0.3416459262371063
216,calf_l,-1.2309505939483643,0.10894913226366043,0.0739646852016449,0.002743184333667159,0.11161729693412781,-0.04103687033057213,0.9928998351097107
216,calf_r,-1.3394643068313599,-0.10597296059131622,0.07838157564401627,-0.0024981792084872723,0.1168663278222084,0.04135461524128914,0.9922832250595093
216,clavicle_l,-25.73167610168457,4.478764057159424,1.0216271877288818,0.011417362838983536,0.1007438451051712,-0.04551957920193672,0.9938049912452698
216,clavicle_r,-26.101177215576172,0.14224231243133545,1.0212757587432861,-0.0027851529885083437,0.1013447493314743,-0.03941040858626366,0.994066596031189
216,foot_l,1.4017261266708374,-0.09087412804365158,-0.023588934913277626,-0.0007613829802721739,5.2181112550897524e-05,-0.04585045576095581,0.9989480376243591
216,foot_r,1.4001120328903198,0.09195274114608765,-0.022877682000398636,0.0007297126576304436,3.759888204513118e-05,0.04579520970582962,0.9989506006240845
216,hand_l,89.02007293701172,-61.71085739135742,202.64146423339844,0.9012301564216614,-0.14389784634113312,-0.4050293564796448,0.0550355538725853
216,hand_r,110.44097900390625,27.36290168762207,220.20895385742188,-0.9005407094955444,-0.05754990875720978,0.37406834959983826,0.21397963166236877
216,head,0.3330487608909607,0.4739179313182831,-2.141237258911133,0.002517399610951543,0.01657651551067829,-0.0017489311285316944,0.999858021736145
216,lowerarm_l,56.48888397216797,-16.65250015258789,-8.235163688659668,-0.18674729764461517,-0.204136461019516,0.9557510614395142,0.09996824711561203
216,lowerarm_r,89.74313354492188,13.49771785736084,8.508152961730957,0.3024064600467682,-0.28396597504615784,-0.888128936290741,0.19783993065357208
216,neck,-19.06970977783203,1.1555211544036865,-0.3228306770324707,0.004406437277793884,0.07653661072254181,-0.003276072209700942,0.9970516562461853
216,pelvis,6.481032848358154,-0.19764171540737152,-1.7623722553253174,-0.0005768865230493248,-0.029350819066166878,-0.019579408690333366,0.9993772506713867
216,root,0.0,0.0,0.0,-2.1139658201718703e-07,-5.7790373375610216e-08,1.0658141036401503e-14,1.0
216,spine_01,-1.3425936698913574,0.15053637325763702,-1.9195258617401123,0.00029065459966659546,0.009450613521039486,-0.029963722452521324,0.9995062947273254
216,spine_02,-11.188322067260742,1.0498934984207153,-1.3281702995300293,0.0021514471154659986,0.050365567207336426,-0.04263123497366905,0.9978182315826416
216,thigh_l,19.467063903808594,-1.3484735488891602,-0.07465100288391113,-0.004754822235554457,-0.10428164899349213,-0.029304223135113716,0.9941046237945557
216,thigh_r,19.208959579467773,1.3555409908294678,-0.31837549805641174,0.004951672162860632,-0.09748486429452896,0.02966034784913063,0.9947826266288757
216,upperarm_l,1.3656238317489624,-136.31488037109375,49.2889518737793,-0.1027744859457016,0.34639835357666016,0.9138574004173279,0.18523021042346954
216,upperarm_r,-30.568635940551758,140.06124877929688,61.88943862915039,0.08316962420940399,0.40537354350090027,-0.8396931290626526,0.3516683876514435
217,calf_l,-1.2282917499542236,0.10986986011266708,0.07428305596113205,0.002753144595772028,0.11150059849023819,-0.04102984815835953,0.9929131865501404
217,calf_r,-1.3297853469848633,-0.10708688944578171,0.07834430038928986,-0.0025247095618396997,0.11640875786542892,0.04132608696818352,0.9923380613327026
217,clavicle_l,-25.745655059814453,4.32908296585083,1.0188525915145874,0.011139125563204288,0.1006142869591713,-0.04275926947593689,0.9939438104629517
217,clavicle_r,-26.090923309326172,-0.013851691968739033,1.0184065103530884,-0.003081078641116619,0.10117463767528534,-0.03665182739496231,0.9941885471343994
217,foot_l,1.4024144411087036,-0.0902462750673294,-0.023450691252946854,-0.0007648188038729131,6.514391861855984e-05,-0.04587535932660103,0.9989469051361084
217,foot_r,1.4008899927139282,0.09126362949609756,-0.022830402478575706,0.0007352575194090605,5.074809450889006e-05,0.04582282900810242,0.9989493489265442
217,hand_l,90.61239624023438,-57.911537170410156,203.96194458007812,0.9023832678794861,-0.1383839249610901,-0.40226471424102783,0.06882893294095993
217,hand_r,109.45460510253906,31.604337692260742,220.2811737060547,-0.9010457396507263,-0.07188858091831207,0.37584051489830017,0.20418760180473328
217,head,0.3155454993247986,0.4898674786090851,-2.13472843170166,0.0025154927279800177,0.016515806317329407,-0.001637656008824706,0.9998592138290405
217,lowerarm_l,56.95801544189453,-17.195571899414062,-8.134551048278809,-0.18800178170204163,-0.20070219039916992,0.9561595320701599,0.10066241025924683
217,lowerarm_r,89.664306640625,16.74715232849121,8.39480209350586,0.3063763380050659,-0.27631211280822754,-0.8869942426681519,0.2074282318353653
217,neck,-19.090120315551758,1.167134165763855,-0.3183603286743164,0.004397865850478411,0.07648412138223648,-0.0031649749726057053,0.9970561861991882
217,pelvis,6.457492828369141,-0.18454623222351074,-1.7570734024047852,-0.0005386322154663503,-0.029355155304074287,-0.01828097179532051,0.9994018077850342
217,root,0.0,0.0,0.0,-2.1139658201718703e-07,-5.7790373375610216e-08,1.0658141036401503e-14,1.0
217,spine_01,-1.3529126644134521,0.13978096842765808,-1.9143104553222656,0.0002693531569093466,0.009376819245517254,-0.028001535683870316,0.9995638728141785
217,spine_02,-11.182880401611328,0.9788774847984314,-1.326310634613037,0.0020055181812494993,0.050210077315568924,-0.03986017405986786,0.9979410171508789
217,thigh_l,19.441579818725586,-1.3456549644470215,-0.07549114525318146,-0.0047345939092338085,-0.10410159081220627,-0.029316624626517296,0.9941233396530151
217,thigh_r,19.201908111572266,1.3523584604263306,-0.30289873480796814,0.004918825812637806,-0.09776316583156586,0.029648203402757645,0.9947558641433716
217,upperarm_l,2.6068460941314697,-135.00537109375,47.76567840576172,-0.10551852732896805,0.33934614062309265,0.9161670207977295,0.185332253575325
217,upperarm_r,-33.573387145996094,139.85321044921875,62.848854064941406,0.07962873578071594,0.40972962975502014,-0.8338053226470947,0.361316442489624
218,calf_l,-1.2258155345916748,0.11070935428142548,0.07463724166154861,0.0027622550260275602,0.11139251291751862,-0.04102303460240364,0.9929255843162537
218,calf_r,-1.3203654289245605,-0.10812578350305557,0.07839854806661606,-0.0025500901974737644,0.11596295982599258,0.04129873216152191,0.9923914074897766
218,clavicle_l,-25.758066177368164,4.18105936050415,1.015775442123413,0.010864077135920525,0.10048293322324753,-0.04002675041556358,0.9940740466117859
218,clavicle_r,-26.07956314086914,-0.16785705089569092,1.015317440032959,-0.0033727127593010664,0.10100404918193817,-0.03392058610916138,0.9943019151687622
218,foot_l,1.402960181236267,-0.08984836935997009,-0.023526368662714958,-0.0007761754677630961,7.882271893322468e-05,-0.045895788818597794,0.998945951461792
218,foot_r,1.4015002250671387,0.09079097956418991,-0.022923562675714493,0.0007483171648345888,6.540391768794507e-05,0.04584676772356033,0.9989482164382935
218,hand_l,91.9764175415039,-54.27964401245117,205.20616149902344,0.9033986330032349,-0.13332098722457886,-0.3992585241794586,0.081787109375
218,hand_r,108.37557220458984,35.544944763183594,220.3623046875,-0.901262640953064,-0.08566266298294067,0.3772907257080078,0.19503666460514069
218,head,0.2985764145851135,0.5056207776069641,-2.1284103393554688,0.0025137877091765404,0.016453998163342476,-0.0015278643695637584,0.999860405921936
218,lowerarm_l,57.41106414794922,-17.724782943725586,-8.023150444030762,-0.18922601640224457,-0.19738203287124634,0.9565354585647583,0.10136013478040695
218,lowerarm_r,89.52345275878906,19.81988525390625,8.311410903930664,0.31011050939559937,-0.26901593804359436,-0.8857365846633911,0.2166394591331482
218,neck,-19.110265731811523,1.178539752960205,-0.3141045570373535,0.004389358684420586,0.07643136382102966,-0.003055588575080037,0.9970605373382568
218,pelvis,6.434146881103516,-0.1715683788061142,-1.7520129680633545,-0.0005005923449061811,-0.02935895323753357,-0.01699954830110073,0.9994243383407593
218,root,0.0,0.0,0.0,-2.1139658201718703e-07,-5.7790373375610216e-08,1.0658141036401503e-14,1.0
218,spine_01,-1.3628437519073486,0.12924881279468536,-1.9093513488769531,0.00024851306807249784,0.009302917867898941,-0.026061220094561577,0.9996170401573181
218,spine_02,-11.176462173461914,0.9088724851608276,-1.3246774673461914,0.0018616067245602608,0.050053272396326065,-0.03711733967065811,0.9980549812316895
218,thigh_l,19.417617797851562,-1.3430402278900146,-0.0762297511100769,-0.004716014955192804,-0.10393108427524567,-0.029327884316444397,0.9941409230232239
218,thigh_r,19.195798873901367,1.3493596315383911,-0.28758111596107483,0.004887654446065426,-0.09804292023181915,0.02963612973690033,0.9947289228439331
218,upperarm_l,3.8105309009552,-133.72608947753906,46.33041763305664,-0.10817065089941025,0.3325616121292114,0.9183233976364136,0.18542928993701935
218,upperarm_r,-36.37971115112305,139.53268432617188,63.657676696777344,0.07632762938737869,0.4134301543235779,-0.8282372355461121,0.3705032765865326
219,calf_l,-1.2228686809539795,0.10749685764312744,0.07251414656639099,0.0027410860639065504,0.11120927333831787,-0.0410149060189724,0.9929465055465698
219,calf_r,-1.3105535507202148,-0.10519766062498093,0.07602232694625854,-0.0025455725844949484,0.11544833332300186,0.0412704274058342,0.9924525022506714
219,clavicle_l,-25.769027709960938,4.026432514190674,1.0111159086227417,0.010563523508608341,0.10034921020269394,-0.03732836991548538,0.9941957592964172
219,clavicle_r,-26.06637191772461,-0.310730516910553,1.0107011795043945,-0.00362976873293519,0.10083148628473282,-0.031223855912685394,0.9944068193435669
219,foot_l,1.400998830795288,-0.09145010262727737,-0.023506836965680122,-0.0007439969922415912,2.9798373361700214e-05,-0.04582056403160095,0.998949408531189
219,foot_r,1.399714469909668,0.09228070080280304,-0.022881250828504562,0.0007183808484114707,1.9109500499325804e-05,0.04577738791704178,0.9989514350891113
219,hand_l,93.12368774414062,-50.848175048828125,206.37127685546875,0.904296875,-0.1287105679512024,-0.3960755169391632,0.09383472800254822
219,hand_r,107.23420715332031,39.170108795166016,220.4546661376953,-0.9012395143508911,-0.09874775260686874,0.37843558192253113,0.18655498325824738
219,head,0.2751443386077881,0.5210260152816772,-2.1238088607788086,0.002511926693841815,0.016411373391747475,-0.0014187926426529884,0.9998611807823181
219,lowerarm_l,57.84469985961914,-18.22940444946289,-7.903249740600586,-0.19040313363075256,-0.19422419369220734,0.956876814365387,0.10203138738870621
219,lowerarm_r,89.33702087402344,22.690128326416016,8.257854461669922,0.3136022686958313,-0.2621572017669678,-0.8843798637390137,0.22538749873638153
219,neck,-19.125896453857422,1.1897438764572144,-0.31218528747558594,0.004381181672215462,0.07636398822069168,-0.002946611260995269,0.997066080570221
219,pelvis,6.40812349319458,-0.1589529812335968,-1.7460048198699951,-0.00046422440209425986,-0.02934803068637848,-0.015737811103463173,0.9994452595710754
219,root,0.0,0.0,0.0,-2.1139658201718703e-07,-5.7790373375610216e-08,1.0658141036401503e-14,1.0
219,spine_01,-1.373288631439209,0.1190752163529396,-1.9042789936065674,0.00022866738436277956,0.009233634918928146,-0.024148214608430862,0.9996657371520996
219,spine_02,-11.168158531188965,0.8399160504341125,-1.3242006301879883,0.0017197844572365284,0.049892324954271317,-0.03440902754664421,0.9981602430343628
219,thigh_l,19.379196166992188,-1.343405842781067,-0.07950440049171448,-0.00472186878323555,-0.10367743670940399,-0.02934066206216812,0.994166910648346
219,thigh_r,19.17530059814453,1.3492321968078613,-0.27483057975769043,0.004880446009337902,-0.0982351079583168,0.029625456780195236,0.9947102069854736
219,upperarm_l,4.968606472015381,-132.49264526367188,44.99422073364258,-0.11070992797613144,0.3261112570762634,0.9203168749809265,0.18550361692905426
219,upperarm_r,-38.97003936767578,139.12477111816406,64.32083892822266,0.07329969853162766,0.4165049195289612,-0.8230314254760742,0.37917062640190125
220,calf_l,-1.2209126949310303,0.11064384877681732,0.0741109699010849,0.0027660508640110493,0.11115309596061707,-0.04100969433784485,0.9929529428482056
220,calf_r,-1.3018196821212769,-0.10845861583948135,0.07727828621864319,-0.0025857421569526196,0.11506324261426926,0.041244957596063614,0.9924982786178589
220,clavicle_l,-25.77812385559082,3.8881115913391113,1.0083833932876587,0.01031477004289627,0.10021568089723587,-0.03467408940196037,0.9943078756332397
220,clavicle_r,-26.053016662597656,-0.4643317461013794,1.0079522132873535,-0.003927743993699551,0.1006610170006752,-0.028571685776114464,0.9945026636123657
220,foot_l,1.4029712677001953,-0.0899232029914856,-0.023784928023815155,-0.0007814565906301141,7.473549339920282e-05,-0.04589516296982765,0.998945951461792
220,foot_r,1.401747703552246,0.09071210026741028,-0.023221120238304138,0.0007565792766399682,6.351695628836751e-05,0.0458536371588707,0.9989479184150696
220,hand_l,94.06609344482422,-47.64992141723633,207.4555206298828,0.9050999879837036,-0.12455639243125916,-0.39278048276901245,0.1048964262008667
220,hand_r,106.05884552001953,42.4647102355957,220.56243896484375,-0.9010264277458191,-0.11103963106870651,0.37928563356399536,0.17878538370132446
220,head,0.26212596893310547,0.5359542369842529,-2.1171927452087402,0.0025098053738474846,0.01634039171040058,-0.0013120777439326048,0.9998624920845032
220,lowerarm_l,58.25830078125,-18.696460723876953,-7.777509689331055,-0.1915251463651657,-0.1912880539894104,0.9571782946586609,0.10264872759580612
220,lowerarm_r,89.12509155273438,25.333209991455078,8.235040664672852,0.31685617566108704,-0.2558184564113617,-0.8829483389854431,0.23358388245105743
220,neck,-19.147659301757812,1.2006893157958984,-0.30727386474609375,0.004373208619654179,0.07631920278072357,-0.002839842112734914,0.9970698952674866
220,pelvis,6.387272357940674,-0.14636626839637756,-1.7420411109924316,-0.0004270991776138544,-0.029360072687268257,-0.014501207508146763,0.999463677406311
220,root,0.0,0.0,0.0,-2.1139658201718703e-07,-5.7790373375610216e-08,1.0658141036401503e-14,1.0
220,spine_01,-1.3818331956863403,0.10912632942199707,-1.8999159336090088,0.00020923861302435398,0.0091574527323246,-0.02226806990802288,0.9997100830078125
220,spine_02,-11.160791397094727,0.7727195620536804,-1.3224482536315918,0.0015819108812138438,0.04973765090107918,-0.03174499422311783,0.9982564449310303
220,thigh_l,19.365209579467773,-1.3392274379730225,-0.07897230982780457,-0.0046913111582398415,-0.10356581211090088,-0.029350299388170242,0.9941784143447876
220,thigh_r,19.178014755249023,1.3446977138519287,-0.2589765191078186,0.004837841726839542,-0.09855475276708603,0.0296125840395689,0.9946792125701904
220,upperarm_l,6.07110595703125,-131.32174682617188,43.76705551147461,-0.11311613023281097,0.32006388902664185,0.922136664390564,0.18554747104644775
220,upperarm_r,-41.328548431396484,138.65478515625,64.84431457519531,0.07058080285787582,0.41898709535598755,-0.8182257413864136,0.38726580142974854
221,calf_l,-1.2182344198226929,0.10733968019485474,0.07200273871421814,0.0027437680400907993,0.11098217219114304,-0.04100246727466583,0.9929724335670471
221,calf_r,-1.2925022840499878,-0.10546077787876129,0.07494371384382248,-0.0025797011330723763,0.11457260698080063,0.04121815413236618,0.992556095123291
221,clavicle_l,-25.786527633666992,3.7386839389801025,1.003344178199768,0.010023503564298153,0.10008280724287033,-0.03207236900925636,0.9944115281105042
221,clavicle_r,-26.037853240966797,-0.600916862487793,1.002934217453003,-0.004172388929873705,0.10048960149288177,-0.025970224291086197,0.9945904016494751
221,foot_l,1.401016354560852,-0.09148335456848145,-0.023583736270666122,-0.0007446813397109509,2.569625030446332e-05,-0.0458197295665741,0.9989494681358337
221,foot_r,1.3999348878860474,0.09215238690376282,-0.023046012967824936,0.0007224548608064651,1.680485365795903e-05,0.04578333720564842,0.9989511370658875
221,hand_l,93.51386260986328,-43.860740661621094,209.97402954101562,0.901661217212677,-0.13972508907318115,-0.3900889754295349,0.12375200539827347
221,hand_r,104.92108917236328,45.43195343017578,220.6484375,-0.9009358286857605,-0.12119913101196289,0.37988707423210144,0.17120546102523804
221,head,0.23821331560611725,0.5508162975311279,-2.1132826805114746,0.002508611185476184,0.016301900148391724,-0.0012070905650034547,0.9998632669448853
221,lowerarm_l,58.783294677734375,-18.036144256591797,-7.588839530944824,-0.1925181895494461,-0.1929810494184494,0.9567399024963379,0.10170469433069229
221,lowerarm_r,89.01725006103516,27.385622024536133,8.31790542602539,0.31985658407211304,-0.25118130445480347,-0.8813923597335815,0.24030661582946777
221,neck,-19.161840438842773,1.2111202478408813,-0.306093692779541,0.004364743363112211,0.0762500986456871,-0.0027352238539606333,0.9970754384994507
221,pelvis,6.362014293670654,-0.13421198725700378,-1.7363965511322021,-0.00039191817631945014,-0.029348360374569893,-0.013290859758853912,0.9994808435440063
221,root,0.0,0.0,0.0,-2.1139658201718703e-07,-5.7790373375610216e-08,1.0658141036401503e-14,1.0
221,spine_01,-1.391533374786377,0.09949078410863876,-1.8951833248138428,0.00019040628103539348,0.009089672937989235,-0.02042607218027115,0.999750018119812
221,spine_02,-11.151049613952637,0.7069169282913208,-1.3223886489868164,0.0014467393048107624,0.04957783594727516,-0.02913285419344902,0.9983443021774292
221,thigh_l,19.329055786132812,-1.339839220046997,-0.08217978477478027,-0.004699044395238161,-0.10332691669464111,-0.029362211003899574,0.9942029714584351
221,thigh_r,19.158784866333008,1.344844937324524,-0.24685442447662354,0.004833125043660402,-0.09874197840690613,0.029602017253637314,0.9946609735488892
221,upperarm_l,6.883265972137451,-130.6739501953125,43.11793899536133,-0.11479046195745468,0.3166877329349518,0.9231995344161987,0.18502622842788696
221,upperarm_r,-43.288333892822266,138.19265747070312,65.20991516113281,0.06840910762548447,0.4207768142223358,-0.8141831755638123,0.39417386054992676
222,calf_l,-1.2164738178253174,0.11010091006755829,0.07348952442407608,0.002764990786090493,0.11093220859766006,-0.040997643023729324,0.9929781556129456
222,calf_r,-1.2842576503753662,-0.10833100229501724,0.07610197365283966,-0.0026153302751481533,0.11420699208974838,0.04119396209716797,0.9925991296768188
222,clavicle_l,-25.792255401611328,3.606128215789795,1.0001224279403687,0.009784981608390808,0.09994775056838989,-0.029527725651860237,0.9945063591003418
222,clavicle_r,-26.02287483215332,-0.746944010257721,0.9998875856399536,-0.004454906564205885,0.10032226145267487,-0.02342882566154003,0.9946691393852234
222,foot_l,1.4026384353637695,-0.09039824455976486,-0.024157792329788208,-0.0007902706856839359,6.8112371081952e-05,-0.0458829440176487,0.9989465475082397
222,foot_r,1.4016278982162476,0.09102849662303925,-0.02364828810095787,0.0007690994534641504,5.850488741998561e-05,0.04584842920303345,0.9989480972290039
222,hand_l,94.1146011352539,-41.349178314208984,210.87147521972656,0.9025517106056213,-0.13532854616641998,-0.38679754734039307,0.13219034671783447
222,hand_r,103.91175842285156,48.101932525634766,220.6593475341797,-0.9010347723960876,-0.12879875302314758,0.38048505783081055,0.1636410802602768
222,head,0.22573284804821014,0.5648230314254761,-2.10721492767334,0.00250631058588624,0.016232915222644806,-0.001104371272958815,0.9998645782470703
222,lowerarm_l,59.28659439086914,-17.78349494934082,-7.413980484008789,-0.19369088113307953,-0.1934075951576233,0.9564453959465027,0.1014375314116478
222,lowerarm_r,89.08360290527344,28.779638290405273,8.525747299194336,0.3226951062679291,-0.248520165681839,-0.87971031665802,0.24538835883140564
222,neck,-19.18263816833496,1.2214457988739014,-0.3017544746398926,0.004357212223112583,0.07620598375797272,-0.0026332810521125793,0.9970791935920715
222,pelvis,6.342011451721191,-0.12225693464279175,-1.7328083515167236,-0.0003568008542060852,-0.02935938537120819,-0.01211223378777504,0.9994955062866211
222,root,0.0,0.0,0.0,-2.1139658201718703e-07,-5.7790373375610216e-08,1.0658141036401503e-14,1.0
222,spine_01,-1.3992242813110352,0.09019425511360168,-1.891326904296875,0.00017238316650036722,0.009015130810439587,-0.018628228455781937,0.999785840511322
222,spine_02,-11.142485618591309,0.6431634426116943,-1.3210654258728027,0.001316012698225677,0.04942580312490463,-0.02657991647720337,0.9984232187271118
222,thigh_l,19.316287994384766,-1.3361220359802246,-0.08172423392534256,-0.004672600422054529,-0.10322388261556625,-0.02937105856835842,0.9942134618759155
222,thigh_r,19.161550521850586,1.3408055305480957,-0.23183566331863403,0.004795387852936983,-0.09904789924621582,0.02958933264017105,0.9946311116218567
222,upperarm_l,7.559532165527344,-130.13189697265625,42.586280822753906,-0.11640376597642899,0.31384673714637756,0.9239534735679626,0.18509556353092194
222,upperarm_r,-44.826107025146484,137.76596069335938,65.4140625,0.06684520840644836,0.42186856269836426,-0.8109759092330933,0.39984580874443054
223,calf_l,-1.2145540714263916,0.11102420091629028,0.07378491759300232,0.0027725426480174065,0.1108517050743103,-0.0409923791885376,0.992987334728241
223,calf_r,-1.2760353088378906,-0.10940542072057724,0.076123908162117,-0.002637112746015191,0.1138206198811531,0.04117067530751228,0.9926444292068481
223,clavicle_l,-25.798097610473633,3.474027633666992,0.9964783787727356,0.009541862644255161,0.09981822222471237,-0.02705240622162819,0.9945921301841736
223,clavicle_r,-26.006607055664062,-0.8851227164268494,0.9960806965827942,-0.004716794937849045,0.10015534609556198,-0.020955009385943413,0.9947399497032166
223,foot_l,1.403386116027832,-0.08960945904254913,-0.023866521194577217,-0.0007875035516917706,8.214924309868366e-05,-0.045909762382507324,0.9989452958106995
223,foot_r,1.4024404287338257,0.09019707888364792,-0.023437028750777245,0.0007684639422222972,7.286242907866836e-05,0.045878246426582336,0.9989467263221741
223,hand_l,94.69841003417969,-39.05620574951172,211.6229248046875,0.9031737446784973,-0.13127845525741577,-0.38404664397239685,0.13982638716697693
223,hand_r,103.03166961669922,50.49607849121094,220.6176300048828,-0.9008562564849854,-0.13582482933998108,0.38129156827926636,0.15692807734012604
223,head,0.2109631896018982,0.5785547494888306,-2.1019935607910156,0.002504597883671522,0.016172688454389572,-0.0010053754085674882,0.9998655915260315
223,lowerarm_l,59.780818939208984,-17.543455123901367,-7.239947319030762,-0.1948590874671936,-0.19381043314933777,0.9561468958854675,0.10124533623456955
223,lowerarm_r,89.14785766601562,30.124210357666016,8.72920036315918,0.3254462480545044,-0.24589499831199646,-0.8780372738838196,0.2503417134284973
223,neck,-19.20121955871582,1.2311817407608032,-0.298464298248291,0.004349187482148409,0.07615681737661362,-0.0025338376872241497,0.9970831871032715
223,pelvis,6.321175575256348,-0.11070318520069122,-1.7289340496063232,-0.00032305263448506594,-0.0293633621186018,-0.0109672537073493,0.9995086789131165
223,root,0.0,0.0,0.0,-2.1139658201718703e-07,-5.7790373375610216e-08,1.0658141036401503e-14,1.0
223,spine_01,-1.4069427251815796,0.08120256662368774,-1.88751220703125,0.0001548564905533567,0.008944028057157993,-0.016879480332136154,0.9998175501823425
223,spine_02,-11.132940292358398,0.5814210176467896,-1.3202905654907227,0.0011895092902705073,0.04927417263388634,-0.02409527264535427,0.9984939098358154
223,thigh_l,19.297733306884766,-1.3338512182235718,-0.08238435536623001,-0.004657750017940998,-0.10308846831321716,-0.029380321502685547,0.9942273497581482
223,thigh_r,19.158218383789062,1.3381433486938477,-0.21828033030033112,0.004769052844494581,-0.09931062906980515,0.029577668756246567,0.9946053624153137
223,upperarm_l,8.210972785949707,-129.59494018554688,42.06764602661133,-0.11797038465738297,0.31105390191078186,0.9246730804443359,0.18522480130195618
223,upperarm_r,-46.22658157348633,137.30181884765625,65.50775146484375,0.06550636887550354,0.4225301444530487,-0.808012843132019,0.4053303301334381
224,calf_l,-1.212440013885498,0.1094658300280571,0.07271634042263031,0.0027617497835308313,0.11073088645935059,-0.04098738357424736,0.9930010437965393
224,calf_r,-1.2677916288375854,-0.10802401602268219,0.07483118772506714,-0.0026403693482279778,0.11340411007404327,0.04114687070250511,0.9926930665969849
224,clavicle_l,-25.803485870361328,3.340646982192993,0.9920448064804077,0.009287725202739239,0.09969259053468704,-0.024653203785419464,0.994669497013092
224,clavicle_r,-25.98978042602539,-1.0131404399871826,0.9914610385894775,-0.004950831178575754,0.09999173879623413,-0.01855599321424961,0.9948030114173889
224,foot_l,1.4024879932403564,-0.09035474807024002,-0.023781226947903633,-0.0007714415551163256,5.995282845105976e-05,-0.045875173062086105,0.9989469051361084
224,foot_r,1.4016607999801636,0.09086157381534576,-0.023360496386885643,0.0007539256475865841,5.193401375436224e-05,0.045847002416849136,0.9989481568336487
224,hand_l,95.27631378173828,-36.969390869140625,212.24024963378906,0.9035621285438538,-0.12753421068191528,-0.3818167448043823,0.14671921730041504
224,hand_r,102.28163146972656,52.640296936035156,220.52926635742188,-0.9004412889480591,-0.14229226112365723,0.3823075592517853,0.15099455416202545
224,head,0.19219815731048584,0.5919106006622314,-2.0979881286621094,0.002503330120816827,0.01612650789320469,-0.0009086523205041885,0.9998664259910583
224,lowerarm_l,60.26158142089844,-17.316429138183594,-7.0684919357299805,-0.19600766897201538,-0.19418618083000183,0.9558496475219727,0.10111571103334427
224,lowerarm_r,89.20781707763672,31.418460845947266,8.9265775680542,0.3280969560146332,-0.24331137537956238,-0.8763854503631592,0.25514817237854004
224,neck,-19.216161727905273,1.2406872510910034,-0.2967953681945801,0.004341920372098684,0.07609821110963821,-0.002437230199575424,0.9970878958702087
224,pelvis,6.299112796783447,-0.09955509006977081,-1.724553108215332,-0.00029069004813209176,-0.029358012601733208,-0.009859377518296242,0.9995203018188477
224,root,0.0,0.0,0.0,-2.1139658201718703e-07,-5.7790373375610216e-08,1.0658141036401503e-14,1.0
224,spine_01,-1.4148166179656982,0.07257598638534546,-1.8836736679077148,0.0001379974273731932,0.008877383545041084,-0.0151855843141675,0.9998453855514526
224,spine_02,-11.122415542602539,0.521751880645752,-1.3202786445617676,0.0010671319905668497,0.04912332817912102,-0.021685898303985596,0.9985567331314087
224,thigh_l,19.271329879760742,-1.3334866762161255,-0.0844624787569046,-0.00465818727388978,-0.1029086709022522,-0.029389847069978714,0.9942456483840942
224,thigh_r,19.146772384643555,1.3373572826385498,-0.20648252964019775,0.0047581917606294155,-0.09951762109994888,0.02956678718328476,0.9945850372314453
224,upperarm_l,8.83707332611084,-129.06552124023438,41.56394958496094,-0.11948270350694656,0.3083207905292511,0.9253595471382141,0.18539664149284363
224,upperarm_r,-47.49594497680664,136.81198120117188,65.50643920898438,0.06437834352254868,0.42282041907310486,-0.8052811622619629,0.41061028838157654
225,calf_l,-1.2106893062591553,0.10941188037395477,0.07253135740756989,0.0027616273146122694,0.11064475774765015,-0.04098203405737877,0.9930108785629272
225,calf_r,-1.2600829601287842,-0.10817886888980865,0.07442173361778259,-0.0026540462858974934,0.1130313128232956,0.04112537205219269,0.9927365183830261
225,clavicle_l,-25.80628776550293,3.2149147987365723,0.987774133682251,0.009052823297679424,0.09956474602222443,-0.022335492074489594,0.9947392344474792
225,clavicle_r,-25.97273826599121,-1.1395982503890991,0.987311065196991,-0.0051869796589016914,0.09983229637145996,-0.01624014787375927,0.9948582053184509
225,foot_l,1.4025267362594604,-0.09028203785419464,-0.023719722405076027,-0.0007697375840507448,6.001252040732652e-05,-0.04587619751691818,0.9989468455314636
225,foot_r,1.4017928838729858,0.09072557836771011,-0.023339852690696716,0.0007539552170783281,5.347045589587651e-05,0.04585196077823639,0.9989479780197144
225,hand_l,95.85629272460938,-35.07429885864258,212.73524475097656,0.9037449955940247,-0.12406563758850098,-0.38008421659469604,0.15293419361114502
225,hand_r,101.65989685058594,54.55678176879883,220.3997802734375,-0.8998275995254517,-0.1482148915529251,0.3835253119468689,0.1457771211862564
225,head,0.176214799284935,0.6045636534690857,-2.093839645385742,0.0025016835425049067,0.016075508669018745,-0.0008150953217409551,0.99986732006073
225,lowerarm_l,60.72600555419922,-17.101932525634766,-6.9008989334106445,-0.19712644815444946,-0.19453538954257965,0.9555566906929016,0.10103757679462433
225,lowerarm_r,89.26204681396484,32.66069412231445,9.11668586730957,0.3306368887424469,-0.24077852070331573,-0.8747652173042297,0.25979000329971313
225,neck,-19.232208251953125,1.2498221397399902,-0.2946138381958008,0.004335099831223488,0.07604682445526123,-0.0023437177296727896,0.997092068195343
225,pelvis,6.278982162475586,-0.08872807770967484,-1.7208218574523926,-0.00025896349688991904,-0.0293583981692791,-0.00879241805523634,0.9995302557945251
225,root,0.0,0.0,0.0,-2.1139658201718703e-07,-5.7790373375610216e-08,1.0658141036401503e-14,1.0
225,spine_01,-1.4219226837158203,0.06442159414291382,-1.8801867961883545,0.00012236661859788,0.008810949511826038,-0.013551861979067326,0.9998694658279419
225,spine_02,-11.11197280883789,0.46450406312942505,-1.320052146911621,0.000949834065977484,0.0489773228764534,-0.019360573962330818,0.9986118078231812
225,thigh_l,19.251684188842773,-1.3320577144622803,-0.08559946715831757,-0.004650292918086052,-0.10276897996664047,-0.029397988691926003,0.9942598938941956
225,thigh_r,19.141033172607422,1.3355711698532104,-0.19433969259262085,0.004739550873637199,-0.09974724799394608,0.029556557536125183,0.9945625066757202
225,upperarm_l,9.437320709228516,-128.5460662841797,41.07676315307617,-0.12093546241521835,0.3056582808494568,0.9260135293006897,0.18559801578521729
225,upperarm_r,-48.64084243774414,136.30630493164062,65.4237289428711,0.06344619393348694,0.4227924048900604,-0.8027688264846802,0.4156722128391266
226,calf_l,-1.2091747522354126,0.11070816218852997,0.07309338450431824,0.0027710834983736277,0.11058821529150009,-0.04097852110862732,0.9930173754692078
226,calf_r,-1.2529139518737793,-0.10952737927436829,0.07470478117465973,-0.0026755956932902336,0.11269985139369965,0.041104547679424286,0.9927749037742615
226,clavicle_l,-25.808414459228516,3.0974390506744385,0.984093427658081,0.008838164620101452,0.09944155067205429,-0.02011021599173546,0.9948009252548218
226,clavicle_r,-25.955698013305664,-1.2636666297912598,0.9836304783821106,-0.005423166789114475,0.09967797249555588,-0.014016235247254372,0.9949063062667847
226,foot_l,1.4033507108688354,-0.0896652489900589,-0.023897971957921982,-0.0007870297995395958,7.88824399933219e-05,-0.04590781033039093,0.998945415019989
226,foot_r,1.4026819467544556,0.09008757770061493,-0.023581594228744507,0.0007725919131189585,7.21240503480658e-05,0.04588520899415016,0.9989464282989502
226,hand_l,96.44277954101562,-33.36271286010742,213.117431640625,0.9037536978721619,-0.1208358034491539,-0.37881946563720703,0.15850502252578735
226,hand_r,101.16193389892578,56.2643928527832,220.23541259765625,-0.8990500569343567,-0.15361028909683228,0.38492801785469055,0.14122162759304047
226,head,0.16329996287822723,0.6165408492088318,-2.0892739295959473,0.002499842783436179,0.01601923257112503,-0.0007255714735947549,0.9998683929443359
226,lowerarm_l,61.17088317871094,-16.901535034179688,-6.738698482513428,-0.19820556044578552,-0.19485196471214294,0.9552724957466125,0.10100384801626205
226,lowerarm_r,89.30913543701172,33.84901428222656,9.298020362854004,0.3330545723438263,-0.23830445110797882,-0.8731883764266968,0.2642494738101959
226,neck,-19.248950958251953,1.2585171461105347,-0.29184818267822266,0.00432850606739521,0.07600167393684387,-0.002254773862659931,0.9970957636833191
226,pelvis,6.2606892585754395,-0.07841372489929199,-1.7177164554595947,-0.00022885622456669807,-0.029363689944148064,-0.007770343217998743,0.9995386004447937
226,root,0.0,0.0,0.0,-2.1139658201718703e-07,-5.7790373375610216e-08,1.0658141036401503e-14,1.0
226,spine_01,-1.4282225370407104,0.05667940154671669,-1.8770575523376465,0.00010757138807093725,0.008744864724576473,-0.011984067037701607,0.9998899698257446
226,spine_02,-11.101855278015137,0.40984004735946655,-1.3196110725402832,0.0008378968923352659,0.04883734509348869,-0.017127463594079018,0.9986595511436462
226,thigh_l,19.237890243530273,-1.32974374294281,-0.08594761788845062,-0.004635352175682783,-0.10266430675983429,-0.029405755922198296,0.9942706227302551
226,thigh_r,19.140527725219727,1.332958459854126,-0.18204247951507568,0.004714778158813715,-0.09999637305736542,0.029545066878199577,0.994537889957428
226,upperarm_l,10.010652542114258,-128.03897094726562,40.607608795166016,-0.12232347577810287,0.3030766546726227,0.926635205745697,0.1858191043138504
226,upperarm_r,-49.66698455810547,135.7943878173828,65.27349853515625,0.06269616633653641,0.4224969148635864,-0.8004661798477173,0.4204989969730377
227,calf_l,-1.2076342105865479,0.11046233028173447,0.07281526923179626,0.002769096754491329,0.11051177978515625,-0.040974922478199005,0.9930259585380554
227,calf_r,-1.2459605932235718,-0.10948318243026733,0.07426368445158005,-0.0026863242965191603,0.11236037313938141,0.041084736585617065,0.9928141832351685
227,clavicle_l,-25.80978775024414,2.982804298400879,0.9800443649291992,0.008624675683677197,0.09932254254817963,-0.017984656617045403,0.9948554039001465
227,clavicle_r,-25.93851661682129,-1.3789405822753906,0.979570746421814,-0.005638092756271362,0.0995287373661995,-0.011891855858266354,0.9949476718902588
227,foot_l,1.4032176733016968,-0.08989444375038147,-0.024111589416861534,-0.0007924090605229139,7.558578363386914e-05,-0.04590211436152458,0.9989456534385681
227,foot_r,1.4026079177856445,0.09025672823190689,-0.023792129009962082,0.0007797518046572804,7.005060615483671e-05,0.04588284343481064,0.9989465475082397
227,hand_l,97.03569030761719,-31.8245792388916,213.3982391357422,0.9036146402359009,-0.1178298220038414,-0.37798529863357544,0.16347439587116241
227,hand_r,100.78148651123047,57.78230285644531,220.0407257080078,-0.8981437087059021,-0.15848740935325623,0.38649433851242065,0.13726551830768585
227,head,0.14872997999191284,0.6280086040496826,-2.0855307579040527,0.002498372457921505,0.015971528366208076,-0.0006404345040209591,0.999869167804718
227,lowerarm_l,61.593292236328125,-16.715160369873047,-6.5828857421875,-0.19923537969589233,-0.1951359361410141,0.9550000429153442,0.10100587457418442
227,lowerarm_r,89.34796905517578,34.981285095214844,9.469612121582031,0.3353399336338043,-0.23589842021465302,-0.8716660141944885,0.26850971579551697
227,neck,-19.26350212097168,1.266640305519104,-0.29000043869018555,0.00432188343256712,0.07595331966876984,-0.002169684274122119,0.997099757194519
227,pelvis,6.242087364196777,-0.06854905188083649,-1.7144441604614258,-0.0002000392705667764,-0.02936319261789322,-0.006795163732022047,0.999545693397522
227,root,0.0,0.0,0.0,-2.1139658201718703e-07,-5.7790373375610216e-08,1.0658141036401503e-14,1.0
227,spine_01,-1.4344779253005981,0.049289409071207047,-1.874011754989624,9.326387225883082e-05,0.008683117106556892,-0.010487351566553116,0.9999073147773743
227,spine_02,-11.091245651245117,0.3578910231590271,-1.319575309753418,0.0007316133705899119,0.04870074614882469,-0.014994119293987751,0.9987006187438965
227,thigh_l,19.220304489135742,-1.3286967277526855,-0.08705409616231918,-0.004630190785974264,-0.10253902524709702,-0.0294131338596344,0.9942832589149475
227,thigh_r,19.135461807250977,1.3315390348434448,-0.17106057703495026,0.004699734505265951,-0.1002076044678688,0.029535071924328804,0.9945170283317566
227,upperarm_l,10.555891990661621,-127.54678344726562,40.15828323364258,-0.12364086508750916,0.3005877137184143,0.9272246956825256,0.1860494464635849
227,upperarm_r,-50.58098602294922,135.2843017578125,65.06873321533203,0.06211099028587341,0.4219817817211151,-0.7983631491661072,0.42507630586624146
228,calf_l,-1.2058607339859009,0.10739606618881226,0.07082915306091309,0.002746599493548274,0.11038439720869064,-0.040969546884298325,0.9930404424667358
228,calf_r,-1.238978385925293,-0.1065959706902504,0.07212483137845993,-0.002675487892702222,0.11198370903730392,0.041064850986003876,0.9928576350212097
228,clavicle_l,-25.810829162597656,2.8672914505004883,0.9750580191612244,0.008399002254009247,0.09920910000801086,-0.015966566279530525,0.9949030876159668
228,clavicle_r,-25.921504974365234,-1.481603741645813,0.9745965003967285,-0.005819258280098438,0.09938579797744751,-0.009873500093817711,0.9949829578399658
228,foot_l,1.401429295539856,-0.09120304882526398,-0.02375626377761364,-0.0007518194033764303,2.9097289370838553e-05,-0.04583369567990303,0.9989488124847412
228,foot_r,1.4009650945663452,0.09147240966558456,-0.023444626480340958,0.0007407552329823375,2.438259616610594e-05,0.04581822454929352,0.9989495277404785
228,hand_l,97.63496398925781,-30.450946807861328,213.5872344970703,0.9033529758453369,-0.11502372473478317,-0.37754496932029724,0.16787736117839813
228,hand_r,100.51110076904297,59.12519836425781,219.8210906982422,-0.897140383720398,-0.1628584861755371,0.38819780945777893,0.13386090099811554
228,head,0.12937001883983612,0.639067530632019,-2.083313465118408,0.002497676992788911,0.015941590070724487,-0.0005588291678577662,0.9998696446418762
228,lowerarm_l,61.99100112915039,-16.543476104736328,-6.434781074523926,-0.20020797848701477,-0.19538477063179016,0.9547426104545593,0.10103537887334824
228,lowerarm_r,89.37785339355469,36.055030822753906,9.630365371704102,0.33748379349708557,-0.2335699200630188,-0.8702088594436646,0.27255523204803467
228,neck,-19.27394676208496,1.2743408679962158,-0.2900362014770508,0.004315805621445179,0.07589544355869293,-0.0020883565302938223,0.997104287147522
228,pelvis,6.222144603729248,-0.05930360034108162,-1.7104804515838623,-0.0001733485551085323,-0.029351534321904182,-0.005871434696018696,0.9995518922805786
228,root,0.0,0.0,0.0,-2.1139658201718703e-07,-5.7790373375610216e-08,1.0658141036401503e-14,1.0
228,spine_01,-1.4410585165023804,0.042446862906217575,-1.870870590209961,8.02785434643738e-05,0.008627869188785553,-0.00906706415116787,0.9999216794967651
228,spine_02,-11.079981803894043,0.3087332844734192,-1.3203740119934082,0.0006309983436949551,0.04856732115149498,-0.012968301773071289,0.9987355470657349
228,thigh_l,19.1928653717041,-1.3297491073608398,-0.08988291770219803,-0.004641975741833448,-0.10235815495252609,-0.029421115294098854,0.9943016171455383
228,thigh_r,19.120086669921875,1.3322027921676636,-0.16233888268470764,0.00470187421888113,-0.1003468930721283,0.02952687442302704,0.9945032000541687
228,upperarm_l,11.07200813293457,-127.07238006591797,39.73060607910156,-0.12488309293985367,0.29820331931114197,0.9277817606925964,0.18627981841564178
228,upperarm_r,-51.38894271850586,134.783447265625,64.82160186767578,0.061674926429986954,0.4212910830974579,-0.7964515089988708,0.42938917875289917
229,calf_l,-1.2048709392547607,0.1101876050233841,0.07231838256120682,0.0027661966159939766,0.11037518084049225,-0.04096771776676178,0.9930415749549866
229,calf_r,-1.233151912689209,-0.10950877517461777,0.07342687249183655,-0.0027059982530772686,0.11173923313617706,0.041048239916563034,0.9928857088088989
229,clavicle_l,-25.810760498046875,2.7715301513671875,0.972241997718811,0.008231065236032009,0.09910047054290771,-0.014062982052564621,0.9949440360069275
229,clavicle_r,-25.90506935119629,-1.5909403562545776,0.9717761278152466,-0.006033353507518768,0.09925039112567902,-0.007972625084221363,0.9950122833251953
229,foot_l,1.4032204151153564,-0.08975111693143845,-0.0238934513181448,-0.0007814104319550097,7.287837797775865e-05,-0.045901764184236526,0.9989456534385681
229,foot_r,1.402812123298645,0.0899764746427536,-0.023583630099892616,0.000771084800362587,6.865588511573151e-05,0.04588813707232475,0.9989463090896606
229,hand_l,98.23578643798828,-29.23182487487793,213.69659423828125,0.902990460395813,-0.11241978406906128,-0.37745201587677,0.17175573110580444
229,hand_r,100.33900451660156,60.30667495727539,219.58326721191406,-0.8960698246955872,-0.16675253212451935,0.3900018334388733,0.13096202909946442
229,head,0.12195371091365814,0.6491894125938416,-2.078878879547119,0.0024963770993053913,0.015882370993494987,-0.0004827334778383374,0.9998706579208374
229,lowerarm_l,62.36336135864258,-16.38433837890625,-6.294806480407715,-0.20112167298793793,-0.195607990026474,0.9544994235038757,0.1010863184928894
229,lowerarm_r,89.40017700195312,37.06560134887695,9.780192375183105,0.33948272466659546,-0.23133878409862518,-0.8688238859176636,0.2763673663139343
229,neck,-19.290634155273438,1.2814922332763672,-0.2868175506591797,0.004309958778321743,0.07586420327425003,-0.002011779462918639,0.9971068501472473
229,pelvis,6.207961559295654,-0.05046054720878601,-1.7086207866668701,-0.00014731683768332005,-0.029362836852669716,-0.005001751706004143,0.999556303024292
229,root,0.0,0.0,0.0,-2.1139658201718703e-07,-5.7790373375610216e-08,1.0658141036401503e-14,1.0
229,spine_01,-1.4455584287643433,0.035977330058813095,-1.8686294555664062,6.789746839785948e-05,0.008567704819142818,-0.007729425095021725,0.9999334216117859
229,spine_02,-11.070573806762695,0.262722909450531,-1.3198137283325195,0.0005369972786866128,0.04844619706273079,-0.011058616451919079,0.9987644553184509
229,thigh_l,19.188613891601562,-1.3266774415969849,-0.08913511037826538,-0.004620792344212532,-0.10231248289346695,-0.02942618727684021,0.9943062663078308
229,thigh_r,19.126819610595703,1.328752040863037,-0.15086473524570465,0.004671616014093161,-0.10060013830661774,0.02951616607606411,0.9944780468940735
229,upperarm_l,11.557382583618164,-126.61832427978516,39.32596969604492,-0.12604732811450958,0.2959348261356354,0.9283047318458557,0.18650749325752258
229,upperarm_r,-52.09697341918945,134.2979736328125,64.54234313964844,0.06137280538678169,0.4204634428024292,-0.7947238683700562,0.4334256947040558
230,calf_l,-1.203249454498291,0.10661118477582932,0.07012858986854553,0.0027393377386033535,0.11025084555149078,-0.04096359387040138,0.9930555820465088
230,calf_r,-1.226974606513977,-0.1060677021741867,0.07107727974653244,-0.002689504297450185,0.111394502222538,0.04103035852313042,0.9929252862930298
230,clavicle_l,-25.810150146484375,2.668318271636963,0.9673429727554321,0.008027143776416779,0.09899690747261047,-0.0122842350974679,0.9949795603752136
230,clavicle_r,-25.88859748840332,-1.6791915893554688,0.9668865203857422,-0.006186001468449831,0.09912090003490448,-0.006193893495947123,0.9950369000434875
230,foot_l,1.400999665260315,-0.09159538894891739,-0.023843320086598396,-0.0007490521529689431,1.9513219740474597e-05,-0.04581796005368233,0.9989495873451233
230,foot_r,1.4006723165512085,0.09176687151193619,-0.023548103868961334,0.0007396928267553449,1.6223089915001765e-05,0.04580671712756157,0.9989500641822815
230,hand_l,98.83438110351562,-28.160104751586914,213.73536682128906,0.9025518298149109,-0.10999737679958344,-0.37766242027282715,0.17513404786586761
230,hand_r,100.25675201416016,61.338890075683594,219.33152770996094,-0.894960880279541,-0.17017459869384766,0.3918769955635071,0.12852288782596588
230,head,0.1038428395986557,0.6587008833885193,-2.0772457122802734,0.0024953866377472878,0.015858475118875504,-0.00041078540380112827,0.9998710751533508
230,lowerarm_l,62.707828521728516,-16.240285873413086,-6.164121627807617,-0.201968252658844,-0.19579660892486572,0.9542748928070068,0.10115321725606918
230,lowerarm_r,89.41342163085938,38.01091384887695,9.917655944824219,0.34132450819015503,-0.22921128571033478,-0.8675240278244019,0.2799318730831146
230,neck,-19.29899787902832,1.2879912853240967,-0.2873420715332031,0.004304042551666498,0.07580984383821487,-0.0019402559846639633,0.9971111416816711
230,pelvis,6.189793586730957,-0.042317382991313934,-1.705026626586914,-0.000123765436001122,-0.029349565505981445,-0.00418973620980978,0.9995604157447815
230,root,0.0,0.0,0.0,-2.1139658201718703e-07,-5.7790373375610216e-08,1.0658141036401503e-14,1.0
230,spine_01,-1.4513078927993774,0.030047155916690826,-1.8659412860870361,5.665407297783531e-05,0.008519111201167107,-0.006479115691035986,0.9999427199363708
230,spine_02,-11.059727668762207,0.2198297083377838,-1.320815086364746,0.0004493367450777441,0.04832606017589569,-0.009272961877286434,0.9987884759902954
230,thigh_l,19.162126541137695,-1.328295350074768,-0.0920572280883789,-0.004637002944946289,-0.10214001685380936,-0.029433714225888252,0.9943236708641052
230,thigh_r,19.110565185546875,1.3300789594650269,-0.1437056064605713,0.004679766017943621,-0.10070691257715225,0.029508573934435844,0.9944674372673035
230,upperarm_l,12.010601997375488,-126.18785858154297,38.94675827026367,-0.1271282434463501,0.29379600286483765,0.9287929534912109,0.18672442436218262
230,upperarm_r,-52.711463928222656,133.8341522216797,64.24285888671875,0.061186134815216064,0.4195408225059509,-0.7931733727455139,0.4371701776981354
231,calf_l,-1.2026711702346802,0.11017047613859177,0.0720524713397026,0.0027645863592624664,0.11026806384325027,-0.04096177965402603,0.993053674697876
231,calf_r,-1.222161889076233,-0.10972441732883453,0.07283815741539001,-0.0027238435577601194,0.1112075001001358,0.041017208248376846,0.9929466843605042
231,clavicle_l,-25.808929443359375,2.5882346630096436,0.9650943875312805,0.007891131564974785,0.09890028089284897,-0.01063562836498022,0.9950092434883118
231,clavicle_r,-25.87337875366211,-1.77590012550354,0.9646536111831665,-0.006378852762281895,0.0990016981959343,-0.004547779448330402,0.9950565099716187
231,foot_l,1.4032893180847168,-0.08975616842508316,-0.024022571742534637,-0.0007868678658269346,7.358693255810067e-05,-0.04590423405170441,0.9989455342292786
231,foot_r,1.402999997138977,0.08989118784666061,-0.02377898618578911,0.0007788292714394629,7.041609205771238e-05,0.045894891023635864,0.9989460110664368
231,hand_l,99.42298889160156,-27.22692108154297,213.7154083251953,0.9020565152168274,-0.10776761174201965,-0.3781251609325409,0.1780494749546051
231,hand_r,100.25047302246094,62.23304748535156,219.07276916503906,-0.8938415050506592,-0.17315392196178436,0.39378035068511963,0.12650051712989807
231,head,0.0992022454738617,0.6672087907791138,-2.0730972290039062,0.0024938120041042566,0.015801679342985153,-0.00034443638287484646,0.9998720288276672
231,lowerarm_l,63.02409362792969,-16.108394622802734,-6.043231964111328,-0.20274651050567627,-0.19596320390701294,0.9540675282478333,0.10122977942228317
231,lowerarm_r,89.42054748535156,38.886024475097656,10.043364524841309,0.34301111102104187,-0.22720947861671448,-0.8663134574890137,0.2832317352294922
231,neck,-19.314653396606445,1.2942947149276733,-0.2840876579284668,0.004299628082662821,0.07578648626804352,-0.0018744301050901413,0.997113049030304
231,pelvis,6.178340911865234,-0.03470013290643692,-1.7038226127624512,-0.00010137749632121995,-0.029363222420215607,-0.003439771942794323,0.9995629787445068
231,root,0.0,0.0,0.0,-2.1139658201718703e-07,-5.7790373375610216e-08,1.0658141036401503e-14,1.0
231,spine_01,-1.454772710800171,0.02456037327647209,-1.8641471862792969,4.619328319677152e-05,0.008465200662612915,-0.005322130862623453,0.999950110912323
231,spine_02,-11.051261901855469,0.1803453415632248,-1.3201355934143066,0.00036869567702524364,0.04822063446044922,-0.007619588635861874,0.9988076090812683
231,thigh_l,19.163169860839844,-1.3248023986816406,-0.09073547273874283,-0.004612036049365997,-0.10212790220975876,-0.02943706512451172,0.9943249821662903
231,thigh_r,19.1208553314209,1.3263083696365356,-0.1331949084997177,0.00464719720184803,-0.10095124691724777,0.02949928306043148,0.9944431185722351
231,upperarm_l,12.429848670959473,-125.78360748291016,38.59408950805664,-0.12812325358390808,0.29179781675338745,0.9292448163032532,0.18692921102046967
231,upperarm_r,-53.23880386352539,133.39666748046875,63.931880950927734,0.06109962984919548,0.4185568392276764,-0.791793167591095,0.4406139552593231
232,calf_l,-1.201335072517395,0.10773806273937225,0.07055855542421341,0.002746146870777011,0.11017538607120514,-0.04095880314707756,0.9930640459060669
232,calf_r,-1.2170000076293945,-0.10740803182125092,0.0711812898516655,-0.0027142020408064127,0.11092855781316757,0.04100217670202255,0.9929785132408142
232,clavicle_l,-25.80803871154785,2.5021979808807373,0.9611198902130127,0.007722975220531225,0.09881260991096497,-0.009128016419708729,0.9950342178344727
232,clavicle_r,-25.859155654907227,-1.8518315553665161,0.9607102870941162,-0.0065125469118356705,0.09889224916696548,-0.003039893228560686,0.9950722455978394
232,foot_l,1.4018588066101074,-0.09086276590824127,-0.02376006543636322,-0.0007573728798888624,3.8800699257990345e-05,-0.04584942385554314,0.9989480972290039
232,foot_r,1.4016273021697998,0.09096641838550568,-0.02357216738164425,0.0007508678827434778,3.6450317566050217e-05,0.04584198817610741,0.9989484548568726
232,hand_l,99.99359893798828,-26.42640495300293,213.64727783203125,0.9015286564826965,-0.10572576522827148,-0.37878745794296265,0.18052271008491516
232,hand_r,100.30862426757812,62.998878479003906,218.8121337890625,-0.8927395343780518,-0.17570102214813232,0.39567309617996216,0.12485244125127792
232,head,0.08451975882053375,0.6752737760543823,-2.0716190338134766,0.002493252046406269,0.015779223293066025,-0.0002838093787431717,0.9998724460601807
232,lowerarm_l,63.310028076171875,-15.990790367126465,-5.932932376861572,-0.20344997942447662,-0.19610118865966797,0.9538807272911072,0.10131144523620605
232,lowerarm_r,89.42054748535156,39.68769454956055,10.15604019165039,0.3445313274860382,-0.2253437042236328,-0.8652042150497437,0.28625184297561646
232,neck,-19.322078704833984,1.2997004985809326,-0.2844095230102539,0.0042945705354213715,0.07574126869440079,-0.001813565380871296,0.99711674451828
232,pelvis,6.163509845733643,-0.027779433876276016,-1.7010211944580078,-8.124091982608661e-05,-0.029354587197303772,-0.0027539092116057873,0.9995653629302979
232,root,0.0,0.0,0.0,-2.1139658201718703e-07,-5.7790373375610216e-08,1.0658141036401503e-14,1.0
232,spine_01,-1.4593219757080078,0.019582310691475868,-1.8620073795318604,3.669673969852738e-05,0.008422747254371643,-0.004263476934283972,0.9999555349349976
232,spine_02,-11.041661262512207,0.1442297399044037,-1.3210058212280273,0.00029479601653292775,0.04811788722872734,-0.006105789449065924,0.9988229870796204
232,thigh_l,19.143239974975586,-1.3258332014083862,-0.09288331866264343,-0.00462294602766633,-0.10199626535177231,-0.029443299397826195,0.9943382143974304
232,thigh_r,19.109542846679688,1.3270045518875122,-0.12681691348552704,0.00465084332972765,-0.10105539113283157,0.02949235588312149,0.9944326877593994
232,upperarm_l,12.813484191894531,-125.40885162353516,38.270503997802734,-0.12902748584747314,0.28995463252067566,0.9296590089797974,0.18711605668067932
232,upperarm_r,-53.685272216796875,132.99044799804688,63.619876861572266,0.06109399348497391,0.4175483286380768,-0.7905786037445068,0.44374147057533264
233,calf_l,-1.2007735967636108,0.10965720564126968,0.07157056033611298,0.0027592640835791826,0.11017215251922607,-0.04095732048153877,0.9930645227432251
233,calf_r,-1.2129393815994263,-0.10942535102367401,0.07208467274904251,-0.0027349269948899746,0.11075690388679504,0.04099106416106224,0.9929981231689453
233,clavicle_l,-25.806621551513672,2.4336800575256348,0.9587920904159546,0.007602316793054342,0.09873223304748535,-0.0077668302692472935,0.9950547814369202
233,clavicle_r,-25.845674514770508,-1.9289504289627075,0.9583079218864441,-0.006662772037088871,0.0987917110323906,-0.0016800222219899297,0.9950845241546631
233,foot_l,1.4030803442001343,-0.08990292251110077,-0.02392229624092579,-0.0007804572815075517,6.807510362705216e-05,-0.04589586704969406,0.998945951461792
233,foot_r,1.4029018878936768,0.08995337784290314,-0.023724813014268875,0.0007744054310023785,6.609764386666939e-05,0.0458904467523098,0.9989461898803711
233,hand_l,100.53780364990234,-25.748878479003906,213.54234313964844,0.9009861350059509,-0.1038808524608612,-0.3795956075191498,0.18259231746196747
233,hand_r,100.41686248779297,63.64458084106445,218.5568389892578,-0.8916774988174438,-0.1778513491153717,0.39751309156417847,0.1235455647110939
233,head,0.07888190448284149,0.6823707222938538,-2.0687222480773926,0.0024923812597990036,0.015737129375338554,-0.00022885139333084226,0.9998730421066284
233,lowerarm_l,63.565818786621094,-15.88578987121582,-5.833709239959717,-0.20407958328723907,-0.1962190866470337,0.9537132382392883,0.1013936772942543
233,lowerarm_r,89.41619110107422,40.41124725341797,10.256048202514648,0.34588611125946045,-0.22363443672657013,-0.864201009273529,0.28897595405578613
233,neck,-19.333850860595703,1.304839015007019,-0.28237104415893555,0.004290989600121975,0.07571768015623093,-0.0017587023321539164,0.9971185326576233
233,pelvis,6.153230667114258,-0.021578285843133926,-1.6998052597045898,-6.322746048681438e-05,-0.029361719265580177,-0.002136328024789691,0.9995665550231934
233,root,0.0,0.0,0.0,-2.1139658201718703e-07,-5.7790373375610216e-08,1.0658141036401503e-14,1.0
233,spine_01,-1.4623143672943115,0.015175743959844112,-1.8605232238769531,2.845541348506231e-05,0.008379116654396057,-0.0033088643103837967,0.999959409236908
233,spine_02,-11.033886909484863,0.11180227994918823,-1.320791244506836,0.00022853493283037096,0.04802846163511276,-0.004739910364151001,0.9988346695899963
233,thigh_l,19.14066505432129,-1.3236719369888306,-0.09238426387310028,-0.004608390387147665,-0.1019665077328682,-0.02944658137857914,0.9943413138389587
233,thigh_r,19.114585876464844,1.3246768712997437,-0.11873240768909454,0.004630401264876127,-0.1012369841337204,0.029484884813427925,0.9944145679473877
233,upperarm_l,13.159730911254883,-125.06658935546875,37.97734451293945,-0.12983910739421844,0.28827834129333496,0.9300333261489868,0.1872844398021698
233,upperarm_r,-54.05726623535156,132.61953735351562,63.315032958984375,0.061153098940849304,0.41654691100120544,-0.7895235419273376,0.44654402136802673
234,calf_l,-1.1999515295028687,0.10927969217300415,0.07120736688375473,0.0027557681314647198,0.11012855917215347,-0.040955767035484314,0.9930693507194519
234,calf_r,-1.2090433835983276,-0.10913405567407608,0.07163716852664948,-0.0027382702101022005,0.11056403070688248,0.040979936718940735,0.9930201172828674
234,clavicle_l,-25.804948806762695,2.368633508682251,0.9559499025344849,0.007480451837182045,0.09865984320640564,-0.006561909802258015,0.9950714707374573
234,clavicle_r,-25.83379364013672,-1.9924426078796387,0.9555016756057739,-0.0067794909700751305,0.09870327264070511,-0.0004749704385176301,0.9950937032699585
234,foot_l,1.4030340909957886,-0.08972392231225967,-0.023453593254089355,-0.0007604173151776195,6.274980114540085e-05,-0.04589282348752022,0.9989460706710815
234,foot_r,1.4028942584991455,0.08972953259944916,-0.0232715904712677,0.0007550724549219012,6.121237674960867e-05,0.045888353139162064,0.9989463090896606
234,hand_l,101.04537963867188,-25.18794822692871,213.41221618652344,0.9004508256912231,-0.10224077105522156,-0.3804929256439209,0.1842832863330841
234,hand_r,100.56118774414062,64.18025207519531,218.31224060058594,-0.8906846642494202,-0.17961637675762177,0.3992556631565094,0.12253067642450333
234,head,0.06968863308429718,0.688643753528595,-2.067077159881592,0.002491639694198966,0.015711739659309387,-0.000180669580004178,0.9998734593391418
234,lowerarm_l,63.789756774902344,-15.793917655944824,-5.746188163757324,-0.20463010668754578,-0.1963168829679489,0.9535667300224304,0.10147281736135483
234,lowerarm_r,89.40792083740234,41.05299758911133,10.342974662780762,0.3470699191093445,-0.2220953106880188,-0.8633127808570862,0.2913885712623596
234,neck,-19.341501235961914,1.309244155883789,-0.2819180488586426,0.004287397023290396,0.0756872296333313,-0.0017107485327869654,0.9971210360527039
234,pelvis,6.142577648162842,-0.016052039340138435,-1.698082685470581,-4.708109190687537e-05,-0.029360555112361908,-0.0015898789279162884,0.9995676279067993
234,root,0.0,0.0,0.0,-2.1139658201718703e-07,-5.7790373375610216e-08,1.0658141036401503e-14,1.0
234,spine_01,-1.4654440879821777,0.011245273053646088,-1.8590152263641357,2.0958885215804912e-05,0.008342912420630455,-0.0024642294738441706,0.9999621510505676
234,spine_02,-11.026307106018066,0.08324586600065231,-1.3211846351623535,0.0001702683512121439,0.04794701933860779,-0.003531090682372451,0.9988437294960022
234,thigh_l,19.130563735961914,-1.323353886604309,-0.09324559569358826,-0.004608186427503824,-0.10189501196146011,-0.029450632631778717,0.9943484663963318
234,thigh_r,19.111230850219727,1.3240987062454224,-0.11281387507915497,0.004624446853995323,-0.10135258734226227,0.02947884611785412,0.9944030046463013
234,upperarm_l,13.466329574584961,-124.76022338867188,37.71704864501953,-0.13055306673049927,0.2867840826511383,0.9303655624389648,0.18743199110031128
234,upperarm_r,-54.361175537109375,132.2877197265625,63.0263671875,0.061258524656295776,0.41558560729026794,-0.7886232733726501,0.4490092396736145
235,calf_l,-1.1994619369506836,0.10979808866977692,0.07149586081504822,0.002758708316832781,0.1101117879152298,-0.04095420241355896,0.9930712580680847
235,calf_r,-1.2058415412902832,-0.10974190384149551,0.07181325554847717,-0.0027473377995193005,0.11041770130395889,0.0409712977707386,0.9930366277694702
235,clavicle_l,-25.803369522094727,2.314666748046875,0.9537819027900696,0.007382828276604414,0.09859704971313477,-0.005519583821296692,0.9950847625732422
235,clavicle_r,-25.822851181030273,-2.049764633178711,0.9533233642578125,-0.006888937670737505,0.09862473607063293,0.0005654911510646343,0.995100736618042
235,foot_l,1.4032490253448486,-0.08977846801280975,-0.02396482788026333,-0.0007836687727831304,7.087950507411733e-05,-0.04590184986591339,0.9989456534385681
235,foot_r,1.4031786918640137,0.08978179842233658,-0.02380826324224472,0.0007791528478264809,6.946142093511298e-05,0.045899536460638046,0.9989457726478577
235,hand_l,101.50597381591797,-24.735610961914062,213.26869201660156,0.899942934513092,-0.10081661492586136,-0.38142016530036926,0.18562695384025574
235,hand_r,100.72648620605469,64.61114501953125,218.08682250976562,-0.8897800445556641,-0.18103733658790588,0.40085598826408386,0.12178432196378708
235,head,0.06414428353309631,0.6940103769302368,-2.065098285675049,0.002490907208994031,0.015682842582464218,-0.00013849823153577745,0.9998739361763
235,lowerarm_l,63.98178482055664,-15.714868545532227,-5.670745849609375,-0.20510169863700867,-0.19639796018600464,0.9534410238265991,0.10154525935649872
235,lowerarm_r,89.39801025390625,41.6076545715332,10.416882514953613,0.34808075428009033,-0.2207479476928711,-0.8625447154045105,0.29347366094589233
235,neck,-19.349708557128906,1.3130570650100708,-0.2808213233947754,0.0042844293639063835,0.07566621154546738,-0.0016684825532138348,0.9971226453781128
235,pelvis,6.134049415588379,-0.011283879168331623,-1.6969561576843262,-3.3147265639854595e-05,-0.02936280332505703,-0.001118152285926044,0.9995682835578918
235,root,0.0,0.0,0.0,-2.1139658201718703e-07,-5.7790373375610216e-08,1.0658141036401503e-14,1.0
235,spine_01,-1.4678707122802734,0.00785929523408413,-1.8578529357910156,1.4468013432633597e-05,0.008310302160680294,-0.0017337091267108917,0.9999640583992004
235,spine_02,-11.019827842712402,0.05859838053584099,-1.3212919235229492,0.00011995686509180814,0.04787691682577133,-0.0024853311479091644,0.9988501667976379
235,thigh_l,19.12578773498535,-1.3224208354949951,-0.09335945546627045,-0.004602841567248106,-0.10185626894235611,-0.029453042894601822,0.994352400302887
235,thigh_r,19.11212158203125,1.323019027709961,-0.10714037716388702,0.004614431876689196,-0.10147425532341003,0.029473718255758286,0.9943907856941223
235,upperarm_l,13.731672286987305,-124.49260711669922,37.49120330810547,-0.1311672478914261,0.2854834198951721,0.9306538701057434,0.18755750358104706
235,upperarm_r,-54.602813720703125,131.99856567382812,62.7614860534668,0.06139356270432472,0.414693683385849,-0.7878736257553101,0.4511265158653259
236,calf_l,-1.1988786458969116,0.10907137393951416,0.07103786617517471,0.002752861939370632,0.11007419228553772,-0.04095255956053734,0.9930755496025085
236,calf_r,-1.2030285596847534,-0.10903044790029526,0.07122403383255005,-0.002745833480730653,0.11027204990386963,0.04096314683556557,0.9930531978607178
236,clavicle_l,-25.801593780517578,2.2667195796966553,0.9514452815055847,0.0072914352640509605,0.0985431969165802,-0.004649206064641476,0.9950951933860779
236,clavicle_r,-25.813886642456055,-2.094683885574341,0.9510707259178162,-0.006970263086259365,0.09855996072292328,0.0014354516752064228,0.9951056838035583
236,foot_l,1.4027968645095825,-0.09015978127717972,-0.02391091175377369,-0.0007771934033371508,6.092992043704726e-05,-0.04588497802615166,0.9989464282989502
236,foot_r,1.4027609825134277,0.09013232588768005,-0.02381884679198265,0.0007734643877483904,5.9795245761051774e-05,0.045883528888225555,0.998946487903595
236,hand_l,101.9088363647461,-24.384111404418945,213.12353515625,0.899482786655426,-0.09961912035942078,-0.38231825828552246,0.18665345013141632
236,hand_r,100.8978042602539,64.94747161865234,217.88587951660156,-0.8889909982681274,-0.18213000893592834,0.40226948261260986,0.12125565856695175
236,head,0.05692131817340851,0.6984545588493347,-2.0641326904296875,0.0024901682045310736,0.015665972605347633,-0.00010384460620116442,0.9998741745948792
236,lowerarm_l,64.1406021118164,-15.649337768554688,-5.6080217361450195,-0.20549091696739197,-0.19646188616752625,0.9533373713493347,0.10160800814628601
236,lowerarm_r,89.38753509521484,42.07151412963867,10.477614402770996,0.34891605377197266,-0.21960699558258057,-0.8619036078453064,0.2952161133289337
236,neck,-19.35468101501465,1.3161102533340454,-0.2807736396789551,0.004281504545360804,0.07564219832420349,-0.001633823150768876,0.9971245527267456
236,pelvis,6.125977993011475,-0.007332777604460716,-1.6956448554992676,-2.1685440515284427e-05,-0.029359981417655945,-0.0007248511537909508,0.9995686411857605
236,root,0.0,0.0,0.0,-2.1139658201718703e-07,-5.7790373375610216e-08,1.0658141036401503e-14,1.0
236,spine_01,-1.4701483249664307,0.005072554107755423,-1.8567800521850586,9.223053893947508e-06,0.008284377865493298,-0.0011244056513532996,0.9999650716781616
236,spine_02,-11.014006614685059,0.03801538422703743,-1.3217449188232422,7.788286893628538e-05,0.04781704768538475,-0.0016119990032166243,0.9988548159599304
236,thigh_l,19.117237091064453,-1.322582721710205,-0.0941961333155632,-0.0046057491563260555,-0.10179753601551056,-0.02945602871477604,0.9943583607673645
236,thigh_r,19.108327865600586,1.3229848146438599,-0.10313475131988525,0.004613196477293968,-0.10154961794614792,0.029469314962625504,0.9943832159042358
236,upperarm_l,13.953476905822754,-124.26719665527344,37.30202865600586,-0.13167744874954224,0.2843910753726959,0.9308955073356628,0.1876600980758667
236,upperarm_r,-54.788421630859375,131.7552032470703,62.528385162353516,0.06154044345021248,0.41390103101730347,-0.7872700095176697,0.45288488268852234
237,calf_l,-1.1982250213623047,0.10707738995552063,0.06991347670555115,0.0027378746308386326,0.1100199967622757,-0.040951162576675415,0.9930816292762756
237,calf_r,-1.2006117105484009,-0.10710698366165161,0.07007411122322083,-0.002735075308009982,0.11013235151767731,0.04095647856593132,0.9930689930915833
237,clavicle_l,-25.800142288208008,2.22571063041687,0.949183464050293,0.0072087571024894714,0.09850037842988968,-0.003958900924772024,0.995103120803833
237,clavicle_r,-25.806718826293945,-2.1273069381713867,0.9488803148269653,-0.007024466060101986,0.09850841015577316,0.0021264853421598673,0.9951091408729553
237,foot_l,1.4016889333724976,-0.09091014415025711,-0.023429570719599724,-0.0007454869337379932,3.3579814044060186e-05,-0.045841943472623825,0.9989484548568726
237,foot_r,1.4016655683517456,0.09086490422487259,-0.02330251969397068,0.0007421039044857025,3.290011954959482e-05,0.04584183916449547,0.9989484548568726
237,hand_l,102.24250793457031,-24.125802993774414,212.98899841308594,0.8990910053253174,-0.09866134077310562,-0.38312578201293945,0.18739266693592072
237,hand_r,101.05937957763672,65.19587707519531,217.71693420410156,-0.8883399367332458,-0.18292517960071564,0.40344923734664917,0.12091049551963806
237,head,0.04864037036895752,0.7022426128387451,-2.0638346672058105,0.002490411512553692,0.01565978117287159,-7.578288932563737e-05,0.9998742938041687
237,lowerarm_l,64.26560974121094,-15.597579956054688,-5.558362007141113,-0.20579685270786285,-0.19651050865650177,0.9532558917999268,0.10165901482105255
237,lowerarm_r,89.37755584716797,42.440162658691406,10.524914741516113,0.3495713472366333,-0.2186891883611679,-0.8613961935043335,0.2965999245643616
237,neck,-19.356983184814453,1.3184536695480347,-0.2814650535583496,0.00427898159250617,0.07561740279197693,-0.0016061521600931883,0.9971264600753784
237,pelvis,6.118525505065918,-0.004176974296569824,-1.694178581237793,-1.249760407517897e-05,-0.02935275249183178,-0.00041247601620852947,0.9995690584182739
237,root,0.0,0.0,0.0,-2.1139658201718703e-07,-5.7790373375610216e-08,1.0658141036401503e-14,1.0
237,spine_01,-1.4723132848739624,0.002940697129815817,-1.8557727336883545,5.402746410254622e-06,0.008265558630228043,-0.0006405432941392064,0.9999657273292542
237,spine_02,-11.008901596069336,0.02172662317752838,-1.3224124908447266,4.461114076548256e-05,0.04776783660054207,-0.0009186302195303142,0.9988580346107483
237,thigh_l,19.105798721313477,-1.3237311840057373,-0.09559918940067291,-0.004616194870322943,-0.10172396898269653,-0.02945861406624317,0.9943656921386719
237,thigh_r,19.100627899169922,1.3240104913711548,-0.10069093853235245,0.004620410967618227,-0.10158214718103409,0.02946687862277031,0.9943799376487732
237,upperarm_l,14.129718780517578,-124.0869140625,37.151611328125,-0.1320807784795761,0.28352004289627075,0.9310880899429321,0.1877395361661911
237,upperarm_r,-54.92390823364258,131.560791015625,62.3347282409668,0.06168190389871597,0.41323718428611755,-0.7868078351020813,0.45427313446998596
238,calf_l,-1.198274850845337,0.10935390740633011,0.07109756022691727,0.0027538947761058807,0.11004841327667236,-0.04095141589641571,0.9930784702301025
238,calf_r,-1.1993449926376343,-0.10939387232065201,0.07119292765855789,-0.002753754612058401,0.11009851843118668,0.040952663868665695,0.9930729269981384
238,clavicle_l,-25.799659729003906,2.2040367126464844,0.9488456845283508,0.007176458369940519,0.09847132861614227,-0.003456019563600421,0.9951080083847046
238,clavicle_r,-25.801027297973633,-2.1591806411743164,0.9483765959739685,-0.007091760169714689,0.09846936911344528,0.002628538990393281,0.995111346244812
238,foot_l,1.4030113220214844,-0.0899556577205658,-0.023932723328471184,-0.0007796525023877621,6.588231917703524e-05,-0.04589344188570976,0.9989460706710815
238,foot_r,1.4030547142028809,0.08991456031799316,-0.023817099630832672,0.0007762967725284398,6.464325269917026e-05,0.04589347913861275,0.9989460706710815
238,hand_l,102.49488067626953,-23.952917098999023,212.87786865234375,0.8987870812416077,-0.0979643389582634,-0.38378000259399414,0.18787696957588196
238,hand_r,101.19486999511719,65.36290740966797,217.5880126953125,-0.8878462910652161,-0.1834612637758255,0.40434932708740234,0.120716892182827
238,head,0.04967339336872101,0.7046696543693542,-2.0621538162231445,0.0024896475952118635,0.01563509926199913,-5.630591476801783e-05,0.9998747110366821
238,lowerarm_l,64.35620880126953,-15.559348106384277,-5.522348880767822,-0.2060183882713318,-0.19654712080955505,0.9531963467597961,0.10169748961925507
238,lowerarm_r,89.37015533447266,42.7083854675293,10.55907917022705,0.3500460386276245,-0.2180158793926239,-0.8610263466835022,0.29760804772377014
238,neck,-19.363412857055664,1.320411205291748,-0.27985572814941406,0.004277957137674093,0.07561555504798889,-0.0015864585293456912,0.9971266388893127
238,pelvis,6.115996837615967,-0.0018401568522676826,-1.6942799091339111,-5.530431735678576e-06,-0.029361460357904434,-0.0001858062605606392,0.9995688199996948
238,root,0.0,0.0,0.0,-2.1139658201718703e-07,-5.7790373375610216e-08,1.0658141036401503e-14,1.0
238,spine_01,-1.4729199409484863,0.0013004589127376676,-1.8554627895355225,2.1998339434503578e-06,0.00824711937457323,-0.00028861704049631953,0.9999659657478333
238,spine_02,-11.006173133850098,0.009897690266370773,-1.3220548629760742,2.045472683676053e-05,0.047735463827848434,-0.0004141192475799471,0.9988599419593811
238,thigh_l,19.110462188720703,-1.3218151330947876,-0.094611756503582,-0.004601970314979553,-0.1017456129193306,-0.029459273442626,0.9943636059761047
238,thigh_r,19.108121871948242,1.3219594955444336,-0.09688946604728699,0.004603721667081118,-0.10168164223432541,0.029463011771440506,0.9943699836730957
238,upperarm_l,14.258074760437012,-123.9547348022461,37.041526794433594,-0.13237369060516357,0.2828822433948517,0.9312288165092468,0.1877971887588501
238,upperarm_r,-55.014591217041016,131.41815185546875,62.187171936035156,0.061802417039871216,0.41272813081741333,-0.7864829301834106,0.45528078079223633
239,calf_l,-1.1981347799301147,0.10967904329299927,0.07126563787460327,0.002756076864898205,0.11004625260829926,-0.040950726717710495,0.9930787086486816
239,calf_r,-1.1984862089157104,-0.10974413901567459,0.0713614746928215,-0.00275757466442883,0.11005894094705582,0.04094985872507095,0.993077278137207
239,clavicle_l,-25.799449920654297,2.1885287761688232,0.9482324123382568,0.007148997858166695,0.09845389425754547,-0.0031482793856412172,0.9951109886169434
239,clavicle_r,-25.797630310058594,-2.1761066913604736,0.9476577043533325,-0.007124150637537241,0.0984458476305008,0.002936118980869651,0.9951125979423523
239,foot_l,1.4032080173492432,-0.08988957852125168,-0.024080602452158928,-0.0007877886528149247,7.035740418359637e-05,-0.04590003564953804,0.9989457726478577
239,foot_r,1.4031856060028076,0.08982618153095245,-0.023971065878868103,0.0007850609836168587,6.981196929700673e-05,0.04590030387043953,0.9989457130432129
239,hand_l,102.65511322021484,-23.85532569885254,212.8020782470703,0.8985904455184937,-0.09753446280956268,-0.3842189908027649,0.18814370036125183
239,hand_r,101.28815460205078,65.45771789550781,217.50535583496094,-0.8875349164009094,-0.18376031517982483,0.40492355823516846,0.12062805145978928
239,head,0.04786960780620575,0.7061033844947815,-2.0616888999938965,0.0024890087079256773,0.01562696136534214,-4.3352378270355985e-05,0.9998748302459717
239,lowerarm_l,64.4114761352539,-15.535846710205078,-5.500351428985596,-0.20615333318710327,-0.196569561958313,0.9531601667404175,0.10171978920698166
239,lowerarm_r,89.36540222167969,42.872650146484375,10.579689025878906,0.3503345549106598,-0.21759988367557526,-0.8608005046844482,0.29822561144828796
239,neck,-19.3656063079834,1.3215885162353516,-0.2796649932861328,0.004277287982404232,0.0756084993481636,-0.001573872985318303,0.9971271753311157
239,pelvis,6.113600730895996,-0.0004722037410829216,-1.6939938068389893,-1.6403507743234513e-06,-0.029362645000219345,-4.7100187657633796e-05,0.9995688199996948
239,root,0.0,0.0,0.0,-2.1139658201718703e-07,-5.7790373375610216e-08,1.0658141036401503e-14,1.0
239,spine_01,-1.4735571146011353,0.00041383429197594523,-1.855146884918213,7.851627401578298e-07,0.008237212896347046,-7.360227027675137e-05,0.9999660849571228
239,spine_02,-11.004125595092773,0.0026721274480223656,-1.3221263885498047,5.734078058594605e-06,0.047714393585920334,-0.0001050235441653058,0.9988610148429871
239,thigh_l,19.10963249206543,-1.3214033842086792,-0.09454607218503952,-0.00459935050457716,-0.10173745453357697,-0.029460089281201363,0.9943643808364868
239,thigh_r,19.10895347595215,1.3215396404266357,-0.09512189030647278,0.004599969368427992,-0.10172077268362045,0.029461057856678963,0.9943660497665405
239,upperarm_l,14.336845397949219,-123.87356567382812,36.9741096496582,-0.13255265355110168,0.2824914753437042,0.9313152432441711,0.1878310590982437
239,upperarm_r,-55.065494537353516,131.3303985595703,62.093387603759766,0.06188596040010452,0.412402868270874,-0.786291241645813,0.4558948576450348
240,calf_l,-1.1981326341629028,0.11003181338310242,0.07144738733768463,0.0027584717608988285,0.11005060374736786,-0.0409504659473896,0.9930782914161682
240,calf_r,-1.1981717348098755,-0.110120490193367,0.07152377814054489,-0.002760750474408269,0.11005011200904846,0.04094955697655678,0.9930782914161682
240,clavicle_l,-25.79902458190918,2.181421995162964,0.9479992389678955,0.007133804727345705,0.09844647347927094,-0.003038268070667982,0.9951121211051941
240,clavicle_r,-25.796710968017578,-2.1819937229156494,0.9475807547569275,-0.007136058993637562,0.09843852370977402,0.003037906950339675,0.995112955570221
240,foot_l,1.4035022258758545,-0.08956317603588104,-0.023924998939037323,-0.0007850668043829501,7.538442150689662e-05,-0.0459105521440506,0.9989452362060547
240,foot_r,1.4035165309906006,0.08950198441743851,-0.023823650553822517,0.0007821207400411367,7.498815830331296e-05,0.04591149464249611,0.9989452362060547
240,hand_l,102.70037841796875,-23.801740646362305,212.78564453125,0.8985283374786377,-0.09739957749843597,-0.38431331515312195,0.18831752240657806
240,hand_r,101.3056869506836,65.46942901611328,217.49310302734375,-0.8874645829200745,-0.18384969234466553,0.40503066778182983,0.12064867466688156
240,head,0.047976523637771606,0.7066832184791565,-2.0613551139831543,0.002489088336005807,0.015622179955244064,-3.879374708048999e-05,0.9998748898506165
240,lowerarm_l,64.43040466308594,-15.538570404052734,-5.4930524826049805,-0.20619706809520721,-0.19653351604938507,0.9531635046005249,0.10166972875595093
240,lowerarm_r,89.36297607421875,42.916194915771484,10.584982872009277,0.35040244460105896,-0.2174760103225708,-0.8607640862464905,0.29834139347076416
240,neck,-19.36720848083496,1.3226943016052246,-0.2792835235595703,0.004279259126633406,0.0756089985370636,-0.001569311018101871,0.9971272349357605
240,pelvis,6.112976551055908,1.621942465135362e-05,-1.6939878463745117,-1.938579998750356e-07,-0.02936398983001709,4.055095530475228e-07,0.9995688796043396
240,root,0.0,0.0,0.0,-2.1139658201718703e-07,-5.7790373375610216e-08,1.0658141036401503e-14,1.0
240,spine_01,-1.4737136363983154,3.6088746128370985e-05,-1.8550693988800049,-5.668939095926362e-08,0.008233534172177315,8.052398747793177e-09,0.9999661445617676
240,spine_02,-11.003471374511719,-3.939163661925704e-07,-1.322031021118164,-1.7404158825229388e-07,0.04770734906196594,1.8729444661857997e-07,0.9988613724708557
240,thigh_l,19.110322952270508,-1.3210960626602173,-0.09439953416585922,-0.004597201012074947,-0.10174033790826797,-0.029459772631525993,0.9943640828132629
240,thigh_r,19.110185623168945,1.3212214708328247,-0.09440246224403381,0.004597241058945656,-0.10173942148685455,0.02946094237267971,0.9943641424179077
240,upperarm_l,14.374629974365234,-123.85581970214844,36.961917877197266,-0.13264000415802002,0.28239884972572327,0.9313390254974365,0.18779020011425018
240,upperarm_r,-55.06870651245117,131.31704711914062,62.073486328125,0.06194030120968819,0.4123307168483734,-0.7862548828125,0.4560154378414154
241,calf_l,-1.1981326341629028,0.11003181338310242,0.07144738733768463,0.0027584717608988285,0.11005060374736786,-0.0409504659473896,0.9930782914161682
241,calf_r,-1.1981717348098755,-0.110120490193367,0.07152377814054489,-0.002760750474408269,0.11005011200904846,0.04094955697655678,0.9930782914161682
241,clavicle_l,-25.79902458190918,2.181421995162964,0.9479992389678955,0.007133804727345705,0.09844647347927094,-0.003038268070667982,0.9951121211051941
241,clavicle_r,-25.796710968017578,-2.1819937229156494,0.9475807547569275,-0.007136058993637562,0.09843852370977402,0.003037906950339675,0.995112955570221
241,foot_l,1.4035022258758545,-0.08956317603588104,-0.023924998939037323,-0.0007850668043829501,7.538442150689662e-05,-0.0459105521440506,0.9989452362060547
241,foot_r,1.4035165309906006,0.08950198441743851,-0.023823650553822517,0.0007821207400411367,7.498815830331296e-05,0.04591149464249611,0.9989452362060547
241,hand_l,102.70037841796875,-23.801740646362305,212.78564453125,0.8985283374786377,-0.09739957749843597,-0.38431331515312195,0.18831752240657806
241,hand_r,101.3056869506836,65.46942901611328,217.49310302734375,-0.8874645829200745,-0.18384969234466553,0.40503066778182983,0.12064867466688156
241,head,0.047976523637771606,0.7066832184791565,-2.0613551139831543,0.002489088336005807,0.015622179955244064,-3.879374708048999e-05,0.9998748898506165
241,lowerarm_l,64.43040466308594,-15.538570404052734,-5.4930524826049805,-0.20619706809520721,-0.19653351604938507,0.9531635046005249,0.10166972875595093
241,lowerarm_r,89.36297607421875,42.916194915771484,10.584982872009277,0.35040244460105896,-0.2174760103225708,-0.8607640862464905,0.29834139347076416
241,neck,-19.36720848083496,1.3226943016052246,-0.2792835235595703,0.004279259126633406,0.0756089985370636,-0.001569311018101871,0.9971272349357605
241,pelvis,6.112976551055908,1.621942465135362e-05,-1.6939878463745117,-1.938579998750356e-07,-0.02936398983001709,4.055095530475228e-07,0.9995688796043396
241,root,0.0,0.0,0.0,-2.1139658201718703e-07,-5.7790373375610216e-08,1.0658141036401503e-14,1.0
241,spine_01,-1.4737136363983154,3.6088746128370985e-05,-1.8550693988800049,-5.668939095926362e-08,0.008233534172177315,8.052398747793177e-09,0.9999661445617676
241,spine_02,-11.003471374511719,-3.939163661925704e-07,-1.322031021118164,-1.7404158825229388e-07,0.04770734906196594,1.8729444661857997e-07,0.9988613724708557
241,thigh_l,19.110322952270508,-1.3210960626602173,-0.09439953416585922,-0.004597201012074947,-0.10174033790826797,-0.029459772631525993,0.9943640828132629
241,thigh_r,19.110185623168945,1.3212214708328247,-0.09440246224403381,0.004597241058945656,-0.10173942148685455,0.02946094237267971,0.9943641424179077
241,upperarm_l,14.374629974365234,-123.85581970214844,36.961917877197266,-0.13264000415802002,0.28239884972572327,0.9313390254974365,0.18779020011425018
241,upperarm_r,-55.06870651245117,131.31704711914062,62.073486328125,0.06194030120968819,0.4123307168483734,-0.7862548828125,0.4560154378414154
242,calf_l,-1.1981326341629028,0.11003181338310242,0.07144738733768463,0.0027584717608988285,0.11005060374736786,-0.0409504659473896,0.9930782914161682
242,calf_r,-1.1981717348098755,-0.110120490193367,0.07152377814054489,-0.002760750474408269,0.11005011200904846,0.04094955697655678,0.9930782914161682
242,clavicle_l,-25.79902458190918,2.181421995162964,0.9479992389678955,0.007133804727345705,0.09844647347927094,-0.003038268070667982,0.9951121211051941
242,clavicle_r,-25.796710968017578,-2.1819937229156494,0.9475807547569275,-0.007136058993637562,0.09843852370977402,0.003037906950339675,0.995112955570221
242,foot_l,1.4035022258758545,-0.08956317603588104,-0.023924998939037323,-0.0007850668043829501,7.538442150689662e-05,-0.0459105521440506,0.9989452362060547
242,foot_r,1.4035165309906006,0.08950198441743851,-0.023823650553822517,0.0007821207400411367,7.498815830331296e-05,0.04591149464249611,0.9989452362060547
242,hand_l,102.70037841796875,-23.801740646362305,212.78564453125,0.8985283374786377,-0.09739957749843597,-0.38431331515312195,0.18831752240657806
242,hand_r,101.3056869506836,65.46942901611328,217.49310302734375,-0.8874645829200745,-0.18384969234466553,0.40503066778182983,0.12064867466688156
242,head,0.047976523637771606,0.7066832184791565,-2.0613551139831543,0.002489088336005807,0.015622179955244064,-3.879374708048999e-05,0.9998748898506165
242,lowerarm_l,64.43040466308594,-15.538570404052734,-5.4930524826049805,-0.20619706809520721,-0.19653351604938507,0.9531635046005249,0.10166972875595093
242,lowerarm_r,89.36297607421875,42.916194915771484,10.584982872009277,0.35040244460105896,-0.2174760103225708,-0.8607640862464905,0.29834139347076416
242,neck,-19.36720848083496,1.3226943016052246,-0.2792835235595703,0.004279259126633406,0.0756089985370636,-0.001569311018101871,0.9971272349357605
242,pelvis,6.112976551055908,1.621942465135362e-05,-1.6939878463745117,-1.938579998750356e-07,-0.02936398983001709,4.055095530475228e-07,0.9995688796043396
242,root,0.0,0.0,0.0,-2.1139658201718703e-07,-5.7790373375610216e-08,1.0658141036401503e-14,1.0
242,spine_01,-1.4737136363983154,3.6088746128370985e-05,-1.8550693988800049,-5.668939095926362e-08,0.008233534172177315,8.052398747793177e-09,0.9999661445617676
242,spine_02,-11.003471374511719,-3.939163661925704e-07,-1.322031021118164,-1.7404158825229388e-07,0.04770734906196594,1.8729444661857997e-07,0.9988613724708557
242,thigh_l,19.110322952270508,-1.3210960626602173,-0.09439953416585922,-0.004597201012074947,-0.10174033790826797,-0.029459772631525993,0.9943640828132629
242,thigh_r,19.110185623168945,1.3212214708328247,-0.09440246224403381,0.004597241058945656,-0.10173942148685455,0.02946094237267971,0.9943641424179077
242,upperarm_l,14.374629974365234,-123.85581970214844,36.961917877197266,-0.13264000415802002,0.28239884972572327,0.9313390254974365,0.18779020011425018
242,upperarm_r,-55.06870651245117,131.31704711914062,62.073486328125,0.06194030120968819,0.4123307168483734,-0.7862548828125,0.4560154378414154
243,calf_l,-1.1981326341629028,0.11003181338310242,0.07144738733768463,0.0027584717608988285,0.11005060374736786,-0.0409504659473896,0.9930782914161682
243,calf_r,-1.1981717348098755,-0.110120490193367,0.07152377814054489,-0.002760750474408269,0.11005011200904846,0.04094955697655678,0.9930782914161682
243,clavicle_l,-25.79902458190918,2.181421995162964,0.9479992389678955,0.007133804727345705,0.09844647347927094,-0.003038268070667982,0.9951121211051941
243,clavicle_r,-25.796710968017578,-2.1819937229156494,0.9475807547569275,-0.007136058993637562,0.09843852370977402,0.003037906950339675,0.995112955570221
243,foot_l,1.4035022258758545,-0.08956317603588104,-0.023924998939037323,-0.0007850668043829501,7.538442150689662e-05,-0.0459105521440506,0.9989452362060547
243,foot_r,1.4035165309906006,0.08950198441743851,-0.023823650553822517,0.0007821207400411367,7.498815830331296e-05,0.04591149464249611,0.9989452362060547
243,hand_l,102.70037841796875,-23.801740646362305,212.78564453125,0.8985283374786377,-0.09739957749843597,-0.38431331515312195,0.18831752240657806
243,hand_r,101.3056869506836,65.46942901611328,217.49310302734375,-0.8874645829200745,-0.18384969234466553,0.40503066778182983,0.12064867466688156
243,head,0.047976523637771606,0.7066832184791565,-2.0613551139831543,0.002489088336005807,0.015622179955244064,-3.879374708048999e-05,0.9998748898506165
243,lowerarm_l,64.43040466308594,-15.538570404052734,-5.4930524826049805,-0.20619706809520721,-0.19653351604938507,0.9531635046005249,0.10166972875595093
243,lowerarm_r,89.36297607421875,42.916194915771484,10.584982872009277,0.35040244460105896,-0.2174760103225708,-0.8607640862464905,0.29834139347076416
243,neck,-19.36720848083496,1.3226943016052246,-0.2792835235595703,0.004279259126633406,0.0756089985370636,-0.001569311018101871,0.9971272349357605
243,pelvis,6.112976551055908,1.621942465135362e-05,-1.6939878463745117,-1.938579998750356e-07,-0.02936398983001709,4.055095530475228e-07,0.9995688796043396
243,root,0.0,0.0,0.0,-2.1139658201718703e-07,-5.7790373375610216e-08,1.0658141036401503e-14,1.0
243,spine_01,-1.4737136363983154,3.6088746128370985e-05,-1.8550693988800049,-5.668939095926362e-08,0.008233534172177315,8.052398747793177e-09,0.9999661445617676
243,spine_02,-11.003471374511719,-3.939163661925704e-07,-1.322031021118164,-1.7404158825229388e-07,0.04770734906196594,1.8729444661857997e-07,0.9988613724708557
243,thigh_l,19.110322952270508,-1.3210960626602173,-0.09439953416585922,-0.004597201012074947,-0.10174033790826797,-0.029459772631525993,0.9943640828132629
243,thigh_r,19.110185623168945,1.3212214708328247,-0.09440246224403381,0.004597241058945656,-0.10173942148685455,0.02946094237267971,0.9943641424179077
243,upperarm_l,14.374629974365234,-123.85581970214844,36.961917877197266,-0.13264000415802002,0.28239884972572327,0.9313390254974365,0.18779020011425018
243,upperarm_r,-55.06870651245117,131.31704711914062,62.073486328125,0.06194030120968819,0.4123307168483734,-0.7862548828125,0.4560154378414154
244,calf_l,-1.1981326341629028,0.11003181338310242,0.07144738733768463,0.0027584717608988285,0.11005060374736786,-0.0409504659473896,0.9930782914161682
244,calf_r,-1.1981717348098755,-0.110120490193367,0.07152377814054489,-0.002760750474408269,0.11005011200904846,0.04094955697655678,0.9930782914161682
244,clavicle_l,-25.79902458190918,2.181421995162964,0.9479992389678955,0.007133804727345705,0.09844647347927094,-0.003038268070667982,0.9951121211051941
244,clavicle_r,-25.796710968017578,-2.1819937229156494,0.9475807547569275,-0.007136058993637562,0.09843852370977402,0.003037906950339675,0.995112955570221
244,foot_l,1.4035022258758545,-0.08956317603588104,-0.023924998939037323,-0.0007850668043829501,7.538442150689662e-05,-0.0459105521440506,0.9989452362060547
244,foot_r,1.4035165309906006,0.08950198441743851,-0.023823650553822517,0.0007821207400411367,7.498815830331296e-05,0.04591149464249611,0.9989452362060547
244,hand_l,102.70037841796875,-23.801740646362305,212.78564453125,0.8985283374786377,-0.09739957749843597,-0.38431331515312195,0.18831752240657806
244,hand_r,101.3056869506836,65.46942901611328,217.49310302734375,-0.8874645829200745,-0.18384969234466553,0.40503066778182983,0.12064867466688156
244,head,0.047976523637771606,0.7066832184791565,-2.0613551139831543,0.002489088336005807,0.015622179955244064,-3.879374708048999e-05,0.9998748898506165
244,lowerarm_l,64.43040466308594,-15.538570404052734,-5.4930524826049805,-0.20619706809520721,-0.19653351604938507,0.9531635046005249,0.10166972875595093
244,lowerarm_r,89.36297607421875,42.916194915771484,10.584982872009277,0.35040244460105896,-0.2174760103225708,-0.8607640862464905,0.29834139347076416
244,neck,-19.36720848083496,1.3226943016052246,-0.2792835235595703,0.004279259126633406,0.0756089985370636,-0.001569311018101871,0.9971272349357605
244,pelvis,6.112976551055908,1.621942465135362e-05,-1.6939878463745117,-1.938579998750356e-07,-0.02936398983001709,4.055095530475228e-07,0.9995688796043396
244,root,0.0,0.0,0.0,-2.1139658201718703e-07,-5.7790373375610216e-08,1.0658141036401503e-14,1.0
244,spine_01,-1.4737136363983154,3.6088746128370985e-05,-1.8550693988800049,-5.668939095926362e-08,0.008233534172177315,8.052398747793177e-09,0.9999661445617676
244,spine_02,-11.003471374511719,-3.939163661925704e-07,-1.322031021118164,-1.7404158825229388e-07,0.04770734906196594,1.8729444661857997e-07,0.9988613724708557
244,thigh_l,19.110322952270508,-1.3210960626602173,-0.09439953416585922,-0.004597201012074947,-0.10174033790826797,-0.029459772631525993,0.9943640828132629
244,thigh_r,19.110185623168945,1.3212214708328247,-0.09440246224403381,0.004597241058945656,-0.10173942148685455,0.02946094237267971,0.9943641424179077
244,upperarm_l,14.374629974365234,-123.85581970214844,36.961917877197266,-0.13264000415802002,0.28239884972572327,0.9313390254974365,0.18779020011425018
244,upperarm_r,-55.06870651245117,131.31704711914062,62.073486328125,0.06194030120968819,0.4123307168483734,-0.7862548828125,0.4560154378414154
245,calf_l,-1.1981326341629028,0.11003181338310242,0.07144738733768463,0.0027584717608988285,0.11005060374736786,-0.0409504659473896,0.9930782914161682
245,calf_r,-1.1981717348098755,-0.110120490193367,0.07152377814054489,-0.002760750474408269,0.11005011200904846,0.04094955697655678,0.9930782914161682
245,clavicle_l,-25.79902458190918,2.181421995162964,0.9479992389678955,0.007133804727345705,0.09844647347927094,-0.003038268070667982,0.9951121211051941
245,clavicle_r,-25.796710968017578,-2.1819937229156494,0.9475807547569275,-0.007136058993637562,0.09843852370977402,0.003037906950339675,0.995112955570221
245,foot_l,1.4035022258758545,-0.08956317603588104,-0.023924998939037323,-0.0007850668043829501,7.538442150689662e-05,-0.0459105521440506,0.9989452362060547
245,foot_r,1.4035165309906006,0.08950198441743851,-0.023823650553822517,0.0007821207400411367,7.498815830331296e-05,0.04591149464249611,0.9989452362060547
245,hand_l,102.70037841796875,-23.801740646362305,212.78564453125,0.8985283374786377,-0.09739957749843597,-0.38431331515312195,0.18831752240657806
245,hand_r,101.3056869506836,65.46942901611328,217.49310302734375,-0.8874645829200745,-0.18384969234466553,0.40503066778182983,0.12064867466688156
245,head,0.047976523637771606,0.7066832184791565,-2.0613551139831543,0.002489088336005807,0.015622179955244064,-3.879374708048999e-05,0.9998748898506165
245,lowerarm_l,64.43040466308594,-15.538570404052734,-5.4930524826049805,-0.20619706809520721,-0.19653351604938507,0.9531635046005249,0.10166972875595093
245,lowerarm_r,89.36297607421875,42.916194915771484,10.584982872009277,0.35040244460105896,-0.2174760103225708,-0.8607640862464905,0.29834139347076416
245,neck,-19.36720848083496,1.3226943016052246,-0.2792835235595703,0.004279259126633406,0.0756089985370636,-0.001569311018101871,0.9971272349357605
245,pelvis,6.112976551055908,1.621942465135362e-05,-1.6939878463745117,-1.938579998750356e-07,-0.02936398983001709,4.055095530475228e-07,0.9995688796043396
245,root,0.0,0.0,0.0,-2.1139658201718703e-07,-5.7790373375610216e-08,1.0658141036401503e-14,1.0
245,spine_01,-1.4737136363983154,3.6088746128370985e-05,-1.8550693988800049,-5.668939095926362e-08,0.008233534172177315,8.052398747793177e-09,0.9999661445617676
245,spine_02,-11.003471374511719,-3.939163661925704e-07,-1.322031021118164,-1.7404158825229388e-07,0.04770734906196594,1.8729444661857997e-07,0.9988613724708557
245,thigh_l,19.110322952270508,-1.3210960626602173,-0.09439953416585922,-0.004597201012074947,-0.10174033790826797,-0.029459772631525993,0.9943640828132629
245,thigh_r,19.110185623168945,1.3212214708328247,-0.09440246224403381,0.004597241058945656,-0.10173942148685455,0.02946094237267971,0.9943641424179077
245,upperarm_l,14.374629974365234,-123.85581970214844,36.961917877197266,-0.13264000415802002,0.28239884972572327,0.9313390254974365,0.18779020011425018
245,upperarm_r,-55.06870651245117,131.31704711914062,62.073486328125,0.06194030120968819,0.4123307168483734,-0.7862548828125,0.4560154378414154
246,calf_l,-1.1981326341629028,0.11003181338310242,0.07144738733768463,0.0027584717608988285,0.11005060374736786,-0.0409504659473896,0.9930782914161682
246,calf_r,-1.1981717348098755,-0.110120490193367,0.07152377814054489,-0.002760750474408269,0.11005011200904846,0.04094955697655678,0.9930782914161682
246,clavicle_l,-25.79902458190918,2.181421995162964,0.9479992389678955,0.007133804727345705,0.09844647347927094,-0.003038268070667982,0.9951121211051941
246,clavicle_r,-25.796710968017578,-2.1819937229156494,0.9475807547569275,-0.007136058993637562,0.09843852370977402,0.003037906950339675,0.995112955570221
246,foot_l,1.4035022258758545,-0.08956317603588104,-0.023924998939037323,-0.0007850668043829501,7.538442150689662e-05,-0.0459105521440506,0.9989452362060547
246,foot_r,1.4035165309906006,0.08950198441743851,-0.023823650553822517,0.0007821207400411367,7.498815830331296e-05,0.04591149464249611,0.9989452362060547
246,hand_l,102.70037841796875,-23.801740646362305,212.78564453125,0.8985283374786377,-0.09739957749843597,-0.38431331515312195,0.18831752240657806
246,hand_r,101.3056869506836,65.46942901611328,217.49310302734375,-0.8874645829200745,-0.18384969234466553,0.40503066778182983,0.12064867466688156
246,head,0.047976523637771606,0.7066832184791565,-2.0613551139831543,0.002489088336005807,0.015622179955244064,-3.879374708048999e-05,0.9998748898506165
246,lowerarm_l,64.43040466308594,-15.538570404052734,-5.4930524826049805,-0.20619706809520721,-0.19653351604938507,0.9531635046005249,0.10166972875595093
246,lowerarm_r,89.36297607421875,42.916194915771484,10.584982872009277,0.35040244460105896,-0.2174760103225708,-0.8607640862464905,0.29834139347076416
246,neck,-19.36720848083496,1.3226943016052246,-0.2792835235595703,0.004279259126633406,0.0756089985370636,-0.001569311018101871,0.9971272349357605
246,pelvis,6.112976551055908,1.621942465135362e-05,-1.6939878463745117,-1.938579998750356e-07,-0.02936398983001709,4.055095530475228e-07,0.9995688796043396
246,root,0.0,0.0,0.0,-2.1139658201718703e-07,-5.7790373375610216e-08,1.0658141036401503e-14,1.0
246,spine_01,-1.4737136363983154,3.6088746128370985e-05,-1.8550693988800049,-5.668939095926362e-08,0.008233534172177315,8.052398747793177e-09,0.9999661445617676
246,spine_02,-11.003471374511719,-3.939163661925704e-07,-1.322031021118164,-1.7404158825229388e-07,0.04770734906196594,1.8729444661857997e-07,0.9988613724708557
246,thigh_l,19.110322952270508,-1.3210960626602173,-0.09439953416585922,-0.004597201012074947,-0.10174033790826797,-0.029459772631525993,0.9943640828132629
246,thigh_r,19.110185623168945,1.3212214708328247,-0.09440246224403381,0.004597241058945656,-0.10173942148685455,0.02946094237267971,0.9943641424179077
246,upperarm_l,14.374629974365234,-123.85581970214844,36.961917877197266,-0.13264000415802002,0.28239884972572327,0.9313390254974365,0.18779020011425018
246,upperarm_r,-55.06870651245117,131.31704711914062,62.073486328125,0.06194030120968819,0.4123307168483734,-0.7862548828125,0.4560154378414154
247,calf_l,-1.1981326341629028,0.11003181338310242,0.07144738733768463,0.0027584717608988285,0.11005060374736786,-0.0409504659473896,0.9930782914161682
247,calf_r,-1.1981717348098755,-0.110120490193367,0.07152377814054489,-0.002760750474408269,0.11005011200904846,0.04094955697655678,0.9930782914161682
247,clavicle_l,-25.79902458190918,2.181421995162964,0.9479992389678955,0.007133804727345705,0.09844647347927094,-0.003038268070667982,0.9951121211051941
247,clavicle_r,-25.796710968017578,-2.1819937229156494,0.9475807547569275,-0.007136058993637562,0.09843852370977402,0.003037906950339675,0.995112955570221
247,foot_l,1.4035022258758545,-0.08956317603588104,-0.023924998939037323,-0.0007850668043829501,7.538442150689662e-05,-0.0459105521440506,0.9989452362060547
247,foot_r,1.4035165309906006,0.08950198441743851,-0.023823650553822517,0.0007821207400411367,7.498815830331296e-05,0.04591149464249611,0.9989452362060547
247,hand_l,102.70037841796875,-23.801740646362305,212.78564453125,0.8985283374786377,-0.09739957749843597,-0.38431331515312195,0.18831752240657806
247,hand_r,101.3056869506836,65.46942901611328,217.49310302734375,-0.8874645829200745,-0.18384969234466553,0.40503066778182983,0.12064867466688156
247,head,0.047976523637771606,0.7066832184791565,-2.0613551139831543,0.002489088336005807,0.015622179955244064,-3.879374708048999e-05,0.9998748898506165
247,lowerarm_l,64.43040466308594,-15.538570404052734,-5.4930524826049805,-0.20619706809520721,-0.19653351604938507,0.9531635046005249,0.10166972875595093
247,lowerarm_r,89.36297607421875,42.916194915771484,10.584982872009277,0.35040244460105896,-0.2174760103225708,-0.8607640862464905,0.29834139347076416
247,neck,-19.36720848083496,1.3226943016052246,-0.2792835235595703,0.004279259126633406,0.0756089985370636,-0.001569311018101871,0.9971272349357605
247,pelvis,6.112976551055908,1.621942465135362e-05,-1.6939878463745117,-1.938579998750356e-07,-0.02936398983001709,4.055095530475228e-07,0.9995688796043396
247,root,0.0,0.0,0.0,-2.1139658201718703e-07,-5.7790373375610216e-08,1.0658141036401503e-14,1.0
247,spine_01,-1.4737136363983154,3.6088746128370985e-05,-1.8550693988800049,-5.668939095926362e-08,0.008233534172177315,8.052398747793177e-09,0.9999661445617676
247,spine_02,-11.003471374511719,-3.939163661925704e-07,-1.322031021118164,-1.7404158825229388e-07,0.04770734906196594,1.8729444661857997e-07,0.9988613724708557
247,thigh_l,19.110322952270508,-1.3210960626602173,-0.09439953416585922,-0.004597201012074947,-0.10174033790826797,-0.029459772631525993,0.9943640828132629
247,thigh_r,19.110185623168945,1.3212214708328247,-0.09440246224403381,0.004597241058945656,-0.10173942148685455,0.02946094237267971,0.9943641424179077
247,upperarm_l,14.374629974365234,-123.85581970214844,36.961917877197266,-0.13264000415802002,0.28239884972572327,0.9313390254974365,0.18779020011425018
247,upperarm_r,-55.06870651245117,131.31704711914062,62.073486328125,0.06194030120968819,0.4123307168483734,-0.7862548828125,0.4560154378414154
248,calf_l,-1.1981326341629028,0.11003181338310242,0.07144738733768463,0.0027584717608988285,0.11005060374736786,-0.0409504659473896,0.9930782914161682
248,calf_r,-1.1981717348098755,-0.110120490193367,0.07152377814054489,-0.002760750474408269,0.11005011200904846,0.04094955697655678,0.9930782914161682
248,clavicle_l,-25.79902458190918,2.181421995162964,0.9479992389678955,0.007133804727345705,0.09844647347927094,-0.003038268070667982,0.9951121211051941
248,clavicle_r,-25.796710968017578,-2.1819937229156494,0.9475807547569275,-0.007136058993637562,0.09843852370977402,0.003037906950339675,0.995112955570221
248,foot_l,1.4035022258758545,-0.08956317603588104,-0.023924998939037323,-0.0007850668043829501,7.538442150689662e-05,-0.0459105521440506,0.9989452362060547
248,foot_r,1.4035165309906006,0.08950198441743851,-0.023823650553822517,0.0007821207400411367,7.498815830331296e-05,0.04591149464249611,0.9989452362060547
248,hand_l,102.70037841796875,-23.801740646362305,212.78564453125,0.8985283374786377,-0.09739957749843597,-0.38431331515312195,0.18831752240657806
248,hand_r,101.3056869506836,65.46942901611328,217.49310302734375,-0.8874645829200745,-0.18384969234466553,0.40503066778182983,0.12064867466688156
248,head,0.047976523637771606,0.7066832184791565,-2.0613551139831543,0.002489088336005807,0.015622179955244064,-3.879374708048999e-05,0.9998748898506165
248,lowerarm_l,64.43040466308594,-15.538570404052734,-5.4930524826049805,-0.20619706809520721,-0.19653351604938507,0.9531635046005249,0.10166972875595093
248,lowerarm_r,89.36297607421875,42.916194915771484,10.584982872009277,0.35040244460105896,-0.2174760103225708,-0.8607640862464905,0.29834139347076416
248,neck,-19.36720848083496,1.3226943016052246,-0.2792835235595703,0.004279259126633406,0.0756089985370636,-0.001569311018101871,0.9971272349357605
248,pelvis,6.112976551055908,1.621942465135362e-05,-1.6939878463745117,-1.938579998750356e-07,-0.02936398983001709,4.055095530475228e-07,0.9995688796043396
248,root,0.0,0.0,0.0,-2.1139658201718703e-07,-5.7790373375610216e-08,1.0658141036401503e-14,1.0
248,spine_01,-1.4737136363983154,3.6088746128370985e-05,-1.8550693988800049,-5.668939095926362e-08,0.008233534172177315,8.052398747793177e-09,0.9999661445617676
248,spine_02,-11.003471374511719,-3.939163661925704e-07,-1.322031021118164,-1.7404158825229388e-07,0.04770734906196594,1.8729444661857997e-07,0.9988613724708557
248,thigh_l,19.110322952270508,-1.3210960626602173,-0.09439953416585922,-0.004597201012074947,-0.10174033790826797,-0.029459772631525993,0.9943640828132629
248,thigh_r,19.110185623168945,1.3212214708328247,-0.09440246224403381,0.004597241058945656,-0.10173942148685455,0.02946094237267971,0.9943641424179077
248,upperarm_l,14.374629974365234,-123.85581970214844,36.961917877197266,-0.13264000415802002,0.28239884972572327,0.9313390254974365,0.18779020011425018
248,upperarm_r,-55.06870651245117,131.31704711914062,62.073486328125,0.06194030120968819,0.4123307168483734,-0.7862548828125,0.4560154378414154
249,calf_l,-1.1981326341629028,0.11003181338310242,0.07144738733768463,0.0027584717608988285,0.11005060374736786,-0.0409504659473896,0.9930782914161682
249,calf_r,-1.1981717348098755,-0.110120490193367,0.07152377814054489,-0.002760750474408269,0.11005011200904846,0.04094955697655678,0.9930782914161682
249,clavicle_l,-25.79902458190918,2.181421995162964,0.9479992389678955,0.007133804727345705,0.09844647347927094,-0.003038268070667982,0.9951121211051941
249,clavicle_r,-25.796710968017578,-2.1819937229156494,0.9475807547569275,-0.007136058993637562,0.09843852370977402,0.003037906950339675,0.995112955570221
249,foot_l,1.4035022258758545,-0.08956317603588104,-0.023924998939037323,-0.0007850668043829501,7.538442150689662e-05,-0.0459105521440506,0.9989452362060547
249,foot_r,1.4035165309906006,0.08950198441743851,-0.023823650553822517,0.0007821207400411367,7.498815830331296e-05,0.04591149464249611,0.9989452362060547
249,hand_l,102.70037841796875,-23.801740646362305,212.78564453125,0.8985283374786377,-0.09739957749843597,-0.38431331515312195,0.18831752240657806
249,hand_r,101.3056869506836,65.46942901611328,217.49310302734375,-0.8874645829200745,-0.18384969234466553,0.40503066778182983,0.12064867466688156
249,head,0.047976523637771606,0.7066832184791565,-2.0613551139831543,0.002489088336005807,0.015622179955244064,-3.879374708048999e-05,0.9998748898506165
249,lowerarm_l,64.43040466308594,-15.538570404052734,-5.4930524826049805,-0.20619706809520721,-0.19653351604938507,0.9531635046005249,0.10166972875595093
249,lowerarm_r,89.36297607421875,42.916194915771484,10.584982872009277,0.35040244460105896,-0.2174760103225708,-0.8607640862464905,0.29834139347076416
249,neck,-19.36720848083496,1.3226943016052246,-0.2792835235595703,0.004279259126633406,0.0756089985370636,-0.001569311018101871,0.9971272349357605
249,pelvis,6.112976551055908,1.621942465135362e-05,-1.6939878463745117,-1.938579998750356e-07,-0.02936398983001709,4.055095530475228e-07,0.9995688796043396
249,root,0.0,0.0,0.0,-2.1139658201718703e-07,-5.7790373375610216e-08,1.0658141036401503e-14,1.0
249,spine_01,-1.4737136363983154,3.6088746128370985e-05,-1.8550693988800049,-5.668939095926362e-08,0.008233534172177315,8.052398747793177e-09,0.9999661445617676
249,spine_02,-11.003471374511719,-3.939163661925704e-07,-1.322031021118164,-1.7404158825229388e-07,0.04770734906196594,1.8729444661857997e-07,0.9988613724708557
249,thigh_l,19.110322952270508,-1.3210960626602173,-0.09439953416585922,-0.004597201012074947,-0.10174033790826797,-0.029459772631525993,0.9943640828132629
249,thigh_r,19.110185623168945,1.3212214708328247,-0.09440246224403381,0.004597241058945656,-0.10173942148685455,0.02946094237267971,0.9943641424179077
249,upperarm_l,14.374629974365234,-123.85581970214844,36.961917877197266,-0.13264000415802002,0.28239884972572327,0.9313390254974365,0.18779020011425018
249,upperarm_r,-55.06870651245117,131.31704711914062,62.073486328125,0.06194030120968819,0.4123307168483734,-0.7862548828125,0.4560154378414154
250,calf_l,-1.1981326341629028,0.11003181338310242,0.07144738733768463,0.0027584717608988285,0.11005060374736786,-0.0409504659473896,0.9930782914161682
250,calf_r,-1.1981717348098755,-0.110120490193367,0.07152377814054489,-0.002760750474408269,0.11005011200904846,0.04094955697655678,0.9930782914161682
250,clavicle_l,-25.79902458190918,2.181421995162964,0.9479992389678955,0.007133804727345705,0.09844647347927094,-0.003038268070667982,0.9951121211051941
250,clavicle_r,-25.796710968017578,-2.1819937229156494,0.9475807547569275,-0.007136058993637562,0.09843852370977402,0.003037906950339675,0.995112955570221
250,foot_l,1.4035022258758545,-0.08956317603588104,-0.023924998939037323,-0.0007850668043829501,7.538442150689662e-05,-0.0459105521440506,0.9989452362060547
250,foot_r,1.4035165309906006,0.08950198441743851,-0.023823650553822517,0.0007821207400411367,7.498815830331296e-05,0.04591149464249611,0.9989452362060547
250,hand_l,102.70037841796875,-23.801740646362305,212.78564453125,0.8985283374786377,-0.09739957749843597,-0.38431331515312195,0.18831752240657806
250,hand_r,101.3056869506836,65.46942901611328,217.49310302734375,-0.8874645829200745,-0.18384969234466553,0.40503066778182983,0.12064867466688156
250,head,0.047976523637771606,0.7066832184791565,-2.0613551139831543,0.002489088336005807,0.015622179955244064,-3.879374708048999e-05,0.9998748898506165
250,lowerarm_l,64.43040466308594,-15.538570404052734,-5.4930524826049805,-0.20619706809520721,-0.19653351604938507,0.9531635046005249,0.10166972875595093
250,lowerarm_r,89.36297607421875,42.916194915771484,10.584982872009277,0.35040244460105896,-0.2174760103225708,-0.8607640862464905,0.29834139347076416
250,neck,-19.36720848083496,1.3226943016052246,-0.2792835235595703,0.004279259126633406,0.0756089985370636,-0.001569311018101871,0.9971272349357605
250,pelvis,6.112976551055908,1.621942465135362e-05,-1.6939878463745117,-1.938579998750356e-07,-0.02936398983001709,4.055095530475228e-07,0.9995688796043396
250,root,0.0,0.0,0.0,-2.1139658201718703e-07,-5.7790373375610216e-08,1.0658141036401503e-14,1.0
250,spine_01,-1.4737136363983154,3.6088746128370985e-05,-1.8550693988800049,-5.668939095926362e-08,0.008233534172177315,8.052398747793177e-09,0.9999661445617676
250,spine_02,-11.003471374511719,-3.939163661925704e-07,-1.322031021118164,-1.7404158825229388e-07,0.04770734906196594,1.8729444661857997e-07,0.9988613724708557
250,thigh_l,19.110322952270508,-1.3210960626602173,-0.09439953416585922,-0.004597201012074947,-0.10174033790826797,-0.029459772631525993,0.9943640828132629
250,thigh_r,19.110185623168945,1.3212214708328247,-0.09440246224403381,0.004597241058945656,-0.10173942148685455,0.02946094237267971,0.9943641424179077
250,upperarm_l,14.374629974365234,-123.85581970214844,36.961917877197266,-0.13264000415802002,0.28239884972572327,0.9313390254974365,0.18779020011425018
250,upperarm_r,-55.06870651245117,131.31704711914062,62.073486328125,0.06194030120968819,0.4123307168483734,-0.7862548828125,0.4560154378414154
251,calf_l,-1.1981326341629028,0.11003181338310242,0.07144738733768463,0.0027584717608988285,0.11005060374736786,-0.0409504659473896,0.9930782914161682
251,calf_r,-1.1981717348098755,-0.110120490193367,0.07152377814054489,-0.002760750474408269,0.11005011200904846,0.04094955697655678,0.9930782914161682
251,clavicle_l,-25.79902458190918,2.181421995162964,0.9479992389678955,0.007133804727345705,0.09844647347927094,-0.003038268070667982,0.9951121211051941
251,clavicle_r,-25.796710968017578,-2.1819937229156494,0.9475807547569275,-0.007136058993637562,0.09843852370977402,0.003037906950339675,0.995112955570221
251,foot_l,1.4035022258758545,-0.08956317603588104,-0.023924998939037323,-0.0007850668043829501,7.538442150689662e-05,-0.0459105521440506,0.9989452362060547
251,foot_r,1.4035165309906006,0.08950198441743851,-0.023823650553822517,0.0007821207400411367,7.498815830331296e-05,0.04591149464249611,0.9989452362060547
251,hand_l,102.70037841796875,-23.801740646362305,212.78564453125,0.8985283374786377,-0.09739957749843597,-0.38431331515312195,0.18831752240657806
251,hand_r,101.3056869506836,65.46942901611328,217.49310302734375,-0.8874645829200745,-0.18384969234466553,0.40503066778182983,0.12064867466688156
251,head,0.047976523637771606,0.7066832184791565,-2.0613551139831543,0.002489088336005807,0.015622179955244064,-3.879374708048999e-05,0.9998748898506165
251,lowerarm_l,64.43040466308594,-15.538570404052734,-5.4930524826049805,-0.20619706809520721,-0.19653351604938507,0.9531635046005249,0.10166972875595093
251,lowerarm_r,89.36297607421875,42.916194915771484,10.584982872009277,0.35040244460105896,-0.2174760103225708,-0.8607640862464905,0.29834139347076416
251,neck,-19.36720848083496,1.3226943016052246,-0.2792835235595703,0.004279259126633406,0.0756089985370636,-0.001569311018101871,0.9971272349357605
251,pelvis,6.112976551055908,1.621942465135362e-05,-1.6939878463745117,-1.938579998750356e-07,-0.02936398983001709,4.055095530475228e-07,0.9995688796043396
251,root,0.0,0.0,0.0,-2.1139658201718703e-07,-5.7790373375610216e-08,1.0658141036401503e-14,1.0
251,spine_01,-1.4737136363983154,3.6088746128370985e-05,-1.8550693988800049,-5.668939095926362e-08,0.008233534172177315,8.052398747793177e-09,0.9999661445617676
251,spine_02,-11.003471374511719,-3.939163661925704e-07,-1.322031021118164,-1.7404158825229388e-07,0.04770734906196594,1.8729444661857997e-07,0.9988613724708557
251,thigh_l,19.110322952270508,-1.3210960626602173,-0.09439953416585922,-0.004597201012074947,-0.10174033790826797,-0.029459772631525993,0.9943640828132629
251,thigh_r,19.110185623168945,1.3212214708328247,-0.09440246224403381,0.004597241058945656,-0.10173942148685455,0.02946094237267971,0.9943641424179077
251,upperarm_l,14.374629974365234,-123.85581970214844,36.961917877197266,-0.13264000415802002,0.28239884972572327,0.9313390254974365,0.18779020011425018
251,upperarm_r,-55.06870651245117,131.31704711914062,62.073486328125,0.06194030120968819,0.4123307168483734,-0.7862548828125,0.4560154378414154
252,calf_l,-1.1981326341629028,0.11003181338310242,0.07144738733768463,0.0027584717608988285,0.11005060374736786,-0.0409504659473896,0.9930782914161682
252,calf_r,-1.1981717348098755,-0.110120490193367,0.07152377814054489,-0.002760750474408269,0.11005011200904846,0.04094955697655678,0.9930782914161682
252,clavicle_l,-25.79902458190918,2.181421995162964,0.9479992389678955,0.007133804727345705,0.09844647347927094,-0.003038268070667982,0.9951121211051941
252,clavicle_r,-25.796710968017578,-2.1819937229156494,0.9475807547569275,-0.007136058993637562,0.09843852370977402,0.003037906950339675,0.995112955570221
252,foot_l,1.4035022258758545,-0.08956317603588104,-0.023924998939037323,-0.0007850668043829501,7.538442150689662e-05,-0.0459105521440506,0.9989452362060547
252,foot_r,1.4035165309906006,0.08950198441743851,-0.023823650553822517,0.0007821207400411367,7.498815830331296e-05,0.04591149464249611,0.9989452362060547
252,hand_l,102.70037841796875,-23.801740646362305,212.78564453125,0.8985283374786377,-0.09739957749843597,-0.38431331515312195,0.18831752240657806
252,hand_r,101.3056869506836,65.46942901611328,217.49310302734375,-0.8874645829200745,-0.18384969234466553,0.40503066778182983,0.12064867466688156
252,head,0.047976523637771606,0.7066832184791565,-2.0613551139831543,0.002489088336005807,0.015622179955244064,-3.879374708048999e-05,0.9998748898506165
252,lowerarm_l,64.43040466308594,-15.538570404052734,-5.4930524826049805,-0.20619706809520721,-0.19653351604938507,0.9531635046005249,0.10166972875595093
252,lowerarm_r,89.36297607421875,42.916194915771484,10.584982872009277,0.35040244460105896,-0.2174760103225708,-0.8607640862464905,0.29834139347076416
252,neck,-19.36720848083496,1.3226943016052246,-0.2792835235595703,0.004279259126633406,0.0756089985370636,-0.001569311018101871,0.9971272349357605
252,pelvis,6.112976551055908,1.621942465135362e-05,-1.6939878463745117,-1.938579998750356e-07,-0.02936398983001709,4.055095530475228e-07,0.9995688796043396
252,root,0.0,0.0,0.0,-2.1139658201718703e-07,-5.7790373375610216e-08,1.0658141036401503e-14,1.0
252,spine_01,-1.4737136363983154,3.6088746128370985e-05,-1.8550693988800049,-5.668939095926362e-08,0.008233534172177315,8.052398747793177e-09,0.9999661445617676
252,spine_02,-11.003471374511719,-3.939163661925704e-07,-1.322031021118164,-1.7404158825229388e-07,0.04770734906196594,1.8729444661857997e-07,0.9988613724708557
252,thigh_l,19.110322952270508,-1.3210960626602173,-0.09439953416585922,-0.004597201012074947,-0.10174033790826797,-0.029459772631525993,0.9943640828132629
252,thigh_r,19.110185623168945,1.3212214708328247,-0.09440246224403381,0.004597241058945656,-0.10173942148685455,0.02946094237267971,0.9943641424179077
252,upperarm_l,14.374629974365234,-123.85581970214844,36.961917877197266,-0.13264000415802002,0.28239884972572327,0.9313390254974365,0.18779020011425018
252,upperarm_r,-55.06870651245117,131.31704711914062,62.073486328125,0.06194030120968819,0.4123307168483734,-0.7862548828125,0.4560154378414154
253,calf_l,-1.1981326341629028,0.11003181338310242,0.07144738733768463,0.0027584717608988285,0.11005060374736786,-0.0409504659473896,0.9930782914161682
253,calf_r,-1.1981717348098755,-0.110120490193367,0.07152377814054489,-0.002760750474408269,0.11005011200904846,0.04094955697655678,0.9930782914161682
253,clavicle_l,-25.79902458190918,2.181421995162964,0.9479992389678955,0.007133804727345705,0.09844647347927094,-0.003038268070667982,0.9951121211051941
253,clavicle_r,-25.796710968017578,-2.1819937229156494,0.9475807547569275,-0.007136058993637562,0.09843852370977402,0.003037906950339675,0.995112955570221
253,foot_l,1.4035022258758545,-0.08956317603588104,-0.023924998939037323,-0.0007850668043829501,7.538442150689662e-05,-0.0459105521440506,0.9989452362060547
253,foot_r,1.4035165309906006,0.08950198441743851,-0.023823650553822517,0.0007821207400411367,7.498815830331296e-05,0.04591149464249611,0.9989452362060547
253,hand_l,102.70037841796875,-23.801740646362305,212.78564453125,0.8985283374786377,-0.09739957749843597,-0.38431331515312195,0.18831752240657806
253,hand_r,101.3056869506836,65.46942901611328,217.49310302734375,-0.8874645829200745,-0.18384969234466553,0.40503066778182983,0.12064867466688156
253,head,0.047976523637771606,0.7066832184791565,-2.0613551139831543,0.002489088336005807,0.015622179955244064,-3.879374708048999e-05,0.9998748898506165
253,lowerarm_l,64.43040466308594,-15.538570404052734,-5.4930524826049805,-0.20619706809520721,-0.19653351604938507,0.9531635046005249,0.10166972875595093
253,lowerarm_r,89.36297607421875,42.916194915771484,10.584982872009277,0.35040244460105896,-0.2174760103225708,-0.8607640862464905,0.29834139347076416
253,neck,-19.36720848083496,1.3226943016052246,-0.2792835235595703,0.004279259126633406,0.0756089985370636,-0.001569311018101871,0.9971272349357605
253,pelvis,6.112976551055908,1.621942465135362e-05,-1.6939878463745117,-1.938579998750356e-07,-0.02936398983001709,4.055095530475228e-07,0.9995688796043396
253,root,0.0,0.0,0.0,-2.1139658201718703e-07,-5.7790373375610216e-08,1.0658141036401503e-14,1.0
253,spine_01,-1.4737136363983154,3.6088746128370985e-05,-1.8550693988800049,-5.668939095926362e-08,0.008233534172177315,8.052398747793177e-09,0.9999661445617676
253,spine_02,-11.003471374511719,-3.939163661925704e-07,-1.322031021118164,-1.7404158825229388e-07,0.04770734906196594,1.8729444661857997e-07,0.9988613724708557
253,thigh_l,19.110322952270508,-1.3210960626602173,-0.09439953416585922,-0.004597201012074947,-0.10174033790826797,-0.029459772631525993,0.9943640828132629
253,thigh_r,19.110185623168945,1.3212214708328247,-0.09440246224403381,0.004597241058945656,-0.10173942148685455,0.02946094237267971,0.9943641424179077
253,upperarm_l,14.374629974365234,-123.85581970214844,36.961917877197266,-0.13264000415802002,0.28239884972572327,0.9313390254974365,0.18779020011425018
253,upperarm_r,-55.06870651245117,131.31704711914062,62.073486328125,0.06194030120968819,0.4123307168483734,-0.7862548828125,0.4560154378414154
254,calf_l,-1.1981326341629028,0.11003181338310242,0.07144738733768463,0.0027584717608988285,0.11005060374736786,-0.0409504659473896,0.9930782914161682
254,calf_r,-1.1981717348098755,-0.110120490193367,0.07152377814054489,-0.002760750474408269,0.11005011200904846,0.04094955697655678,0.9930782914161682
254,clavicle_l,-25.79902458190918,2.181421995162964,0.9479992389678955,0.007133804727345705,0.09844647347927094,-0.003038268070667982,0.9951121211051941
254,clavicle_r,-25.796710968017578,-2.1819937229156494,0.9475807547569275,-0.007136058993637562,0.09843852370977402,0.003037906950339675,0.995112955570221
254,foot_l,1.4035022258758545,-0.08956317603588104,-0.023924998939037323,-0.0007850668043829501,7.538442150689662e-05,-0.0459105521440506,0.9989452362060547
254,foot_r,1.4035165309906006,0.08950198441743851,-0.023823650553822517,0.0007821207400411367,7.498815830331296e-05,0.04591149464249611,0.9989452362060547
254,hand_l,102.70037841796875,-23.801740646362305,212.78564453125,0.8985283374786377,-0.09739957749843597,-0.38431331515312195,0.18831752240657806
254,hand_r,101.3056869506836,65.46942901611328,217.49310302734375,-0.8874645829200745,-0.18384969234466553,0.40503066778182983,0.12064867466688156
254,head,0.047976523637771606,0.7066832184791565,-2.0613551139831543,0.002489088336005807,0.015622179955244064,-3.879374708048999e-05,0.9998748898506165
254,lowerarm_l,64.43040466308594,-15.538570404052734,-5.4930524826049805,-0.20619706809520721,-0.19653351604938507,0.9531635046005249,0.10166972875595093
254,lowerarm_r,89.36297607421875,42.916194915771484,10.584982872009277,0.35040244460105896,-0.2174760103225708,-0.8607640862464905,0.29834139347076416
254,neck,-19.36720848083496,1.3226943016052246,-0.2792835235595703,0.004279259126633406,0.0756089985370636,-0.001569311018101871,0.9971272349357605
254,pelvis,6.112976551055908,1.621942465135362e-05,-1.6939878463745117,-1.938579998750356e-07,-0.02936398983001709,4.055095530475228e-07,0.9995688796043396
254,root,0.0,0.0,0.0,-2.1139658201718703e-07,-5.7790373375610216e-08,1.0658141036401503e-14,1.0
254,spine_01,-1.4737136363983154,3.6088746128370985e-05,-1.8550693988800049,-5.668939095926362e-08,0.008233534172177315,8.052398747793177e-09,0.9999661445617676
254,spine_02,-11.003471374511719,-3.939163661925704e-07,-1.322031021118164,-1.7404158825229388e-07,0.04770734906196594,1.8729444661857997e-07,0.9988613724708557
254,thigh_l,19.110322952270508,-1.3210960626602173,-0.09439953416585922,-0.004597201012074947,-0.10174033790826797,-0.029459772631525993,0.9943640828132629
254,thigh_r,19.110185623168945,1.3212214708328247,-0.09440246224403381,0.004597241058945656,-0.10173942148685455,0.02946094237267971,0.9943641424179077
254,upperarm_l,14.374629974365234,-123.85581970214844,36.961917877197266,-0.13264000415802002,0.28239884972572327,0.9313390254974365,0.18779020011425018
254,upperarm_r,-55.06870651245117,131.31704711914062,62.073486328125,0.06194030120968819,0.4123307168483734,-0.7862548828125,0.4560154378414154
255,calf_l,-1.1981326341629028,0.11003181338310242,0.07144738733768463,0.0027584717608988285,0.11005060374736786,-0.0409504659473896,0.9930782914161682
255,calf_r,-1.1981717348098755,-0.110120490193367,0.07152377814054489,-0.002760750474408269,0.11005011200904846,0.04094955697655678,0.9930782914161682
255,clavicle_l,-25.79902458190918,2.181421995162964,0.9479992389678955,0.007133804727345705,0.09844647347927094,-0.003038268070667982,0.9951121211051941
255,clavicle_r,-25.796710968017578,-2.1819937229156494,0.9475807547569275,-0.007136058993637562,0.09843852370977402,0.003037906950339675,0.995112955570221
255,foot_l,1.4035022258758545,-0.08956317603588104,-0.023924998939037323,-0.0007850668043829501,7.538442150689662e-05,-0.0459105521440506,0.9989452362060547
255,foot_r,1.4035165309906006,0.08950198441743851,-0.023823650553822517,0.0007821207400411367,7.498815830331296e-05,0.04591149464249611,0.9989452362060547
255,hand_l,102.70037841796875,-23.801740646362305,212.78564453125,0.8985283374786377,-0.09739957749843597,-0.38431331515312195,0.18831752240657806
255,hand_r,101.3056869506836,65.46942901611328,217.49310302734375,-0.8874645829200745,-0.18384969234466553,0.40503066778182983,0.12064867466688156
255,head,0.047976523637771606,0.7066832184791565,-2.0613551139831543,0.002489088336005807,0.015622179955244064,-3.879374708048999e-05,0.9998748898506165
255,lowerarm_l,64.43040466308594,-15.538570404052734,-5.4930524826049805,-0.20619706809520721,-0.19653351604938507,0.9531635046005249,0.10166972875595093
255,lowerarm_r,89.36297607421875,42.916194915771484,10.584982872009277,0.35040244460105896,-0.2174760103225708,-0.8607640862464905,0.29834139347076416
255,neck,-19.36720848083496,1.3226943016052246,-0.2792835235595703,0.004279259126633406,0.0756089985370636,-0.001569311018101871,0.9971272349357605
255,pelvis,6.112976551055908,1.621942465135362e-05,-1.6939878463745117,-1.938579998750356e-07,-0.02936398983001709,4.055095530475228e-07,0.9995688796043396
255,root,0.0,0.0,0.0,-2.1139658201718703e-07,-5.7790373375610216e-08,1.0658141036401503e-14,1.0
255,spine_01,-1.4737136363983154,3.6088746128370985e-05,-1.8550693988800049,-5.668939095926362e-08,0.008233534172177315,8.052398747793177e-09,0.9999661445617676
255,spine_02,-11.003471374511719,-3.939163661925704e-07,-1.322031021118164,-1.7404158825229388e-07,0.04770734906196594,1.8729444661857997e-07,0.9988613724708557
255,thigh_l,19.110322952270508,-1.3210960626602173,-0.09439953416585922,-0.004597201012074947,-0.10174033790826797,-0.029459772631525993,0.9943640828132629
255,thigh_r,19.110185623168945,1.3212214708328247,-0.09440246224403381,0.004597241058945656,-0.10173942148685455,0.02946094237267971,0.9943641424179077
255,upperarm_l,14.374629974365234,-123.85581970214844,36.961917877197266,-0.13264000415802002,0.28239884972572327,0.9313390254974365,0.18779020011425018
255,upperarm_r,-55.06870651245117,131.31704711914062,62.073486328125,0.06194030120968819,0.4123307168483734,-0.7862548828125,0.4560154378414154
256,calf_l,-1.1981326341629028,0.11003181338310242,0.07144738733768463,0.0027584717608988285,0.11005060374736786,-0.0409504659473896,0.9930782914161682
256,calf_r,-1.1981717348098755,-0.110120490193367,0.07152377814054489,-0.002760750474408269,0.11005011200904846,0.04094955697655678,0.9930782914161682
256,clavicle_l,-25.79902458190918,2.181421995162964,0.9479992389678955,0.007133804727345705,0.09844647347927094,-0.003038268070667982,0.9951121211051941
256,clavicle_r,-25.796710968017578,-2.1819937229156494,0.9475807547569275,-0.007136058993637562,0.09843852370977402,0.003037906950339675,0.995112955570221
256,foot_l,1.4035022258758545,-0.08956317603588104,-0.023924998939037323,-0.0007850668043829501,7.538442150689662e-05,-0.0459105521440506,0.9989452362060547
256,foot_r,1.4035165309906006,0.08950198441743851,-0.023823650553822517,0.0007821207400411367,7.498815830331296e-05,0.04591149464249611,0.9989452362060547
256,hand_l,102.70037841796875,-23.801740646362305,212.78564453125,0.8985283374786377,-0.09739957749843597,-0.38431331515312195,0.18831752240657806
256,hand_r,101.3056869506836,65.46942901611328,217.49310302734375,-0.8874645829200745,-0.18384969234466553,0.40503066778182983,0.12064867466688156
256,head,0.047976523637771606,0.7066832184791565,-2.0613551139831543,0.002489088336005807,0.015622179955244064,-3.879374708048999e-05,0.9998748898506165
256,lowerarm_l,64.43040466308594,-15.538570404052734,-5.4930524826049805,-0.20619706809520721,-0.19653351604938507,0.9531635046005249,0.10166972875595093
256,lowerarm_r,89.36297607421875,42.916194915771484,10.584982872009277,0.35040244460105896,-0.2174760103225708,-0.8607640862464905,0.29834139347076416
256,neck,-19.36720848083496,1.3226943016052246,-0.2792835235595703,0.004279259126633406,0.0756089985370636,-0.001569311018101871,0.9971272349357605
256,pelvis,6.112976551055908,1.621942465135362e-05,-1.6939878463745117,-1.938579998750356e-07,-0.02936398983001709,4.055095530475228e-07,0.9995688796043396
256,root,0.0,0.0,0.0,-2.1139658201718703e-07,-5.7790373375610216e-08,1.0658141036401503e-14,1.0
256,spine_01,-1.4737136363983154,3.6088746128370985e-05,-1.8550693988800049,-5.668939095926362e-08,0.008233534172177315,8.052398747793177e-09,0.9999661445617676
256,spine_02,-11.003471374511719,-3.939163661925704e-07,-1.322031021118164,-1.7404158825229388e-07,0.04770734906196594,1.8729444661857997e-07,0.9988613724708557
256,thigh_l,19.110322952270508,-1.3210960626602173,-0.09439953416585922,-0.004597201012074947,-0.10174033790826797,-0.029459772631525993,0.9943640828132629
256,thigh_r,19.110185623168945,1.3212214708328247,-0.09440246224403381,0.004597241058945656,-0.10173942148685455,0.02946094237267971,0.9943641424179077
256,upperarm_l,14.374629974365234,-123.85581970214844,36.961917877197266,-0.13264000415802002,0.28239884972572327,0.9313390254974365,0.18779020011425018
256,upperarm_r,-55.06870651245117,131.31704711914062,62.073486328125,0.06194030120968819,0.4123307168483734,-0.7862548828125,0.4560154378414154
257,calf_l,-1.1981326341629028,0.11003181338310242,0.07144738733768463,0.0027584717608988285,0.11005060374736786,-0.0409504659473896,0.9930782914161682
257,calf_r,-1.1981717348098755,-0.110120490193367,0.07152377814054489,-0.002760750474408269,0.11005011200904846,0.04094955697655678,0.9930782914161682
257,clavicle_l,-25.79902458190918,2.181421995162964,0.9479992389678955,0.007133804727345705,0.09844647347927094,-0.003038268070667982,0.9951121211051941
257,clavicle_r,-25.796710968017578,-2.1819937229156494,0.9475807547569275,-0.007136058993637562,0.09843852370977402,0.003037906950339675,0.995112955570221
257,foot_l,1.4035022258758545,-0.08956317603588104,-0.023924998939037323,-0.0007850668043829501,7.538442150689662e-05,-0.0459105521440506,0.9989452362060547
257,foot_r,1.4035165309906006,0.08950198441743851,-0.023823650553822517,0.0007821207400411367,7.498815830331296e-05,0.04591149464249611,0.9989452362060547
257,hand_l,102.70037841796875,-23.801740646362305,212.78564453125,0.8985283374786377,-0.09739957749843597,-0.38431331515312195,0.18831752240657806
257,hand_r,101.3056869506836,65.46942901611328,217.49310302734375,-0.8874645829200745,-0.18384969234466553,0.40503066778182983,0.12064867466688156
257,head,0.047976523637771606,0.7066832184791565,-2.0613551139831543,0.002489088336005807,0.015622179955244064,-3.879374708048999e-05,0.9998748898506165
257,lowerarm_l,64.43040466308594,-15.538570404052734,-5.4930524826049805,-0.20619706809520721,-0.19653351604938507,0.9531635046005249,0.10166972875595093
257,lowerarm_r,89.36297607421875,42.916194915771484,10.584982872009277,0.35040244460105896,-0.2174760103225708,-0.8607640862464905,0.29834139347076416
257,neck,-19.36720848083496,1.3226943016052246,-0.2792835235595703,0.004279259126633406,0.0756089985370636,-0.001569311018101871,0.9971272349357605
257,pelvis,6.112976551055908,1.621942465135362e-05,-1.6939878463745117,-1.938579998750356e-07,-0.02936398983001709,4.055095530475228e-07,0.9995688796043396
257,root,0.0,0.0,0.0,-2.1139658201718703e-07,-5.7790373375610216e-08,1.0658141036401503e-14,1.0
257,spine_01,-1.4737136363983154,3.6088746128370985e-05,-1.8550693988800049,-5.668939095926362e-08,0.008233534172177315,8.052398747793177e-09,0.9999661445617676
257,spine_02,-11.003471374511719,-3.939163661925704e-07,-1.322031021118164,-1.7404158825229388e-07,0.04770734906196594,1.8729444661857997e-07,0.9988613724708557
257,thigh_l,19.110322952270508,-1.3210960626602173,-0.09439953416585922,-0.004597201012074947,-0.10174033790826797,-0.029459772631525993,0.9943640828132629
257,thigh_r,19.110185623168945,1.3212214708328247,-0.09440246224403381,0.004597241058945656,-0.10173942148685455,0.02946094237267971,0.9943641424179077
257,upperarm_l,14.374629974365234,-123.85581970214844,36.961917877197266,-0.13264000415802002,0.28239884972572327,0.9313390254974365,0.18779020011425018
257,upperarm_r,-55.06870651245117,131.31704711914062,62.073486328125,0.06194030120968819,0.4123307168483734,-0.7862548828125,0.4560154378414154
258,calf_l,-1.1981326341629028,0.11003181338310242,0.07144738733768463,0.0027584717608988285,0.11005060374736786,-0.0409504659473896,0.9930782914161682
258,calf_r,-1.1981717348098755,-0.110120490193367,0.07152377814054489,-0.002760750474408269,0.11005011200904846,0.04094955697655678,0.9930782914161682
258,clavicle_l,-25.79902458190918,2.181421995162964,0.9479992389678955,0.007133804727345705,0.09844647347927094,-0.003038268070667982,0.9951121211051941
258,clavicle_r,-25.796710968017578,-2.1819937229156494,0.9475807547569275,-0.007136058993637562,0.09843852370977402,0.003037906950339675,0.995112955570221
258,foot_l,1.4035022258758545,-0.08956317603588104,-0.023924998939037323,-0.0007850668043829501,7.538442150689662e-05,-0.0459105521440506,0.9989452362060547
258,foot_r,1.4035165309906006,0.08950198441743851,-0.023823650553822517,0.0007821207400411367,7.498815830331296e-05,0.04591149464249611,0.9989452362060547
258,hand_l,102.70037841796875,-23.801740646362305,212.78564453125,0.8985283374786377,-0.09739957749843597,-0.38431331515312195,0.18831752240657806
258,hand_r,101.3056869506836,65.46942901611328,217.49310302734375,-0.8874645829200745,-0.18384969234466553,0.40503066778182983,0.12064867466688156
258,head,0.047976523637771606,0.7066832184791565,-2.0613551139831543,0.002489088336005807,0.015622179955244064,-3.879374708048999e-05,0.9998748898506165
258,lowerarm_l,64.43040466308594,-15.538570404052734,-5.4930524826049805,-0.20619706809520721,-0.19653351604938507,0.9531635046005249,0.10166972875595093
258,lowerarm_r,89.36297607421875,42.916194915771484,10.584982872009277,0.35040244460105896,-0.2174760103225708,-0.8607640862464905,0.29834139347076416
258,neck,-19.36720848083496,1.3226943016052246,-0.2792835235595703,0.004279259126633406,0.0756089985370636,-0.001569311018101871,0.9971272349357605
258,pelvis,6.112976551055908,1.621942465135362e-05,-1.6939878463745117,-1.938579998750356e-07,-0.02936398983001709,4.055095530475228e-07,0.9995688796043396
258,root,0.0,0.0,0.0,-2.1139658201718703e-07,-5.7790373375610216e-08,1.0658141036401503e-14,1.0
258,spine_01,-1.4737136363983154,3.6088746128370985e-05,-1.8550693988800049,-5.668939095926362e-08,0.008233534172177315,8.052398747793177e-09,0.9999661445617676
258,spine_02,-11.003471374511719,-3.939163661925704e-07,-1.322031021118164,-1.7404158825229388e-07,0.04770734906196594,1.8729444661857997e-07,0.9988613724708557
258,thigh_l,19.110322952270508,-1.3210960626602173,-0.09439953416585922,-0.004597201012074947,-0.10174033790826797,-0.029459772631525993,0.9943640828132629
258,thigh_r,19.110185623168945,1.3212214708328247,-0.09440246224403381,0.004597241058945656,-0.10173942148685455,0.02946094237267971,0.9943641424179077
258,upperarm_l,14.374629974365234,-123.85581970214844,36.961917877197266,-0.13264000415802002,0.28239884972572327,0.9313390254974365,0.18779020011425018
258,upperarm_r,-55.06870651245117,131.31704711914062,62.073486328125,0.06194030120968819,0.4123307168483734,-0.7862548828125,0.4560154378414154
259,calf_l,-1.1981326341629028,0.11003181338310242,0.07144738733768463,0.0027584717608988285,0.11005060374736786,-0.0409504659473896,0.9930782914161682
259,calf_r,-1.1981717348098755,-0.110120490193367,0.07152377814054489,-0.002760750474408269,0.11005011200904846,0.04094955697655678,0.9930782914161682
259,clavicle_l,-25.79902458190918,2.181421995162964,0.9479992389678955,0.007133804727345705,0.09844647347927094,-0.003038268070667982,0.9951121211051941
259,clavicle_r,-25.796710968017578,-2.1819937229156494,0.9475807547569275,-0.007136058993637562,0.09843852370977402,0.003037906950339675,0.995112955570221
259,foot_l,1.4035022258758545,-0.08956317603588104,-0.023924998939037323,-0.0007850668043829501,7.538442150689662e-05,-0.0459105521440506,0.9989452362060547
259,foot_r,1.4035165309906006,0.08950198441743851,-0.023823650553822517,0.0007821207400411367,7.498815830331296e-05,0.04591149464249611,0.9989452362060547
259,hand_l,102.70037841796875,-23.801740646362305,212.78564453125,0.8985283374786377,-0.09739957749843597,-0.38431331515312195,0.18831752240657806
259,hand_r,101.3056869506836,65.46942901611328,217.49310302734375,-0.8874645829200745,-0.18384969234466553,0.40503066778182983,0.12064867466688156
259,head,0.047976523637771606,0.7066832184791565,-2.0613551139831543,0.002489088336005807,0.015622179955244064,-3.879374708048999e-05,0.9998748898506165
259,lowerarm_l,64.43040466308594,-15.538570404052734,-5.4930524826049805,-0.20619706809520721,-0.19653351604938507,0.9531635046005249,0.10166972875595093
259,lowerarm_r,89.36297607421875,42.916194915771484,10.584982872009277,0.35040244460105896,-0.2174760103225708,-0.8607640862464905,0.29834139347076416
259,neck,-19.36720848083496,1.3226943016052246,-0.2792835235595703,0.004279259126633406,0.0756089985370636,-0.001569311018101871,0.9971272349357605
259,pelvis,6.112976551055908,1.621942465135362e-05,-1.6939878463745117,-1.938579998750356e-07,-0.02936398983001709,4.055095530475228e-07,0.9995688796043396
259,root,0.0,0.0,0.0,-2.1139658201718703e-07,-5.7790373375610216e-08,1.0658141036401503e-14,1.0
259,spine_01,-1.4737136363983154,3.6088746128370985e-05,-1.8550693988800049,-5.668939095926362e-08,0.008233534172177315,8.052398747793177e-09,0.9999661445617676
259,spine_02,-11.003471374511719,-3.939163661925704e-07,-1.322031021118164,-1.7404158825229388e-07,0.04770734906196594,1.8729444661857997e-07,0.9988613724708557
259,thigh_l,19.110322952270508,-1.3210960626602173,-0.09439953416585922,-0.004597201012074947,-0.10174033790826797,-0.029459772631525993,0.9943640828132629
259,thigh_r,19.110185623168945,1.3212214708328247,-0.09440246224403381,0.004597241058945656,-0.10173942148685455,0.02946094237267971,0.9943641424179077
259,upperarm_l,14.374629974365234,-123.85581970214844,36.961917877197266,-0.13264000415802002,0.28239884972572327,0.9313390254974365,0.18779020011425018
259,upperarm_r,-55.06870651245117,131.31704711914062,62.073486328125,0.06194030120968819,0.4123307168483734,-0.7862548828125,0.4560154378414154
260,calf_l,-1.1981326341629028,0.11003181338310242,0.07144738733768463,0.0027584717608988285,0.11005060374736786,-0.0409504659473896,0.9930782914161682
260,calf_r,-1.1981717348098755,-0.110120490193367,0.07152377814054489,-0.002760750474408269,0.11005011200904846,0.04094955697655678,0.9930782914161682
260,clavicle_l,-25.79902458190918,2.181421995162964,0.9479992389678955,0.007133804727345705,0.09844647347927094,-0.003038268070667982,0.9951121211051941
260,clavicle_r,-25.796710968017578,-2.1819937229156494,0.9475807547569275,-0.007136058993637562,0.09843852370977402,0.003037906950339675,0.995112955570221
260,foot_l,1.4035022258758545,-0.08956317603588104,-0.023924998939037323,-0.0007850668043829501,7.538442150689662e-05,-0.0459105521440506,0.9989452362060547
260,foot_r,1.4035165309906006,0.08950198441743851,-0.023823650553822517,0.0007821207400411367,7.498815830331296e-05,0.04591149464249611,0.9989452362060547
260,hand_l,102.70037841796875,-23.801740646362305,212.78564453125,0.8985283374786377,-0.09739957749843597,-0.38431331515312195,0.18831752240657806
260,hand_r,101.3056869506836,65.46942901611328,217.49310302734375,-0.8874645829200745,-0.18384969234466553,0.40503066778182983,0.12064867466688156
260,head,0.047976523637771606,0.7066832184791565,-2.0613551139831543,0.002489088336005807,0.015622179955244064,-3.879374708048999e-05,0.9998748898506165
260,lowerarm_l,64.43040466308594,-15.538570404052734,-5.4930524826049805,-0.20619706809520721,-0.19653351604938507,0.9531635046005249,0.10166972875595093
260,lowerarm_r,89.36297607421875,42.916194915771484,10.584982872009277,0.35040244460105896,-0.2174760103225708,-0.8607640862464905,0.29834139347076416
260,neck,-19.36720848083496,1.3226943016052246,-0.2792835235595703,0.004279259126633406,0.0756089985370636,-0.001569311018101871,0.9971272349357605
260,pelvis,6.112976551055908,1.621942465135362e-05,-1.6939878463745117,-1.938579998750356e-07,-0.02936398983001709,4.055095530475228e-07,0.9995688796043396
260,root,0.0,0.0,0.0,-2.1139658201718703e-07,-5.7790373375610216e-08,1.0658141036401503e-14,1.0
260,spine_01,-1.4737136363983154,3.6088746128370985e-05,-1.8550693988800049,-5.668939095926362e-08,0.008233534172177315,8.052398747793177e-09,0.9999661445617676
260,spine_02,-11.003471374511719,-3.939163661925704e-07,-1.322031021118164,-1.7404158825229388e-07,0.04770734906196594,1.8729444661857997e-07,0.9988613724708557
260,thigh_l,19.110322952270508,-1.3210960626602173,-0.09439953416585922,-0.004597201012074947,-0.10174033790826797,-0.029459772631525993,0.9943640828132629
260,thigh_r,19.110185623168945,1.3212214708328247,-0.09440246224403381,0.004597241058945656,-0.10173942148685455,0.02946094237267971,0.9943641424179077
260,upperarm_l,14.374629974365234,-123.85581970214844,36.961917877197266,-0.13264000415802002,0.28239884972572327,0.9313390254974365,0.18779020011425018
260,upperarm_r,-55.06870651245117,131.31704711914062,62.073486328125,0.06194030120968819,0.4123307168483734,-0.7862548828125,0.4560154378414154
261,calf_l,-1.1981326341629028,0.11003181338310242,0.07144738733768463,0.0027584717608988285,0.11005060374736786,-0.0409504659473896,0.9930782914161682
261,calf_r,-1.1981717348098755,-0.110120490193367,0.07152377814054489,-0.002760750474408269,0.11005011200904846,0.04094955697655678,0.9930782914161682
261,clavicle_l,-25.79902458190918,2.181421995162964,0.9479992389678955,0.007133804727345705,0.09844647347927094,-0.003038268070667982,0.9951121211051941
261,clavicle_r,-25.796710968017578,-2.1819937229156494,0.9475807547569275,-0.007136058993637562,0.09843852370977402,0.003037906950339675,0.995112955570221
261,foot_l,1.4035022258758545,-0.08956317603588104,-0.023924998939037323,-0.0007850668043829501,7.538442150689662e-05,-0.0459105521440506,0.9989452362060547
261,foot_r,1.4035165309906006,0.08950198441743851,-0.023823650553822517,0.0007821207400411367,7.498815830331296e-05,0.04591149464249611,0.9989452362060547
261,hand_l,102.70037841796875,-23.801740646362305,212.78564453125,0.8985283374786377,-0.09739957749843597,-0.38431331515312195,0.18831752240657806
261,hand_r,101.3056869506836,65.46942901611328,217.49310302734375,-0.8874645829200745,-0.18384969234466553,0.40503066778182983,0.12064867466688156
261,head,0.047976523637771606,0.7066832184791565,-2.0613551139831543,0.002489088336005807,0.015622179955244064,-3.879374708048999e-05,0.9998748898506165
261,lowerarm_l,64.43040466308594,-15.538570404052734,-5.4930524826049805,-0.20619706809520721,-0.19653351604938507,0.9531635046005249,0.10166972875595093
261,lowerarm_r,89.36297607421875,42.916194915771484,10.584982872009277,0.35040244460105896,-0.2174760103225708,-0.8607640862464905,0.29834139347076416
261,neck,-19.36720848083496,1.3226943016052246,-0.2792835235595703,0.004279259126633406,0.0756089985370636,-0.001569311018101871,0.9971272349357605
261,pelvis,6.112976551055908,1.621942465135362e-05,-1.6939878463745117,-1.938579998750356e-07,-0.02936398983001709,4.055095530475228e-07,0.9995688796043396
261,root,0.0,0.0,0.0,-2.1139658201718703e-07,-5.7790373375610216e-08,1.0658141036401503e-14,1.0
261,spine_01,-1.4737136363983154,3.6088746128370985e-05,-1.8550693988800049,-5.668939095926362e-08,0.008233534172177315,8.052398747793177e-09,0.9999661445617676
261,spine_02,-11.003471374511719,-3.939163661925704e-07,-1.322031021118164,-1.7404158825229388e-07,0.04770734906196594,1.8729444661857997e-07,0.9988613724708557
261,thigh_l,19.110322952270508,-1.3210960626602173,-0.09439953416585922,-0.004597201012074947,-0.10174033790826797,-0.029459772631525993,0.9943640828132629
261,thigh_r,19.110185623168945,1.3212214708328247,-0.09440246224403381,0.004597241058945656,-0.10173942148685455,0.02946094237267971,0.9943641424179077
261,upperarm_l,14.374629974365234,-123.85581970214844,36.961917877197266,-0.13264000415802002,0.28239884972572327,0.9313390254974365,0.18779020011425018
261,upperarm_r,-55.06870651245117,131.31704711914062,62.073486328125,0.06194030120968819,0.4123307168483734,-0.7862548828125,0.4560154378414154
262,calf_l,-1.1981326341629028,0.11003181338310242,0.07144738733768463,0.0027584717608988285,0.11005060374736786,-0.0409504659473896,0.9930782914161682
262,calf_r,-1.1981717348098755,-0.110120490193367,0.07152377814054489,-0.002760750474408269,0.11005011200904846,0.04094955697655678,0.9930782914161682
262,clavicle_l,-25.79902458190918,2.181421995162964,0.9479992389678955,0.007133804727345705,0.09844647347927094,-0.003038268070667982,0.9951121211051941
262,clavicle_r,-25.796710968017578,-2.1819937229156494,0.9475807547569275,-0.007136058993637562,0.09843852370977402,0.003037906950339675,0.995112955570221
262,foot_l,1.4035022258758545,-0.08956317603588104,-0.023924998939037323,-0.0007850668043829501,7.538442150689662e-05,-0.0459105521440506,0.9989452362060547
262,foot_r,1.4035165309906006,0.08950198441743851,-0.023823650553822517,0.0007821207400411367,7.498815830331296e-05,0.04591149464249611,0.9989452362060547
262,hand_l,102.70037841796875,-23.801740646362305,212.78564453125,0.8985283374786377,-0.09739957749843597,-0.38431331515312195,0.18831752240657806
262,hand_r,101.3056869506836,65.46942901611328,217.49310302734375,-0.8874645829200745,-0.18384969234466553,0.40503066778182983,0.12064867466688156
262,head,0.047976523637771606,0.7066832184791565,-2.0613551139831543,0.002489088336005807,0.015622179955244064,-3.879374708048999e-05,0.9998748898506165
262,lowerarm_l,64.43040466308594,-15.538570404052734,-5.4930524826049805,-0.20619706809520721,-0.19653351604938507,0.9531635046005249,0.10166972875595093
262,lowerarm_r,89.36297607421875,42.916194915771484,10.584982872009277,0.35040244460105896,-0.2174760103225708,-0.8607640862464905,0.29834139347076416
262,neck,-19.36720848083496,1.3226943016052246,-0.2792835235595703,0.004279259126633406,0.0756089985370636,-0.001569311018101871,0.9971272349357605
262,pelvis,6.112976551055908,1.621942465135362e-05,-1.6939878463745117,-1.938579998750356e-07,-0.02936398983001709,4.055095530475228e-07,0.9995688796043396
262,root,0.0,0.0,0.0,-2.1139658201718703e-07,-5.7790373375610216e-08,1.0658141036401503e-14,1.0
262,spine_01,-1.4737136363983154,3.6088746128370985e-05,-1.8550693988800049,-5.668939095926362e-08,0.008233534172177315,8.052398747793177e-09,0.9999661445617676
262,spine_02,-11.003471374511719,-3.939163661925704e-07,-1.322031021118164,-1.7404158825229388e-07,0.04770734906196594,1.8729444661857997e-07,0.9988613724708557
262,thigh_l,19.110322952270508,-1.3210960626602173,-0.09439953416585922,-0.004597201012074947,-0.10174033790826797,-0.029459772631525993,0.9943640828132629
262,thigh_r,19.110185623168945,1.3212214708328247,-0.09440246224403381,0.004597241058945656,-0.10173942148685455,0.02946094237267971,0.9943641424179077
262,upperarm_l,14.374629974365234,-123.85581970214844,36.961917877197266,-0.13264000415802002,0.28239884972572327,0.9313390254974365,0.18779020011425018
262,upperarm_r,-55.06870651245117,131.31704711914062,62.073486328125,0.06194030120968819,0.4123307168483734,-0.7862548828125,0.4560154378414154
263,calf_l,-1.1981326341629028,0.11003181338310242,0.07144738733768463,0.0027584717608988285,0.11005060374736786,-0.0409504659473896,0.9930782914161682
263,calf_r,-1.1981717348098755,-0.110120490193367,0.07152377814054489,-0.002760750474408269,0.11005011200904846,0.04094955697655678,0.9930782914161682
263,clavicle_l,-25.79902458190918,2.181421995162964,0.9479992389678955,0.007133804727345705,0.09844647347927094,-0.003038268070667982,0.9951121211051941
263,clavicle_r,-25.796710968017578,-2.1819937229156494,0.9475807547569275,-0.007136058993637562,0.09843852370977402,0.003037906950339675,0.995112955570221
263,foot_l,1.4035022258758545,-0.08956317603588104,-0.023924998939037323,-0.0007850668043829501,7.538442150689662e-05,-0.0459105521440506,0.9989452362060547
263,foot_r,1.4035165309906006,0.08950198441743851,-0.023823650553822517,0.0007821207400411367,7.498815830331296e-05,0.04591149464249611,0.9989452362060547
263,hand_l,102.70037841796875,-23.801740646362305,212.78564453125,0.8985283374786377,-0.09739957749843597,-0.38431331515312195,0.18831752240657806
263,hand_r,101.3056869506836,65.46942901611328,217.49310302734375,-0.8874645829200745,-0.18384969234466553,0.40503066778182983,0.12064867466688156
263,head,0.047976523637771606,0.7066832184791565,-2.0613551139831543,0.002489088336005807,0.015622179955244064,-3.879374708048999e-05,0.9998748898506165
263,lowerarm_l,64.43040466308594,-15.538570404052734,-5.4930524826049805,-0.20619706809520721,-0.19653351604938507,0.9531635046005249,0.10166972875595093
263,lowerarm_r,89.36297607421875,42.916194915771484,10.584982872009277,0.35040244460105896,-0.2174760103225708,-0.8607640862464905,0.29834139347076416
263,neck,-19.36720848083496,1.3226943016052246,-0.2792835235595703,0.004279259126633406,0.0756089985370636,-0.001569311018101871,0.9971272349357605
263,pelvis,6.112976551055908,1.621942465135362e-05,-1.6939878463745117,-1.938579998750356e-07,-0.02936398983001709,4.055095530475228e-07,0.9995688796043396
263,root,0.0,0.0,0.0,-2.1139658201718703e-07,-5.7790373375610216e-08,1.0658141036401503e-14,1.0
263,spine_01,-1.4737136363983154,3.6088746128370985e-05,-1.8550693988800049,-5.668939095926362e-08,0.008233534172177315,8.052398747793177e-09,0.9999661445617676
263,spine_02,-11.003471374511719,-3.939163661925704e-07,-1.322031021118164,-1.7404158825229388e-07,0.04770734906196594,1.8729444661857997e-07,0.9988613724708557
263,thigh_l,19.110322952270508,-1.3210960626602173,-0.09439953416585922,-0.004597201012074947,-0.10174033790826797,-0.029459772631525993,0.9943640828132629
263,thigh_r,19.110185623168945,1.3212214708328247,-0.09440246224403381,0.004597241058945656,-0.10173942148685455,0.02946094237267971,0.9943641424179077
263,upperarm_l,14.374629974365234,-123.85581970214844,36.961917877197266,-0.13264000415802002,0.28239884972572327,0.9313390254974365,0.18779020011425018
263,upperarm_r,-55.06870651245117,131.31704711914062,62.073486328125,0.06194030120968819,0.4123307168483734,-0.7862548828125,0.4560154378414154
264,calf_l,-1.1981326341629028,0.11003181338310242,0.07144738733768463,0.0027584717608988285,0.11005060374736786,-0.0409504659473896,0.9930782914161682
264,calf_r,-1.1981717348098755,-0.110120490193367,0.07152377814054489,-0.002760750474408269,0.11005011200904846,0.04094955697655678,0.9930782914161682
264,clavicle_l,-25.79902458190918,2.181421995162964,0.9479992389678955,0.007133804727345705,0.09844647347927094,-0.003038268070667982,0.9951121211051941
264,clavicle_r,-25.796710968017578,-2.1819937229156494,0.9475807547569275,-0.007136058993637562,0.09843852370977402,0.003037906950339675,0.995112955570221
264,foot_l,1.4035022258758545,-0.08956317603588104,-0.023924998939037323,-0.0007850668043829501,7.538442150689662e-05,-0.0459105521440506,0.9989452362060547
264,foot_r,1.4035165309906006,0.08950198441743851,-0.023823650553822517,0.0007821207400411367,7.498815830331296e-05,0.04591149464249611,0.9989452362060547
264,hand_l,102.70037841796875,-23.801740646362305,212.78564453125,0.8985283374786377,-0.09739957749843597,-0.38431331515312195,0.18831752240657806
264,hand_r,101.3056869506836,65.46942901611328,217.49310302734375,-0.8874645829200745,-0.18384969234466553,0.40503066778182983,0.12064867466688156
264,head,0.047976523637771606,0.7066832184791565,-2.0613551139831543,0.002489088336005807,0.015622179955244064,-3.879374708048999e-05,0.9998748898506165
264,lowerarm_l,64.43040466308594,-15.538570404052734,-5.4930524826049805,-0.20619706809520721,-0.19653351604938507,0.9531635046005249,0.10166972875595093
264,lowerarm_r,89.36297607421875,42.916194915771484,10.584982872009277,0.35040244460105896,-0.2174760103225708,-0.8607640862464905,0.29834139347076416
264,neck,-19.36720848083496,1.3226943016052246,-0.2792835235595703,0.004279259126633406,0.0756089985370636,-0.001569311018101871,0.9971272349357605
264,pelvis,6.112976551055908,1.621942465135362e-05,-1.6939878463745117,-1.938579998750356e-07,-0.02936398983001709,4.055095530475228e-07,0.9995688796043396
264,root,0.0,0.0,0.0,-2.1139658201718703e-07,-5.7790373375610216e-08,1.0658141036401503e-14,1.0
264,spine_01,-1.4737136363983154,3.6088746128370985e-05,-1.8550693988800049,-5.668939095926362e-08,0.008233534172177315,8.052398747793177e-09,0.9999661445617676
264,spine_02,-11.003471374511719,-3.939163661925704e-07,-1.322031021118164,-1.7404158825229388e-07,0.04770734906196594,1.8729444661857997e-07,0.9988613724708557
264,thigh_l,19.110322952270508,-1.3210960626602173,-0.09439953416585922,-0.004597201012074947,-0.10174033790826797,-0.029459772631525993,0.9943640828132629
264,thigh_r,19.110185623168945,1.3212214708328247,-0.09440246224403381,0.004597241058945656,-0.10173942148685455,0.02946094237267971,0.9943641424179077
264,upperarm_l,14.374629974365234,-123.85581970214844,36.961917877197266,-0.13264000415802002,0.28239884972572327,0.9313390254974365,0.18779020011425018
264,upperarm_r,-55.06870651245117,131.31704711914062,62.073486328125,0.06194030120968819,0.4123307168483734,-0.7862548828125,0.4560154378414154
265,calf_l,-1.1981326341629028,0.11003181338310242,0.07144738733768463,0.0027584717608988285,0.11005060374736786,-0.0409504659473896,0.9930782914161682
265,calf_r,-1.1981717348098755,-0.110120490193367,0.07152377814054489,-0.002760750474408269,0.11005011200904846,0.04094955697655678,0.9930782914161682
265,clavicle_l,-25.79902458190918,2.181421995162964,0.9479992389678955,0.007133804727345705,0.09844647347927094,-0.003038268070667982,0.9951121211051941
265,clavicle_r,-25.796710968017578,-2.1819937229156494,0.9475807547569275,-0.007136058993637562,0.09843852370977402,0.003037906950339675,0.995112955570221
265,foot_l,1.4035022258758545,-0.08956317603588104,-0.023924998939037323,-0.0007850668043829501,7.538442150689662e-05,-0.0459105521440506,0.9989452362060547
265,foot_r,1.4035165309906006,0.08950198441743851,-0.023823650553822517,0.0007821207400411367,7.498815830331296e-05,0.04591149464249611,0.9989452362060547
265,hand_l,102.70037841796875,-23.801740646362305,212.78564453125,0.8985283374786377,-0.09739957749843597,-0.38431331515312195,0.18831752240657806
265,hand_r,101.3056869506836,65.46942901611328,217.49310302734375,-0.8874645829200745,-0.18384969234466553,0.40503066778182983,0.12064867466688156
265,head,0.047976523637771606,0.7066832184791565,-2.0613551139831543,0.002489088336005807,0.015622179955244064,-3.879374708048999e-05,0.9998748898506165
265,lowerarm_l,64.43040466308594,-15.538570404052734,-5.4930524826049805,-0.20619706809520721,-0.19653351604938507,0.9531635046005249,0.10166972875595093
265,lowerarm_r,89.36297607421875,42.916194915771484,10.584982872009277,0.35040244460105896,-0.2174760103225708,-0.8607640862464905,0.29834139347076416
265,neck,-19.36720848083496,1.3226943016052246,-0.2792835235595703,0.004279259126633406,0.0756089985370636,-0.001569311018101871,0.9971272349357605
265,pelvis,6.112976551055908,1.621942465135362e-05,-1.6939878463745117,-1.938579998750356e-07,-0.02936398983001709,4.055095530475228e-07,0.9995688796043396
265,root,0.0,0.0,0.0,-2.1139658201718703e-07,-5.7790373375610216e-08,1.0658141036401503e-14,1.0
265,spine_01,-1.4737136363983154,3.6088746128370985e-05,-1.8550693988800049,-5.668939095926362e-08,0.008233534172177315,8.052398747793177e-09,0.9999661445617676
265,spine_02,-11.003471374511719,-3.939163661925704e-07,-1.322031021118164,-1.7404158825229388e-07,0.04770734906196594,1.8729444661857997e-07,0.9988613724708557
265,thigh_l,19.110322952270508,-1.3210960626602173,-0.09439953416585922,-0.004597201012074947,-0.10174033790826797,-0.029459772631525993,0.9943640828132629
265,thigh_r,19.110185623168945,1.3212214708328247,-0.09440246224403381,0.004597241058945656,-0.10173942148685455,0.02946094237267971,0.9943641424179077
265,upperarm_l,14.374629974365234,-123.85581970214844,36.961917877197266,-0.13264000415802002,0.28239884972572327,0.9313390254974365,0.18779020011425018
265,upperarm_r,-55.06870651245117,131.31704711914062,62.073486328125,0.06194030120968819,0.4123307168483734,-0.7862548828125,0.4560154378414154
266,calf_l,-1.1981326341629028,0.11003181338310242,0.07144738733768463,0.0027584717608988285,0.11005060374736786,-0.0409504659473896,0.9930782914161682
266,calf_r,-1.1981717348098755,-0.110120490193367,0.07152377814054489,-0.002760750474408269,0.11005011200904846,0.04094955697655678,0.9930782914161682
266,clavicle_l,-25.79902458190918,2.181421995162964,0.9479992389678955,0.007133804727345705,0.09844647347927094,-0.003038268070667982,0.9951121211051941
266,clavicle_r,-25.796710968017578,-2.1819937229156494,0.9475807547569275,-0.007136058993637562,0.09843852370977402,0.003037906950339675,0.995112955570221
266,foot_l,1.4035022258758545,-0.08956317603588104,-0.023924998939037323,-0.0007850668043829501,7.538442150689662e-05,-0.0459105521440506,0.9989452362060547
266,foot_r,1.4035165309906006,0.08950198441743851,-0.023823650553822517,0.0007821207400411367,7.498815830331296e-05,0.04591149464249611,0.9989452362060547
266,hand_l,102.70037841796875,-23.801740646362305,212.78564453125,0.8985283374786377,-0.09739957749843597,-0.38431331515312195,0.18831752240657806
266,hand_r,101.3056869506836,65.46942901611328,217.49310302734375,-0.8874645829200745,-0.18384969234466553,0.40503066778182983,0.12064867466688156
266,head,0.047976523637771606,0.7066832184791565,-2.0613551139831543,0.002489088336005807,0.015622179955244064,-3.879374708048999e-05,0.9998748898506165
266,lowerarm_l,64.43040466308594,-15.538570404052734,-5.4930524826049805,-0.20619706809520721,-0.19653351604938507,0.9531635046005249,0.10166972875595093
266,lowerarm_r,89.36297607421875,42.916194915771484,10.584982872009277,0.35040244460105896,-0.2174760103225708,-0.8607640862464905,0.29834139347076416
266,neck,-19.36720848083496,1.3226943016052246,-0.2792835235595703,0.004279259126633406,0.0756089985370636,-0.001569311018101871,0.9971272349357605
266,pelvis,6.112976551055908,1.621942465135362e-05,-1.6939878463745117,-1.938579998750356e-07,-0.02936398983001709,4.055095530475228e-07,0.9995688796043396
266,root,0.0,0.0,0.0,-2.1139658201718703e-07,-5.7790373375610216e-08,1.0658141036401503e-14,1.0
266,spine_01,-1.4737136363983154,3.6088746128370985e-05,-1.8550693988800049,-5.668939095926362e-08,0.008233534172177315,8.052398747793177e-09,0.9999661445617676
266,spine_02,-11.003471374511719,-3.939163661925704e-07,-1.322031021118164,-1.7404158825229388e-07,0.04770734906196594,1.8729444661857997e-07,0.9988613724708557
266,thigh_l,19.110322952270508,-1.3210960626602173,-0.09439953416585922,-0.004597201012074947,-0.10174033790826797,-0.029459772631525993,0.9943640828132629
266,thigh_r,19.110185623168945,1.3212214708328247,-0.09440246224403381,0.004597241058945656,-0.10173942148685455,0.02946094237267971,0.9943641424179077
266,upperarm_l,14.374629974365234,-123.85581970214844,36.961917877197266,-0.13264000415802002,0.28239884972572327,0.9313390254974365,0.18779020011425018
266,upperarm_r,-55.06870651245117,131.31704711914062,62.073486328125,0.06194030120968819,0.4123307168483734,-0.7862548828125,0.4560154378414154
267,calf_l,-1.1981326341629028,0.11003181338310242,0.07144738733768463,0.0027584717608988285,0.11005060374736786,-0.0409504659473896,0.9930782914161682
267,calf_r,-1.1981717348098755,-0.110120490193367,0.07152377814054489,-0.002760750474408269,0.11005011200904846,0.04094955697655678,0.9930782914161682
267,clavicle_l,-25.79902458190918,2.181421995162964,0.9479992389678955,0.007133804727345705,0.09844647347927094,-0.003038268070667982,0.9951121211051941
267,clavicle_r,-25.796710968017578,-2.1819937229156494,0.9475807547569275,-0.007136058993637562,0.09843852370977402,0.003037906950339675,0.995112955570221
267,foot_l,1.4035022258758545,-0.08956317603588104,-0.023924998939037323,-0.0007850668043829501,7.538442150689662e-05,-0.0459105521440506,0.9989452362060547
267,foot_r,1.4035165309906006,0.08950198441743851,-0.023823650553822517,0.0007821207400411367,7.498815830331296e-05,0.04591149464249611,0.9989452362060547
267,hand_l,102.70037841796875,-23.801740646362305,212.78564453125,0.8985283374786377,-0.09739957749843597,-0.38431331515312195,0.18831752240657806
267,hand_r,101.3056869506836,65.46942901611328,217.49310302734375,-0.8874645829200745,-0.18384969234466553,0.40503066778182983,0.12064867466688156
267,head,0.047976523637771606,0.7066832184791565,-2.0613551139831543,0.002489088336005807,0.015622179955244064,-3.879374708048999e-05,0.9998748898506165
267,lowerarm_l,64.43040466308594,-15.538570404052734,-5.4930524826049805,-0.20619706809520721,-0.19653351604938507,0.9531635046005249,0.10166972875595093
267,lowerarm_r,89.36297607421875,42.916194915771484,10.584982872009277,0.35040244460105896,-0.2174760103225708,-0.8607640862464905,0.29834139347076416
267,neck,-19.36720848083496,1.3226943016052246,-0.2792835235595703,0.004279259126633406,0.0756089985370636,-0.001569311018101871,0.9971272349357605
267,pelvis,6.112976551055908,1.621942465135362e-05,-1.6939878463745117,-1.938579998750356e-07,-0.02936398983001709,4.055095530475228e-07,0.9995688796043396
267,root,0.0,0.0,0.0,-2.1139658201718703e-07,-5.7790373375610216e-08,1.0658141036401503e-14,1.0
267,spine_01,-1.4737136363983154,3.6088746128370985e-05,-1.8550693988800049,-5.668939095926362e-08,0.008233534172177315,8.052398747793177e-09,0.9999661445617676
267,spine_02,-11.003471374511719,-3.939163661925704e-07,-1.322031021118164,-1.7404158825229388e-07,0.04770734906196594,1.8729444661857997e-07,0.9988613724708557
267,thigh_l,19.110322952270508,-1.3210960626602173,-0.09439953416585922,-0.004597201012074947,-0.10174033790826797,-0.029459772631525993,0.9943640828132629
267,thigh_r,19.110185623168945,1.3212214708328247,-0.09440246224403381,0.004597241058945656,-0.10173942148685455,0.02946094237267971,0.9943641424179077
267,upperarm_l,14.374629974365234,-123.85581970214844,36.961917877197266,-0.13264000415802002,0.28239884972572327,0.9313390254974365,0.18779020011425018
267,upperarm_r,-55.06870651245117,131.31704711914062,62.073486328125,0.06194030120968819,0.4123307168483734,-0.7862548828125,0.4560154378414154
268,calf_l,-1.1981326341629028,0.11003181338310242,0.07144738733768463,0.0027584717608988285,0.11005060374736786,-0.0409504659473896,0.9930782914161682
268,calf_r,-1.1981717348098755,-0.110120490193367,0.07152377814054489,-0.002760750474408269,0.11005011200904846,0.04094955697655678,0.9930782914161682
268,clavicle_l,-25.79902458190918,2.181421995162964,0.9479992389678955,0.007133804727345705,0.09844647347927094,-0.003038268070667982,0.9951121211051941
268,clavicle_r,-25.796710968017578,-2.1819937229156494,0.9475807547569275,-0.007136058993637562,0.09843852370977402,0.003037906950339675,0.995112955570221
268,foot_l,1.4035022258758545,-0.08956317603588104,-0.023924998939037323,-0.0007850668043829501,7.538442150689662e-05,-0.0459105521440506,0.9989452362060547
268,foot_r,1.4035165309906006,0.08950198441743851,-0.023823650553822517,0.0007821207400411367,7.498815830331296e-05,0.04591149464249611,0.9989452362060547
268,hand_l,102.70037841796875,-23.801740646362305,212.78564453125,0.8985283374786377,-0.09739957749843597,-0.38431331515312195,0.18831752240657806
268,hand_r,101.3056869506836,65.46942901611328,217.49310302734375,-0.8874645829200745,-0.18384969234466553,0.40503066778182983,0.12064867466688156
268,head,0.047976523637771606,0.7066832184791565,-2.0613551139831543,0.002489088336005807,0.015622179955244064,-3.879374708048999e-05,0.9998748898506165
268,lowerarm_l,64.43040466308594,-15.538570404052734,-5.4930524826049805,-0.20619706809520721,-0.19653351604938507,0.9531635046005249,0.10166972875595093
268,lowerarm_r,89.36297607421875,42.916194915771484,10.584982872009277,0.35040244460105896,-0.2174760103225708,-0.8607640862464905,0.29834139347076416
268,neck,-19.36720848083496,1.3226943016052246,-0.2792835235595703,0.004279259126633406,0.0756089985370636,-0.001569311018101871,0.9971272349357605
268,pelvis,6.112976551055908,1.621942465135362e-05,-1.6939878463745117,-1.938579998750356e-07,-0.02936398983001709,4.055095530475228e-07,0.9995688796043396
268,root,0.0,0.0,0.0,-2.1139658201718703e-07,-5.7790373375610216e-08,1.0658141036401503e-14,1.0
268,spine_01,-1.4737136363983154,3.6088746128370985e-05,-1.8550693988800049,-5.668939095926362e-08,0.008233534172177315,8.052398747793177e-09,0.9999661445617676
268,spine_02,-11.003471374511719,-3.939163661925704e-07,-1.322031021118164,-1.7404158825229388e-07,0.04770734906196594,1.8729444661857997e-07,0.9988613724708557
268,thigh_l,19.110322952270508,-1.3210960626602173,-0.09439953416585922,-0.004597201012074947,-0.10174033790826797,-0.029459772631525993,0.9943640828132629
268,thigh_r,19.110185623168945,1.3212214708328247,-0.09440246224403381,0.004597241058945656,-0.10173942148685455,0.02946094237267971,0.9943641424179077
268,upperarm_l,14.374629974365234,-123.85581970214844,36.961917877197266,-0.13264000415802002,0.28239884972572327,0.9313390254974365,0.18779020011425018
268,upperarm_r,-55.06870651245117,131.31704711914062,62.073486328125,0.06194030120968819,0.4123307168483734,-0.7862548828125,0.4560154378414154
269,calf_l,-1.1981326341629028,0.11003181338310242,0.07144738733768463,0.0027584717608988285,0.11005060374736786,-0.0409504659473896,0.9930782914161682
269,calf_r,-1.1981717348098755,-0.110120490193367,0.07152377814054489,-0.002760750474408269,0.11005011200904846,0.04094955697655678,0.9930782914161682
269,clavicle_l,-25.79902458190918,2.181421995162964,0.9479992389678955,0.007133804727345705,0.09844647347927094,-0.003038268070667982,0.9951121211051941
269,clavicle_r,-25.796710968017578,-2.1819937229156494,0.9475807547569275,-0.007136058993637562,0.09843852370977402,0.003037906950339675,0.995112955570221
269,foot_l,1.4035022258758545,-0.08956317603588104,-0.023924998939037323,-0.0007850668043829501,7.538442150689662e-05,-0.0459105521440506,0.9989452362060547
269,foot_r,1.4035165309906006,0.08950198441743851,-0.023823650553822517,0.0007821207400411367,7.498815830331296e-05,0.04591149464249611,0.9989452362060547
269,hand_l,102.70037841796875,-23.801740646362305,212.78564453125,0.8985283374786377,-0.09739957749843597,-0.38431331515312195,0.18831752240657806
269,hand_r,101.3056869506836,65.46942901611328,217.49310302734375,-0.8874645829200745,-0.18384969234466553,0.40503066778182983,0.12064867466688156
269,head,0.047976523637771606,0.7066832184791565,-2.0613551139831543,0.002489088336005807,0.015622179955244064,-3.879374708048999e-05,0.9998748898506165
269,lowerarm_l,64.43040466308594,-15.538570404052734,-5.4930524826049805,-0.20619706809520721,-0.19653351604938507,0.9531635046005249,0.10166972875595093
269,lowerarm_r,89.36297607421875,42.916194915771484,10.584982872009277,0.35040244460105896,-0.2174760103225708,-0.8607640862464905,0.29834139347076416
269,neck,-19.36720848083496,1.3226943016052246,-0.2792835235595703,0.004279259126633406,0.0756089985370636,-0.001569311018101871,0.9971272349357605
269,pelvis,6.112976551055908,1.621942465135362e-05,-1.6939878463745117,-1.938579998750356e-07,-0.02936398983001709,4.055095530475228e-07,0.9995688796043396
269,root,0.0,0.0,0.0,-2.1139658201718703e-07,-5.7790373375610216e-08,1.0658141036401503e-14,1.0
269,spine_01,-1.4737136363983154,3.6088746128370985e-05,-1.8550693988800049,-5.668939095926362e-08,0.008233534172177315,8.052398747793177e-09,0.9999661445617676
269,spine_02,-11.003471374511719,-3.939163661925704e-07,-1.322031021118164,-1.7404158825229388e-07,0.04770734906196594,1.8729444661857997e-07,0.9988613724708557
269,thigh_l,19.110322952270508,-1.3210960626602173,-0.09439953416585922,-0.004597201012074947,-0.10174033790826797,-0.029459772631525993,0.9943640828132629
269,thigh_r,19.110185623168945,1.3212214708328247,-0.09440246224403381,0.004597241058945656,-0.10173942148685455,0.02946094237267971,0.9943641424179077
269,upperarm_l,14.374629974365234,-123.85581970214844,36.961917877197266,-0.13264000415802002,0.28239884972572327,0.9313390254974365,0.18779020011425018
269,upperarm_r,-55.06870651245117,131.31704711914062,62.073486328125,0.06194030120968819,0.4123307168483734,-0.7862548828125,0.4560154378414154
270,calf_l,-1.1981326341629028,0.11003181338310242,0.07144738733768463,0.0027584717608988285,0.11005060374736786,-0.0409504659473896,0.9930782914161682
270,calf_r,-1.1981717348098755,-0.110120490193367,0.07152377814054489,-0.002760750474408269,0.11005011200904846,0.04094955697655678,0.9930782914161682
270,clavicle_l,-25.79902458190918,2.181421995162964,0.9479992389678955,0.007133804727345705,0.09844647347927094,-0.003038268070667982,0.9951121211051941
270,clavicle_r,-25.796710968017578,-2.1819937229156494,0.9475807547569275,-0.007136058993637562,0.09843852370977402,0.003037906950339675,0.995112955570221
270,foot_l,1.4035022258758545,-0.08956317603588104,-0.023924998939037323,-0.0007850668043829501,7.538442150689662e-05,-0.0459105521440506,0.9989452362060547
270,foot_r,1.4035165309906006,0.08950198441743851,-0.023823650553822517,0.0007821207400411367,7.498815830331296e-05,0.04591149464249611,0.9989452362060547
270,hand_l,102.70037841796875,-23.801740646362305,212.78564453125,0.8985283374786377,-0.09739957749843597,-0.38431331515312195,0.18831752240657806
270,hand_r,101.3056869506836,65.46942901611328,217.49310302734375,-0.8874645829200745,-0.18384969234466553,0.40503066778182983,0.12064867466688156
270,head,0.047976523637771606,0.7066832184791565,-2.0613551139831543,0.002489088336005807,0.015622179955244064,-3.879374708048999e-05,0.9998748898506165
270,lowerarm_l,64.43040466308594,-15.538570404052734,-5.4930524826049805,-0.20619706809520721,-0.19653351604938507,0.9531635046005249,0.10166972875595093
270,lowerarm_r,89.36297607421875,42.916194915771484,10.584982872009277,0.35040244460105896,-0.2174760103225708,-0.8607640862464905,0.29834139347076416
270,neck,-19.36720848083496,1.3226943016052246,-0.2792835235595703,0.004279259126633406,0.0756089985370636,-0.001569311018101871,0.9971272349357605
270,pelvis,6.112976551055908,1.621942465135362e-05,-1.6939878463745117,-1.938579998750356e-07,-0.02936398983001709,4.055095530475228e-07,0.9995688796043396
270,root,0.0,0.0,0.0,-2.1139658201718703e-07,-5.7790373375610216e-08,1.0658141036401503e-14,1.0
270,spine_01,-1.4737136363983154,3.6088746128370985e-05,-1.8550693988800049,-5.668939095926362e-08,0.008233534172177315,8.052398747793177e-09,0.9999661445617676
270,spine_02,-11.003471374511719,-3.939163661925704e-07,-1.322031021118164,-1.7404158825229388e-07,0.04770734906196594,1.8729444661857997e-07,0.9988613724708557
270,thigh_l,19.110322952270508,-1.3210960626602173,-0.09439953416585922,-0.004597201012074947,-0.10174033790826797,-0.029459772631525993,0.9943640828132629
270,thigh_r,19.110185623168945,1.3212214708328247,-0.09440246224403381,0.004597241058945656,-0.10173942148685455,0.02946094237267971,0.9943641424179077
270,upperarm_l,14.374629974365234,-123.85581970214844,36.961917877197266,-0.13264000415802002,0.28239884972572327,0.9313390254974365,0.18779020011425018
270,upperarm_r,-55.06870651245117,131.31704711914062,62.073486328125,0.06194030120968819,0.4123307168483734,-0.7862548828125,0.4560154378414154
